region_id,pooled_row,source_row,ordinal,seq,frame_group,source_x_m,source_y_m,source_z_m,nominal_x_m,nominal_y_m,nominal_z_m,identity
FIT_near,248783,3134,5,1979443,frame:3d854c4e9c848ce08fb1e058,1.0538572072982788,-0.618294358253479,-1.010438323020935,0.5042535771468405,-0.618294358253479,-0.2701565413990119,unreviewed_scene_member
FIT_near,248791,3142,5,1979443,frame:3d854c4e9c848ce08fb1e058,1.0677590370178223,-0.6115114092826843,-1.0215556621551514,0.5118749382259216,-0.6115114092826843,-0.286242900660157,unreviewed_scene_member
FIT_near,248847,3198,5,1979443,frame:3d854c4e9c848ce08fb1e058,1.0506514310836792,-0.7302217483520508,-1.0028870105743408,0.5046825220683672,-0.7302217483520508,-0.2619641469347249,unreviewed_scene_member
FIT_near,248855,3206,5,1979443,frame:3d854c4e9c848ce08fb1e058,1.057223916053772,-0.7184886932373047,-1.0058913230895996,0.5092728285062504,-0.7184886932373047,-0.26754559291025526,unreviewed_scene_member
FIT_near,248863,3214,5,1979443,frame:3d854c4e9c848ce08fb1e058,1.0438517332077026,-0.6932708024978638,-0.9896360039710999,0.5043798530615786,-0.6932708024978638,-0.24707342973655,unreviewed_scene_member
FIT_near,248867,3218,5,1979443,frame:3d854c4e9c848ce08fb1e058,1.0589112043380737,-0.6929320096969604,-1.0174745321273804,0.5057116085411817,-0.6929320096969604,-0.2786961707306044,unreviewed_scene_member
FIT_near,248871,3222,5,1979443,frame:3d854c4e9c848ce08fb1e058,1.0559523105621338,-0.685743510723114,-0.9943605065345764,0.5131846943377647,-0.685743510723114,-0.25662432848399974,unreviewed_scene_member
FIT_near,248875,3226,5,1979443,frame:3d854c4e9c848ce08fb1e058,1.0627965927124023,-0.6794254183769226,-1.0178297758102417,0.5090480438989428,-0.6794254183769226,-0.28071870379512087,unreviewed_scene_member
FIT_near,248879,3230,5,1979443,frame:3d854c4e9c848ce08fb1e058,1.0557461977005005,-0.6725845336914062,-0.9921539425849915,0.513966735293906,-0.6725845336914062,-0.2545507280118122,unreviewed_scene_member
FIT_near,248883,3234,5,1979443,frame:3d854c4e9c848ce08fb1e058,1.049536108970642,-0.6558229327201843,-0.9986095428466797,0.5055551956265916,-0.6558229327201843,-0.2576306593741351,unreviewed_scene_member
FIT_near,248887,3238,5,1979443,frame:3d854c4e9c848ce08fb1e058,1.08243989944458,-0.6737594604492188,-1.0141817331314087,0.528302527692108,-0.6737594604492188,-0.2860509236536548,unreviewed_scene_member
FIT_near,248891,3242,5,1979443,frame:3d854c4e9c848ce08fb1e058,1.0523054599761963,-0.6423299908638,-0.998347282409668,0.5081592392310266,-0.6423299908638,-0.25860894483093544,unreviewed_scene_member
FIT_near,248895,3246,5,1979443,frame:3d854c4e9c848ce08fb1e058,1.0706840753555298,-0.6509861350059509,-0.9967252016067505,0.5253889027349533,-0.6509861350059509,-0.26520768296289066,unreviewed_scene_member
FIT_near,248899,3250,5,1979443,frame:3d854c4e9c848ce08fb1e058,1.0551822185516357,-0.6315135955810547,-0.9990125894546509,0.5104532012989956,-0.6315135955810547,-0.2604680067976777,unreviewed_scene_member
FIT_near,248903,3254,5,1979443,frame:3d854c4e9c848ce08fb1e058,1.0643128156661987,-0.6319427490234375,-0.9877577424049377,0.5235935278328395,-0.6319427490234375,-0.25435480760536766,unreviewed_scene_member
FIT_near,248907,3258,5,1979443,frame:3d854c4e9c848ce08fb1e058,1.0830891132354736,-0.6329061985015869,-1.0191028118133545,0.5267287782768945,-0.6329061985015869,-0.2907585564683828,unreviewed_scene_member
FIT_near,248911,3262,5,1979443,frame:3d854c4e9c848ce08fb1e058,1.0828988552093506,-0.6277344822883606,-1.0027903318405151,0.533708696048422,-0.6277344822883606,-0.27601359295932304,unreviewed_scene_member
FIT_near,248915,3266,5,1979443,frame:3d854c4e9c848ce08fb1e058,1.068148136138916,-0.6092609167098999,-1.0029112100601196,0.5203978480455339,-0.6092609167098999,-0.26965594794856096,unreviewed_scene_member
FIT_near,248919,3270,5,1979443,frame:3d854c4e9c848ce08fb1e058,1.0576566457748413,-0.5983933210372925,-0.9735590219497681,0.5238353113322021,-0.5983933210372925,-0.23867520936669773,unreviewed_scene_member
FIT_near,248927,3278,5,1979443,frame:3d854c4e9c848ce08fb1e058,1.035860538482666,-0.5741868615150452,-0.9522461295127869,0.5135880569644887,-0.5741868615150452,-0.20996452398571575,unreviewed_scene_member
FIT_near,248951,3302,5,1979443,frame:3d854c4e9c848ce08fb1e058,1.030800223350525,-0.5366005897521973,-0.9716711044311523,0.5005245273200097,-0.5366005897521973,-0.2252052796442625,unreviewed_scene_member
FIT_near,248959,3310,5,1979443,frame:3d854c4e9c848ce08fb1e058,1.0367109775543213,-0.525953471660614,-0.9754498600959778,0.5041805805532944,-0.525953471660614,-0.2311927068369335,unreviewed_scene_member
FIT_near,248967,3318,5,1979443,frame:3d854c4e9c848ce08fb1e058,1.0415953397750854,-0.5147885084152222,-0.9749197959899902,0.5088029810472994,-0.5147885084152222,-0.2328574518423645,unreviewed_scene_member
FIT_near,249059,3410,5,1979443,frame:3d854c4e9c848ce08fb1e058,1.0298454761505127,-0.5591604709625244,-0.959151566028595,0.5051546106277169,-0.5591604709625244,-0.21353425944066706,unreviewed_scene_member
FIT_near,249063,3414,5,1979443,frame:3d854c4e9c848ce08fb1e058,1.041506290435791,-0.5631403923034668,-0.9519626498222351,0.5187866945238779,-0.5631403923034668,-0.21218466888577936,unreviewed_scene_member
FIT_near,249067,3418,5,1979443,frame:3d854c4e9c848ce08fb1e058,1.0354628562927246,-0.548249363899231,-0.9624031186103821,0.5087780916212132,-0.548249363899231,-0.21891923291729776,unreviewed_scene_member
FIT_near,249071,3422,5,1979443,frame:3d854c4e9c848ce08fb1e058,1.0510692596435547,-0.5541659593582153,-0.9587658047676086,0.524399527477571,-0.5541659593582153,-0.22249143382504766,unreviewed_scene_member
FIT_near,249075,3426,5,1979443,frame:3d854c4e9c848ce08fb1e058,1.0387256145477295,-0.5361263155937195,-0.9601647257804871,0.5126918861471306,-0.5361263155937195,-0.21833767784645142,unreviewed_scene_member
FIT_near,249079,3430,5,1979443,frame:3d854c4e9c848ce08fb1e058,1.0400995016098022,-0.5345385074615479,-0.9469759464263916,0.519708307989012,-0.5345385074615479,-0.20708595393199647,unreviewed_scene_member
FIT_near,249083,3434,5,1979443,frame:3d854c4e9c848ce08fb1e058,1.0446076393127441,-0.525382936000824,-0.9638859033584595,0.5163473581038484,-0.525382936000824,-0.22426076004043605,unreviewed_scene_member
FIT_near,249087,3438,5,1979443,frame:3d854c4e9c848ce08fb1e058,1.0628951787948608,-0.5322582721710205,-0.962602972984314,0.5333464893712007,-0.5322582721710205,-0.23112439951306385,unreviewed_scene_member
FIT_near,249091,3442,5,1979443,frame:3d854c4e9c848ce08fb1e058,1.0616250038146973,-0.5223842263221741,-0.9753446578979492,0.5266192766336559,-0.5223842263221741,-0.24201974199058207,unreviewed_scene_member
FIT_near,249095,3446,5,1979443,frame:3d854c4e9c848ce08fb1e058,1.1106350421905518,-0.5416929125785828,-1.0038636922836304,0.5581672855257995,-0.5416929125785828,-0.2891370670296336,unreviewed_scene_member
FIT_near,249099,3450,5,1979443,frame:3d854c4e9c848ce08fb1e058,1.0901859998703003,-0.5223296284675598,-0.9996976852416992,0.5416140653203405,-0.5223296284675598,-0.27642841457083844,unreviewed_scene_member
FIT_near,249103,3454,5,1979443,frame:3d854c4e9c848ce08fb1e058,1.1132251024246216,-0.5285981893539429,-1.0011465549468994,0.561686330854024,-0.5285981893539429,-0.2878303278434644,unreviewed_scene_member
FIT_near,249107,3458,5,1979443,frame:3d854c4e9c848ce08fb1e058,1.0327104330062866,-0.4815607964992523,-0.9460060596466064,0.513492227500386,-0.4815607964992523,-0.20297507099131495,unreviewed_scene_member
FIT_near,249111,3462,5,1979443,frame:3d854c4e9c848ce08fb1e058,1.064375638961792,-0.49181056022644043,-0.9562734961509705,0.537451778173029,-0.49181056022644043,-0.22608449444021939,unreviewed_scene_member
FIT_near,249319,3670,5,1979443,frame:3d854c4e9c848ce08fb1e058,1.013095498085022,-0.3468601405620575,-0.8855520486831665,0.5223637348886503,-0.3468601405620575,-0.14004074434684277,unreviewed_scene_member
FIT_near,249327,3678,5,1979443,frame:3d854c4e9c848ce08fb1e058,0.971413791179657,-0.32107633352279663,-0.8493945002555847,0.500750890851802,-0.32107633352279663,-0.08927049743512727,unreviewed_scene_member
FIT_near,249367,3718,5,1979443,frame:3d854c4e9c848ce08fb1e058,0.9703706502914429,-0.26546338200569153,-0.8411691188812256,0.5034190918978793,-0.26546338200569153,-0.08142029075988422,unreviewed_scene_member
FIT_near,249375,3726,5,1979443,frame:3d854c4e9c848ce08fb1e058,0.9666151404380798,-0.2535867393016815,-0.8355656862258911,0.5025000451999331,-0.2535867393016815,-0.07473765168923485,unreviewed_scene_member
FIT_near,250730,5081,5,1979443,frame:3d854c4e9c848ce08fb1e058,1.0608574151992798,-0.7965143322944641,-1.0142582654953003,0.5088707697679609,-0.7965143322944641,-0.27665857211750033,unreviewed_scene_member
FIT_near,250731,5082,5,1979443,frame:3d854c4e9c848ce08fb1e058,1.0830870866775513,-0.7956065535545349,-0.961783230304718,0.5518542074981104,-0.7956065535545349,-0.2392391694875402,unreviewed_scene_member
FIT_near,250738,5089,5,1979443,frame:3d854c4e9c848ce08fb1e058,1.0756731033325195,-0.7901604771614075,-1.0241520404815674,0.5178498765671389,-0.7901604771614075,-0.2920458083680184,unreviewed_scene_member
FIT_near,250742,5093,5,1979443,frame:3d854c4e9c848ce08fb1e058,1.0900444984436035,-0.7977920174598694,-1.017903208732605,0.5335061084698789,-0.7977920174598694,-0.2927294005515306,unreviewed_scene_member
FIT_near,250746,5097,5,1979443,frame:3d854c4e9c848ce08fb1e058,1.0945671796798706,-0.7894267439842224,-1.0355424880981445,0.5298385163143402,-0.7894267439842224,-0.31056609278638936,unreviewed_scene_member
FIT_near,250750,5101,5,1979443,frame:3d854c4e9c848ce08fb1e058,1.0903218984603882,-0.7803061008453369,-1.0136529207229614,0.5356186375823795,-0.7803061008453369,-0.28903087115688364,unreviewed_scene_member
FIT_near,250754,5105,5,1979443,frame:3d854c4e9c848ce08fb1e058,1.0972081422805786,-0.7739951610565186,-1.0336710214614868,0.5330325947520445,-0.7739951610565186,-0.31004175151941316,unreviewed_scene_member
FIT_near,250755,5106,5,1979443,frame:3d854c4e9c848ce08fb1e058,1.13733971118927,-0.784305214881897,-0.9964041709899902,0.585439321934228,-0.784305214881897,-0.2941390500762586,unreviewed_scene_member
FIT_near,250758,5109,5,1979443,frame:3d854c4e9c848ce08fb1e058,1.1038715839385986,-0.772939145565033,-1.0187957286834717,0.5455425555960564,-0.772939145565033,-0.2995929874947645,unreviewed_scene_member
FIT_near,250762,5113,5,1979443,frame:3d854c4e9c848ce08fb1e058,1.0961706638336182,-0.7559151649475098,-1.0291308164596558,0.5340904101740628,-0.7559151649475098,-0.3055062416782268,unreviewed_scene_member
FIT_near,250763,5114,5,1979443,frame:3d854c4e9c848ce08fb1e058,1.1348000764846802,-0.7654322981834412,-0.9872214198112488,0.5871821665468716,-0.7654322981834412,-0.28477234541028285,unreviewed_scene_member
FIT_near,250766,5117,5,1979443,frame:3d854c4e9c848ce08fb1e058,1.126200556755066,-0.774016261100769,-1.037259578704834,0.5575176843154671,-0.774016261100769,-0.32597656338590264,unreviewed_scene_member
FIT_near,250767,5118,5,1979443,frame:3d854c4e9c848ce08fb1e058,1.1646000146865845,-0.7825787663459778,-0.9971396327018738,0.6096183152238648,-0.7825787663459778,-0.30675020919011664,unreviewed_scene_member
FIT_near,250770,5121,5,1979443,frame:3d854c4e9c848ce08fb1e058,1.0971251726150513,-0.7400202751159668,-1.0228182077407837,0.5377155825072779,-0.7400202751159668,-0.30025093565422534,unreviewed_scene_member
FIT_near,250771,5122,5,1979443,frame:3d854c4e9c848ce08fb1e058,1.171470284461975,-0.7724423408508301,-1.0157575607299805,0.6076317103339374,-0.7724423408508301,-0.32649562009639377,unreviewed_scene_member
FIT_near,250774,5125,5,1979443,frame:3d854c4e9c848ce08fb1e058,1.1207038164138794,-0.7530816793441772,-1.0285961627960205,0.5563750383898135,-0.7530816793441772,-0.3157803243794799,unreviewed_scene_member
FIT_near,250775,5126,5,1979443,frame:3d854c4e9c848ce08fb1e058,1.1739637851715088,-0.7711500525474548,-0.9981877207756042,0.6175749648158094,-0.7711500525474548,-0.3117970313165288,unreviewed_scene_member
FIT_near,250778,5129,5,1979443,frame:3d854c4e9c848ce08fb1e058,1.1045852899551392,-0.7311090230941772,-1.0274838209152222,0.5423754213594892,-0.7311090230941772,-0.3077146611913011,unreviewed_scene_member
FIT_near,250779,5130,5,1979443,frame:3d854c4e9c848ce08fb1e058,1.1585190296173096,-0.7494795918464661,-0.998818576335907,0.6034167616017211,-0.7494795918464661,-0.3055935053340324,unreviewed_scene_member
FIT_near,250782,5133,5,1979443,frame:3d854c4e9c848ce08fb1e058,1.1200088262557983,-0.7357082366943359,-1.0208309888839722,0.559154413566335,-0.7357082366943359,-0.3084963686662481,unreviewed_scene_member
FIT_near,250783,5134,5,1979443,frame:3d854c4e9c848ce08fb1e058,1.1841812133789062,-0.7602308392524719,-1.0037521123886108,0.6243190597245302,-0.7602308392524719,-0.32127729909008806,unreviewed_scene_member
FIT_near,250786,5137,5,1979443,frame:3d854c4e9c848ce08fb1e058,1.1182944774627686,-0.7234571576118469,-1.0368602275848389,0.5505868113264247,-0.7234571576118469,-0.32215183193089847,unreviewed_scene_member
FIT_near,250787,5138,5,1979443,frame:3d854c4e9c848ce08fb1e058,1.1696854829788208,-0.7394444942474365,-1.0054000616073608,0.610567970155302,-0.7394444942474365,-0.3164039560774732,unreviewed_scene_member
FIT_near,250790,5141,5,1979443,frame:3d854c4e9c848ce08fb1e058,1.1291521787643433,-0.724902868270874,-1.025895357131958,0.5651523314475979,-0.724902868270874,-0.317056374620472,unreviewed_scene_member
FIT_near,250791,5142,5,1979443,frame:3d854c4e9c848ce08fb1e058,1.183717966079712,-0.7454269528388977,-0.9978074431419373,0.6265086672849961,-0.7454269528388977,-0.3157311915141652,unreviewed_scene_member
FIT_near,250794,5145,5,1979443,frame:3d854c4e9c848ce08fb1e058,1.105992078781128,-0.6991791725158691,-1.0186090469360352,0.5475302796274382,-0.6991791725158691,-0.30035476280749585,unreviewed_scene_member
FIT_near,250795,5146,5,1979443,frame:3d854c4e9c848ce08fb1e058,1.1896990537643433,-0.7347730994224548,-1.0192924737930298,0.6224660157610182,-0.7347730994224548,-0.3376637454152802,unreviewed_scene_member
FIT_near,250798,5149,5,1979443,frame:3d854c4e9c848ce08fb1e058,1.1331472396850586,-0.7135809063911438,-1.0275366306304932,0.568023581471992,-0.7135809063911438,-0.3202828609066102,unreviewed_scene_member
FIT_near,250799,5150,5,1979443,frame:3d854c4e9c848ce08fb1e058,1.1827025413513184,-0.7276034951210022,-0.9937688708305359,0.6273664031601909,-0.7276034951210022,-0.3116562138624652,unreviewed_scene_member
FIT_near,250802,5153,5,1979443,frame:3d854c4e9c848ce08fb1e058,1.1223835945129395,-0.6931982040405273,-1.0306661128997803,0.556977406543571,-0.6931982040405273,-0.31837714946051165,unreviewed_scene_member
FIT_near,250803,5154,5,1979443,frame:3d854c4e9c848ce08fb1e058,1.17490816116333,-0.711549699306488,-1.001261830329895,0.6170761634040566,-0.711549699306488,-0.3149740098681315,unreviewed_scene_member
FIT_near,250806,5157,5,1979443,frame:3d854c4e9c848ce08fb1e058,1.1482064723968506,-0.7063813209533691,-1.034427523612976,0.5785379615160524,-0.7063813209533691,-0.3330778876065823,unreviewed_scene_member
FIT_near,250807,5158,5,1979443,frame:3d854c4e9c848ce08fb1e058,1.206619381904602,-0.7250100374221802,-1.0115224123001099,0.641080076722184,-0.7250100374221802,-0.3380974440569582,unreviewed_scene_member
FIT_near,250810,5161,5,1979443,frame:3d854c4e9c848ce08fb1e058,1.1358193159103394,-0.6851699948310852,-1.0397177934646606,0.5650853573536935,-0.6851699948310852,-0.3324025786581448,unreviewed_scene_member
FIT_near,250811,5162,5,1979443,frame:3d854c4e9c848ce08fb1e058,1.1733428239822388,-0.6939129829406738,-0.9976939558982849,0.6172333008714253,-0.6939129829406738,-0.3110810269158708,unreviewed_scene_member
FIT_near,250814,5165,5,1979443,frame:3d854c4e9c848ce08fb1e058,1.1348001956939697,-0.6818567514419556,-1.0191689729690552,0.5731773881765786,-0.6818567514419556,-0.3134866682402584,unreviewed_scene_member
FIT_near,250815,5166,5,1979443,frame:3d854c4e9c848ce08fb1e058,1.2094792127609253,-0.7095972895622253,-1.0076351165771484,0.6453545539532529,-0.7095972895622253,-0.3358572331370655,unreviewed_scene_member
FIT_near,250818,5169,5,1979443,frame:3d854c4e9c848ce08fb1e058,1.1282706260681152,-0.6672574281692505,-1.0274382829666138,0.5636836229651806,-0.6672574281692505,-0.31805669990814134,unreviewed_scene_member
FIT_near,250819,5170,5,1979443,frame:3d854c4e9c848ce08fb1e058,1.1705589294433594,-0.6758225560188293,-0.9928820133209229,0.6168405698202771,-0.6758225560188293,-0.3055357025346557,unreviewed_scene_member
FIT_near,250822,5173,5,1979443,frame:3d854c4e9c848ce08fb1e058,1.1356669664382935,-0.6662918925285339,-1.0176570415496826,0.57461922367126,-0.6662918925285339,-0.31250772056730614,unreviewed_scene_member
FIT_near,250823,5174,5,1979443,frame:3d854c4e9c848ce08fb1e058,1.2028124332427979,-0.6916478276252747,-1.0006908178329468,0.6424066724185123,-0.6916478276252747,-0.32669321498730275,unreviewed_scene_member
FIT_near,250826,5177,5,1979443,frame:3d854c4e9c848ce08fb1e058,1.1405055522918701,-0.6584712266921997,-1.0363314151763916,0.570781809246654,-0.6584712266921997,-0.33141323283082813,unreviewed_scene_member
FIT_near,250827,5178,5,1979443,frame:3d854c4e9c848ce08fb1e058,1.1869295835494995,-0.6688004732131958,-1.0007721185684204,0.6280956217792668,-0.6688004732131958,-0.3198037045699764,unreviewed_scene_member
FIT_near,250830,5181,5,1979443,frame:3d854c4e9c848ce08fb1e058,1.1415164470672607,-0.6537526845932007,-1.0167081356048584,0.5802926750217456,-0.6537526845932007,-0.31421909308504103,unreviewed_scene_member
FIT_near,250831,5182,5,1979443,frame:3d854c4e9c848ce08fb1e058,1.210328459739685,-0.6792046427726746,-1.0009713172912598,0.6490390694165271,-0.6792046427726746,-0.33024013538516206,unreviewed_scene_member
FIT_near,250834,5185,5,1979443,frame:3d854c4e9c848ce08fb1e058,1.1246403455734253,-0.633702278137207,-1.0194827318191528,0.5639082325500089,-0.633702278137207,-0.3093148876781515,unreviewed_scene_member
FIT_near,250835,5186,5,1979443,frame:3d854c4e9c848ce08fb1e058,1.192270040512085,-0.6581684350967407,-1.0040582418441772,0.6314550510728719,-0.6581684350967407,-0.3250983548486981,unreviewed_scene_member
FIT_near,250838,5189,5,1979443,frame:3d854c4e9c848ce08fb1e058,1.1404956579208374,-0.6400162577629089,-1.0144367218017578,0.5803709180881113,-0.6400162577629089,-0.31173007537338515,unreviewed_scene_member
FIT_near,250839,5190,5,1979443,frame:3d854c4e9c848ce08fb1e058,1.2040011882781982,-0.6591713428497314,-0.9936216473579407,0.6465740387348143,-0.6591713428497314,-0.3208606025602132,unreviewed_scene_member
FIT_near,250842,5193,5,1979443,frame:3d854c4e9c848ce08fb1e058,1.0749508142471313,-0.5909592509269714,-0.9687761664390564,0.5414758728459482,-0.5909592509269714,-0.24195767177532224,unreviewed_scene_member
FIT_near,250843,5194,5,1979443,frame:3d854c4e9c848ce08fb1e058,1.198133945465088,-0.6451286673545837,-1.0032517910003662,0.6370790187139255,-0.6451286673545837,-0.3269440883705579,unreviewed_scene_member
FIT_near,250846,5197,5,1979443,frame:3d854c4e9c848ce08fb1e058,1.0872362852096558,-0.5952445268630981,-0.9614668488502502,0.555722174936697,-0.5952445268630981,-0.2407736966386791,unreviewed_scene_member
FIT_near,250847,5198,5,1979443,frame:3d854c4e9c848ce08fb1e058,1.198248028755188,-0.6424949765205383,-0.9842091202735901,0.6455293135002734,-0.6424949765205383,-0.3098786601184067,unreviewed_scene_member
FIT_near,250858,5209,5,1979443,frame:3d854c4e9c848ce08fb1e058,1.0504463911056519,-0.7798459529876709,-0.9680764079093933,0.5197581971675147,-0.7798459529876709,-0.2305867009010787,unreviewed_scene_member
FIT_near,250862,5213,5,1979443,frame:3d854c4e9c848ce08fb1e058,1.0348069667816162,-0.7629255652427673,-0.9340751767158508,0.5206067344080788,-0.7629255652427673,-0.19317072436143268,unreviewed_scene_member
FIT_near,250866,5217,5,1979443,frame:3d854c4e9c848ce08fb1e058,1.095858097076416,-0.7961875200271606,-1.002318024635315,0.5455634313342715,-0.7961875200271606,-0.2812700437740474,unreviewed_scene_member
FIT_near,250870,5221,5,1979443,frame:3d854c4e9c848ce08fb1e058,1.1018311977386475,-0.7975927591323853,-0.9915224313735962,0.5556644952458389,-0.7975927591323853,-0.2741854638113361,unreviewed_scene_member
FIT_near,250874,5225,5,1979443,frame:3d854c4e9c848ce08fb1e058,1.1101036071777344,-0.7889094948768616,-1.0110502243041992,0.5545392666169912,-0.7889094948768616,-0.2953633134472464,unreviewed_scene_member
FIT_near,250875,5226,5,1979443,frame:3d854c4e9c848ce08fb1e058,1.148388147354126,-0.7981505393981934,-0.9719920754432678,0.6060711489004583,-0.7981505393981934,-0.27704091957299215,unreviewed_scene_member
FIT_near,250878,5229,5,1979443,frame:3d854c4e9c848ce08fb1e058,1.1179792881011963,-0.7915734052658081,-0.9985394477844238,0.5671022451917465,-0.7915734052658081,-0.2875711732748558,unreviewed_scene_member
FIT_near,250879,5230,5,1979443,frame:3d854c4e9c848ce08fb1e058,1.1391668319702148,-0.788796603679657,-0.9451955556869507,0.6095299066298848,-0.788796603679657,-0.24891400855472723,unreviewed_scene_member
FIT_near,250882,5233,5,1979443,frame:3d854c4e9c848ce08fb1e058,1.1136672496795654,-0.7769050598144531,-1.0121320486068726,0.5572680067205884,-0.7769050598144531,-0.2978978487399051,unreviewed_scene_member
FIT_near,250883,5234,5,1979443,frame:3d854c4e9c848ce08fb1e058,1.1706417798995972,-0.7985576391220093,-0.9848915934562683,0.6204178048364717,-0.7985576391220093,-0.29839027998238654,unreviewed_scene_member
FIT_near,250886,5237,5,1979443,frame:3d854c4e9c848ce08fb1e058,1.1278798580169678,-0.7809810638427734,-1.0040616989135742,0.5735800229266675,-0.7809810638427734,-0.29687466389974726,unreviewed_scene_member
FIT_near,250887,5238,5,1979443,frame:3d854c4e9c848ce08fb1e058,1.1532082557678223,-0.7804871797561646,-0.9534629583358765,0.6185260639605612,-0.7804871797561646,-0.2625000558866484,unreviewed_scene_member
FIT_near,250890,5241,5,1979443,frame:3d854c4e9c848ce08fb1e058,1.1201447248458862,-0.7641108632087708,-1.0106909275054932,0.5637216687450018,-0.7641108632087708,-0.29944211589094705,unreviewed_scene_member
FIT_near,250891,5242,5,1979443,frame:3d854c4e9c848ce08fb1e058,1.1650744676589966,-0.777008056640625,-0.9769375324249268,0.618900768596671,-0.777008056640625,-0.28880066823207184,unreviewed_scene_member
FIT_near,250894,5245,5,1979443,frame:3d854c4e9c848ce08fb1e058,1.1435800790786743,-0.773970901966095,-1.0143510103225708,0.5831807509004784,-0.773970901966095,-0.3130051596463337,unreviewed_scene_member
FIT_near,250895,5246,5,1979443,frame:3d854c4e9c848ce08fb1e058,1.170262336730957,-0.7772259712219238,-0.9619185924530029,0.6301474643705771,-0.7772259712219238,-0.27757594651804895,unreviewed_scene_member
FIT_near,250898,5249,5,1979443,frame:3d854c4e9c848ce08fb1e058,1.141875982284546,-0.7615365982055664,-1.026778221130371,0.5762013881943934,-0.7615365982055664,-0.3234276358666077,unreviewed_scene_member
FIT_near,250899,5250,5,1979443,frame:3d854c4e9c848ce08fb1e058,1.1692918539047241,-0.7619609832763672,-0.9772419333457947,0.6225578896645103,-0.7619609832763672,-0.29092304241242783,unreviewed_scene_member
FIT_near,250902,5253,5,1979443,frame:3d854c4e9c848ce08fb1e058,1.1414945125579834,-0.7581199407577515,-1.0065943002700806,0.5847065740095412,-0.7581199407577515,-0.30511922264490643,unreviewed_scene_member
FIT_near,250903,5254,5,1979443,frame:3d854c4e9c848ce08fb1e058,1.1757792234420776,-0.7635600566864014,-0.9635377526283264,0.6343962161977476,-0.7635600566864014,-0.2814496819978938,unreviewed_scene_member
FIT_near,250906,5257,5,1979443,frame:3d854c4e9c848ce08fb1e058,1.1467578411102295,-0.7504172325134277,-1.0289757251739502,0.5796258514741333,-0.7504172325134277,-0.32754280546957215,unreviewed_scene_member
FIT_near,250907,5258,5,1979443,frame:3d854c4e9c848ce08fb1e058,1.182778000831604,-0.7561272978782654,-0.9829607605934143,0.6321721893710782,-0.7561272978782654,-0.30197502798850406,unreviewed_scene_member
FIT_near,250910,5261,5,1979443,frame:3d854c4e9c848ce08fb1e058,1.171541690826416,-0.7608080506324768,-1.0298858880996704,0.6015024388779023,-0.7608080506324768,-0.3392253791103046,unreviewed_scene_member
FIT_near,250911,5262,5,1979443,frame:3d854c4e9c848ce08fb1e058,1.1971266269683838,-0.7597196698188782,-0.9744583368301392,0.648795866370982,-0.7597196698188782,-0.3006231238253878,unreviewed_scene_member
FIT_near,250914,5265,5,1979443,frame:3d854c4e9c848ce08fb1e058,1.1384708881378174,-0.727802574634552,-1.0145294666290283,0.578510410405717,-0.727802574634552,-0.3109258332201945,unreviewed_scene_member
FIT_near,250915,5266,5,1979443,frame:3d854c4e9c848ce08fb1e058,1.1916229724884033,-0.7446087002754211,-0.9871798157691956,0.6382724851801207,-0.7446087002754211,-0.30964447003001205,unreviewed_scene_member
FIT_near,250918,5269,5,1979443,frame:3d854c4e9c848ce08fb1e058,1.1640896797180176,-0.7387537360191345,-1.0201972723007202,0.5990518252793029,-0.7387537360191345,-0.32725056225785454,unreviewed_scene_member
FIT_near,250919,5270,5,1979443,frame:3d854c4e9c848ce08fb1e058,1.2100977897644043,-0.7532195448875427,-0.9829290509223938,0.6567409536148785,-0.7532195448875427,-0.3139227347294882,unreviewed_scene_member
FIT_near,250922,5273,5,1979443,frame:3d854c4e9c848ce08fb1e058,1.142025113105774,-0.7136164903640747,-1.0147745609283447,0.5815974843770615,-0.7136164903640747,-0.31270419219235146,unreviewed_scene_member
FIT_near,250923,5274,5,1979443,frame:3d854c4e9c848ce08fb1e058,1.1999963521957397,-0.7353586554527283,-0.9887625575065613,0.6451046006979969,-0.7353586554527283,-0.31473767694519106,unreviewed_scene_member
FIT_near,250926,5277,5,1979443,frame:3d854c4e9c848ce08fb1e058,1.1642513275146484,-0.724682629108429,-1.0147578716278076,0.6015815896673422,-0.724682629108429,-0.32243252304758996,unreviewed_scene_member
FIT_near,250927,5278,5,1979443,frame:3d854c4e9c848ce08fb1e058,1.2192189693450928,-0.7412967085838318,-0.9880257248878479,0.6627047807061807,-0.7412967085838318,-0.3225020568984216,unreviewed_scene_member
FIT_near,250930,5281,5,1979443,frame:3d854c4e9c848ce08fb1e058,1.1408482789993286,-0.6963768005371094,-1.0104891061782837,0.5824183726020036,-0.6963768005371094,-0.3083365608604891,unreviewed_scene_member
FIT_near,250931,5282,5,1979443,frame:3d854c4e9c848ce08fb1e058,1.213619351387024,-0.7263362407684326,-0.9977267384529114,0.6534192329823851,-0.7263362407684326,-0.32876655918790876,unreviewed_scene_member
FIT_near,250934,5285,5,1979443,frame:3d854c4e9c848ce08fb1e058,1.1615928411483765,-0.7062594890594482,-1.0092475414276123,0.6016077277182156,-0.7062594890594482,-0.3163144673534062,unreviewed_scene_member
FIT_near,250935,5286,5,1979443,frame:3d854c4e9c848ce08fb1e058,1.2210111618041992,-0.7278687357902527,-0.9842931032180786,0.6659518662601545,-0.7278687357902527,-0.3199328442281111,unreviewed_scene_member
FIT_near,250938,5289,5,1979443,frame:3d854c4e9c848ce08fb1e058,1.14063560962677,-0.6826564073562622,-1.0049858093261719,0.5846397131882987,-0.6826564073562622,-0.30329700229805856,unreviewed_scene_member
FIT_near,250939,5290,5,1979443,frame:3d854c4e9c848ce08fb1e058,1.2075327634811401,-0.7056251764297485,-0.9902538657188416,0.6512245358005434,-0.7056251764297485,-0.3193818011454408,unreviewed_scene_member
FIT_near,250942,5293,5,1979443,frame:3d854c4e9c848ce08fb1e058,1.1708790063858032,-0.6952171325683594,-1.0149956941604614,0.6074342534411471,-0.6952171325683594,-0.32555165971131284,unreviewed_scene_member
FIT_near,250943,5294,5,1979443,frame:3d854c4e9c848ce08fb1e058,1.2038182020187378,-0.7006388902664185,-0.9680664539337158,0.6576122312220508,-0.7006388902664185,-0.2978115309620899,unreviewed_scene_member
FIT_near,250946,5297,5,1979443,frame:3d854c4e9c848ce08fb1e058,1.1471669673919678,-0.6703502535820007,-1.0085147619247437,0.588963067664308,-0.6703502535820007,-0.3093319626769464,unreviewed_scene_member
FIT_near,250947,5298,5,1979443,frame:3d854c4e9c848ce08fb1e058,1.2193561792373657,-0.698331892490387,-0.9949142932891846,0.65980835451062,-0.698331892490387,-0.32875361002289405,unreviewed_scene_member
FIT_near,250950,5301,5,1979443,frame:3d854c4e9c848ce08fb1e058,1.15665864944458,-0.6704915761947632,-0.9965270757675171,0.6027491907106516,-0.6704915761947632,-0.30271838127628925,unreviewed_scene_member
FIT_near,250951,5302,5,1979443,frame:3d854c4e9c848ce08fb1e058,1.207389235496521,-0.6858925819396973,-0.9651090502738953,0.6621182952848911,-0.6858925819396973,-0.2967188722010179,unreviewed_scene_member
FIT_near,250954,5305,5,1979443,frame:3d854c4e9c848ce08fb1e058,1.1489713191986084,-0.6553615927696228,-1.0076557397842407,0.5909613788463952,-0.6553615927696228,-0.3093508544621113,unreviewed_scene_member
FIT_near,250955,5306,5,1979443,frame:3d854c4e9c848ce08fb1e058,1.2089290618896484,-0.6756476759910583,-0.9842128753662109,0.6551277163655921,-0.6756476759910583,-0.31456429191734303,unreviewed_scene_member
FIT_near,250958,5309,5,1979443,frame:3d854c4e9c848ce08fb1e058,1.1582409143447876,-0.6579724550247192,-0.9965267777442932,0.6041714516274088,-0.6579724550247192,-0.3034117326936181,unreviewed_scene_member
FIT_near,250959,5310,5,1979443,frame:3d854c4e9c848ce08fb1e058,1.2288508415222168,-0.6839695572853088,-0.98110032081604,0.6743977473986305,-0.6839695572853088,-0.3204998798024763,unreviewed_scene_member
FIT_near,250962,5313,5,1979443,frame:3d854c4e9c848ce08fb1e058,1.153725028038025,-0.642155110836029,-1.0058720111846924,0.5960159192008471,-0.642155110836029,-0.30983153861206003,unreviewed_scene_member
FIT_near,250963,5314,5,1979443,frame:3d854c4e9c848ce08fb1e058,1.2238281965255737,-0.6672527194023132,-0.9905993342399597,0.665719330570965,-0.6672527194023132,-0.32683575386651853,unreviewed_scene_member
FIT_near,250966,5317,5,1979443,frame:3d854c4e9c848ce08fb1e058,1.1679307222366333,-0.6473945379257202,-0.9989755749702454,0.6118071112221879,-0.6473945379257202,-0.309860429258612,unreviewed_scene_member
FIT_near,250967,5318,5,1979443,frame:3d854c4e9c848ce08fb1e058,1.2283035516738892,-0.6669143438339233,-0.9750337600708008,0.6765652517323097,-0.6669143438339233,-0.3148073750447058,unreviewed_scene_member
FIT_near,250970,5321,5,1979443,frame:3d854c4e9c848ce08fb1e058,1.148734211921692,-0.6237117648124695,-0.9993815422058105,0.5943754377187843,-0.6237117648124695,-0.3018101139518212,unreviewed_scene_member
FIT_near,250971,5322,5,1979443,frame:3d854c4e9c848ce08fb1e058,1.220345139503479,-0.6488690972328186,-0.9858612418174744,0.6646658226654232,-0.6488690972328186,-0.321050312905266,unreviewed_scene_member
FIT_near,250974,5325,5,1979443,frame:3d854c4e9c848ce08fb1e058,1.169252634048462,-0.6322125196456909,-0.9980118870735168,0.6134176906568274,-0.6322125196456909,-0.30957376031144723,unreviewed_scene_member
FIT_near,250975,5326,5,1979443,frame:3d854c4e9c848ce08fb1e058,1.2319059371948242,-0.6522606015205383,-0.9760391116142273,0.6793623372819825,-0.6522606015205383,-0.3172901608983638,unreviewed_scene_member
FIT_near,250978,5329,5,1979443,frame:3d854c4e9c848ce08fb1e058,1.0831518173217773,-0.5807809233665466,-0.9741203188896179,0.5465041633447528,-0.5807809233665466,-0.2503560473030553,unreviewed_scene_member
FIT_near,250979,5330,5,1979443,frame:3d854c4e9c848ce08fb1e058,1.1802542209625244,-0.6196473240852356,-0.9863885641098022,0.628401180892133,-0.6196473240852356,-0.30394956510546534,unreviewed_scene_member
FIT_near,250982,5333,5,1979443,frame:3d854c4e9c848ce08fb1e058,1.1000888347625732,-0.5873927474021912,-0.9708306193351746,0.5631691631488782,-0.5873927474021912,-0.25482398468811684,unreviewed_scene_member
FIT_near,250983,5334,5,1979443,frame:3d854c4e9c848ce08fb1e058,1.2040033340454102,-0.6294376850128174,-0.9870864152908325,0.6494408245134001,-0.6294376850128174,-0.3149877155295464,unreviewed_scene_member
FIT_near,250986,5337,5,1979443,frame:3d854c4e9c848ce08fb1e058,1.0773731470108032,-0.5656335353851318,-0.9644472002983093,0.5455507449636222,-0.5656335353851318,-0.23912870357290372,unreviewed_scene_member
FIT_near,250987,5338,5,1979443,frame:3d854c4e9c848ce08fb1e058,1.1894543170928955,-0.6086745262145996,-0.9886960387229919,0.6356586422271201,-0.6086745262145996,-0.3100565662410273,unreviewed_scene_member
FIT_near,250990,5341,5,1979443,frame:3d854c4e9c848ce08fb1e058,1.1000704765319824,-0.5726603865623474,-0.968950092792511,0.5639770314575974,-0.5726603865623474,-0.2531257309090662,unreviewed_scene_member
FIT_near,250991,5342,5,1979443,frame:3d854c4e9c848ce08fb1e058,1.2001893520355225,-0.6115269660949707,-0.9818919897079468,0.6482899264899009,-0.6115269660949707,-0.30864705707419726,unreviewed_scene_member
FIT_near,250994,5345,5,1979443,frame:3d854c4e9c848ce08fb1e058,1.0686477422714233,-0.5468546748161316,-0.95487380027771,0.5419051054780178,-0.5468546748161316,-0.22669922294974776,unreviewed_scene_member
FIT_near,250995,5346,5,1979443,frame:3d854c4e9c848ce08fb1e058,1.1661961078643799,-0.5839874744415283,-0.968264639377594,0.6237108382064975,-0.5839874744415283,-0.28149721830005836,unreviewed_scene_member
FIT_near,250998,5349,5,1979443,frame:3d854c4e9c848ce08fb1e058,1.0928691625595093,-0.5544441938400269,-0.9574404358863831,0.5625500348306957,-0.5544441938400269,-0.23962407154239096,unreviewed_scene_member
FIT_near,250999,5350,5,1979443,frame:3d854c4e9c848ce08fb1e058,1.2034326791763306,-0.6000094413757324,-0.9802244305610657,0.6519360194298168,-0.6000094413757324,-0.30857004587925685,unreviewed_scene_member
FIT_near,251002,5353,5,1979443,frame:3d854c4e9c848ce08fb1e058,1.0842832326889038,-0.5406036376953125,-0.9637331366539001,0.5520745137291962,-0.5406036376953125,-0.24151608960374982,unreviewed_scene_member
FIT_near,251003,5354,5,1979443,frame:3d854c4e9c848ce08fb1e058,1.1263335943222046,-0.5493496060371399,-0.9303401708602905,0.6045076411195669,-0.5493496060371399,-0.22993635601226714,unreviewed_scene_member
FIT_near,251006,5357,5,1979443,frame:3d854c4e9c848ce08fb1e058,1.0696181058883667,-0.5309630632400513,-0.9360001683235168,0.5510509182035064,-0.5309630632400513,-0.21016109432883923,unreviewed_scene_member
FIT_near,251007,5358,5,1979443,frame:3d854c4e9c848ce08fb1e058,1.2105987071990967,-0.5878351926803589,-0.9849554896354675,0.6563028429603195,-0.5878351926803589,-0.31596367353028154,unreviewed_scene_member
FIT_near,251010,5361,5,1979443,frame:3d854c4e9c848ce08fb1e058,1.1192195415496826,-0.5434638261795044,-0.9928672909736633,0.5707034874930486,-0.5434638261795044,-0.28301676383019103,unreviewed_scene_member
FIT_near,251011,5362,5,1979443,frame:3d854c4e9c848ce08fb1e058,1.1226168870925903,-0.5330577492713928,-0.9263148903846741,0.6029316536079964,-0.5330577492713928,-0.22468916067557343,unreviewed_scene_member
FIT_near,251014,5365,5,1979443,frame:3d854c4e9c848ce08fb1e058,1.1021478176116943,-0.5327990651130676,-0.9595309495925903,0.5699732138584949,-0.5327990651130676,-0.24557050747112363,unreviewed_scene_member
FIT_near,251015,5366,5,1979443,frame:3d854c4e9c848ce08fb1e058,1.2185766696929932,-0.5760185718536377,-0.9864844679832458,0.6628031281597004,-0.5760185718536377,-0.3208352187336747,unreviewed_scene_member
FIT_near,251018,5369,5,1979443,frame:3d854c4e9c848ce08fb1e058,1.074367880821228,-0.5078513622283936,-0.948309063911438,0.5499241229598393,-0.5078513622283936,-0.22330642068408912,unreviewed_scene_member
FIT_near,251019,5370,5,1979443,frame:3d854c4e9c848ce08fb1e058,1.1338049173355103,-0.5238913893699646,-0.9309684038162231,0.6109474225605611,-0.5238913893699646,-0.2337762204901228,unreviewed_scene_member
FIT_near,251022,5373,5,1979443,frame:3d854c4e9c848ce08fb1e058,1.092208743095398,-0.5139544606208801,-0.9498870968818665,0.5652676196297889,-0.5139544606208801,-0.232545666577608,unreviewed_scene_member
FIT_near,251023,5374,5,1979443,frame:3d854c4e9c848ce08fb1e058,1.2258884906768799,-0.563845694065094,-0.9911904335021973,0.6673119898263307,-0.563845694065094,-0.3282702038740204,unreviewed_scene_member
FIT_near,251026,5377,5,1979443,frame:3d854c4e9c848ce08fb1e058,1.0808662176132202,-0.4971429109573364,-0.9531418085098267,0.5536462535875942,-0.4971429109573364,-0.2304987461081327,unreviewed_scene_member
FIT_near,251027,5378,5,1979443,frame:3d854c4e9c848ce08fb1e058,1.138515591621399,-0.5140595436096191,-0.9345133304595947,0.6136273550048345,-0.5140595436096191,-0.23902740314060722,unreviewed_scene_member
FIT_near,251030,5381,5,1979443,frame:3d854c4e9c848ce08fb1e058,1.0988940000534058,-0.5031129121780396,-0.9510667324066162,0.5707591706038487,-0.5031129121780396,-0.23653653972331767,unreviewed_scene_member
FIT_near,251031,5382,5,1979443,frame:3d854c4e9c848ce08fb1e058,1.228054165840149,-0.5519094467163086,-0.9890094995498657,0.6702145442870495,-0.5519094467163086,-0.3272593629271878,unreviewed_scene_member
FIT_near,251034,5385,5,1979443,frame:3d854c4e9c848ce08fb1e058,1.0755631923675537,-0.4811227023601532,-0.9473517537117004,0.5514181190312413,-0.4811227023601532,-0.22296998606943674,unreviewed_scene_member
FIT_near,251035,5386,5,1979443,frame:3d854c4e9c848ce08fb1e058,1.1664087772369385,-0.5120176672935486,-0.9529550075531006,0.6306132850322052,-0.5120176672935486,-0.2678302404819066,unreviewed_scene_member
FIT_near,251038,5389,5,1979443,frame:3d854c4e9c848ce08fb1e058,1.1043576002120972,-0.4916917085647583,-0.9547079801559448,0.5740736039462234,-0.4916917085647583,-0.24220435618867686,unreviewed_scene_member
FIT_near,251039,5390,5,1979443,frame:3d854c4e9c848ce08fb1e058,1.2047960758209229,-0.526362419128418,-0.9657864570617676,0.6594906232169182,-0.526362419128418,-0.296190955008081,unreviewed_scene_member
FIT_near,251042,5393,5,1979443,frame:3d854c4e9c848ce08fb1e058,1.0083774328231812,-0.4384550154209137,-0.884082019329071,0.5187675843750253,-0.4384550154209137,-0.13665122703603783,unreviewed_scene_member
FIT_near,251043,5394,5,1979443,frame:3d854c4e9c848ce08fb1e058,1.1861692667007446,-0.5059440732002258,-0.9682325720787048,0.6416766518329982,-0.5059440732002258,-0.2902240529468334,unreviewed_scene_member
FIT_near,251046,5397,5,1979443,frame:3d854c4e9c848ce08fb1e058,1.0967457294464111,-0.4746042490005493,-0.9437790513038635,0.5720230268948893,-0.4746042490005493,-0.22904467548723506,unreviewed_scene_member
FIT_near,251047,5398,5,1979443,frame:3d854c4e9c848ce08fb1e058,1.2163832187652588,-0.5163240432739258,-0.9742426872253418,0.6661981109945863,-0.5163240432739258,-0.30887083347375444,unreviewed_scene_member
FIT_near,251050,5401,5,1979443,frame:3d854c4e9c848ce08fb1e058,0.9954006671905518,-0.42252248525619507,-0.8694388270378113,0.5135232976815709,-0.42252248525619507,-0.11780137335385099,unreviewed_scene_member
FIT_near,251051,5402,5,1979443,frame:3d854c4e9c848ce08fb1e058,1.2165485620498657,-0.5039108991622925,-0.9886685013771057,0.6600228598613116,-0.5039108991622925,-0.32190915107166496,unreviewed_scene_member
FIT_near,251054,5405,5,1979443,frame:3d854c4e9c848ce08fb1e058,1.0506430864334106,-0.4416496753692627,-0.9033113718032837,0.5483261089067105,-0.4416496753692627,-0.17246249759695464,unreviewed_scene_member
FIT_near,251055,5406,5,1979443,frame:3d854c4e9c848ce08fb1e058,1.2225673198699951,-0.5039058923721313,-0.9749156832695007,0.671461322201573,-0.5039058923721313,-0.3121866498045702,unreviewed_scene_member
FIT_near,251059,5410,5,1979443,frame:3d854c4e9c848ce08fb1e058,1.1933515071868896,-0.4821452498435974,-0.9698776006698608,0.6474108737510282,-0.4821452498435974,-0.2948510818489827,unreviewed_scene_member
FIT_near,251062,5413,5,1979443,frame:3d854c4e9c848ce08fb1e058,1.008579969406128,-0.4136488139629364,-0.8640101552009583,0.527748549145971,-0.4136488139629364,-0.1186995412536973,unreviewed_scene_member
FIT_near,251063,5414,5,1979443,frame:3d854c4e9c848ce08fb1e058,1.200035810470581,-0.48241129517555237,-0.9570436477661133,0.6590447203983211,-0.48241129517555237,-0.28624620708456816,unreviewed_scene_member
FIT_near,251066,5417,5,1979443,frame:3d854c4e9c848ce08fb1e058,0.9943944215774536,-0.39772942662239075,-0.8641760945320129,0.5149259201992146,-0.39772942662239075,-0.11263015166700896,unreviewed_scene_member
FIT_near,251067,5418,5,1979443,frame:3d854c4e9c848ce08fb1e058,1.161604404449463,-0.4552277624607086,-0.9401496052742004,0.6319086622567173,-0.4552277624607086,-0.25421472274471757,unreviewed_scene_member
FIT_near,251071,5422,5,1979443,frame:3d854c4e9c848ce08fb1e058,1.2128244638442993,-0.47286051511764526,-0.9632406830787659,0.6678224844341029,-0.47286051511764526,-0.297422242173611,unreviewed_scene_member
FIT_near,251074,5425,5,1979443,frame:3d854c4e9c848ce08fb1e058,1.0560667514801025,-0.4096212685108185,-0.9172627329826355,0.547084992560337,-0.4096212685108185,-0.1873794762290435,unreviewed_scene_member
FIT_near,251075,5426,5,1979443,frame:3d854c4e9c848ce08fb1e058,1.1103368997573853,-0.4217774271965027,-0.8979606032371521,0.6043241754757308,-0.4217774271965027,-0.1938213040696346,unreviewed_scene_member
FIT_near,251078,5429,5,1979443,frame:3d854c4e9c848ce08fb1e058,0.9793046712875366,-0.3778822124004364,-0.8349548578262329,0.5141730895238039,-0.3778822124004364,-0.07975136695100349,unreviewed_scene_member
FIT_near,251079,5430,5,1979443,frame:3d854c4e9c848ce08fb1e058,1.2134180068969727,-0.45851245522499084,-0.9630027413368225,0.6684602641903525,-0.45851245522499084,-0.29746857370125523,unreviewed_scene_member
FIT_near,251087,5438,5,1979443,frame:3d854c4e9c848ce08fb1e058,1.2151676416397095,-0.44468820095062256,-0.9606427550315857,0.6710673753833557,-0.44468820095062256,-0.2961144214493965,unreviewed_scene_member
FIT_near,251094,5445,5,1979443,frame:3d854c4e9c848ce08fb1e058,0.9621580839157104,-0.3482963442802429,-0.8165644407272339,0.5068236671132758,-0.3482963442802429,-0.05570560038375816,unreviewed_scene_member
FIT_near,251095,5446,5,1979443,frame:3d854c4e9c848ce08fb1e058,1.2167253494262695,-0.4308650493621826,-0.9582545757293701,0.67351434276724,-0.4308650493621826,-0.29465079425982665,unreviewed_scene_member
FIT_near,251099,5450,5,1979443,frame:3d854c4e9c848ce08fb1e058,1.1534239053726196,-0.3971557319164276,-0.9259430766105652,0.6307838106528643,-0.3971557319164276,-0.23785988460164087,unreviewed_scene_member
FIT_near,251103,5454,5,1979443,frame:3d854c4e9c848ce08fb1e058,1.2336506843566895,-0.424780011177063,-0.9725190997123718,0.6824735772974918,-0.424780011177063,-0.3148912419722778,unreviewed_scene_member
FIT_near,251106,5457,5,1979443,frame:3d854c4e9c848ce08fb1e058,1.0865739583969116,-0.5777416229248047,-0.9408808946609497,0.5641511678864094,-0.5777416229248047,-0.22198081861149666,unreviewed_scene_member
FIT_near,251107,5458,5,1979443,frame:3d854c4e9c848ce08fb1e058,1.207738995552063,-0.6287091374397278,-0.971207857131958,0.6597591165840316,-0.6287091374397278,-0.30235376821122206,unreviewed_scene_member
FIT_near,251110,5461,5,1979443,frame:3d854c4e9c848ce08fb1e058,1.1666759252548218,-0.6151184439659119,-0.9938642382621765,0.6129199696999625,-0.6151184439659119,-0.3047163234648651,unreviewed_scene_member
FIT_near,251111,5462,5,1979443,frame:3d854c4e9c848ce08fb1e058,1.2147072553634644,-0.6296444535255432,-0.9580225944519043,0.6718021857373552,-0.6296444535255432,-0.29355761666014746,unreviewed_scene_member
FIT_near,251114,5465,5,1979443,frame:3d854c4e9c848ce08fb1e058,1.128664493560791,-0.5850440859794617,-0.9754897356033325,0.5868103730042967,-0.5850440859794617,-0.27153831496858105,unreviewed_scene_member
FIT_near,251115,5466,5,1979443,frame:3d854c4e9c848ce08fb1e058,1.2146871089935303,-0.6162459850311279,-0.9747840762138367,0.6644363283181414,-0.6162459850311279,-0.30861390508763287,unreviewed_scene_member
FIT_near,251118,5469,5,1979443,frame:3d854c4e9c848ce08fb1e058,1.0862594842910767,-0.5606603622436523,-0.9211562275886536,0.5725152453568848,-0.5606603622436523,-0.20411454890727332,unreviewed_scene_member
FIT_near,251119,5470,5,1979443,frame:3d854c4e9c848ce08fb1e058,1.2289944887161255,-0.62080979347229,-0.9673370718955994,0.6805602678540803,-0.62080979347229,-0.30819252440017775,unreviewed_scene_member
FIT_near,251122,5473,5,1979443,frame:3d854c4e9c848ce08fb1e058,1.1122430562973022,-0.5618343949317932,-0.9561591744422913,0.5805248432244398,-0.5618343949317932,-0.24696543740029475,unreviewed_scene_member
FIT_near,251123,5474,5,1979443,frame:3d854c4e9c848ce08fb1e058,1.2312463521957397,-0.6085198521614075,-0.9829049110412598,0.675759737843325,-0.6085198521614075,-0.3231719575140113,unreviewed_scene_member
FIT_near,251126,5477,5,1979443,frame:3d854c4e9c848ce08fb1e058,1.1118649244308472,-0.5592098236083984,-0.9409209489822388,0.5868649789241077,-0.5592098236083984,-0.23310364898069968,unreviewed_scene_member
FIT_near,251127,5478,5,1979443,frame:3d854c4e9c848ce08fb1e058,1.229851484298706,-0.6051619648933411,-0.9669063687324524,0.6815193382209628,-0.6051619648933411,-0.308181093097748,unreviewed_scene_member
FIT_near,251130,5481,5,1979443,frame:3d854c4e9c848ce08fb1e058,1.0908749103546143,-0.5367770195007324,-0.9359439015388489,0.5701810732360364,-0.5367770195007324,-0.21942889182871528,unreviewed_scene_member
FIT_near,251131,5482,5,1979443,frame:3d854c4e9c848ce08fb1e058,1.2272207736968994,-0.59326171875,-0.9794837832450867,0.673641295570978,-0.59326171875,-0.3183323707561563,unreviewed_scene_member
FIT_near,251134,5485,5,1979443,frame:3d854c4e9c848ce08fb1e058,1.1357167959213257,-0.5563819408416748,-0.9561223983764648,0.6016390222090396,-0.5563819408416748,-0.257222593449695,unreviewed_scene_member
FIT_near,251135,5486,5,1979443,frame:3d854c4e9c848ce08fb1e058,1.2464359998703003,-0.5998690724372864,-0.9757921099662781,0.6925301495027244,-0.5998690724372864,-0.3234377175257266,unreviewed_scene_member
FIT_near,251138,5489,5,1979443,frame:3d854c4e9c848ce08fb1e058,1.0928300619125366,-0.5259435772895813,-0.9336479306221008,0.5729448392196788,-0.5259435772895813,-0.21822236886885893,unreviewed_scene_member
FIT_near,251139,5490,5,1979443,frame:3d854c4e9c848ce08fb1e058,1.2248058319091797,-0.5763498544692993,-0.9726855754852295,0.6744508984018154,-0.5763498544692993,-0.3111635412951803,unreviewed_scene_member
FIT_near,251142,5493,5,1979443,frame:3d854c4e9c848ce08fb1e058,1.1218899488449097,-0.535114049911499,-0.9434685707092285,0.5947586073234257,-0.535114049911499,-0.23978811767012176,unreviewed_scene_member
FIT_near,251143,5494,5,1979443,frame:3d854c4e9c848ce08fb1e058,1.2616828680038452,-0.5910154581069946,-0.9828290939331055,0.7031491330743885,-0.5910154581069946,-0.3364463038876577,unreviewed_scene_member
FIT_near,251146,5497,5,1979443,frame:3d854c4e9c848ce08fb1e058,1.1190425157546997,-0.5241978764533997,-0.9550840854644775,0.5871074448909057,-0.5241978764533997,-0.2489798406676791,unreviewed_scene_member
FIT_near,251147,5498,5,1979443,frame:3d854c4e9c848ce08fb1e058,1.2448934316635132,-0.5699567198753357,-0.9874722361564636,0.6860234680698211,-0.5699567198753357,-0.3332595280116788,unreviewed_scene_member
FIT_near,251150,5501,5,1979443,frame:3d854c4e9c848ce08fb1e058,1.1314464807510376,-0.5276021957397461,-0.9475972056388855,0.6015380868751342,-0.5276021957397461,-0.24768821801525576,unreviewed_scene_member
FIT_near,251151,5502,5,1979443,frame:3d854c4e9c848ce08fb1e058,1.249586582183838,-0.5694693922996521,-0.9723013043403625,0.6968921425939577,-0.5694693922996521,-0.3216813265942049,unreviewed_scene_member
FIT_near,251154,5505,5,1979443,frame:3d854c4e9c848ce08fb1e058,1.1236294507980347,-0.5120673775672913,-0.9543696641921997,0.5915433364710351,-0.5120673775672913,-0.2503485030568,unreviewed_scene_member
FIT_near,251155,5506,5,1979443,frame:3d854c4e9c848ce08fb1e058,1.244148850440979,-0.5565347075462341,-0.982991635799408,0.6873184088168471,-0.5565347075462341,-0.32890598816251115,unreviewed_scene_member
FIT_near,251158,5509,5,1979443,frame:3d854c4e9c848ce08fb1e058,1.1451901197433472,-0.5194813013076782,-0.9579628705978394,0.6093467793406192,-0.5194813013076782,-0.26302963075240937,unreviewed_scene_member
FIT_near,251159,5510,5,1979443,frame:3d854c4e9c848ce08fb1e058,1.2554813623428345,-0.5563527941703796,-0.9723013043403625,0.7021903359051064,-0.5563527941703796,-0.32426542813257386,unreviewed_scene_member
FIT_near,251162,5513,5,1979443,frame:3d854c4e9c848ce08fb1e058,1.1208041906356812,-0.4966720938682556,-0.9509227871894836,0.590515020882387,-0.4966720938682556,-0.24601195799108488,unreviewed_scene_member
FIT_near,251163,5514,5,1979443,frame:3d854c4e9c848ce08fb1e058,1.2366703748703003,-0.5377196073532104,-0.9761629104614258,0.6835903156560462,-0.5377196073532104,-0.31949002257276815,unreviewed_scene_member
FIT_near,251166,5517,5,1979443,frame:3d854c4e9c848ce08fb1e058,1.1351794004440308,-0.5006737112998962,-0.9451508522033691,0.6059656236314882,-0.5006737112998962,-0.24712585439895918,unreviewed_scene_member
FIT_near,251167,5518,5,1979443,frame:3d854c4e9c848ce08fb1e058,1.2552149295806885,-0.543179988861084,-0.9719752073287964,0.7020938192456753,-0.543179988861084,-0.3238555376445782,unreviewed_scene_member
FIT_near,251170,5521,5,1979443,frame:3d854c4e9c848ce08fb1e058,1.115355372428894,-0.4803479313850403,-0.941980242729187,0.5895378089890327,-0.4803479313850403,-0.2355858475854502,unreviewed_scene_member
FIT_near,251171,5522,5,1979443,frame:3d854c4e9c848ce08fb1e058,1.247464656829834,-0.5269496440887451,-0.9802736043930054,0.6914901424024642,-0.5269496440887451,-0.3279165915659954,unreviewed_scene_member
FIT_near,251174,5525,5,1979443,frame:3d854c4e9c848ce08fb1e058,1.1429499387741089,-0.48986896872520447,-0.9507318139076233,0.610503204636622,-0.48986896872520447,-0.25554836935029135,unreviewed_scene_member
FIT_near,251175,5526,5,1979443,frame:3d854c4e9c848ce08fb1e058,1.2617290019989014,-0.5303820371627808,-0.9726651310920715,0.7076461860810226,-0.5303820371627808,-0.32733121841164925,unreviewed_scene_member
FIT_near,251178,5529,5,1979443,frame:3d854c4e9c848ce08fb1e058,1.1040387153625488,-0.46182939410209656,-0.9316370487213135,0.5839006228124859,-0.46182939410209656,-0.22132855045546385,unreviewed_scene_member
FIT_near,251179,5530,5,1979443,frame:3d854c4e9c848ce08fb1e058,1.2535895109176636,-0.5141345858573914,-0.9844104647636414,0.6951816445662746,-0.5141345858573914,-0.3343197363478916,unreviewed_scene_member
FIT_near,251182,5533,5,1979443,frame:3d854c4e9c848ce08fb1e058,1.1466131210327148,-0.47728896141052246,-0.9495691061019897,0.6143053485953021,-0.47728896141052246,-0.2561091679046048,unreviewed_scene_member
FIT_near,251183,5534,5,1979443,frame:3d854c4e9c848ce08fb1e058,1.2720417976379395,-0.5191106200218201,-0.9799842238426208,0.7137067863195761,-0.5191106200218201,-0.3384304074510409,unreviewed_scene_member
FIT_near,251186,5537,5,1979443,frame:3d854c4e9c848ce08fb1e058,1.0740265846252441,-0.43830209970474243,-0.9030492901802063,0.5694579468848385,-0.43830209970474243,-0.1824775911127825,unreviewed_scene_member
FIT_near,251187,5538,5,1979443,frame:3d854c4e9c848ce08fb1e058,1.2275280952453613,-0.4909762442111969,-0.9605438709259033,0.6822202254324798,-0.4909762442111969,-0.30144401122587827,unreviewed_scene_member
FIT_near,251190,5541,5,1979443,frame:3d854c4e9c848ce08fb1e058,1.1737390756607056,-0.47660601139068604,-0.9685521721839905,0.6303643666671819,-0.47660601139068604,-0.28506227051763133,unreviewed_scene_member
FIT_near,251191,5542,5,1979443,frame:3d854c4e9c848ce08fb1e058,1.2458672523498535,-0.4957907795906067,-0.956449568271637,0.7004981748019948,-0.4957907795906067,-0.30580343370751817,unreviewed_scene_member
FIT_near,251195,5546,5,1979443,frame:3d854c4e9c848ce08fb1e058,1.251102089881897,-0.48527050018310547,-0.9749605059623718,0.6970885546255102,-0.48527050018310547,-0.3247357560275417,unreviewed_scene_member
FIT_near,251198,5549,5,1979443,frame:3d854c4e9c848ce08fb1e058,1.0987541675567627,-0.4328107535839081,-0.9061563611030579,0.5903209009594509,-0.4328107535839081,-0.19611006684668264,unreviewed_scene_member
FIT_near,251199,5550,5,1979443,frame:3d854c4e9c848ce08fb1e058,1.2464407682418823,-0.48096147179603577,-0.9561408162117004,0.701148995465796,-0.48096147179603577,-0.305777342013555,unreviewed_scene_member
FIT_near,251203,5554,5,1979443,frame:3d854c4e9c848ce08fb1e058,1.243440866470337,-0.467378705739975,-0.9683147668838501,0.6931159928969449,-0.467378705739975,-0.3154041460177759,unreviewed_scene_member
FIT_near,251207,5558,5,1979443,frame:3d854c4e9c848ce08fb1e058,1.239546537399292,-0.4634474813938141,-0.9470773339271545,0.6989256709536427,-0.4634474813938141,-0.29460890621677227,unreviewed_scene_member
FIT_near,251211,5562,5,1979443,frame:3d854c4e9c848ce08fb1e058,1.2267112731933594,-0.4464864134788513,-0.9515933990478516,0.6854096992567394,-0.4464864134788513,-0.2930413091706585,unreviewed_scene_member
FIT_near,251214,5565,5,1979443,frame:3d854c4e9c848ce08fb1e058,0.9664025902748108,-0.35729143023490906,-0.7931786179542542,0.5208902741059113,-0.35729143023490906,-0.0365472312277888,unreviewed_scene_member
FIT_near,251215,5566,5,1979443,frame:3d854c4e9c848ce08fb1e058,1.2627629041671753,-0.4571138024330139,-0.9611056447029114,0.7136427964990321,-0.4571138024330139,-0.31739485374596965,unreviewed_scene_member
FIT_near,251218,5569,5,1979443,frame:3d854c4e9c848ce08fb1e058,0.9436196088790894,-0.33953791856765747,-0.7860506772994995,0.5035377495895615,-0.33953791856765747,-0.020153278923205065,unreviewed_scene_member
FIT_near,251219,5570,5,1979443,frame:3d854c4e9c848ce08fb1e058,1.248997688293457,-0.44229328632354736,-0.9697516560554504,0.6974805405139471,-0.44229328632354736,-0.31913156380550567,unreviewed_scene_member
FIT_near,251222,5573,5,1979443,frame:3d854c4e9c848ce08fb1e058,0.9461396336555481,-0.33876702189445496,-0.773643434047699,0.5112417103079518,-0.33876702189445496,-0.01010642870869427,unreviewed_scene_member
FIT_near,251223,5574,5,1979443,frame:3d854c4e9c848ce08fb1e058,1.223303198814392,-0.43079304695129395,-0.9319459199905396,0.6909594302214472,-0.43079304695129395,-0.2738882704953085,unreviewed_scene_member
FIT_near,251227,5578,5,1979443,frame:3d854c4e9c848ce08fb1e058,1.2352315187454224,-0.4229142665863037,-0.9555721879005432,0.6913234589997548,-0.4229142665863037,-0.3003524507165216,unreviewed_scene_member
FIT_near,251230,5581,5,1979443,frame:3d854c4e9c848ce08fb1e058,0.9516201615333557,-0.3295280337333679,-0.7783443331718445,0.5141068375951104,-0.3295280337333679,-0.016734074144533206,unreviewed_scene_member
FIT_near,251231,5582,5,1979443,frame:3d854c4e9c848ce08fb1e058,1.2682219743728638,-0.4314909875392914,-0.9626119136810303,0.7178890714389231,-0.4314909875392914,-0.32114177820209777,unreviewed_scene_member
FIT_near,251234,5585,5,1979443,frame:3d854c4e9c848ce08fb1e058,0.9969939589500427,-0.33921024203300476,-0.8589032292366028,0.5195738409192432,-0.33921024203300476,-0.10903049391169972,unreviewed_scene_member
FIT_near,251235,5586,5,1979443,frame:3d854c4e9c848ce08fb1e058,1.1306828260421753,-0.37832120060920715,-0.9050022959709167,0.619524097967905,-0.37832120060920715,-0.2090694026125599,unreviewed_scene_member
FIT_near,251238,5589,5,1979443,frame:3d854c4e9c848ce08fb1e058,1.052423357963562,-0.3562256693840027,-0.8901403546333313,0.5557000002599771,-0.3562256693840027,-0.16140488545316556,unreviewed_scene_member
FIT_near,251239,5590,5,1979443,frame:3d854c4e9c848ce08fb1e058,1.2493849992752075,-0.4156150817871094,-0.9814378619194031,0.6927057578522168,-0.4156150817871094,-0.3298048420190869,unreviewed_scene_member
FIT_near,251242,5593,5,1979443,frame:3d854c4e9c848ce08fb1e058,1.0131962299346924,-0.33312198519706726,-0.8698599934577942,0.5293332163200308,-0.33312198519706726,-0.12598097647253859,unreviewed_scene_member
FIT_near,251243,5594,5,1979443,frame:3d854c4e9c848ce08fb1e058,1.1301171779632568,-0.36501792073249817,-0.9014403820037842,0.6205771371528085,-0.36501792073249817,-0.2056200117484368,unreviewed_scene_member
FIT_near,251246,5597,5,1979443,frame:3d854c4e9c848ce08fb1e058,1.0982362031936646,-0.3589589297771454,-0.925658643245697,0.5813061198858303,-0.3589589297771454,-0.21341154129388595,unreviewed_scene_member
FIT_near,251247,5598,5,1979443,frame:3d854c4e9c848ce08fb1e058,1.18183171749115,-0.37921711802482605,-0.9285224676132202,0.6551858524615333,-0.37921711802482605,-0.2526313910540736,unreviewed_scene_member
FIT_near,251251,5602,5,1979443,frame:3d854c4e9c848ce08fb1e058,1.1066107749938965,-0.34445899724960327,-0.8829077482223511,0.6075738940378272,-0.34445899724960327,-0.17865846201687718,unreviewed_scene_member
FIT_near,251254,5605,5,1979443,frame:3d854c4e9c848ce08fb1e058,1.037715196609497,-0.3291826546192169,-0.872193455696106,0.5503477950713552,-0.3291826546192169,-0.13882668597891445,unreviewed_scene_member
FIT_near,251255,5606,5,1979443,frame:3d854c4e9c848ce08fb1e058,1.1086862087249756,-0.34319573640823364,-0.868232011795044,0.6158727009264224,-0.34319573640823364,-0.16637780775573563,unreviewed_scene_member
FIT_near,251259,5610,5,1979443,frame:3d854c4e9c848ce08fb1e058,1.0878362655639648,-0.32636651396751404,-0.8652011156082153,0.5984615535848488,-0.32636651396751404,-0.15451364281408386,unreviewed_scene_member
FIT_near,251262,5613,5,1979443,frame:3d854c4e9c848ce08fb1e058,1.036173939704895,-0.3167901635169983,-0.8711713552474976,0.5494105818874715,-0.3167901635169983,-0.13723238562421858,unreviewed_scene_member
FIT_near,251263,5614,5,1979443,frame:3d854c4e9c848ce08fb1e058,1.0629335641860962,-0.31687426567077637,-0.8297580480575562,0.5916163720175596,-0.31687426567077637,-0.11174099895581002,unreviewed_scene_member
FIT_near,251267,5618,5,1979443,frame:3d854c4e9c848ce08fb1e058,1.0505720376968384,-0.3032320439815521,-0.8329920768737793,0.5790882006849285,-0.3032320439815521,-0.10922878825823168,unreviewed_scene_member
FIT_near,251270,5621,5,1979443,frame:3d854c4e9c848ce08fb1e058,0.9749194383621216,-0.28693437576293945,-0.8170998692512512,0.5180587800963264,-0.28693437576293945,-0.061781049936618926,unreviewed_scene_member
FIT_near,251271,5622,5,1979443,frame:3d854c4e9c848ce08fb1e058,1.0633186101913452,-0.3069111704826355,-0.8309529423713684,0.591438641883991,-0.3069111704826355,-0.11298375590990872,unreviewed_scene_member
FIT_near,251275,5626,5,1979443,frame:3d854c4e9c848ce08fb1e058,0.9627962112426758,-0.2688175439834595,-0.7642669677734375,0.5303229153484594,-0.2688175439834595,-0.008980679664513547,unreviewed_scene_member
FIT_near,251278,5629,5,1979443,frame:3d854c4e9c848ce08fb1e058,0.946376383304596,-0.2677975296974182,-0.7907835245132446,0.5039407783695298,-0.2677975296974182,-0.025615624187310893,unreviewed_scene_member
FIT_near,251279,5630,5,1979443,frame:3d854c4e9c848ce08fb1e058,0.9264809489250183,-0.2569359242916107,-0.7218759059906006,0.5162659921549053,-0.2569359242916107,0.04503971747033808,unreviewed_scene_member
FIT_near,251283,5634,5,1979443,frame:3d854c4e9c848ce08fb1e058,0.9600343108177185,-0.2572404146194458,-0.7598944306373596,0.5297573298087571,-0.2572404146194458,-0.003839931862778867,unreviewed_scene_member
FIT_near,251287,5638,5,1979443,frame:3d854c4e9c848ce08fb1e058,0.9834343194961548,-0.26167166233062744,-0.7640746235847473,0.5489566423161384,-0.26167166233062744,-0.01785495303551321,unreviewed_scene_member
FIT_near,251291,5642,5,1979443,frame:3d854c4e9c848ce08fb1e058,1.0003933906555176,-0.25685736536979675,-0.7896673679351807,0.5529802338145585,-0.25685736536979675,-0.04829192675874672,unreviewed_scene_member
FIT_near,251295,5646,5,1979443,frame:3d854c4e9c848ce08fb1e058,0.968044102191925,-0.2467513531446457,-0.7500684261322021,0.5412639194712728,-0.2467513531446457,0.0014803610551132884,unreviewed_scene_member
FIT_near,251299,5650,5,1979443,frame:3d854c4e9c848ce08fb1e058,0.9841555953025818,-0.24173177778720856,-0.7776155471801758,0.5436689705115834,-0.24173177778720856,-0.030341641046890855,unreviewed_scene_member
FIT_near,251303,5654,5,1979443,frame:3d854c4e9c848ce08fb1e058,0.9573233127593994,-0.23337027430534363,-0.742520272731781,0.5349370304199743,-0.23337027430534363,0.012964281149985046,unreviewed_scene_member
FIT_near,251307,5658,5,1979443,frame:3d854c4e9c848ce08fb1e058,1.0002272129058838,-0.23460116982460022,-0.7883298993110657,0.553417181897108,-0.23460116982460022,-0.047016970391602575,unreviewed_scene_member
FIT_near,251311,5662,5,1979443,frame:3d854c4e9c848ce08fb1e058,0.9540116786956787,-0.2237614095211029,-0.7384089827537537,0.5337628243424308,-0.2237614095211029,0.018111208927104494,unreviewed_scene_member
FIT_near,251315,5666,5,1979443,frame:3d854c4e9c848ce08fb1e058,1.047986388206482,-0.2342527061700821,-0.8239927291870117,0.5807092886829816,-0.2342527061700821,-0.10000675400450665,unreviewed_scene_member
FIT_near,251319,5670,5,1979443,frame:3d854c4e9c848ce08fb1e058,0.987484872341156,-0.2207290232181549,-0.762486457824707,0.5532934611429657,-0.2207290232181549,-0.018203164601645838,unreviewed_scene_member
FIT_near,251323,5674,5,1979443,frame:3d854c4e9c848ce08fb1e058,0.9939135909080505,-0.21126283705234528,-0.7796949744224548,0.5515278379607298,-0.21126283705234528,-0.03648824159589559,unreviewed_scene_member
FIT_near,251327,5678,5,1979443,frame:3d854c4e9c848ce08fb1e058,1.0445146560668945,-0.22201843559741974,-0.807315468788147,0.5848997462719253,-0.22201843559741974,-0.08349542445005076,unreviewed_scene_member
FIT_near,251335,5686,5,1979443,frame:3d854c4e9c848ce08fb1e058,1.0648550987243652,-0.2147124707698822,-0.8212538361549377,0.5970714369446021,-0.2147124707698822,-0.10493980922840573,unreviewed_scene_member
FIT_near,251343,5694,5,1979443,frame:3d854c4e9c848ce08fb1e058,1.0709108114242554,-0.20428715646266937,-0.8242290616035461,0.6012100224734991,-0.20428715646266937,-0.11026857386888889,unreviewed_scene_member
FIT_near,251362,5713,5,1979443,frame:3d854c4e9c848ce08fb1e058,1.104432463645935,-0.3716825842857361,-0.9169989824295044,0.5906714273324488,-0.3716825842857361,-0.20834455150958764,unreviewed_scene_member
FIT_near,251363,5714,5,1979443,frame:3d854c4e9c848ce08fb1e058,1.262187123298645,-0.41718411445617676,-0.9729337692260742,0.7079401795708411,-0.41718411445617676,-0.32777349592663674,unreviewed_scene_member
FIT_near,251366,5717,5,1979443,frame:3d854c4e9c848ce08fb1e058,1.071885585784912,-0.3607293367385864,-0.8741030693054199,0.5802228179141047,-0.3607293367385864,-0.1555223480107535,unreviewed_scene_member
FIT_near,251367,5718,5,1979443,frame:3d854c4e9c848ce08fb1e058,1.2636237144470215,-0.4154583811759949,-0.9558236598968506,0.7167319573903063,-0.4154583811759949,-0.3130247916391835,unreviewed_scene_member
FIT_near,251370,5721,5,1979443,frame:3d854c4e9c848ce08fb1e058,1.1143838167190552,-0.3642367720603943,-0.9225871562957764,0.5971659500409757,-0.3642367720603943,-0.21772955496904411,unreviewed_scene_member
FIT_near,251371,5722,5,1979443,frame:3d854c4e9c848ce08fb1e058,1.2409151792526245,-0.3960265517234802,-0.9568381309509277,0.695876946318047,-0.3960265517234802,-0.3039818255676632,unreviewed_scene_member
FIT_near,251374,5725,5,1979443,frame:3d854c4e9c848ce08fb1e058,1.132581114768982,-0.3679979145526886,-0.9204059839248657,0.6144777362205621,-0.3679979145526886,-0.22374630064272627,unreviewed_scene_member
FIT_near,251375,5726,5,1979443,frame:3d854c4e9c848ce08fb1e058,1.2538273334503174,-0.3977374732494354,-0.9486966133117676,0.7110513200599123,-0.3977374732494354,-0.3023245938289063,unreviewed_scene_member
FIT_near,251378,5729,5,1979443,frame:3d854c4e9c848ce08fb1e058,1.1066510677337646,-0.34892573952674866,-0.9163938760757446,0.592930756643912,-0.34892573952674866,-0.20877325753970322,unreviewed_scene_member
FIT_near,251379,5730,5,1979443,frame:3d854c4e9c848ce08fb1e058,1.2570375204086304,-0.38671523332595825,-0.9660939574241638,0.7063101232959157,-0.38671523332595825,-0.31936847647686895,unreviewed_scene_member
FIT_near,251382,5733,5,1979443,frame:3d854c4e9c848ce08fb1e058,1.0921379327774048,-0.34225529432296753,-0.887773334980011,0.5924328567738602,-0.34225529432296753,-0.176687145986673,unreviewed_scene_member
FIT_near,251383,5734,5,1979443,frame:3d854c4e9c848ce08fb1e058,1.2599080801010132,-0.38759833574295044,-0.9507020115852356,0.7156375502057023,-0.38759833574295044,-0.3067926577401574,unreviewed_scene_member
FIT_near,251386,5737,5,1979443,frame:3d854c4e9c848ce08fb1e058,1.0901994705200195,-0.3312279284000397,-0.8998489379882812,0.5853969824990416,-0.3312279284000397,-0.18669086015320135,unreviewed_scene_member
FIT_near,251387,5738,5,1979443,frame:3d854c4e9c848ce08fb1e058,1.20012366771698,-0.3577723801136017,-0.9199182987213135,0.6753983678040223,-0.3577723801136017,-0.25291667847818133,unreviewed_scene_member
FIT_near,251390,5741,5,1979443,frame:3d854c4e9c848ce08fb1e058,1.1096677780151367,-0.33481714129447937,-0.8990741968154907,0.6032346055435552,-0.33481714129447937,-0.19452887168235145,unreviewed_scene_member
FIT_near,251391,5742,5,1979443,frame:3d854c4e9c848ce08fb1e058,1.2336167097091675,-0.36541393399238586,-0.9279245734214783,0.7019919947172286,-0.36541393399238586,-0.27479505373929514,unreviewed_scene_member
FIT_near,251394,5745,5,1979443,frame:3d854c4e9c848ce08fb1e058,1.0915250778198242,-0.3189775049686432,-0.8980890512466431,0.5873599140169876,-0.3189775049686432,-0.1856901924198635,unreviewed_scene_member
FIT_near,251395,5746,5,1979443,frame:3d854c4e9c848ce08fb1e058,1.054068922996521,-0.3022494316101074,-0.8084444403648376,0.5929921559402604,-0.3022494316101074,-0.08869845233229068,unreviewed_scene_member
FIT_near,251398,5749,5,1979443,frame:3d854c4e9c848ce08fb1e058,1.0732697248458862,-0.31181368231773376,-0.866936206817627,0.5846086195890118,-0.31181368231773376,-0.14968758130355497,unreviewed_scene_member
FIT_near,251399,5750,5,1979443,frame:3d854c4e9c848ce08fb1e058,1.1139358282089233,-0.31731295585632324,-0.8384323716163635,0.6336543301029609,-0.31731295585632324,-0.1418953502946645,unreviewed_scene_member
FIT_near,251402,5753,5,1979443,frame:3d854c4e9c848ce08fb1e058,1.0199166536331177,-0.28668564558029175,-0.8397038578987122,0.548593072856545,-0.28668564558029175,-0.10182286121623219,unreviewed_scene_member
FIT_near,251403,5754,5,1979443,frame:3d854c4e9c848ce08fb1e058,0.9150047898292542,-0.25203433632850647,-0.6997230052947998,0.5156624811679732,-0.25203433632850647,0.06998142974752453,unreviewed_scene_member
FIT_near,251406,5757,5,1979443,frame:3d854c4e9c848ce08fb1e058,1.0496432781219482,-0.2930656969547272,-0.848376989364624,0.5715091353767127,-0.2930656969547272,-0.12264951460790074,unreviewed_scene_member
FIT_near,251407,5758,5,1979443,frame:3d854c4e9c848ce08fb1e058,1.0351144075393677,-0.2831752300262451,-0.7768307328224182,0.5898144875265104,-0.2831752300262451,-0.05197512753393729,unreviewed_scene_member
FIT_near,251410,5761,5,1979443,frame:3d854c4e9c848ce08fb1e058,0.9460986256599426,-0.25527700781822205,-0.7766854166984558,0.5098713351425262,-0.25527700781822205,-0.012822567882078806,unreviewed_scene_member
FIT_near,251411,5762,5,1979443,frame:3d854c4e9c848ce08fb1e058,0.9458522796630859,-0.24990494549274445,-0.721271812915802,0.5339416458651394,-0.24990494549274445,0.037090840258900526,unreviewed_scene_member
FIT_near,251414,5765,5,1979443,frame:3d854c4e9c848ce08fb1e058,0.9301151037216187,-0.24922358989715576,-0.7496174573898315,0.5073712531488302,-0.24922358989715576,0.018512667631812363,unreviewed_scene_member
FIT_near,251415,5766,5,1979443,frame:3d854c4e9c848ce08fb1e058,1.0484356880187988,-0.27700865268707275,-0.7849839329719543,0.5982134474109514,-0.27700865268707275,-0.06514284028709305,unreviewed_scene_member
FIT_near,251419,5770,5,1979443,frame:3d854c4e9c848ce08fb1e058,0.9225860834121704,-0.23516425490379333,-0.7045064568519592,0.5203795755588224,-0.23516425490379333,0.062358671605101446,unreviewed_scene_member
FIT_near,251422,5773,5,1979443,frame:3d854c4e9c848ce08fb1e058,0.987581193447113,-0.25540587306022644,-0.794105052947998,0.5395193541754763,-0.25540587306022644,-0.04666399404448196,unreviewed_scene_member
FIT_near,251423,5774,5,1979443,frame:3d854c4e9c848ce08fb1e058,1.0381721258163452,-0.2626979351043701,-0.7780492901802063,0.5920285661227562,-0.2626979351043701,-0.054410775099827946,unreviewed_scene_member
FIT_near,251426,5777,5,1979443,frame:3d854c4e9c848ce08fb1e058,0.9457309246063232,-0.23404473066329956,-0.7749619483947754,0.5102963664014541,-0.23404473066329956,-0.011112335299194864,unreviewed_scene_member
FIT_near,251427,5778,5,1979443,frame:3d854c4e9c848ce08fb1e058,1.0323984622955322,-0.25167161226272583,-0.7863057255744934,0.5832198486727312,-0.25167161226272583,-0.0593006025770737,unreviewed_scene_member
FIT_near,251430,5781,5,1979443,frame:3d854c4e9c848ce08fb1e058,0.9829028844833374,-0.24324387311935425,-0.7910938858985901,0.536634526684709,-0.24324387311935425,-0.04190673936257805,unreviewed_scene_member
FIT_near,251431,5782,5,1979443,frame:3d854c4e9c848ce08fb1e058,1.232177734375,-0.298095166683197,-0.921055018901825,0.7037100667468182,-0.298095166683197,-0.26798993376886293,unreviewed_scene_member
FIT_near,251434,5785,5,1979443,frame:3d854c4e9c848ce08fb1e058,0.9533283710479736,-0.2253572791814804,-0.7792109847068787,0.5152622511094013,-0.2253572791814804,-0.01826184514831697,unreviewed_scene_member
FIT_near,251435,5786,5,1979443,frame:3d854c4e9c848ce08fb1e058,1.1579718589782715,-0.2694684863090515,-0.8797486424446106,0.6551217913570712,-0.2694684863090515,-0.19833429383877532,unreviewed_scene_member
FIT_near,251438,5789,5,1979443,frame:3d854c4e9c848ce08fb1e058,1.0962636470794678,-0.25914573669433594,-0.8801003098487854,0.5995046570514025,-0.25914573669433594,-0.17159927079154302,unreviewed_scene_member
FIT_near,251439,5790,5,1979443,frame:3d854c4e9c848ce08fb1e058,1.2373064756393433,-0.2856547236442566,-0.9226019978523254,0.7076415979236292,-0.2856547236442566,-0.2716286414289575,unreviewed_scene_member
FIT_near,251442,5793,5,1979443,frame:3d854c4e9c848ce08fb1e058,0.9274783730506897,-0.21071791648864746,-0.7565504312515259,0.5019621596176953,-0.21071791648864746,0.013437218649762661,unreviewed_scene_member
FIT_near,251443,5794,5,1979443,frame:3d854c4e9c848ce08fb1e058,1.1824026107788086,-0.26213234663009644,-0.8961747288703918,0.6698792832782803,-0.26213234663009644,-0.22380769920598387,unreviewed_scene_member
FIT_near,251446,5797,5,1979443,frame:3d854c4e9c848ce08fb1e058,1.088674545288086,-0.2453434020280838,-0.8718971014022827,0.5962796674385933,-0.2453434020280838,-0.1608994326238884,unreviewed_scene_member
FIT_near,251447,5798,5,1979443,frame:3d854c4e9c848ce08fb1e058,1.228379487991333,-0.27232518792152405,-0.914138674736023,0.7033281512343513,-0.27232518792152405,-0.26010852318748845,unreviewed_scene_member
FIT_near,251450,5801,5,1979443,frame:3d854c4e9c848ce08fb1e058,0.9333797097206116,-0.20180383324623108,-0.7595986127853394,0.5059300110472289,-0.20180383324623108,0.008110555511550155,unreviewed_scene_member
FIT_near,251451,5802,5,1979443,frame:3d854c4e9c848ce08fb1e058,1.0735697746276855,-0.22623662650585175,-0.8145173788070679,0.6078572042948146,-0.22623662650585175,-0.10270538394062578,unreviewed_scene_member
FIT_near,251454,5805,5,1979443,frame:3d854c4e9c848ce08fb1e058,1.0813863277435303,-0.23182913661003113,-0.864068329334259,0.5931609686908234,-0.23182913661003113,-0.15066803461626033,unreviewed_scene_member
FIT_near,251455,5806,5,1979443,frame:3d854c4e9c848ce08fb1e058,1.141644835472107,-0.24058228731155396,-0.8504739999771118,0.6532803184262617,-0.24058228731155396,-0.1648651234634011,unreviewed_scene_member
FIT_near,251459,5810,5,1979443,frame:3d854c4e9c848ce08fb1e058,1.0974841117858887,-0.22129161655902863,-0.8311643600463867,0.622053711897342,-0.22129161655902863,-0.1281509469721216,unreviewed_scene_member
FIT_near,251463,5814,5,1979443,frame:3d854c4e9c848ce08fb1e058,1.0037697553634644,-0.20057299733161926,-0.746157705783844,0.5750882708058825,-0.20057299733161926,-0.010665802329637986,unreviewed_scene_member
FIT_near,252794,7145,5,1979443,frame:3d854c4e9c848ce08fb1e058,1.1513839960098267,-0.7939900755882263,-0.9362866878509521,0.6244160115412073,-0.7939900755882263,-0.24626242339502058,unreviewed_scene_member
FIT_near,252798,7149,5,1979443,frame:3d854c4e9c848ce08fb1e058,1.1483632326126099,-0.7863007187843323,-0.9176992177963257,0.6298491779482646,-0.7863007187843323,-0.2282319004595419,unreviewed_scene_member
FIT_near,252802,7153,5,1979443,frame:3d854c4e9c848ce08fb1e058,1.1554700136184692,-0.7793744206428528,-0.936560332775116,0.62796854180171,-0.7793744206428528,-0.24829956604856007,unreviewed_scene_member
FIT_near,252806,7157,5,1979443,frame:3d854c4e9c848ce08fb1e058,1.1510884761810303,-0.7734993696212769,-0.9144479036331177,0.6337238929605731,-0.7734993696212769,-0.22650430679537048,unreviewed_scene_member
FIT_near,252810,7161,5,1979443,frame:3d854c4e9c848ce08fb1e058,1.1791253089904785,-0.7774898409843445,-0.9526647329330444,0.642170076079939,-0.7774898409843445,-0.27314390398958754,unreviewed_scene_member
FIT_near,252811,7162,5,1979443,frame:3d854c4e9c848ce08fb1e058,1.219337821006775,-0.7888249754905701,-0.9106414318084717,0.6967346451727615,-0.7888249754905701,-0.25300161614083794,unreviewed_scene_member
FIT_near,252814,7165,5,1979443,frame:3d854c4e9c848ce08fb1e058,1.1722763776779175,-0.7700415849685669,-0.9283391833305359,0.6466779164682234,-0.7700415849685669,-0.24827787096013076,unreviewed_scene_member
FIT_near,252818,7169,5,1979443,frame:3d854c4e9c848ce08fb1e058,1.193811058998108,-0.7723110318183899,-0.9590479731559753,0.6525713124154778,-0.7723110318183899,-0.28531893137035746,unreviewed_scene_member
FIT_near,252819,7170,5,1979443,frame:3d854c4e9c848ce08fb1e058,1.2279855012893677,-0.779303252696991,-0.9158806800842285,0.7022103934500983,-0.779303252696991,-0.2615015148207167,unreviewed_scene_member
FIT_near,252822,7173,5,1979443,frame:3d854c4e9c848ce08fb1e058,1.2052112817764282,-0.7737319469451904,-0.951190710067749,0.6662621622057255,-0.7737319469451904,-0.2832543988194367,unreviewed_scene_member
FIT_near,252823,7174,5,1979443,frame:3d854c4e9c848ce08fb1e058,1.2590121030807495,-0.7959144115447998,-0.9199299812316895,0.7283218216293806,-0.7959144115447998,-0.27874216959198317,unreviewed_scene_member
FIT_near,252826,7177,5,1979443,frame:3d854c4e9c848ce08fb1e058,1.190883755683899,-0.7528454661369324,-0.953533947467804,0.652357459389303,-0.7528454661369324,-0.279079712599839,unreviewed_scene_member
FIT_near,252827,7178,5,1979443,frame:3d854c4e9c848ce08fb1e058,1.2225357294082642,-0.7580042481422424,-0.9058458805084229,0.7017111375275185,-0.7580042481422424,-0.25009327395691905,unreviewed_scene_member
FIT_near,252830,7181,5,1979443,frame:3d854c4e9c848ce08fb1e058,1.220375895500183,-0.7685117125511169,-0.957829475402832,0.6769817835618592,-0.7685117125511169,-0.2958690106860824,unreviewed_scene_member
FIT_near,252831,7182,5,1979443,frame:3d854c4e9c848ce08fb1e058,1.2521088123321533,-0.7733181118965149,-0.9089186787605286,0.7269442222965944,-0.7733181118965149,-0.26581907300682395,unreviewed_scene_member
FIT_near,252834,7185,5,1979443,frame:3d854c4e9c848ce08fb1e058,1.2332736253738403,-0.7646620273590088,-0.9820947647094727,0.6779369836825564,-0.7646620273590088,-0.3233325008823087,unreviewed_scene_member
FIT_near,252835,7186,5,1979443,frame:3d854c4e9c848ce08fb1e058,1.2184640169143677,-0.7408377528190613,-0.9014841318130493,0.699963571357359,-0.7408377528190613,-0.24438803892271932,unreviewed_scene_member
FIT_near,252838,7189,5,1979443,frame:3d854c4e9c848ce08fb1e058,1.2250925302505493,-0.7536819577217102,-0.9592688679695129,0.6805900786239205,-0.7536819577217102,-0.2992303647398058,unreviewed_scene_member
FIT_near,252839,7190,5,1979443,frame:3d854c4e9c848ce08fb1e058,1.242281198501587,-0.752352237701416,-0.9004899859428406,0.7218061172327768,-0.752352237701416,-0.2539352717390959,unreviewed_scene_member
FIT_near,252842,7193,5,1979443,frame:3d854c4e9c848ce08fb1e058,1.213828206062317,-0.7351204752922058,-0.9644041061401367,0.668214630862062,-0.7351204752922058,-0.29890793152169115,unreviewed_scene_member
FIT_near,252843,7194,5,1979443,frame:3d854c4e9c848ce08fb1e058,1.218092441558838,-0.7232503890991211,-0.8955562710762024,0.7022282047492748,-0.7232503890991211,-0.23889722507042843,unreviewed_scene_member
FIT_near,252846,7197,5,1979443,frame:3d854c4e9c848ce08fb1e058,1.2288004159927368,-0.741259753704071,-0.957070529460907,0.6848863924264044,-0.741259753704071,-0.298879941301486,unreviewed_scene_member
FIT_near,252847,7198,5,1979443,frame:3d854c4e9c848ce08fb1e058,1.2240147590637207,-0.7238802909851074,-0.8817058205604553,0.7136227863390904,-0.7238802909851074,-0.22904469572457842,unreviewed_scene_member
FIT_near,252850,7201,5,1979443,frame:3d854c4e9c848ce08fb1e058,1.2450758218765259,-0.736335813999176,-0.9867451786994934,0.6865061203185736,-0.736335813999176,-0.3326860077048779,unreviewed_scene_member
FIT_near,252851,7202,5,1979443,frame:3d854c4e9c848ce08fb1e058,1.239431381225586,-0.721366286277771,-0.9100891351699829,0.7150367283771648,-0.721366286277771,-0.26131365224656866,unreviewed_scene_member
FIT_near,252854,7205,5,1979443,frame:3d854c4e9c848ce08fb1e058,1.240532636642456,-0.7307295799255371,-0.9638301730155945,0.6924680097992864,-0.7307295799255371,-0.3100985357041437,unreviewed_scene_member
FIT_near,252855,7206,5,1979443,frame:3d854c4e9c848ce08fb1e058,1.2323949337005615,-0.7115235924720764,-0.8857688903808594,0.7193737048329754,-0.7115235924720764,-0.2363701854547,unreviewed_scene_member
FIT_near,252858,7209,5,1979443,frame:3d854c4e9c848ce08fb1e058,1.2336812019348145,-0.7151400446891785,-0.9727317690849304,0.6824077781982826,-0.7151400446891785,-0.31509576596388356,unreviewed_scene_member
FIT_near,252859,7210,5,1979443,frame:3d854c4e9c848ce08fb1e058,1.2393553256988525,-0.7040518522262573,-0.9045698046684265,0.7173878853640239,-0.7040518522262573,-0.25631957030373864,unreviewed_scene_member
FIT_near,252862,7213,5,1979443,frame:3d854c4e9c848ce08fb1e058,1.2406846284866333,-0.71342533826828,-0.9580910801887512,0.6951204718679511,-0.71342533826828,-0.3050069020792532,unreviewed_scene_member
FIT_near,252863,7214,5,1979443,frame:3d854c4e9c848ce08fb1e058,1.23961341381073,-0.7013394832611084,-0.8865241408348083,0.7255305517717133,-0.7013394832611084,-0.24021337347014282,unreviewed_scene_member
FIT_near,252866,7217,5,1979443,frame:3d854c4e9c848ce08fb1e058,1.2368032932281494,-0.6997495889663696,-0.9730008840560913,0.6850959230262086,-0.6997495889663696,-0.3167062796383724,unreviewed_scene_member
FIT_near,252867,7218,5,1979443,frame:3d854c4e9c848ce08fb1e058,1.23391592502594,-0.6839706897735596,-0.8987805247306824,0.7150368377091663,-0.6839706897735596,-0.24873172365250507,unreviewed_scene_member
FIT_near,252870,7221,5,1979443,frame:3d854c4e9c848ce08fb1e058,1.2333647012710571,-0.6949653029441833,-0.951301097869873,0.6915178972030522,-0.6949653029441833,-0.2956952615086643,unreviewed_scene_member
FIT_near,252871,7222,5,1979443,frame:3d854c4e9c848ce08fb1e058,1.24842369556427,-0.6891669631004333,-0.8910717964172363,0.7314556195651426,-0.6891669631004333,-0.2481629525480824,unreviewed_scene_member
FIT_near,252874,7225,5,1979443,frame:3d854c4e9c848ce08fb1e058,1.2431707382202148,-0.6862671375274658,-0.9723029732704163,0.6911248886266873,-0.6862671375274658,-0.31887030574264785,unreviewed_scene_member
FIT_near,252875,7226,5,1979443,frame:3d854c4e9c848ce08fb1e058,1.2410038709640503,-0.6738100647926331,-0.8996258974075317,0.7210368543290154,-0.6738100647926331,-0.25259869057062967,unreviewed_scene_member
FIT_near,252878,7229,5,1979443,frame:3d854c4e9c848ce08fb1e058,1.2507506608963013,-0.6876060366630554,-0.9591044187545776,0.7037235434784282,-0.6876060366630554,-0.3103303429201456,unreviewed_scene_member
FIT_near,252879,7230,5,1979443,frame:3d854c4e9c848ce08fb1e058,1.256669521331787,-0.6794787049293518,-0.8926909565925598,0.7381571255689154,-0.6794787049293518,-0.25323297617159723,unreviewed_scene_member
FIT_near,252882,7233,5,1979443,frame:3d854c4e9c848ce08fb1e058,1.250409483909607,-0.6760938763618469,-0.9769613146781921,0.695588947689925,-0.6760938763618469,-0.3262304525147588,unreviewed_scene_member
FIT_near,252883,7234,5,1979443,frame:3d854c4e9c848ce08fb1e058,1.2575443983078003,-0.6658354997634888,-0.9096574783325195,0.7315058261940324,-0.6658354997634888,-0.26886590572115265,unreviewed_scene_member
FIT_near,252886,7237,5,1979443,frame:3d854c4e9c848ce08fb1e058,1.2383426427841187,-0.6667788028717041,-0.94865882396698,0.6971503380387596,-0.6667788028717041,-0.29550258738578195,unreviewed_scene_member
FIT_near,252887,7238,5,1979443,frame:3d854c4e9c848ce08fb1e058,1.24147629737854,-0.654556155204773,-0.8800491094589233,0.7300433673611514,-0.654556155204773,-0.23521028822585244,unreviewed_scene_member
FIT_near,252890,7241,5,1979443,frame:3d854c4e9c848ce08fb1e058,1.2216931581497192,-0.644125759601593,-0.9492024779319763,0.6819475581633199,-0.644125759601593,-0.28869256666013876,unreviewed_scene_member
FIT_near,252891,7242,5,1979443,frame:3d854c4e9c848ce08fb1e058,1.2239019870758057,-0.6344105005264282,-0.8812835216522217,0.713706551204453,-0.6344105005264282,-0.22861569999443132,unreviewed_scene_member
FIT_near,252894,7245,5,1979443,frame:3d854c4e9c848ce08fb1e058,1.2565908432006836,-0.6597249507904053,-0.9572930932044983,0.7097666974215053,-0.6597249507904053,-0.311262501714054,unreviewed_scene_member
FIT_near,252895,7246,5,1979443,frame:3d854c4e9c848ce08fb1e058,1.2567415237426758,-0.6486526727676392,-0.8868237733840942,0.740793844738658,-0.6486526727676392,-0.24799115061471477,unreviewed_scene_member
FIT_near,252930,7281,5,1979443,frame:3d854c4e9c848ce08fb1e058,1.1840449571609497,-0.789659857749939,-0.9242430925369263,0.6590510536595181,-0.789659857749939,-0.2497553346257888,unreviewed_scene_member
FIT_near,252938,7289,5,1979443,frame:3d854c4e9c848ce08fb1e058,1.1763008832931519,-0.769749641418457,-0.9129197597503662,0.6570545485521592,-0.769749641418457,-0.2361832119907188,unreviewed_scene_member
FIT_near,252942,7293,5,1979443,frame:3d854c4e9c848ce08fb1e058,1.2183539867401123,-0.7939319610595703,-0.929645836353302,0.6875193981769792,-0.7939319610595703,-0.269651377243465,unreviewed_scene_member
FIT_near,252946,7297,5,1979443,frame:3d854c4e9c848ce08fb1e058,1.2120410203933716,-0.7748345732688904,-0.9374179244041443,0.6784382824582482,-0.7748345732688904,-0.2738694614138133,unreviewed_scene_member
FIT_near,252950,7301,5,1979443,frame:3d854c4e9c848ce08fb1e058,1.191293716430664,-0.7589378356933594,-0.9029867053031921,0.674884382182438,-0.7589378356933594,-0.23382786724814175,unreviewed_scene_member
FIT_near,252954,7305,5,1979443,frame:3d854c4e9c848ce08fb1e058,1.2077209949493408,-0.7573082447052002,-0.92892986536026,0.6782763894863736,-0.7573082447052002,-0.2643466699724766,unreviewed_scene_member
FIT_near,252955,7306,5,1979443,frame:3d854c4e9c848ce08fb1e058,1.2771846055984497,-0.7857292294502258,-0.9117245674133301,0.7482521753640793,-0.7857292294502258,-0.27933349327333246,unreviewed_scene_member
FIT_near,252958,7309,5,1979443,frame:3d854c4e9c848ce08fb1e058,1.1937991380691528,-0.7430745363235474,-0.9027456045150757,0.6772419318635592,-0.7430745363235474,-0.23470947185207902,unreviewed_scene_member
FIT_near,252959,7310,5,1979443,frame:3d854c4e9c848ce08fb1e058,1.2969118356704712,-0.7947486042976379,-0.9067302346229553,0.768172263695549,-0.7947486042976379,-0.2834924651657509,unreviewed_scene_member
FIT_near,252962,7313,5,1979443,frame:3d854c4e9c848ce08fb1e058,1.2179840803146362,-0.7463815808296204,-0.93477463722229,0.6849386101654824,-0.7463815808296204,-0.27409895662522477,unreviewed_scene_member
FIT_near,252963,7314,5,1979443,frame:3d854c4e9c848ce08fb1e058,1.270224690437317,-0.7632279992103577,-0.9010010957717896,0.7466975056155681,-0.7632279992103577,-0.26664427481551733,unreviewed_scene_member
FIT_near,252966,7317,5,1979443,frame:3d854c4e9c848ce08fb1e058,1.1957553625106812,-0.7298921942710876,-0.8993740081787109,0.6804781852973119,-0.7298921942710876,-0.23253665349024,unreviewed_scene_member
FIT_near,252967,7318,5,1979443,frame:3d854c4e9c848ce08fb1e058,1.303188681602478,-0.7799423933029175,-0.9089550375938416,0.7728385660190468,-0.7799423933029175,-0.2882436929796044,unreviewed_scene_member
FIT_near,252970,7321,5,1979443,frame:3d854c4e9c848ce08fb1e058,1.2295403480529785,-0.7358647584915161,-0.9412540197372437,0.6924849404625782,-0.7358647584915161,-0.28498852139441877,unreviewed_scene_member
FIT_near,252971,7322,5,1979443,frame:3d854c4e9c848ce08fb1e058,1.280704379081726,-0.7543925046920776,-0.9072873592376709,0.7533608708516755,-0.7543925046920776,-0.2768883241211617,unreviewed_scene_member
FIT_near,252974,7325,5,1979443,frame:3d854c4e9c848ce08fb1e058,1.23089599609375,-0.7337612509727478,-0.9235103726387024,0.701481691777309,-0.7337612509727478,-0.26963491400889184,unreviewed_scene_member
FIT_near,252975,7326,5,1979443,frame:3d854c4e9c848ce08fb1e058,1.2910829782485962,-0.7574739456176758,-0.8958667516708374,0.7676955588278846,-0.7574739456176758,-0.2711732284538175,unreviewed_scene_member
FIT_near,252978,7329,5,1979443,frame:3d854c4e9c848ce08fb1e058,1.2299083471298218,-0.7215830087661743,-0.9366794228553772,0.6948210671230902,-0.7215830087661743,-0.28103822113011145,unreviewed_scene_member
FIT_near,252979,7330,5,1979443,frame:3d854c4e9c848ce08fb1e058,1.2740014791488647,-0.7325833439826965,-0.8970546722412109,0.7518220590324525,-0.7325833439826965,-0.2647528880407197,unreviewed_scene_member
FIT_near,252982,7333,5,1979443,frame:3d854c4e9c848ce08fb1e058,1.2364039421081543,-0.7224960923194885,-0.9228770732879639,0.7067098210250369,-0.7224960923194885,-0.2714802329337096,unreviewed_scene_member
FIT_near,252983,7334,5,1979443,frame:3d854c4e9c848ce08fb1e058,1.2903295755386353,-0.7389787435531616,-0.8934537172317505,0.7680762096320101,-0.7389787435531616,-0.2686741374564918,unreviewed_scene_member
FIT_near,252986,7337,5,1979443,frame:3d854c4e9c848ce08fb1e058,1.2475377321243286,-0.7144716382026672,-0.9479514956474304,0.7057249019195265,-0.7144716382026672,-0.2988977067622878,unreviewed_scene_member
FIT_near,252987,7338,5,1979443,frame:3d854c4e9c848ce08fb1e058,1.2890431880950928,-0.7263385653495789,-0.9066967368125916,0.7611146545759168,-0.7263385653495789,-0.2800129694719342,unreviewed_scene_member
FIT_near,252990,7341,5,1979443,frame:3d854c4e9c848ce08fb1e058,1.252979040145874,-0.7146865725517273,-0.933178722858429,0.7170914745221404,-0.7146865725517273,-0.2880053389696404,unreviewed_scene_member
FIT_near,252991,7342,5,1979443,frame:3d854c4e9c848ce08fb1e058,1.3115100860595703,-0.7359851002693176,-0.9036377668380737,0.7826487328809227,-0.7359851002693176,-0.28711242529651093,unreviewed_scene_member
FIT_near,252994,7345,5,1979443,frame:3d854c4e9c848ce08fb1e058,1.2508906126022339,-0.7019670009613037,-0.9458082914352417,0.7096779698193209,-0.7019670009613037,-0.29844121363651555,unreviewed_scene_member
FIT_near,252995,7346,5,1979443,frame:3d854c4e9c848ce08fb1e058,1.2612190246582031,-0.6933610439300537,-0.8819698095321655,0.7469460336040759,-0.6933610439300537,-0.24559124401473875,unreviewed_scene_member
FIT_near,252998,7349,5,1979443,frame:3d854c4e9c848ce08fb1e058,1.253281831741333,-0.7004355788230896,-0.9288164377212524,0.7192759217436133,-0.7004355788230896,-0.2842172781590264,unreviewed_scene_member
FIT_near,252999,7350,5,1979443,frame:3d854c4e9c848ce08fb1e058,1.3079845905303955,-0.7161006331443787,-0.8959925174713135,0.7828314952214411,-0.7161006331443787,-0.27869544516507005,unreviewed_scene_member
FIT_near,253002,7353,5,1979443,frame:3d854c4e9c848ce08fb1e058,1.2533601522445679,-0.686194658279419,-0.9457727074623108,0.7119131763339714,-0.686194658279419,-0.2994918058985525,unreviewed_scene_member
FIT_near,253003,7354,5,1979443,frame:3d854c4e9c848ce08fb1e058,1.2695119380950928,-0.6835617423057556,-0.8870289921760559,0.752181855130209,-0.6835617423057556,-0.2537737812277594,unreviewed_scene_member
FIT_near,253006,7357,5,1979443,frame:3d854c4e9c848ce08fb1e058,1.2707699537277222,-0.6928462386131287,-0.9399358630180359,0.7301197064469471,-0.6928462386131287,-0.30187763950440427,unreviewed_scene_member
FIT_near,253007,7358,5,1979443,frame:3d854c4e9c848ce08fb1e058,1.2777156829833984,-0.6851052045822144,-0.8745765686035156,0.7650141153949731,-0.6851052045822144,-0.2461779021134165,unreviewed_scene_member
FIT_near,253010,7361,5,1979443,frame:3d854c4e9c848ce08fb1e058,1.2473888397216797,-0.6688440442085266,-0.936826765537262,0.7104678390106,-0.6688440442085266,-0.288833595439286,unreviewed_scene_member
FIT_near,253011,7362,5,1979443,frame:3d854c4e9c848ce08fb1e058,1.2744849920272827,-0.6691195368766785,-0.88555908203125,0.7572959725922414,-0.6691195368766785,-0.2546326780963113,unreviewed_scene_member
FIT_near,253014,7365,5,1979443,frame:3d854c4e9c848ce08fb1e058,1.2492144107818604,-0.664219081401825,-0.9187967777252197,0.7200124778443445,-0.664219081401825,-0.2734286274181723,unreviewed_scene_member
FIT_near,253015,7366,5,1979443,frame:3d854c4e9c848ce08fb1e058,1.3105406761169434,-0.6851341128349304,-0.8920847177505493,0.786841956373475,-0.6851341128349304,-0.2763036522117839,unreviewed_scene_member
FIT_near,253018,7369,5,1979443,frame:3d854c4e9c848ce08fb1e058,1.2355775833129883,-0.6459442973136902,-0.925977885723114,0.7046077879566601,-0.6459442973136902,-0.2739049728364169,unreviewed_scene_member
FIT_near,253019,7370,5,1979443,frame:3d854c4e9c848ce08fb1e058,1.2745736837387085,-0.6550418734550476,-0.885066568851471,0.7575915917418554,-0.6550418734550476,-0.2542288900698504,unreviewed_scene_member
FIT_near,253022,7373,5,1979443,frame:3d854c4e9c848ce08fb1e058,1.2637567520141602,-0.6578701138496399,-0.9284197688102722,0.7288646059256908,-0.6578701138496399,-0.2884526573160089,unreviewed_scene_member
FIT_near,253023,7374,5,1979443,frame:3d854c4e9c848ce08fb1e058,1.338105320930481,-0.6847431063652039,-0.910327672958374,0.8036197098249579,-0.6847431063652039,-0.3047838566972232,unreviewed_scene_member
FIT_near,253026,7377,5,1979443,frame:3d854c4e9c848ce08fb1e058,1.2312602996826172,-0.6327818632125854,-0.9546400308609009,0.6881627817000112,-0.6327818632125854,-0.29777376566436264,unreviewed_scene_member
FIT_near,253027,7378,5,1979443,frame:3d854c4e9c848ce08fb1e058,1.2497564554214478,-0.6312974095344543,-0.8988820910453796,0.7292296883770206,-0.6312974095344543,-0.25576704232668557,unreviewed_scene_member
FIT_near,253030,7381,5,1979443,frame:3d854c4e9c848ce08fb1e058,1.2415409088134766,-0.6353285908699036,-0.9438983798027039,0.7021117618719465,-0.6353285908699036,-0.29262595606021713,unreviewed_scene_member
FIT_near,253031,7382,5,1979443,frame:3d854c4e9c848ce08fb1e058,1.301277995109558,-0.654474675655365,-0.9172651767730713,0.7674783271328904,-0.654474675655365,-0.2948752067687579,unreviewed_scene_member
FIT_near,253034,7385,5,1979443,frame:3d854c4e9c848ce08fb1e058,1.2436245679855347,-0.6254780292510986,-0.9599578380584717,0.6969445391979167,-0.6254780292510986,-0.307973517588064,unreviewed_scene_member
FIT_near,253035,7386,5,1979443,frame:3d854c4e9c848ce08fb1e058,1.2703510522842407,-0.6278466582298279,-0.9097192883491516,0.7429892748131963,-0.6278466582298279,-0.2745355277862864,unreviewed_scene_member
FIT_near,253038,7389,5,1979443,frame:3d854c4e9c848ce08fb1e058,1.2398467063903809,-0.620868980884552,-0.9384552836418152,0.7029751191269743,-0.620868980884552,-0.28699104417827126,unreviewed_scene_member
FIT_near,253039,7390,5,1979443,frame:3d854c4e9c848ce08fb1e058,1.2862478494644165,-0.6329123973846436,-0.9027426838874817,0.7603355635725199,-0.6329123973846436,-0.27523369444290036,unreviewed_scene_member
FIT_near,253042,7393,5,1979443,frame:3d854c4e9c848ce08fb1e058,1.2468129396438599,-0.6108073592185974,-0.961367130279541,0.6991924356146972,-0.6108073592185974,-0.31063787118610664,unreviewed_scene_member
FIT_near,253043,7394,5,1979443,frame:3d854c4e9c848ce08fb1e058,1.2637639045715332,-0.6082084774971008,-0.9038520455360413,0.739640815627395,-0.6082084774971008,-0.2663744693807826,unreviewed_scene_member
FIT_near,253046,7397,5,1979443,frame:3d854c4e9c848ce08fb1e058,1.2660809755325317,-0.6175090074539185,-0.9573136568069458,0.7182873573699747,-0.6175090074539185,-0.3154411843509968,unreviewed_scene_member
FIT_near,253047,7398,5,1979443,frame:3d854c4e9c848ce08fb1e058,1.2832362651824951,-0.6148238182067871,-0.8995332717895508,0.7590356832118894,-0.6148238182067871,-0.27102890230184173,unreviewed_scene_member
FIT_near,253050,7401,5,1979443,frame:3d854c4e9c848ce08fb1e058,1.2635198831558228,-0.602668046951294,-0.9693296551704407,0.7107179958073456,-0.602668046951294,-0.3251183831382358,unreviewed_scene_member
FIT_near,253051,7402,5,1979443,frame:3d854c4e9c848ce08fb1e058,1.2552456855773926,-0.5880000591278076,-0.8933067321777344,0.73660745222052,-0.5880000591278076,-0.25316226308891543,unreviewed_scene_member
FIT_near,253054,7405,5,1979443,frame:3d854c4e9c848ce08fb1e058,1.2503283023834229,-0.5936995148658752,-0.9406498670578003,0.711433873152444,-0.5936995148658752,-0.2935583519423153,unreviewed_scene_member
FIT_near,253055,7406,5,1979443,frame:3d854c4e9c848ce08fb1e058,1.283524513244629,-0.6012468338012695,-0.8960230946540833,0.7608335192303004,-0.6012468338012695,-0.26800033562458525,unreviewed_scene_member
FIT_near,253058,7409,5,1979443,frame:3d854c4e9c848ce08fb1e058,1.2682243585586548,-0.5913827419281006,-0.9725602269172668,0.7135301608489314,-0.5913827419281006,-0.33008430806780575,unreviewed_scene_member
FIT_near,253059,7410,5,1979443,frame:3d854c4e9c848ce08fb1e058,1.2831064462661743,-0.5874519944190979,-0.9094510674476624,0.7545713272865371,-0.5874519944190979,-0.2798860491245416,unreviewed_scene_member
FIT_near,253062,7413,5,1979443,frame:3d854c4e9c848ce08fb1e058,1.2748931646347046,-0.591785728931427,-0.9587993025779724,0.7255564362295028,-0.591785728931427,-0.3206394833673465,unreviewed_scene_member
FIT_near,253063,7414,5,1979443,frame:3d854c4e9c848ce08fb1e058,1.2742564678192139,-0.580712080001831,-0.8886836767196655,0.755720844237782,-0.580712080001831,-0.25734086678019685,unreviewed_scene_member
FIT_near,253066,7417,5,1979443,frame:3d854c4e9c848ce08fb1e058,1.2616908550262451,-0.5723283886909485,-0.9629008769989014,0.711892267073478,-0.5723283886909485,-0.31853844243400564,unreviewed_scene_member
FIT_near,253067,7418,5,1979443,frame:3d854c4e9c848ce08fb1e058,1.295732021331787,-0.5768970847129822,-0.9175751805305481,0.7623577422178245,-0.5768970847129822,-0.2927226414152848,unreviewed_scene_member
FIT_near,253070,7421,5,1979443,frame:3d854c4e9c848ce08fb1e058,1.274181604385376,-0.5753150582313538,-0.9536806344985962,0.727160766509812,-0.5753150582313538,-0.315726927490114,unreviewed_scene_member
FIT_near,253071,7422,5,1979443,frame:3d854c4e9c848ce08fb1e058,1.2794771194458008,-0.5669862627983093,-0.8881349563598633,0.7606536780109534,-0.5669862627983093,-0.25913626322825656,unreviewed_scene_member
FIT_near,253074,7425,5,1979443,frame:3d854c4e9c848ce08fb1e058,1.2800118923187256,-0.5645525455474854,-0.9759432077407837,0.7226417248298628,-0.5645525455474854,-0.33829222578294416,unreviewed_scene_member
FIT_near,253075,7426,5,1979443,frame:3d854c4e9c848ce08fb1e058,1.291723608970642,-0.5616574287414551,-0.9112308025360107,0.7615361973096442,-0.5616574287414551,-0.2852631799227645,unreviewed_scene_member
FIT_near,253078,7429,5,1979443,frame:3d854c4e9c848ce08fb1e058,1.2915399074554443,-0.5669463872909546,-0.9657878279685974,0.7374548616772044,-0.5669463872909546,-0.3342181801214814,unreviewed_scene_member
FIT_near,253079,7430,5,1979443,frame:3d854c4e9c848ce08fb1e058,1.3116446733474731,-0.567599356174469,-0.910493791103363,0.7797642159144087,-0.567599356174469,-0.2933335782711768,unreviewed_scene_member
FIT_near,253082,7433,5,1979443,frame:3d854c4e9c848ce08fb1e058,1.2732478380203247,-0.5483471751213074,-0.9671006202697754,0.7204385683078646,-0.5483471751213074,-0.32737939457038867,unreviewed_scene_member
FIT_near,253083,7434,5,1979443,frame:3d854c4e9c848ce08fb1e058,1.307615041732788,-0.5523582100868225,-0.9218286871910095,0.7711735156136742,-0.5523582100868225,-0.30175484115810614,unreviewed_scene_member
FIT_near,253086,7437,5,1979443,frame:3d854c4e9c848ce08fb1e058,1.3058652877807617,-0.5596945881843567,-0.9728106260299683,0.7472518361847394,-0.5596945881843567,-0.346810062608802,unreviewed_scene_member
FIT_near,253087,7438,5,1979443,frame:3d854c4e9c848ce08fb1e058,1.3142577409744263,-0.5524630546569824,-0.9082416892051697,0.7831000820318882,-0.5524630546569824,-0.2924548959456863,unreviewed_scene_member
FIT_near,253090,7441,5,1979443,frame:3d854c4e9c848ce08fb1e058,1.2829368114471436,-0.5366640686988831,-0.9701377749443054,0.7278155589609906,-0.5366640686988831,-0.33435653750186956,unreviewed_scene_member
FIT_near,253091,7442,5,1979443,frame:3d854c4e9c848ce08fb1e058,1.3037588596343994,-0.5347104668617249,-0.9151124358177185,0.7706518129188303,-0.5347104668617249,-0.29402787544164544,unreviewed_scene_member
FIT_near,253094,7445,5,1979443,frame:3d854c4e9c848ce08fb1e058,1.302802562713623,-0.5423043966293335,-0.9698672890663147,0.7457893511290875,-0.5423043966293335,-0.3428219985696368,unreviewed_scene_member
FIT_near,253095,7446,5,1979443,frame:3d854c4e9c848ce08fb1e058,1.33822762966156,-0.5488471984863281,-0.9214614629745483,0.798848907886763,-0.5488471984863281,-0.31484445749521117,unreviewed_scene_member
FIT_near,253098,7449,5,1979443,frame:3d854c4e9c848ce08fb1e058,1.2518872022628784,-0.5083386301994324,-0.9460914731025696,0.7104495600006552,-0.5083386301994324,-0.29913261178554573,unreviewed_scene_member
FIT_near,253099,7450,5,1979443,frame:3d854c4e9c848ce08fb1e058,1.3336185216903687,-0.5334093570709229,-0.9359790682792664,0.7883421697974458,-0.5334093570709229,-0.32587229476260715,unreviewed_scene_member
FIT_near,253102,7453,5,1979443,frame:3d854c4e9c848ce08fb1e058,1.2839430570602417,-0.5213552117347717,-0.9524040222167969,0.7364939320471897,-0.5213552117347717,-0.3188586551752086,unreviewed_scene_member
FIT_near,253103,7454,5,1979443,frame:3d854c4e9c848ce08fb1e058,1.3357294797897339,-0.5315513014793396,-0.9190359115600586,0.7976668774103683,-0.5315513014793396,-0.31156926950071173,unreviewed_scene_member
FIT_near,253106,7457,5,1979443,frame:3d854c4e9c848ce08fb1e058,1.2690973281860352,-0.5024712085723877,-0.9557475447654724,0.7216849755081032,-0.5024712085723877,-0.3153558541441195,unreviewed_scene_member
FIT_near,253107,7458,5,1979443,frame:3d854c4e9c848ce08fb1e058,1.3255677223205566,-0.5141538381576538,-0.9264988899230957,0.7852619959136691,-0.5141538381576538,-0.3138223287459134,unreviewed_scene_member
FIT_near,253110,7461,5,1979443,frame:3d854c4e9c848ce08fb1e058,1.283361554145813,-0.505529522895813,-0.9479936957359314,0.7379046405669268,-0.505529522895813,-0.31463976589251175,unreviewed_scene_member
FIT_near,253111,7462,5,1979443,frame:3d854c4e9c848ce08fb1e058,1.3510456085205078,-0.5213251113891602,-0.9257668852806091,0.8084822580570546,-0.5213251113891602,-0.32433317752261726,unreviewed_scene_member
FIT_near,253114,7465,5,1979443,frame:3d854c4e9c848ce08fb1e058,1.2810947895050049,-0.49176621437072754,-0.9640673995018005,0.7288210380504151,-0.49176621437072754,-0.32809303092415965,unreviewed_scene_member
FIT_near,253115,7466,5,1979443,frame:3d854c4e9c848ce08fb1e058,1.3475427627563477,-0.5091939568519592,-0.9387166500091553,0.7996571179244217,-0.5091939568519592,-0.3344368024469495,unreviewed_scene_member
FIT_near,253118,7469,5,1979443,frame:3d854c4e9c848ce08fb1e058,1.2778525352478027,-0.4879644513130188,-0.9432649612426758,0.7350261079431151,-0.4879644513130188,-0.30797461255144065,unreviewed_scene_member
FIT_near,253119,7470,5,1979443,frame:3d854c4e9c848ce08fb1e058,1.3419950008392334,-0.5044227838516235,-0.916513979434967,0.8044038327044212,-0.5044227838516235,-0.3120491955692093,unreviewed_scene_member
FIT_near,253122,7473,5,1979443,frame:3d854c4e9c848ce08fb1e058,1.2831883430480957,-0.47721347212791443,-0.9618293642997742,0.7316838015686203,-0.47721347212791443,-0.3269992516767193,unreviewed_scene_member
FIT_near,253123,7474,5,1979443,frame:3d854c4e9c848ce08fb1e058,1.3449872732162476,-0.4921954572200775,-0.9372168183326721,0.7980177420724105,-0.4921954572200775,-0.3319685097853742,unreviewed_scene_member
FIT_near,253126,7477,5,1979443,frame:3d854c4e9c848ce08fb1e058,1.2893460988998413,-0.47668778896331787,-0.9479489326477051,0.7433031366079779,-0.47668778896331787,-0.31722298484215394,unreviewed_scene_member
FIT_near,253127,7478,5,1979443,frame:3d854c4e9c848ce08fb1e058,1.3422818183898926,-0.48855066299438477,-0.9170335531234741,0.8044338564976556,-0.48855066299438477,-0.31264191784565476,unreviewed_scene_member
FIT_near,253130,7481,5,1979443,frame:3d854c4e9c848ce08fb1e058,1.26144540309906,-0.45663684606552124,-0.9425087571144104,0.7206109733218958,-0.45663684606552124,-0.3001025274476048,unreviewed_scene_member
FIT_near,253131,7482,5,1979443,frame:3d854c4e9c848ce08fb1e058,1.3518915176391602,-0.47872990369796753,-0.938482940196991,0.8036682045602824,-0.47872990369796753,-0.3361331141242976,unreviewed_scene_member
FIT_near,253134,7485,5,1979443,frame:3d854c4e9c848ce08fb1e058,1.2925341129302979,-0.46508607268333435,-0.9511692523956299,0.7447568093771453,-0.46508607268333435,-0.32151492242527935,unreviewed_scene_member
FIT_near,253135,7486,5,1979443,frame:3d854c4e9c848ce08fb1e058,1.348264217376709,-0.4774453938007355,-0.9182391166687012,0.809282316815744,-0.4774453938007355,-0.3163479822869406,unreviewed_scene_member
FIT_near,253138,7489,5,1979443,frame:3d854c4e9c848ce08fb1e058,1.2651968002319336,-0.44281771779060364,-0.9455845952033997,0.7226343480598186,-0.44281771779060364,-0.30451157667256745,unreviewed_scene_member
FIT_near,253139,7490,5,1979443,frame:3d854c4e9c848ce08fb1e058,1.3281773328781128,-0.4573281705379486,-0.9192150235176086,0.7908005352151919,-0.4573281705379486,-0.30841961095941195,unreviewed_scene_member
FIT_near,253142,7493,5,1979443,frame:3d854c4e9c848ce08fb1e058,1.2891172170639038,-0.4489181339740753,-0.9452027678489685,0.7443012583886254,-0.4489181339740753,-0.314654413077994,unreviewed_scene_member
FIT_near,253143,7494,5,1979443,frame:3d854c4e9c848ce08fb1e058,1.3390697240829468,-0.4584660530090332,-0.9121497869491577,0.8036877474369059,-0.4584660530090332,-0.3068443284197313,unreviewed_scene_member
FIT_near,253146,7497,5,1979443,frame:3d854c4e9c848ce08fb1e058,1.2790625095367432,-0.432938814163208,-0.9525650143623352,0.7320367506789255,-0.432938814163208,-0.3168638627422846,unreviewed_scene_member
FIT_near,253147,7498,5,1979443,frame:3d854c4e9c848ce08fb1e058,1.3294556140899658,-0.4422510266304016,-0.9203405380249023,0.7914560536726114,-0.4422510266304016,-0.3099915782983498,unreviewed_scene_member
FIT_near,253150,7501,5,1979443,frame:3d854c4e9c848ce08fb1e058,1.2982257604599,-0.4369012415409088,-0.9484745860099792,0.7510536922840765,-0.4369012415409088,-0.3215880263757649,unreviewed_scene_member
FIT_near,253151,7502,5,1979443,frame:3d854c4e9c848ce08fb1e058,1.3353530168533325,-0.4413672685623169,-0.9063657522201538,0.8028827470443131,-0.4413672685623169,-0.30001637523118974,unreviewed_scene_member
FIT_near,253154,7505,5,1979443,frame:3d854c4e9c848ce08fb1e058,1.2505817413330078,-0.6372032165527344,-0.9321704506874084,0.7153787940498221,-0.6372032165527344,-0.28604820331548586,unreviewed_scene_member
FIT_near,253155,7506,5,1979443,frame:3d854c4e9c848ce08fb1e058,1.324999213218689,-0.6635101437568665,-0.9152069091796875,0.7897011018656517,-0.6635101437568665,-0.3034239456958676,unreviewed_scene_member
FIT_near,253158,7509,5,1979443,frame:3d854c4e9c848ce08fb1e058,1.2404061555862427,-0.6292939186096191,-0.906373918056488,0.7175414937556214,-0.6292939186096191,-0.25840175017859246,unreviewed_scene_member
FIT_near,253159,7510,5,1979443,frame:3d854c4e9c848ce08fb1e058,1.3329102993011475,-0.6645645499229431,-0.9020093083381653,0.8025969863520881,-0.6645645499229431,-0.2950300125123888,unreviewed_scene_member
FIT_near,253162,7513,5,1979443,frame:3d854c4e9c848ce08fb1e058,1.2445042133331299,-0.6204869151115417,-0.9274212718009949,0.7119982510620588,-0.6204869151115417,-0.2791154566886185,unreviewed_scene_member
FIT_near,253163,7514,5,1979443,frame:3d854c4e9c848ce08fb1e058,1.306257963180542,-0.6399291753768921,-0.9018812775611877,0.7786981503254516,-0.6399291753768921,-0.2832313240625006,unreviewed_scene_member
FIT_near,253166,7517,5,1979443,frame:3d854c4e9c848ce08fb1e058,1.2587214708328247,-0.6248347759246826,-0.919586181640625,0.7282113149162839,-0.6248347759246826,-0.2783057597745977,unreviewed_scene_member
FIT_near,253167,7518,5,1979443,frame:3d854c4e9c848ce08fb1e058,1.3137682676315308,-0.6407676339149475,-0.8887282013893127,0.7912142963371634,-0.6407676339149475,-0.2747017182836149,unreviewed_scene_member
FIT_near,253170,7521,5,1979443,frame:3d854c4e9c848ce08fb1e058,1.2522106170654297,-0.6080408096313477,-0.9283680319786072,0.7185096885102334,-0.6080408096313477,-0.28334466414127735,unreviewed_scene_member
FIT_near,253171,7522,5,1979443,frame:3d854c4e9c848ce08fb1e058,1.2929487228393555,-0.6167048811912537,-0.8881843686103821,0.7727402140302587,-0.6167048811912537,-0.26508623689355737,unreviewed_scene_member
FIT_near,253174,7525,5,1979443,frame:3d854c4e9c848ce08fb1e058,1.2574814558029175,-0.6078903079032898,-0.9139793515205383,0.7295546693396757,-0.6078903079032898,-0.27272278743335665,unreviewed_scene_member
FIT_near,253175,7526,5,1979443,frame:3d854c4e9c848ce08fb1e058,1.3161097764968872,-0.6249349117279053,-0.8858363628387451,0.7945865291464436,-0.6249349117279053,-0.2731290009380296,unreviewed_scene_member
FIT_near,253178,7529,5,1979443,frame:3d854c4e9c848ce08fb1e058,1.2556769847869873,-0.5935558080673218,-0.9297851920127869,0.7210039971112862,-0.5935558080673218,-0.28613795473594306,unreviewed_scene_member
FIT_near,253179,7530,5,1979443,frame:3d854c4e9c848ce08fb1e058,1.2790876626968384,-0.5964483618736267,-0.8750536441802979,0.766038106425357,-0.5964483618736267,-0.24720813112181506,unreviewed_scene_member
FIT_near,253182,7533,5,1979443,frame:3d854c4e9c848ce08fb1e058,1.2814494371414185,-0.6030043363571167,-0.930293619632721,0.743945243847168,-0.6030043363571167,-0.2978928259478928,unreviewed_scene_member
FIT_near,253183,7534,5,1979443,frame:3d854c4e9c848ce08fb1e058,1.3242573738098145,-0.6146998405456543,-0.8911696672439575,0.7995715743346575,-0.6146998405456543,-0.28149421476217906,unreviewed_scene_member
FIT_near,253186,7537,5,1979443,frame:3d854c4e9c848ce08fb1e058,1.2729421854019165,-0.5881818532943726,-0.9387328624725342,0.7325994560716149,-0.5881818532943726,-0.3017486334665209,unreviewed_scene_member
FIT_near,253187,7538,5,1979443,frame:3d854c4e9c848ce08fb1e058,1.285637617111206,-0.5831910967826843,-0.8787233233451843,0.7703164849926625,-0.5831910967826843,-0.2533777279350855,unreviewed_scene_member
FIT_near,253190,7541,5,1979443,frame:3d854c4e9c848ce08fb1e058,1.2849500179290771,-0.5910109281539917,-0.9290552735328674,0.7476344002176194,-0.5910109281539917,-0.29831436146040047,unreviewed_scene_member
FIT_near,253191,7542,5,1979443,frame:3d854c4e9c848ce08fb1e058,1.300330400466919,-0.5871216654777527,-0.8708823323249817,0.7869595354218298,-0.5871216654777527,-0.25277118417820965,unreviewed_scene_member
FIT_near,253194,7545,5,1979443,frame:3d854c4e9c848ce08fb1e058,1.2887709140777588,-0.5791966319084167,-0.9494562149047852,0.7421254148627975,-0.5791966319084167,-0.31832557673083794,unreviewed_scene_member
FIT_near,253195,7546,5,1979443,frame:3d854c4e9c848ce08fb1e058,1.2960634231567383,-0.5716320872306824,-0.8817093372344971,0.7783781550612705,-0.5716320872306824,-0.2606319119933469,unreviewed_scene_member
FIT_near,253198,7549,5,1979443,frame:3d854c4e9c848ce08fb1e058,1.2796605825424194,-0.5724198818206787,-0.9243526458740234,0.7449417834635368,-0.5724198818206787,-0.29176893186235375,unreviewed_scene_member
FIT_near,253199,7550,5,1979443,frame:3d854c4e9c848ce08fb1e058,1.3427602052688599,-0.5922278165817261,-0.8958038091659546,0.8141703349809952,-0.5922278165817261,-0.2937704613769221,unreviewed_scene_member
FIT_near,253202,7553,5,1979443,frame:3d854c4e9c848ce08fb1e058,1.2975512742996216,-0.5695851445198059,-0.9522266387939453,0.7488026764571869,-0.5695851445198059,-0.3246646738078194,unreviewed_scene_member
FIT_near,253203,7554,5,1979443,frame:3d854c4e9c848ce08fb1e058,1.2905117273330688,-0.5557821989059448,-0.8780057430267334,0.7750118727481913,-0.5557821989059448,-0.25486944030465497,unreviewed_scene_member
FIT_near,253206,7557,5,1979443,frame:3d854c4e9c848ce08fb1e058,1.3073961734771729,-0.5711873769760132,-0.940750777721405,0.7626818996031473,-0.5711873769760132,-0.3186659579421496,unreviewed_scene_member
FIT_near,253207,7558,5,1979443,frame:3d854c4e9c848ce08fb1e058,1.2927159070968628,-0.5540587902069092,-0.8618723154067993,0.7840654055642513,-0.5540587902069092,-0.24133506042424324,unreviewed_scene_member
FIT_near,253210,7561,5,1979443,frame:3d854c4e9c848ce08fb1e058,1.3172627687454224,-0.561860203742981,-0.9623213410377502,0.7620940241096207,-0.561860203742981,-0.3423786825088462,unreviewed_scene_member
FIT_near,253211,7562,5,1979443,frame:3d854c4e9c848ce08fb1e058,1.2841174602508545,-0.5371579527854919,-0.8697805404663086,0.772870435043236,-0.5371579527854919,-0.24467361502003437,unreviewed_scene_member
FIT_near,253214,7565,5,1979443,frame:3d854c4e9c848ce08fb1e058,1.3127559423446655,-0.5572318434715271,-0.9439322352409363,0.7661045687694916,-0.5572318434715271,-0.3238750010442253,unreviewed_scene_member
FIT_near,253215,7566,5,1979443,frame:3d854c4e9c848ce08fb1e058,1.3101999759674072,-0.5480684638023376,-0.870307207107544,0.7960823694222842,-0.5480684638023376,-0.25658080218737056,unreviewed_scene_member
FIT_near,253218,7569,5,1979443,frame:3d854c4e9c848ce08fb1e058,1.3173036575317383,-0.5456450581550598,-0.9617407917976379,0.7623852707434773,-0.5456450581550598,-0.34187481277239784,unreviewed_scene_member
FIT_near,253219,7570,5,1979443,frame:3d854c4e9c848ce08fb1e058,1.3263131380081177,-0.5412583947181702,-0.8951277732849121,0.7996841634724015,-0.5412583947181702,-0.2859529246155479,unreviewed_scene_member
FIT_near,253222,7573,5,1979443,frame:3d854c4e9c848ce08fb1e058,1.3137928247451782,-0.541506290435791,-0.9405485987663269,0.7685198010994766,-0.541506290435791,-0.32128834805300377,unreviewed_scene_member
FIT_near,253223,7574,5,1979443,frame:3d854c4e9c848ce08fb1e058,1.303850769996643,-0.529438853263855,-0.8657415509223938,0.7923771928347633,-0.529438853263855,-0.2496939088881045,unreviewed_scene_member
FIT_near,253226,7577,5,1979443,frame:3d854c4e9c848ce08fb1e058,1.319022536277771,-0.5329196453094482,-0.959563672542572,0.7648845749912616,-0.5329196453094482,-0.3406715377949512,unreviewed_scene_member
FIT_near,253227,7578,5,1979443,frame:3d854c4e9c848ce08fb1e058,1.3512576818466187,-0.535000741481781,-0.9113091230392456,0.8150107341136923,-0.535000741481781,-0.3114315937244414,unreviewed_scene_member
FIT_near,253230,7581,5,1979443,frame:3d854c4e9c848ce08fb1e058,1.3105002641677856,-0.5268177390098572,-0.9348644614219666,0.7680522290615908,-0.5268177390098572,-0.3147361156933619,unreviewed_scene_member
FIT_near,253231,7582,5,1979443,frame:3d854c4e9c848ce08fb1e058,1.3333336114883423,-0.5252140760421753,-0.8816173672676086,0.8119166954180198,-0.5252140760421753,-0.2768874251346396,unreviewed_scene_member
FIT_near,253234,7585,5,1979443,frame:3d854c4e9c848ce08fb1e058,1.306928277015686,-0.5121795535087585,-0.9500228762626648,0.7581967365786051,-0.5121795535087585,-0.32679455259933254,unreviewed_scene_member
FIT_near,253235,7586,5,1979443,frame:3d854c4e9c848ce08fb1e058,1.3441005945205688,-0.5186452269554138,-0.9033952951431274,0.8120471804465083,-0.5186452269554138,-0.3011812317491842,unreviewed_scene_member
FIT_near,253238,7589,5,1979443,frame:3d854c4e9c848ce08fb1e058,1.3135384321212769,-0.5121272206306458,-0.9363428354263306,0.7701348398221692,-0.5121272206306458,-0.31739671461659746,unreviewed_scene_member
FIT_near,253239,7590,5,1979443,frame:3d854c4e9c848ce08fb1e058,1.3171021938323975,-0.505588173866272,-0.8679345846176147,0.8033261309874049,-0.505588173866272,-0.2574740363801704,unreviewed_scene_member
FIT_near,253242,7593,5,1979443,frame:3d854c4e9c848ce08fb1e058,1.3144400119781494,-0.49930891394615173,-0.9516301155090332,0.7642436719286495,-0.49930891394615173,-0.3315320575348175,unreviewed_scene_member
FIT_near,253243,7594,5,1979443,frame:3d854c4e9c848ce08fb1e058,1.3411484956741333,-0.501434862613678,-0.9016667604446411,0.8101515913172856,-0.501434862613678,-0.2983335200966164,unreviewed_scene_member
FIT_near,253246,7597,5,1979443,frame:3d854c4e9c848ce08fb1e058,1.3278534412384033,-0.5017539858818054,-0.9427497386932373,0.7801924832568803,-0.5017539858818054,-0.3294304880910788,unreviewed_scene_member
FIT_near,253247,7598,5,1979443,frame:3d854c4e9c848ce08fb1e058,1.329851508140564,-0.4945673644542694,-0.87629234790802,0.8111213365037752,-0.4945673644542694,-0.2705748758000097,unreviewed_scene_member
FIT_near,253250,7601,5,1979443,frame:3d854c4e9c848ce08fb1e058,1.3218566179275513,-0.48870736360549927,-0.9538123607635498,0.7699530398449214,-0.48870736360549927,-0.33674467263246366,unreviewed_scene_member
FIT_near,253251,7602,5,1979443,frame:3d854c4e9c848ce08fb1e058,1.336961269378662,-0.4866141080856323,-0.8959624767303467,0.8088887306458541,-0.4866141080856323,-0.2913709846627963,unreviewed_scene_member
FIT_near,253254,7605,5,1979443,frame:3d854c4e9c848ce08fb1e058,1.3294708728790283,-0.4891500473022461,-0.9447559714317322,0.7807667466394702,-0.4891500473022461,-0.3319427134950821,unreviewed_scene_member
FIT_near,253255,7606,5,1979443,frame:3d854c4e9c848ce08fb1e058,1.3403462171554565,-0.4851985573768616,-0.880384087562561,0.8187602178792794,-0.4851985573768616,-0.27885308466659353,unreviewed_scene_member
FIT_near,253258,7609,5,1979443,frame:3d854c4e9c848ce08fb1e058,1.2905453443527222,-0.4620821177959442,-0.9315783977508545,0.7515573814373617,-0.4620821177959442,-0.3030349601465929,unreviewed_scene_member
FIT_near,253259,7610,5,1979443,frame:3d854c4e9c848ce08fb1e058,1.3276888132095337,-0.4675530195236206,-0.8864187002182007,0.8047384185007997,-0.4675530195236206,-0.27872831791005725,unreviewed_scene_member
FIT_near,253262,7613,5,1979443,frame:3d854c4e9c848ce08fb1e058,1.3213050365447998,-0.4704955816268921,-0.9354005455970764,0.7775284903110504,-0.4704955816268921,-0.3199544454159724,unreviewed_scene_member
FIT_near,253263,7614,5,1979443,frame:3d854c4e9c848ce08fb1e058,1.3394577503204346,-0.46880897879600525,-0.8764722347259521,0.8196765125916817,-0.46880897879600525,-0.2749476564016984,unreviewed_scene_member
FIT_near,253266,7617,5,1979443,frame:3d854c4e9c848ce08fb1e058,1.2923526763916016,-0.4475172460079193,-0.929449200630188,0.7541151792971188,-0.4475172460079193,-0.3019135326696527,unreviewed_scene_member
FIT_near,253267,7618,5,1979443,frame:3d854c4e9c848ce08fb1e058,1.3499064445495605,-0.4592827260494232,-0.901416003704071,0.8181331081442409,-0.4592827260494232,-0.3019473735231637,unreviewed_scene_member
FIT_near,253270,7621,5,1979443,frame:3d854c4e9c848ce08fb1e058,1.3355515003204346,-0.4624761939048767,-0.9425929188728333,0.7871801982123788,-0.4624761939048767,-0.332664146357998,unreviewed_scene_member
FIT_near,253271,7622,5,1979443,frame:3d854c4e9c848ce08fb1e058,1.31521737575531,-0.44748035073280334,-0.8613758683204651,0.8045072197060075,-0.44748035073280334,-0.2507528513589854,unreviewed_scene_member
FIT_near,253274,7625,5,1979443,frame:3d854c4e9c848ce08fb1e058,1.3205071687698364,-0.44439977407455444,-0.9468724131584167,0.771782435766502,-0.44439977407455444,-0.32991552946854097,unreviewed_scene_member
FIT_near,253275,7626,5,1979443,frame:3d854c4e9c848ce08fb1e058,1.3494164943695068,-0.4460155963897705,-0.8984555006027222,0.8189905429790362,-0.4460155963897705,-0.2990717109393217,unreviewed_scene_member
FIT_near,253278,7629,5,1979443,frame:3d854c4e9c848ce08fb1e058,1.3005319833755493,-0.43515193462371826,-0.9180729389190674,0.7664537166096208,-0.43515193462371826,-0.29527418855704934,unreviewed_scene_member
FIT_near,253279,7630,5,1979443,frame:3d854c4e9c848ce08fb1e058,1.3237147331237793,-0.4352152943611145,-0.8639600872993469,0.8110117468807375,-0.4352152943611145,-0.25680052828583033,unreviewed_scene_member
FIT_near,253282,7633,5,1979443,frame:3d854c4e9c848ce08fb1e058,1.3016899824142456,-0.4254578649997711,-0.9696292281150818,0.744893729632175,-0.4254578649997711,-0.3421203077022792,unreviewed_scene_member
FIT_near,253283,7634,5,1979443,frame:3d854c4e9c848ce08fb1e058,1.3040629625320435,-0.42120087146759033,-0.9001830816268921,0.777469736910148,-0.42120087146759033,-0.2807427707158212,unreviewed_scene_member
FIT_near,253286,7637,5,1979443,frame:3d854c4e9c848ce08fb1e058,1.335502028465271,-0.4365093410015106,-0.9765204191207886,0.7722628960121157,-0.4365093410015106,-0.36313629455279184,unreviewed_scene_member
FIT_near,253287,7638,5,1979443,frame:3d854c4e9c848ce08fb1e058,1.3185837268829346,-0.42309707403182983,-0.8924435377120972,0.7939137061979953,-0.42309707403182983,-0.2801519988448866,unreviewed_scene_member
FIT_near,253290,7641,5,1979443,frame:3d854c4e9c848ce08fb1e058,1.2847628593444824,-0.40755075216293335,-0.9543344378471375,0.7363845269457557,-0.40755075216293335,-0.3209530789181245,unreviewed_scene_member
FIT_near,253291,7642,5,1979443,frame:3d854c4e9c848ce08fb1e058,1.3287721872329712,-0.41361203789711,-0.9141479730606079,0.7935564354874273,-0.41361203789711,-0.30412614316207387,unreviewed_scene_member
FIT_near,253294,7645,5,1979443,frame:3d854c4e9c848ce08fb1e058,1.315079689025879,-0.4146430194377899,-0.9583600163459778,0.7618684155030347,-0.4146430194377899,-0.3378612683002349,unreviewed_scene_member
FIT_near,253295,7646,5,1979443,frame:3d854c4e9c848ce08fb1e058,1.3289698362350464,-0.4113849103450775,-0.8965582847595215,0.801444893065959,-0.4113849103450775,-0.2884032796605007,unreviewed_scene_member
FIT_near,253298,7649,5,1979443,frame:3d854c4e9c848ce08fb1e058,1.3130966424942017,-0.4014539122581482,-0.9722049236297607,0.7540168572036485,-0.4014539122581482,-0.34943567815623555,unreviewed_scene_member
FIT_near,253299,7650,5,1979443,frame:3d854c4e9c848ce08fb1e058,1.3361482620239258,-0.4008636772632599,-0.9198232293128967,0.7976981390029567,-0.4008636772632599,-0.31246048805776594,unreviewed_scene_member
FIT_near,253302,7653,5,1979443,frame:3d854c4e9c848ce08fb1e058,1.2755357027053833,-0.3875373601913452,-0.926534116268158,0.7402780723459461,-0.3875373601913452,-0.29192139616025115,unreviewed_scene_member
FIT_near,253303,7654,5,1979443,frame:3d854c4e9c848ce08fb1e058,1.313266396522522,-0.39399880170822144,-0.887001633644104,0.7915200950548529,-0.39399880170822144,-0.27292988366009263,unreviewed_scene_member
FIT_near,253306,7657,5,1979443,frame:3d854c4e9c848ce08fb1e058,1.2836557626724243,-0.3778004050254822,-0.9509364366531372,0.7368790607284368,-0.3778004050254822,-0.3174136564379031,unreviewed_scene_member
FIT_near,253307,7658,5,1979443,frame:3d854c4e9c848ce08fb1e058,1.3309322595596313,-0.3866715729236603,-0.9138746857643127,0.7956176968996849,-0.3866715729236603,-0.3048274275502201,unreviewed_scene_member
FIT_near,253310,7661,5,1979443,frame:3d854c4e9c848ce08fb1e058,1.2894717454910278,-0.37951216101646423,-0.9376992583274841,0.747909228502044,-0.37951216101646423,-0.30806571842690245,unreviewed_scene_member
FIT_near,253311,7662,5,1979443,frame:3d854c4e9c848ce08fb1e058,1.300823450088501,-0.37546342611312866,-0.8758937120437622,0.7852058412119205,-0.37546342611312866,-0.25749152116123075,unreviewed_scene_member
FIT_near,253314,7665,5,1979443,frame:3d854c4e9c848ce08fb1e058,1.238698959350586,-0.3528526723384857,-0.9153162837028503,0.7120870008597455,-0.3528526723384857,-0.26569070960975427,unreviewed_scene_member
FIT_near,253315,7666,5,1979443,frame:3d854c4e9c848ce08fb1e058,1.3336076736450195,-0.37234994769096375,-0.9129841923713684,0.7984127097608896,-0.37234994769096375,-0.3051998817311201,unreviewed_scene_member
FIT_near,253318,7669,5,1979443,frame:3d854c4e9c848ce08fb1e058,1.2859550714492798,-0.36388859152793884,-0.9323195815086365,0.747106757906979,-0.36388859152793884,-0.30168888849854403,unreviewed_scene_member
FIT_near,253319,7670,5,1979443,frame:3d854c4e9c848ce08fb1e058,1.276125192642212,-0.35390084981918335,-0.8567209243774414,0.7714119913816602,-0.35390084981918335,-0.22943213031536192,unreviewed_scene_member
FIT_near,253322,7673,5,1979443,frame:3d854c4e9c848ce08fb1e058,1.066634178161621,-0.29179808497428894,-0.7858707308769226,0.614181395388383,-0.29179808497428894,-0.07391758195808795,unreviewed_scene_member
FIT_near,253323,7674,5,1979443,frame:3d854c4e9c848ce08fb1e058,1.2833045721054077,-0.3438604176044464,-0.8793643712997437,0.7679385411047158,-0.3438604176044464,-0.25293115840533353,unreviewed_scene_member
FIT_near,253326,7677,5,1979443,frame:3d854c4e9c848ce08fb1e058,1.270921230316162,-0.34530165791511536,-0.9187479615211487,0.7395438376212258,-0.34530165791511536,-0.2829003950769857,unreviewed_scene_member
FIT_near,253327,7678,5,1979443,frame:3d854c4e9c848ce08fb1e058,1.2252933979034424,-0.3283163905143738,-0.8237847089767456,0.7401629634238479,-0.3283163905143738,-0.17754606385260807,unreviewed_scene_member
FIT_near,253330,7681,5,1979443,frame:3d854c4e9c848ce08fb1e058,1.1332371234893799,-0.29729920625686646,-0.8326026201248169,0.653557814233742,-0.29729920625686646,-0.14511673530926728,unreviewed_scene_member
FIT_near,253331,7682,5,1979443,frame:3d854c4e9c848ce08fb1e058,1.3012220859527588,-0.33651894330978394,-0.8895958662033081,0.7795575037209558,-0.33651894330978394,-0.2699816862022699,unreviewed_scene_member
FIT_near,253334,7685,5,1979443,frame:3d854c4e9c848ce08fb1e058,1.233262538909912,-0.3212408125400543,-0.8923546075820923,0.717266514827745,-0.3212408125400543,-0.24266972195636138,unreviewed_scene_member
FIT_near,253335,7686,5,1979443,frame:3d854c4e9c848ce08fb1e058,1.163156270980835,-0.29864776134490967,-0.7798633575439453,0.7035683368877954,-0.29864776134490967,-0.11083069109215216,unreviewed_scene_member
FIT_near,253338,7689,5,1979443,frame:3d854c4e9c848ce08fb1e058,1.250840425491333,-0.31418943405151367,-0.9199315309524536,0.7209764871108683,-0.31418943405151367,-0.27516133479571625,unreviewed_scene_member
FIT_near,253339,7690,5,1979443,frame:3d854c4e9c848ce08fb1e058,1.2854403257369995,-0.31811434030532837,-0.8764808177947998,0.7711222104099422,-0.31811434030532837,-0.25127569045164466,unreviewed_scene_member
FIT_near,253342,7693,5,1979443,frame:3d854c4e9c848ce08fb1e058,1.1891283988952637,-0.2986884117126465,-0.8585015535354614,0.6924392146687793,-0.2986884117126465,-0.19289566495943444,unreviewed_scene_member
FIT_near,253343,7694,5,1979443,frame:3d854c4e9c848ce08fb1e058,1.172264814376831,-0.29010623693466187,-0.784243106842041,0.7098350857401196,-0.29010623693466187,-0.11876010629964417,unreviewed_scene_member
FIT_near,253346,7697,5,1979443,frame:3d854c4e9c848ce08fb1e058,1.232215404510498,-0.29810428619384766,-0.9042859673500061,0.711094992799663,-0.29810428619384766,-0.25293452357250223,unreviewed_scene_member
FIT_near,253347,7698,5,1979443,frame:3d854c4e9c848ce08fb1e058,1.2172584533691406,-0.28774771094322205,-0.8278906941413879,0.7311412576887503,-0.28774771094322205,-0.1777142110228931,unreviewed_scene_member
FIT_near,253350,7701,5,1979443,frame:3d854c4e9c848ce08fb1e058,1.1967164278030396,-0.28730618953704834,-0.8617603778839111,0.69783071530742,-0.28730618953704834,-0.19915104981592613,unreviewed_scene_member
FIT_near,253351,7702,5,1979443,frame:3d854c4e9c848ce08fb1e058,1.1945117712020874,-0.2823706269264221,-0.7971042990684509,0.7241925424975684,-0.2823706269264221,-0.14007209327710535,unreviewed_scene_member
FIT_near,253354,7705,5,1979443,frame:3d854c4e9c848ce08fb1e058,1.2501473426818848,-0.2886192500591278,-0.9151774048805237,0.7224376201062757,-0.2886192500591278,-0.2705845270809124,unreviewed_scene_member
FIT_near,253355,7706,5,1979443,frame:3d854c4e9c848ce08fb1e058,1.1684492826461792,-0.2654651701450348,-0.7957979440689087,0.701340401291041,-0.2654651701450348,-0.12747290618473284,unreviewed_scene_member
FIT_near,253358,7709,5,1979443,frame:3d854c4e9c848ce08fb1e058,1.2614951133728027,-0.28892093896865845,-0.9061793088912964,0.7365814344997568,-0.28892093896865845,-0.2674716272290436,unreviewed_scene_member
FIT_near,253359,7710,5,1979443,frame:3d854c4e9c848ce08fb1e058,1.2247711420059204,-0.2760140895843506,-0.8181295394897461,0.7421726260658132,-0.2760140895843506,-0.17223428927016626,unreviewed_scene_member
FIT_near,253362,7713,5,1979443,frame:3d854c4e9c848ce08fb1e058,1.2431535720825195,-0.27332502603530884,-0.9109323620796204,0.7180125650111847,-0.27332502603530884,-0.263703240647152,unreviewed_scene_member
FIT_near,253363,7714,5,1979443,frame:3d854c4e9c848ce08fb1e058,1.166628122329712,-0.25223392248153687,-0.7927150130271912,0.7010550212574731,-0.25223392248153687,-0.12390364198286985,unreviewed_scene_member
FIT_near,253366,7717,5,1979443,frame:3d854c4e9c848ce08fb1e058,1.2928805351257324,-0.2842582166194916,-0.9300095438957214,0.7543439772647351,-0.2842582166194916,-0.30264856389922157,unreviewed_scene_member
FIT_near,253367,7718,5,1979443,frame:3d854c4e9c848ce08fb1e058,1.21006441116333,-0.26162517070770264,-0.8067497611045837,0.7339428704448779,-0.26162517070770264,-0.15555920574439375,unreviewed_scene_member
FIT_near,253370,7721,5,1979443,frame:3d854c4e9c848ce08fb1e058,1.2344388961791992,-0.25788772106170654,-0.9025182723999023,0.7138683603359377,-0.25788772106170654,-0.25232044446836044,unreviewed_scene_member
FIT_near,253371,7722,5,1979443,frame:3d854c4e9c848ce08fb1e058,1.153320550918579,-0.23674269020557404,-0.7819451689720154,0.6938154441916529,-0.23674269020557404,-0.10839011492603157,unreviewed_scene_member
FIT_near,253374,7725,5,1979443,frame:3d854c4e9c848ce08fb1e058,1.2937567234039307,-0.2702798545360565,-0.9285528063774109,0.7557700817690893,-0.2702798545360565,-0.3017233525510603,unreviewed_scene_member
FIT_near,253375,7726,5,1979443,frame:3d854c4e9c848ce08fb1e058,1.1184226274490356,-0.22957918047904968,-0.7440085411071777,0.6790797214114426,-0.22957918047904968,-0.05899465693254724,unreviewed_scene_member
FIT_near,253378,7729,5,1979443,frame:3d854c4e9c848ce08fb1e058,1.2457361221313477,-0.24892263114452362,-0.9091549515724182,0.7211129111016981,-0.24892263114452362,-0.263237830091994,unreviewed_scene_member
FIT_near,253379,7730,5,1979443,frame:3d854c4e9c848ce08fb1e058,1.1503554582595825,-0.22569075226783752,-0.7785698771476746,0.6926300671108055,-0.22569075226783752,-0.10405661166053148,unreviewed_scene_member
FIT_near,253382,7733,5,1979443,frame:3d854c4e9c848ce08fb1e058,1.2840160131454468,-0.2542420029640198,-0.9196003675460815,0.7509396802590876,-0.2542420029640198,-0.2894069075030523,unreviewed_scene_member
FIT_near,253383,7734,5,1979443,frame:3d854c4e9c848ce08fb1e058,1.101994514465332,-0.2142060399055481,-0.7315476536750793,0.6697767247833784,-0.2142060399055481,-0.04059327476872632,unreviewed_scene_member
FIT_near,253386,7737,5,1979443,frame:3d854c4e9c848ce08fb1e058,1.2276171445846558,-0.23196068406105042,-0.8941096067428589,0.7114231270244743,-0.23196068406105042,-0.2417723267688794,unreviewed_scene_member
FIT_near,253387,7738,5,1979443,frame:3d854c4e9c848ce08fb1e058,1.121986746788025,-0.20794793963432312,-0.7578542232513428,0.6762135830940111,-0.20794793963432312,-0.07300148069259915,unreviewed_scene_member
FIT_near,253390,7741,5,1979443,frame:3d854c4e9c848ce08fb1e058,1.2776795625686646,-0.23911121487617493,-0.9132187962532043,0.7480420129319818,-0.23911121487617493,-0.28089347211306426,unreviewed_scene_member
FIT_near,253394,7745,5,1979443,frame:3d854c4e9c848ce08fb1e058,1.2082197666168213,-0.215216726064682,-0.8782923221588135,0.7009227203753672,-0.215216726064682,-0.21905259473165883,unreviewed_scene_member
FIT_near,253398,7749,5,1979443,frame:3d854c4e9c848ce08fb1e058,1.2636326551437378,-0.2250872701406479,-0.901740550994873,0.740448467706563,-0.2250872701406479,-0.26441913469620926,unreviewed_scene_member
FIT_near,253406,7757,5,1979443,frame:3d854c4e9c848ce08fb1e058,1.2351384162902832,-0.20646966993808746,-0.8833838701248169,0.7228850547154994,-0.20646966993808746,-0.2354292070573183,unreviewed_scene_member
FIT_near,253410,7761,5,1979443,frame:3d854c4e9c848ce08fb1e058,1.3076030015945435,-0.4248659610748291,-0.937889814376831,0.7641219592659295,-0.4248659610748291,-0.3161852086003665,unreviewed_scene_member
FIT_near,253411,7762,5,1979443,frame:3d854c4e9c848ce08fb1e058,1.3254493474960327,-0.4230048656463623,-0.8795509338378906,0.80573623067463,-0.4230048656463623,-0.2715738932230387,unreviewed_scene_member
FIT_near,253414,7765,5,1979443,frame:3d854c4e9c848ce08fb1e058,1.322826623916626,-0.4272613525390625,-0.9306015372276306,0.7809998307841362,-0.4272613525390625,-0.31630814526650197,unreviewed_scene_member
FIT_near,253415,7766,5,1979443,frame:3d854c4e9c848ce08fb1e058,1.3460556268692017,-0.4295811951160431,-0.8760613799095154,0.8257867516489757,-0.4295811951160431,-0.27747070124784745,unreviewed_scene_member
FIT_near,253418,7769,5,1979443,frame:3d854c4e9c848ce08fb1e058,1.3088288307189941,-0.410162091255188,-0.9356368780136108,0.7662113494819535,-0.410162091255188,-0.3146976509294661,unreviewed_scene_member
FIT_near,253419,7770,5,1979443,frame:3d854c4e9c848ce08fb1e058,1.2938414812088013,-0.40051084756851196,-0.8595366477966309,0.7861009541635178,-0.40051084756851196,-0.23972919549633653,unreviewed_scene_member
FIT_near,253422,7773,5,1979443,frame:3d854c4e9c848ce08fb1e058,1.3174521923065186,-0.41286447644233704,-0.9242507815361023,0.778953311706202,-0.41286447644233704,-0.30824412811319335,unreviewed_scene_member
FIT_near,253423,7774,5,1979443,frame:3d854c4e9c848ce08fb1e058,1.3129518032073975,-0.40391671657562256,-0.8550392389297485,0.8052487320812706,-0.40391671657562256,-0.24406436495304273,unreviewed_scene_member
FIT_near,253426,7777,5,1979443,frame:3d854c4e9c848ce08fb1e058,1.3236510753631592,-0.40215593576431274,-0.9436880350112915,0.7760040997948666,-0.40215593576431274,-0.3284316272874521,unreviewed_scene_member
FIT_near,253427,7778,5,1979443,frame:3d854c4e9c848ce08fb1e058,1.2790135145187378,-0.3812904953956604,-0.8469868898391724,0.7782751177715029,-0.3812904953956604,-0.22194939499920374,unreviewed_scene_member
FIT_near,253430,7781,5,1979443,frame:3d854c4e9c848ce08fb1e058,1.3104991912841797,-0.39541348814964294,-0.9198314547538757,0.7746413011329721,-0.39541348814964294,-0.30122406848088934,unreviewed_scene_member
FIT_near,253431,7782,5,1979443,frame:3d854c4e9c848ce08fb1e058,1.3113024234771729,-0.3884254992008209,-0.8512693643569946,0.8054188836393673,-0.3884254992008209,-0.23995298364792772,unreviewed_scene_member
FIT_near,253434,7785,5,1979443,frame:3d854c4e9c848ce08fb1e058,1.2905361652374268,-0.37713468074798584,-0.9206069707870483,0.7563586883232202,-0.37713468074798584,-0.2931698830528193,unreviewed_scene_member
FIT_near,253435,7786,5,1979443,frame:3d854c4e9c848ce08fb1e058,1.243510127067566,-0.3565707802772522,-0.8209580183029175,0.7577751907719106,-0.3565707802772522,-0.18299113955866497,unreviewed_scene_member
FIT_near,253438,7789,5,1979443,frame:3d854c4e9c848ce08fb1e058,1.3210744857788086,-0.38380759954452515,-0.9244309067726135,0.7821300458065494,-0.38380759954452515,-0.3099939325468124,unreviewed_scene_member
FIT_near,253439,7790,5,1979443,frame:3d854c4e9c848ce08fb1e058,1.3020755052566528,-0.3733641505241394,-0.8431321978569031,0.8006928834873334,-0.3733641505241394,-0.228594532122242,unreviewed_scene_member
FIT_near,253442,7793,5,1979443,frame:3d854c4e9c848ce08fb1e058,1.293526291847229,-0.36359384655952454,-0.920020341873169,0.7593033575075081,-0.36359384655952454,-0.29395340970862094,unreviewed_scene_member
FIT_near,253443,7794,5,1979443,frame:3d854c4e9c848ce08fb1e058,1.2433663606643677,-0.34481602907180786,-0.8188453912734985,0.7585720891182821,-0.34481602907180786,-0.18102929991953287,unreviewed_scene_member
FIT_near,253446,7797,5,1979443,frame:3d854c4e9c848ce08fb1e058,1.3327112197875977,-0.37460821866989136,-0.9302508234977722,0.7900377894829914,-0.37460821866989136,-0.3203260474816543,unreviewed_scene_member
FIT_near,253447,7798,5,1979443,frame:3d854c4e9c848ce08fb1e058,1.2467272281646729,-0.3434058725833893,-0.8080544471740723,0.7663232553577592,-0.3434058725833893,-0.1728037709493362,unreviewed_scene_member
FIT_near,253450,7801,5,1979443,frame:3d854c4e9c848ce08fb1e058,1.2581356763839722,-0.3418278992176056,-0.8926929831504822,0.7394740086162502,-0.3418278992176056,-0.25387751770138944,unreviewed_scene_member
FIT_near,253451,7802,5,1979443,frame:3d854c4e9c848ce08fb1e058,1.2360469102859497,-0.32888665795326233,-0.8148471117019653,0.7537461410969342,-0.32888665795326233,-0.17422703418894625,unreviewed_scene_member
FIT_near,253454,7805,5,1979443,frame:3d854c4e9c848ce08fb1e058,1.2922396659851074,-0.3486730456352234,-0.8994030356407166,0.7671849780196405,-0.3486730456352234,-0.27485867796149943,unreviewed_scene_member
FIT_near,253455,7806,5,1979443,frame:3d854c4e9c848ce08fb1e058,1.222732424736023,-0.32534393668174744,-0.7906321883201599,0.7523942844874155,-0.32534393668174744,-0.14662611892236121,unreviewed_scene_member
FIT_near,253458,7809,5,1979443,frame:3d854c4e9c848ce08fb1e058,1.2422239780426025,-0.32357507944107056,-0.8822453022003174,0.7297526307599291,-0.32357507944107056,-0.23751197481648,unreviewed_scene_member
FIT_near,253459,7810,5,1979443,frame:3d854c4e9c848ce08fb1e058,1.269341230392456,-0.32591143250465393,-0.8348891735076904,0.7748850161664474,-0.32591143250465393,-0.20683598930214386,unreviewed_scene_member
FIT_near,253462,7813,5,1979443,frame:3d854c4e9c848ce08fb1e058,1.2995833158493042,-0.33609509468078613,-0.9054198265075684,0.7711478192833944,-0.33609509468078613,-0.2834857779830384,unreviewed_scene_member
FIT_near,253463,7814,5,1979443,frame:3d854c4e9c848ce08fb1e058,1.0919049978256226,-0.27832308411598206,-0.7041144371032715,0.6727342579062677,-0.27832308411598206,-0.011513510063252852,unreviewed_scene_member
FIT_near,253466,7817,5,1979443,frame:3d854c4e9c848ce08fb1e058,1.2059227228164673,-0.300670325756073,-0.854180634021759,0.7094280194631818,-0.300670325756073,-0.19637419526286615,unreviewed_scene_member
FIT_near,253467,7818,5,1979443,frame:3d854c4e9c848ce08fb1e058,1.255019187927246,-0.30826225876808167,-0.8233006596565247,0.7670925197743896,-0.30826225876808167,-0.19014193186742467,unreviewed_scene_member
FIT_near,253470,7821,5,1979443,frame:3d854c4e9c848ce08fb1e058,1.2968850135803223,-0.3233497440814972,-0.9015395045280457,0.770423622464992,-0.3233497440814972,-0.2788153098300823,unreviewed_scene_member
FIT_near,253471,7822,5,1979443,frame:3d854c4e9c848ce08fb1e058,1.1704473495483398,-0.2853243052959442,-0.7527943253517151,0.7219877975799468,-0.2853243052959442,-0.08969740459166142,unreviewed_scene_member
FIT_near,253474,7825,5,1979443,frame:3d854c4e9c848ce08fb1e058,1.191543698310852,-0.283865749835968,-0.8418437838554382,0.7019123570011201,-0.283865749835968,-0.17898255832105736,unreviewed_scene_member
FIT_near,253475,7826,5,1979443,frame:3d854c4e9c848ce08fb1e058,1.164335012435913,-0.2730922996997833,-0.7618933320045471,0.7125053233932808,-0.2730922996997833,-0.09519606536892744,unreviewed_scene_member
FIT_near,253478,7829,5,1979443,frame:3d854c4e9c848ce08fb1e058,1.2726836204528809,-0.3031960129737854,-0.8824601769447327,0.7570353811225636,-0.3031960129737854,-0.25105773133163933,unreviewed_scene_member
FIT_near,253479,7830,5,1979443,frame:3d854c4e9c848ce08fb1e058,1.1629984378814697,-0.27277877926826477,-0.7490555644035339,0.7169317250467798,-0.27277877926826477,-0.083071640561164,unreviewed_scene_member
FIT_near,253482,7833,5,1979443,frame:3d854c4e9c848ce08fb1e058,1.1724836826324463,-0.2685346305370331,-0.8266904354095459,0.6914241191229205,-0.2685346305370331,-0.15700745802563199,unreviewed_scene_member
FIT_near,253483,7834,5,1979443,frame:3d854c4e9c848ce08fb1e058,1.0864263772964478,-0.2448367476463318,-0.7119497060775757,0.6643753505470463,-0.2448367476463318,-0.016154134004313425,unreviewed_scene_member
FIT_near,253486,7837,5,1979443,frame:3d854c4e9c848ce08fb1e058,1.22359299659729,-0.2779935300350189,-0.8463564515113831,0.728739852193622,-0.2779935300350189,-0.19708800478675848,unreviewed_scene_member
FIT_near,253487,7838,5,1979443,frame:3d854c4e9c848ce08fb1e058,1.131727695465088,-0.2529711127281189,-0.7271687984466553,0.6984202946316019,-0.2529711127281189,-0.049691754412362954,unreviewed_scene_member
FIT_near,253490,7841,5,1979443,frame:3d854c4e9c848ce08fb1e058,1.1985386610031128,-0.2613236606121063,-0.8459254503250122,0.7064101030119312,-0.2613236606121063,-0.18571752566004252,unreviewed_scene_member
FIT_near,253491,7842,5,1979443,frame:3d854c4e9c848ce08fb1e058,1.1185401678085327,-0.23979423940181732,-0.7313085198402405,0.6847526888737915,-0.23979423940181732,-0.04763147973213799,unreviewed_scene_member
FIT_near,253494,7845,5,1979443,frame:3d854c4e9c848ce08fb1e058,1.1893976926803589,-0.2593306303024292,-0.8238920569419861,0.7078530590310027,-0.2593306303024292,-0.16190690610120284,unreviewed_scene_member
FIT_near,253495,7846,5,1979443,frame:3d854c4e9c848ce08fb1e058,1.085976243019104,-0.23281311988830566,-0.6964401006698608,0.6707697360473606,-0.23281311988830566,-0.002016867124041921,unreviewed_scene_member
FIT_near,253498,7849,5,1979443,frame:3d854c4e9c848ce08fb1e058,1.2095359563827515,-0.25048285722732544,-0.8517892360687256,0.7137238921435465,-0.25048285722732544,-0.1958087583624164,unreviewed_scene_member
FIT_near,253499,7850,5,1979443,frame:3d854c4e9c848ce08fb1e058,1.068030595779419,-0.21923518180847168,-0.6970075964927673,0.6543915213566611,-0.21923518180847168,0.005339924969363086,unreviewed_scene_member
FIT_near,253502,7853,5,1979443,frame:3d854c4e9c848ce08fb1e058,1.1674304008483887,-0.2417631894350052,-0.8068773150444031,0.6955677598370751,-0.2417631894350052,-0.13698433047210723,unreviewed_scene_member
FIT_near,253503,7854,5,1979443,frame:3d854c4e9c848ce08fb1e058,1.0915868282318115,-0.2220858782529831,-0.6985084414482117,0.67490579571384,-0.2220858782529831,-0.006335398175193685,unreviewed_scene_member
FIT_near,253506,7857,5,1979443,frame:3d854c4e9c848ce08fb1e058,1.1994296312332153,-0.23749347031116486,-0.8431804776191711,0.7084142185831414,-0.23749347031116486,-0.18364093617630384,unreviewed_scene_member
FIT_near,253507,7858,5,1979443,frame:3d854c4e9c848ce08fb1e058,1.0315420627593994,-0.20051148533821106,-0.6717877388000488,0.6326515030586913,-0.20051148533821106,0.04400290297672793,unreviewed_scene_member
FIT_near,253510,7861,5,1979443,frame:3d854c4e9c848ce08fb1e058,1.1643118858337402,-0.2284289002418518,-0.8030245304107666,0.694453806726793,-0.2284289002418518,-0.1321544035784714,unreviewed_scene_member
FIT_near,253511,7862,5,1979443,frame:3d854c4e9c848ce08fb1e058,1.0789341926574707,-0.2077699899673462,-0.6889819502830505,0.6677098210465772,-0.2077699899673462,0.007773505732802777,unreviewed_scene_member
FIT_near,253514,7865,5,1979443,frame:3d854c4e9c848ce08fb1e058,1.2093920707702637,-0.22633156180381775,-0.8484710454940796,0.7150491676191667,-0.22633156180381775,-0.19276331312848582,unreviewed_scene_member
FIT_near,253518,7869,5,1979443,frame:3d854c4e9c848ce08fb1e058,1.1778687238693237,-0.2204321175813675,-0.8110169768333435,0.7031349541359024,-0.2204321175813675,-0.14528089347494122,unreviewed_scene_member
FIT_near,253522,7873,5,1979443,frame:3d854c4e9c848ce08fb1e058,1.2497283220291138,-0.22036083042621613,-0.8787024617195129,0.7380505695008475,-0.22036083042621613,-0.23761737876461186,unreviewed_scene_member
FIT_near,253527,7878,5,1979443,frame:3d854c4e9c848ce08fb1e058,1.2951914072036743,-0.2244168519973755,-0.8277783989906311,0.801236159559753,-0.2244168519973755,-0.21177683915506917,unreviewed_scene_member
FIT_near,253530,7881,5,1979443,frame:3d854c4e9c848ce08fb1e058,1.2102339267730713,-0.20143815875053406,-0.8495345115661621,0.7153396299407412,-0.20143815875053406,-0.19408819548389689,unreviewed_scene_member
FIT_near,253535,7886,5,1979443,frame:3d854c4e9c848ce08fb1e058,1.3382426500320435,-0.2184261977672577,-0.8538879156112671,0.8284847015565744,-0.2184261977672577,-0.2541163399348132,unreviewed_scene_member
FIT_near,254866,9217,5,1979443,frame:3d854c4e9c848ce08fb1e058,1.2618414163589478,-0.7854271531105042,-0.8685337901115417,0.7533953988008701,-0.7854271531105042,-0.2337878683171295,unreviewed_scene_member
FIT_near,254870,9221,5,1979443,frame:3d854c4e9c848ce08fb1e058,1.2825387716293335,-0.7952077388763428,-0.864246666431427,0.7738774098161102,-0.7952077388763428,-0.23900775044307432,unreviewed_scene_member
FIT_near,254874,9225,5,1979443,frame:3d854c4e9c848ce08fb1e058,1.2663109302520752,-0.7729595303535461,-0.8669341802597046,0.7581137940830296,-0.7729595303535461,-0.23430945443681694,unreviewed_scene_member
FIT_near,254878,9229,5,1979443,frame:3d854c4e9c848ce08fb1e058,1.3031988143920898,-0.7923572659492493,-0.8770142793655396,0.7868495801238757,-0.7923572659492493,-0.25953997157232767,unreviewed_scene_member
FIT_near,254882,9233,5,1979443,frame:3d854c4e9c848ce08fb1e058,1.2726746797561646,-0.7586663961410522,-0.8692766427993774,0.7628066262596174,-0.7586663961410522,-0.23920452998913988,unreviewed_scene_member
FIT_near,254886,9237,5,1979443,frame:3d854c4e9c848ce08fb1e058,1.2765737771987915,-0.7579740285873413,-0.8537076711654663,0.7731360997764752,-0.7579740285873413,-0.22692048279494648,unreviewed_scene_member
FIT_near,254890,9241,5,1979443,frame:3d854c4e9c848ce08fb1e058,1.2755064964294434,-0.7453457713127136,-0.8667351007461548,0.766465984930255,-0.7453457713127136,-0.2381615938458459,unreviewed_scene_member
FIT_near,254891,9242,5,1979443,frame:3d854c4e9c848ce08fb1e058,1.3564422130584717,-0.7799888849258423,-0.8495683073997498,0.8467359520553368,-0.7799888849258423,-0.25821206510691175,unreviewed_scene_member
FIT_near,254894,9245,5,1979443,frame:3d854c4e9c848ce08fb1e058,1.2955293655395508,-0.7540160417556763,-0.8654356598854065,0.7850320578565578,-0.7540160417556763,-0.24577111223049286,unreviewed_scene_member
FIT_near,254895,9246,5,1979443,frame:3d854c4e9c848ce08fb1e058,1.3938227891921997,-0.7982499003410339,-0.8576419949531555,0.8767941196599611,-0.7982499003410339,-0.2818552134389716,unreviewed_scene_member
FIT_near,254898,9249,5,1979443,frame:3d854c4e9c848ce08fb1e058,1.2708971500396729,-0.7249069213867188,-0.8618333339691162,0.7644719249611417,-0.7249069213867188,-0.23173531058746466,unreviewed_scene_member
FIT_near,254899,9250,5,1979443,frame:3d854c4e9c848ce08fb1e058,1.3440862894058228,-0.7542660236358643,-0.8403226733207703,0.8396835406538034,-0.7542660236358643,-0.24448566382121428,unreviewed_scene_member
FIT_near,254902,9253,5,1979443,frame:3d854c4e9c848ce08fb1e058,1.2853009700775146,-0.7301526069641113,-0.853448212146759,0.7810937881243515,-0.7301526069641113,-0.23051303212416907,unreviewed_scene_member
FIT_near,254903,9254,5,1979443,frame:3d854c4e9c848ce08fb1e058,1.3799786567687988,-0.7712439894676208,-0.8441073894500732,0.8702842763973551,-0.7712439894676208,-0.26362152238704706,unreviewed_scene_member
FIT_near,254906,9257,5,1979443,frame:3d854c4e9c848ce08fb1e058,1.254154920578003,-0.700923502445221,-0.8462997674942017,0.7562335761485509,-0.700923502445221,-0.21043452319310108,unreviewed_scene_member
FIT_near,254907,9258,5,1979443,frame:3d854c4e9c848ce08fb1e058,1.3447232246398926,-0.739267885684967,-0.8366556763648987,0.8418635199108809,-0.739267885684967,-0.2414690028184694,unreviewed_scene_member
FIT_near,254910,9261,5,1979443,frame:3d854c4e9c848ce08fb1e058,1.3001381158828735,-0.7236475348472595,-0.8625402450561523,0.7904436415451458,-0.7236475348472595,-0.24518907379365995,unreviewed_scene_member
FIT_near,254911,9262,5,1979443,frame:3d854c4e9c848ce08fb1e058,1.3737733364105225,-0.7521188855171204,-0.8397811055183411,0.8666034894524459,-0.7521188855171204,-0.25701285074495517,unreviewed_scene_member
FIT_near,254914,9265,5,1979443,frame:3d854c4e9c848ce08fb1e058,1.269364595413208,-0.692080020904541,-0.8550281524658203,0.7660776692069544,-0.692080020904541,-0.22494702623919705,unreviewed_scene_member
FIT_near,254915,9266,5,1979443,frame:3d854c4e9c848ce08fb1e058,1.3481545448303223,-0.7259064316749573,-0.838287353515625,0.8442322898852319,-0.7259064316749573,-0.24443973629390392,unreviewed_scene_member
FIT_near,254918,9269,5,1979443,frame:3d854c4e9c848ce08fb1e058,1.2932229042053223,-0.7021627426147461,-0.8530274033546448,0.7883984457863772,-0.7021627426147461,-0.23360755903558106,unreviewed_scene_member
FIT_near,254919,9270,5,1979443,frame:3d854c4e9c848ce08fb1e058,1.390682578086853,-0.7456775307655334,-0.846107542514801,0.8790280877573385,-0.7456775307655334,-0.270111538316647,unreviewed_scene_member
FIT_near,254922,9273,5,1979443,frame:3d854c4e9c848ce08fb1e058,1.2685158252716064,-0.6773243546485901,-0.8504425287246704,0.7673250047951576,-0.6773243546485901,-0.22045341858174905,unreviewed_scene_member
FIT_near,254923,9274,5,1979443,frame:3d854c4e9c848ce08fb1e058,1.351814866065979,-0.7097187042236328,-0.8358960151672363,0.8485704585535265,-0.7097187042236328,-0.24389499484137644,unreviewed_scene_member
FIT_near,254926,9277,5,1979443,frame:3d854c4e9c848ce08fb1e058,1.3006843328475952,-0.6915861368179321,-0.8539355993270874,0.7947066065169893,-0.6915861368179321,-0.23769471519908336,unreviewed_scene_member
FIT_near,254927,9278,5,1979443,frame:3d854c4e9c848ce08fb1e058,1.3905749320983887,-0.7269749641418457,-0.8413639664649963,0.8810107830566329,-0.7269749641418457,-0.2658008515095047,unreviewed_scene_member
FIT_near,254930,9281,5,1979443,frame:3d854c4e9c848ce08fb1e058,1.2746306657791138,-0.663530707359314,-0.8532256484031677,0.7716009476722602,-0.663530707359314,-0.22563543962462873,unreviewed_scene_member
FIT_near,254931,9282,5,1979443,frame:3d854c4e9c848ce08fb1e058,1.3720970153808594,-0.7051620483398438,-0.8481030464172363,0.861448723315939,-0.7051620483398438,-0.2637577109063758,unreviewed_scene_member
FIT_near,254934,9285,5,1979443,frame:3d854c4e9c848ce08fb1e058,1.310315489768982,-0.6792030334472656,-0.8589869737625122,0.8011486562127865,-0.6792030334472656,-0.24645688177180491,unreviewed_scene_member
FIT_near,254935,9286,5,1979443,frame:3d854c4e9c848ce08fb1e058,1.3767130374908447,-0.7044996619224548,-0.8327038288116455,0.8723481491873966,-0.7044996619224548,-0.25194051671076334,unreviewed_scene_member
FIT_near,254938,9289,5,1979443,frame:3d854c4e9c848ce08fb1e058,1.292388677597046,-0.6585049033164978,-0.861233115196228,0.7840515005673785,-0.6585049033164978,-0.24061710310949058,unreviewed_scene_member
FIT_near,254939,9290,5,1979443,frame:3d854c4e9c848ce08fb1e058,1.3730359077453613,-0.6875651478767395,-0.8441864848136902,0.8640095017848858,-0.6875651478767395,-0.2606491119776828,unreviewed_scene_member
FIT_near,254942,9293,5,1979443,frame:3d854c4e9c848ce08fb1e058,1.2772773504257202,-0.6479998230934143,-0.8335896134376526,0.7825876432412846,-0.6479998230934143,-0.20914691848842337,unreviewed_scene_member
FIT_near,254943,9294,5,1979443,frame:3d854c4e9c848ce08fb1e058,1.4073233604431152,-0.7016655802726746,-0.8467275500297546,0.8937129304595592,-0.7016655802726746,-0.27796363622472997,unreviewed_scene_member
FIT_near,255002,9353,5,1979443,frame:3d854c4e9c848ce08fb1e058,1.308984637260437,-0.792749285697937,-0.8622934222221375,0.7985030422985592,-0.792749285697937,-0.2488452906213332,unreviewed_scene_member
FIT_near,255010,9361,5,1979443,frame:3d854c4e9c848ce08fb1e058,1.3040088415145874,-0.7711887359619141,-0.8536486029624939,0.7978204660392229,-0.7711887359619141,-0.23889413325213682,unreviewed_scene_member
FIT_near,255014,9365,5,1979443,frame:3d854c4e9c848ce08fb1e058,1.3106064796447754,-0.7720061540603638,-0.8431480526924133,0.808353522174084,-0.7720061540603638,-0.23234851537975332,unreviewed_scene_member
FIT_near,255018,9369,5,1979443,frame:3d854c4e9c848ce08fb1e058,1.3034329414367676,-0.7555736303329468,-0.8523905277252197,0.797854354362526,-0.7555736303329468,-0.23751092474152857,unreviewed_scene_member
FIT_near,255019,9370,5,1979443,frame:3d854c4e9c848ce08fb1e058,1.389042854309082,-0.7922960519790649,-0.8359977602958679,0.8819861506134042,-0.7922960519790649,-0.26030611865600983,unreviewed_scene_member
FIT_near,255022,9373,5,1979443,frame:3d854c4e9c848ce08fb1e058,1.315981388092041,-0.7597822546958923,-0.8423082828521729,0.8135525887537945,-0.7597822546958923,-0.23394994002699754,unreviewed_scene_member
FIT_near,255026,9377,5,1979443,frame:3d854c4e9c848ce08fb1e058,1.3012593984603882,-0.7362171411514282,-0.8458807468414307,0.7987544869873531,-0.7362171411514282,-0.2307071539133161,unreviewed_scene_member
FIT_near,255027,9378,5,1979443,frame:3d854c4e9c848ce08fb1e058,1.3949661254882812,-0.7796202301979065,-0.8354361653327942,0.8875561385118778,-0.7796202301979065,-0.26239795162633595,unreviewed_scene_member
FIT_near,255030,9381,5,1979443,frame:3d854c4e9c848ce08fb1e058,1.3417881727218628,-0.7560588121414185,-0.8572289347648621,0.8302067898433969,-0.7560588121414185,-0.25867348290613856,unreviewed_scene_member
FIT_near,255031,9382,5,1979443,frame:3d854c4e9c848ce08fb1e058,1.3960466384887695,-0.7770296335220337,-0.8211184740066528,0.8948037599296779,-0.7770296335220337,-0.2500029616287953,unreviewed_scene_member
FIT_near,255034,9385,5,1979443,frame:3d854c4e9c848ce08fb1e058,1.3222616910934448,-0.7329416275024414,-0.8588294982910156,0.811954863542136,-0.7329416275024414,-0.2515522137299637,unreviewed_scene_member
FIT_near,255035,9386,5,1979443,frame:3d854c4e9c848ce08fb1e058,1.3909974098205566,-0.7583964467048645,-0.8317815065383911,0.8855911774650979,-0.7583964467048645,-0.25737339562213113,unreviewed_scene_member
FIT_near,255038,9389,5,1979443,frame:3d854c4e9c848ce08fb1e058,1.3170137405395508,-0.7270306944847107,-0.8373159766197205,0.8166689439955409,-0.7270306944847107,-0.22991543843427253,unreviewed_scene_member
FIT_near,255039,9390,5,1979443,frame:3d854c4e9c848ce08fb1e058,1.4260815382003784,-0.7742990851402283,-0.8339691162109375,0.9161655982115962,-0.7742990851402283,-0.27471947576340017,unreviewed_scene_member
FIT_near,255042,9393,5,1979443,frame:3d854c4e9c848ce08fb1e058,1.3222867250442505,-0.7149577736854553,-0.8539357781410217,0.8141226296222931,-0.7149577736854553,-0.24716474135661826,unreviewed_scene_member
FIT_near,255043,9394,5,1979443,frame:3d854c4e9c848ce08fb1e058,1.402325987815857,-0.7487723231315613,-0.834616482257843,0.8945304643630541,-0.7487723231315613,-0.26488757664746654,unreviewed_scene_member
FIT_near,255046,9397,5,1979443,frame:3d854c4e9c848ce08fb1e058,1.3280022144317627,-0.715055525302887,-0.8394952416419983,0.8255899920008016,-0.715055525302887,-0.23669117876319468,unreviewed_scene_member
FIT_near,255047,9398,5,1979443,frame:3d854c4e9c848ce08fb1e058,1.4153351783752441,-0.7525471448898315,-0.82381272315979,0.9109591036504492,-0.7525471448898315,-0.2608800760768024,unreviewed_scene_member
FIT_near,255050,9401,5,1979443,frame:3d854c4e9c848ce08fb1e058,1.302650809288025,-0.6897181272506714,-0.8407419919967651,0.802257760609513,-0.6897181272506714,-0.2266984260137057,unreviewed_scene_member
FIT_near,255051,9402,5,1979443,frame:3d854c4e9c848ce08fb1e058,1.4114007949829102,-0.7347287535667419,-0.8389381766319275,0.9007923408972753,-0.7347287535667419,-0.2727500234455291,unreviewed_scene_member
FIT_near,255054,9405,5,1979443,frame:3d854c4e9c848ce08fb1e058,1.3218079805374146,-0.6969102621078491,-0.8351225256919861,0.8219395239607669,-0.6969102621078491,-0.23004563428542113,unreviewed_scene_member
FIT_near,255055,9406,5,1979443,frame:3d854c4e9c848ce08fb1e058,1.442853331565857,-0.7511019110679626,-0.8395750522613525,0.9287825056190016,-0.7511019110679626,-0.2871103280007812,unreviewed_scene_member
FIT_near,255058,9409,5,1979443,frame:3d854c4e9c848ce08fb1e058,1.3139209747314453,-0.6781651973724365,-0.8433859348297119,0.8112282899591424,-0.6781651973724365,-0.2340153014406483,unreviewed_scene_member
FIT_near,255059,9410,5,1979443,frame:3d854c4e9c848ce08fb1e058,1.4047751426696777,-0.7157686352729797,-0.831255316734314,0.8982051881492303,-0.7157686352729797,-0.262940219908226,unreviewed_scene_member
FIT_near,255062,9413,5,1979443,frame:3d854c4e9c848ce08fb1e058,1.3446701765060425,-0.6940360069274902,-0.8457080721855164,0.8378475314269365,-0.6940360069274902,-0.2495819875155132,unreviewed_scene_member
FIT_near,255063,9414,5,1979443,frame:3d854c4e9c848ce08fb1e058,1.4114599227905273,-0.7160744667053223,-0.816899299621582,0.910506692407701,-0.7160744667053223,-0.25296753192634336,unreviewed_scene_member
FIT_near,255066,9417,5,1979443,frame:3d854c4e9c848ce08fb1e058,1.3174222707748413,-0.6654778718948364,-0.8452911376953125,0.8135400480322185,-0.6654778718948364,-0.2372625535950339,unreviewed_scene_member
FIT_near,255067,9418,5,1979443,frame:3d854c4e9c848ce08fb1e058,1.4192372560501099,-0.7076056003570557,-0.8361272215843201,0.9090679470363218,-0.7076056003570557,-0.27365883220912135,unreviewed_scene_member
FIT_near,255070,9421,5,1979443,frame:3d854c4e9c848ce08fb1e058,1.3214751482009888,-0.6646327376365662,-0.8300883769989014,0.8238472017740657,-0.6646327376365662,-0.22537506731888435,unreviewed_scene_member
FIT_near,255071,9422,5,1979443,frame:3d854c4e9c848ce08fb1e058,1.4209578037261963,-0.7053695917129517,-0.82231205701828,0.9166705345778569,-0.7053695917129517,-0.26199608300639254,unreviewed_scene_member
FIT_near,255074,9425,5,1979443,frame:3d854c4e9c848ce08fb1e058,1.3212593793869019,-0.6558788418769836,-0.8793327212333679,0.8020659703936482,-0.6558788418769836,-0.2695410039082571,unreviewed_scene_member
FIT_near,255075,9426,5,1979443,frame:3d854c4e9c848ce08fb1e058,1.3821747303009033,-0.6771204471588135,-0.8461399674415588,0.8713670706681801,-0.6771204471588135,-0.26641108665713475,unreviewed_scene_member
FIT_near,255078,9429,5,1979443,frame:3d854c4e9c848ce08fb1e058,1.3160768747329712,-0.6504456996917725,-0.857852578163147,0.8068242410166637,-0.6504456996917725,-0.24796291869470477,unreviewed_scene_member
FIT_near,255079,9430,5,1979443,frame:3d854c4e9c848ce08fb1e058,1.4126521348953247,-0.6889964938163757,-0.8498255610466003,0.8971443225690563,-0.6889964938163757,-0.2830840910496357,unreviewed_scene_member
FIT_near,255082,9433,5,1979443,frame:3d854c4e9c848ce08fb1e058,1.3007593154907227,-0.6316148042678833,-0.8619881868362427,0.7912439784492001,-0.6316148042678833,-0.2449652031368723,unreviewed_scene_member
FIT_near,255083,9434,5,1979443,frame:3d854c4e9c848ce08fb1e058,1.3922483921051025,-0.6640684008598328,-0.8515122532844543,0.8780661628163968,-0.6640684008598328,-0.27565566786521867,unreviewed_scene_member
FIT_near,255086,9437,5,1979443,frame:3d854c4e9c848ce08fb1e058,1.3261061906814575,-0.6410648226737976,-0.860710620880127,0.8145856470162018,-0.6410648226737976,-0.2549282732066429,unreviewed_scene_member
FIT_near,255087,9438,5,1979443,frame:3d854c4e9c848ce08fb1e058,1.4099444150924683,-0.6725090146064758,-0.8446338772773743,0.8969865244988845,-0.6725090146064758,-0.27723085035242545,unreviewed_scene_member
FIT_near,255090,9441,5,1979443,frame:3d854c4e9c848ce08fb1e058,1.2903616428375244,-0.6099511384963989,-0.8508182764053345,0.7867951786182665,-0.6099511384963989,-0.2303677144589571,unreviewed_scene_member
FIT_near,255091,9442,5,1979443,frame:3d854c4e9c848ce08fb1e058,1.3980449438095093,-0.6519190669059753,-0.8515454530715942,0.8832615151486212,-0.6519190669059753,-0.2782265486543214,unreviewed_scene_member
FIT_near,255094,9445,5,1979443,frame:3d854c4e9c848ce08fb1e058,1.31566321849823,-0.6191040873527527,-0.8530856966972351,0.8085421125504832,-0.6191040873527527,-0.24349713905572945,unreviewed_scene_member
FIT_near,255095,9446,5,1979443,frame:3d854c4e9c848ce08fb1e058,1.41105055809021,-0.6549878716468811,-0.8411413431167603,0.8995117454447986,-0.6549878716468811,-0.2745766826168019,unreviewed_scene_member
FIT_near,255098,9449,5,1979443,frame:3d854c4e9c848ce08fb1e058,1.2908631563186646,-0.5964624881744385,-0.8510518074035645,0.7871435626977492,-0.5964624881744385,-0.23079745976965005,unreviewed_scene_member
FIT_near,255099,9450,5,1979443,frame:3d854c4e9c848ce08fb1e058,1.3715651035308838,-0.622169554233551,-0.8348354697227478,0.8667867669226998,-0.622169554233551,-0.25159971715688734,unreviewed_scene_member
FIT_near,255102,9453,5,1979443,frame:3d854c4e9c848ce08fb1e058,1.3221492767333984,-0.6081206798553467,-0.8538177013397217,0.8140508533616205,-0.6081206798553467,-0.2469983612569513,unreviewed_scene_member
FIT_near,255103,9454,5,1979443,frame:3d854c4e9c848ce08fb1e058,1.392237901687622,-0.6315471529960632,-0.8300616145133972,0.8874600752090487,-0.6315471529960632,-0.25637136275213734,unreviewed_scene_member
FIT_near,255106,9457,5,1979443,frame:3d854c4e9c848ce08fb1e058,1.3097784519195557,-0.5886378288269043,-0.8594112992286682,0.8004799577498741,-0.5886378288269043,-0.24660284107655683,unreviewed_scene_member
FIT_near,255107,9458,5,1979443,frame:3d854c4e9c848ce08fb1e058,1.3772419691085815,-0.6103096604347229,-0.8350170850753784,0.8718094849751682,-0.6103096604347229,-0.25425152602801093,unreviewed_scene_member
FIT_near,255110,9461,5,1979443,frame:3d854c4e9c848ce08fb1e058,1.3108412027359009,-0.5863676071166992,-0.8425034880638123,0.8088470484263359,-0.5863676071166992,-0.23187208035974605,unreviewed_scene_member
FIT_near,255111,9462,5,1979443,frame:3d854c4e9c848ce08fb1e058,1.410535216331482,-0.6221201419830322,-0.8370403051376343,0.9008463360621796,-0.6221201419830322,-0.27066478313975484,unreviewed_scene_member
FIT_near,255114,9465,5,1979443,frame:3d854c4e9c848ce08fb1e058,1.353667140007019,-0.5942183136940002,-0.8882805109024048,0.827271419874455,-0.5942183136940002,-0.2917898511782313,unreviewed_scene_member
FIT_near,255115,9466,5,1979443,frame:3d854c4e9c848ce08fb1e058,1.3795772790908813,-0.5969963669776917,-0.8332424759864807,0.8746863851049246,-0.5969963669776917,-0.2536802504594502,unreviewed_scene_member
FIT_near,255118,9469,5,1979443,frame:3d854c4e9c848ce08fb1e058,1.3261449337005615,-0.5793784856796265,-0.8524562120437622,0.8182389636787714,-0.5793784856796265,-0.2475262435105139,unreviewed_scene_member
FIT_near,255119,9470,5,1979443,frame:3d854c4e9c848ce08fb1e058,1.3907158374786377,-0.598936915397644,-0.8255712389945984,0.888060504025618,-0.598936915397644,-0.2516682109374142,unreviewed_scene_member
FIT_near,255122,9473,5,1979443,frame:3d854c4e9c848ce08fb1e058,1.3483997583389282,-0.575141191482544,-0.8808233737945557,0.8258061223373208,-0.575141191482544,-0.28277835260084316,unreviewed_scene_member
FIT_near,255123,9474,5,1979443,frame:3d854c4e9c848ce08fb1e058,1.3687174320220947,-0.5753558278083801,-0.8263898491859436,0.8679296130848488,-0.5753558278083801,-0.24276050667611937,unreviewed_scene_member
FIT_near,255126,9477,5,1979443,frame:3d854c4e9c848ce08fb1e058,1.3567346334457397,-0.5758996605873108,-0.8681950569152832,0.8388333482123526,-0.5758996605873108,-0.27508186533389045,unreviewed_scene_member
FIT_near,255127,9478,5,1979443,frame:3d854c4e9c848ce08fb1e058,1.36940598487854,-0.5728349089622498,-0.8093155026435852,0.876033381167232,-0.5728349089622498,-0.22771602736470364,unreviewed_scene_member
FIT_near,255130,9481,5,1979443,frame:3d854c4e9c848ce08fb1e058,1.3490592241287231,-0.5615591406822205,-0.8780194520950317,0.8276280046338534,-0.5615591406822205,-0.28054729524556254,unreviewed_scene_member
FIT_near,255131,9482,5,1979443,frame:3d854c4e9c848ce08fb1e058,1.3574705123901367,-0.5567392110824585,-0.8166347146034241,0.8620973182144607,-0.5567392110824585,-0.22906232473559762,unreviewed_scene_member
FIT_near,255134,9485,5,1979443,frame:3d854c4e9c848ce08fb1e058,1.350367784500122,-0.5593406558036804,-0.8644042015075684,0.8347726639187368,-0.5593406558036804,-0.268883624189332,unreviewed_scene_member
FIT_near,255135,9486,5,1979443,frame:3d854c4e9c848ce08fb1e058,1.3732895851135254,-0.5604290962219238,-0.8086893558502197,0.8797984226245086,-0.5604290962219238,-0.22885570864339821,unreviewed_scene_member
FIT_near,255138,9489,5,1979443,frame:3d854c4e9c848ce08fb1e058,1.3562686443328857,-0.5479680895805359,-0.882407009601593,0.8321844099748695,-0.5479680895805359,-0.28765120761283813,unreviewed_scene_member
FIT_near,255139,9490,5,1979443,frame:3d854c4e9c848ce08fb1e058,1.3770333528518677,-0.5479881167411804,-0.8249058723449707,0.8760544458457298,-0.5479881167411804,-0.24507217687736182,unreviewed_scene_member
FIT_near,255142,9493,5,1979443,frame:3d854c4e9c848ce08fb1e058,1.3516870737075806,-0.5433747172355652,-0.8615588545799255,0.8372057511994307,-0.5433747172355652,-0.26690458163393105,unreviewed_scene_member
FIT_near,255143,9494,5,1979443,frame:3d854c4e9c848ce08fb1e058,1.3705910444259644,-0.5454244017601013,-0.8076099157333374,0.8778461857227606,-0.5454244017601013,-0.22670255191714483,unreviewed_scene_member
FIT_near,255146,9497,5,1979443,frame:3d854c4e9c848ce08fb1e058,1.3724957704544067,-0.5406404137611389,-0.889860987663269,0.8435016454104007,-0.5406404137611389,-0.30146430260289936,unreviewed_scene_member
FIT_near,255147,9498,5,1979443,frame:3d854c4e9c848ce08fb1e058,1.3695266246795654,-0.531204342842102,-0.8209621906280518,0.8710362395340951,-0.531204342842102,-0.2382368861921702,unreviewed_scene_member
FIT_near,255150,9501,5,1979443,frame:3d854c4e9c848ce08fb1e058,1.3731279373168945,-0.5381228923797607,-0.8721985816955566,0.8518125223817927,-0.5381228923797607,-0.28586656098827135,unreviewed_scene_member
FIT_near,255151,9502,5,1979443,frame:3d854c4e9c848ce08fb1e058,1.3598278760910034,-0.524713933467865,-0.7979862093925476,0.8723910692889554,-0.524713933467865,-0.2133345595086309,unreviewed_scene_member
FIT_near,255154,9505,5,1979443,frame:3d854c4e9c848ce08fb1e058,1.365812063217163,-0.5215529203414917,-0.8854220509529114,0.839440270914603,-0.5215529203414917,-0.294544668309338,unreviewed_scene_member
FIT_near,255155,9506,5,1979443,frame:3d854c4e9c848ce08fb1e058,1.3830602169036865,-0.519858181476593,-0.8257660865783691,0.8810942622733798,-0.519858181476593,-0.24848733561481984,unreviewed_scene_member
FIT_near,255158,9509,5,1979443,frame:3d854c4e9c848ce08fb1e058,1.3742542266845703,-0.522030234336853,-0.8728606104850769,0.8525346102402004,-0.522030234336853,-0.2869553212844951,unreviewed_scene_member
FIT_near,255159,9510,5,1979443,frame:3d854c4e9c848ce08fb1e058,1.3964558839797974,-0.5248932838439941,-0.8167613744735718,0.8970816140594796,-0.5248932838439941,-0.24626622792454933,unreviewed_scene_member
FIT_near,255162,9513,5,1979443,frame:3d854c4e9c848ce08fb1e058,1.3712739944458008,-0.5099722146987915,-0.8860439658164978,0.8440767926522426,-0.5099722146987915,-0.29749799474241545,unreviewed_scene_member
FIT_near,255163,9514,5,1979443,frame:3d854c4e9c848ce08fb1e058,1.382608413696289,-0.5059627890586853,-0.8228287100791931,0.8819758453449671,-0.5059627890586853,-0.24564918161547156,unreviewed_scene_member
FIT_near,255166,9517,5,1979443,frame:3d854c4e9c848ce08fb1e058,1.3722798824310303,-0.5073494911193848,-0.8687036633491516,0.8525823670628908,-0.5073494911193848,-0.2823535863933644,unreviewed_scene_member
FIT_near,255167,9518,5,1979443,frame:3d854c4e9c848ce08fb1e058,1.386567234992981,-0.504669189453125,-0.8111926913261414,0.8906349052416307,-0.504669189453125,-0.2369262302693671,unreviewed_scene_member
FIT_near,255170,9521,5,1979443,frame:3d854c4e9c848ce08fb1e058,1.3689279556274414,-0.4925744831562042,-0.881089448928833,0.8441401041797458,-0.4925744831562042,-0.29201646873427767,unreviewed_scene_member
FIT_near,255171,9522,5,1979443,frame:3d854c4e9c848ce08fb1e058,1.387349009513855,-0.4912860691547394,-0.8259173631668091,0.8848826882456543,-0.4912860691547394,-0.2505033850467142,unreviewed_scene_member
FIT_near,255174,9525,5,1979443,frame:3d854c4e9c848ce08fb1e058,1.4033100605010986,-0.5024577379226685,-0.8850246071815491,0.873317475503383,-0.5024577379226685,-0.3106254882855515,unreviewed_scene_member
FIT_near,255175,9526,5,1979443,frame:3d854c4e9c848ce08fb1e058,1.3857327699661255,-0.4907137453556061,-0.8081684708595276,0.8912106240377405,-0.4907137453556061,-0.2338422735285004,unreviewed_scene_member
FIT_near,255178,9529,5,1979443,frame:3d854c4e9c848ce08fb1e058,1.3555715084075928,-0.4744487702846527,-0.8732243776321411,0.8355832292627455,-0.4744487702846527,-0.27909230839429977,unreviewed_scene_member
FIT_near,255179,9530,5,1979443,frame:3d854c4e9c848ce08fb1e058,1.390762448310852,-0.4788779318332672,-0.8254300355911255,0.8881642970620163,-0.4788779318332672,-0.25156173100302626,unreviewed_scene_member
FIT_near,255182,9533,5,1979443,frame:3d854c4e9c848ce08fb1e058,1.3596421480178833,-0.4734775125980377,-0.8582483530044556,0.8458069529994842,-0.4734775125980377,-0.26741639757583435,unreviewed_scene_member
FIT_near,255183,9534,5,1979443,frame:3d854c4e9c848ce08fb1e058,1.3852534294128418,-0.4742782711982727,-0.8049480319023132,0.8921915431211377,-0.4742782711982727,-0.23073763309924078,unreviewed_scene_member
FIT_near,255186,9537,5,1979443,frame:3d854c4e9c848ce08fb1e058,1.3761807680130005,-0.46581149101257324,-0.8833634853363037,0.8496620168230282,-0.46581149101257324,-0.2972397828012836,unreviewed_scene_member
FIT_near,255187,9538,5,1979443,frame:3d854c4e9c848ce08fb1e058,1.3761779069900513,-0.4577934741973877,-0.8138840198516846,0.8801172383154198,-0.4577934741973877,-0.23479079869374808,unreviewed_scene_member
FIT_near,255190,9541,5,1979443,frame:3d854c4e9c848ce08fb1e058,1.3857955932617188,-0.46637171506881714,-0.8716263771057129,0.8634489741078147,-0.46637171506881714,-0.2909054017733168,unreviewed_scene_member
FIT_near,255191,9542,5,1979443,frame:3d854c4e9c848ce08fb1e058,1.3951382637023926,-0.46410071849823,-0.8083076477050781,0.8996032146970111,-0.46410071849823,-0.23809046192394878,unreviewed_scene_member
FIT_near,255194,9545,5,1979443,frame:3d854c4e9c848ce08fb1e058,1.3633381128311157,-0.44560760259628296,-0.8720766305923462,0.8430669462646273,-0.44560760259628296,-0.2814653754760714,unreviewed_scene_member
FIT_near,255195,9546,5,1979443,frame:3d854c4e9c848ce08fb1e058,1.3937710523605347,-0.45017579197883606,-0.8252987265586853,0.890925974560677,-0.45017579197883606,-0.2527625964339373,unreviewed_scene_member
FIT_near,255198,9549,5,1979443,frame:3d854c4e9c848ce08fb1e058,1.363449215888977,-0.4456438720226288,-0.855092465877533,0.850612172794846,-0.4456438720226288,-0.2662488137239194,unreviewed_scene_member
FIT_near,255199,9550,5,1979443,frame:3d854c4e9c848ce08fb1e058,1.3897799253463745,-0.4459419846534729,-0.8057275414466858,0.8959182162238948,-0.4459419846534729,-0.23342253685007508,unreviewed_scene_member
FIT_near,255202,9553,5,1979443,frame:3d854c4e9c848ce08fb1e058,1.3647639751434326,-0.6745083928108215,-0.8718567490577698,0.8444448925422502,-0.6745083928108215,-0.2818928041589168,unreviewed_scene_member
FIT_near,255203,9554,5,1979443,frame:3d854c4e9c848ce08fb1e058,1.4447314739227295,-0.7015239000320435,-0.850357711315155,0.9257437621726098,-0.7015239000320435,-0.2976250411804282,unreviewed_scene_member
FIT_near,255206,9557,5,1979443,frame:3d854c4e9c848ce08fb1e058,1.3739092350006104,-0.676047146320343,-0.859286367893219,0.8581750900604203,-0.676047146320343,-0.27460363845978253,unreviewed_scene_member
FIT_near,255207,9558,5,1979443,frame:3d854c4e9c848ce08fb1e058,1.446407437324524,-0.6992207169532776,-0.8327566385269165,0.9349659105628563,-0.6992207169532776,-0.28253999574830213,unreviewed_scene_member
FIT_near,255210,9561,5,1979443,frame:3d854c4e9c848ce08fb1e058,1.3461376428604126,-0.6478522419929504,-0.8555764555931091,0.8348404668980479,-0.6478522419929504,-0.2590949266774947,unreviewed_scene_member
FIT_near,255211,9562,5,1979443,frame:3d854c4e9c848ce08fb1e058,1.4197685718536377,-0.6741557121276855,-0.8321702480316162,0.9112801135513501,-0.6741557121276855,-0.2703352414566875,unreviewed_scene_member
FIT_near,255214,9565,5,1979443,frame:3d854c4e9c848ce08fb1e058,1.3698371648788452,-0.6563160419464111,-0.8558835983276367,0.8560068136755883,-0.6563160419464111,-0.26976017138422526,unreviewed_scene_member
FIT_near,255215,9566,5,1979443,frame:3d854c4e9c848ce08fb1e058,1.4451016187667847,-0.6830964088439941,-0.828541100025177,0.9356402190649541,-0.6830964088439941,-0.2781786616623392,unreviewed_scene_member
FIT_near,255218,9569,5,1979443,frame:3d854c4e9c848ce08fb1e058,1.322762131690979,-0.6224446296691895,-0.8406269550323486,0.8203841263345057,-0.6224446296691895,-0.23541125494021164,unreviewed_scene_member
FIT_near,255219,9570,5,1979443,frame:3d854c4e9c848ce08fb1e058,1.4147708415985107,-0.6537158489227295,-0.8286689519882202,0.9083230505148243,-0.6537158489227295,-0.26499743667526987,unreviewed_scene_member
FIT_near,255222,9573,5,1979443,frame:3d854c4e9c848ce08fb1e058,1.3714905977249146,-0.6424531936645508,-0.8533811569213867,0.8585899073826213,-0.6424531936645508,-0.2682358091999455,unreviewed_scene_member
FIT_near,255223,9574,5,1979443,frame:3d854c4e9c848ce08fb1e058,1.4254491329193115,-0.6586499214172363,-0.8174270391464233,0.9228487654031696,-0.6586499214172363,-0.25957432715609596,unreviewed_scene_member
FIT_near,255226,9577,5,1979443,frame:3d854c4e9c848ce08fb1e058,1.3285596370697021,-0.6082621216773987,-0.8402170538902283,0.825774578486031,-0.6082621216773987,-0.23758429731548936,unreviewed_scene_member
FIT_near,255227,9578,5,1979443,frame:3d854c4e9c848ce08fb1e058,1.429060459136963,-0.6452455520629883,-0.8337088227272034,0.9189571397667606,-0.6452455520629883,-0.2757913985170939,unreviewed_scene_member
FIT_near,255230,9581,5,1979443,frame:3d854c4e9c848ce08fb1e058,1.35198974609375,-0.6161372065544128,-0.837186336517334,0.8481620000313349,-0.6161372065544128,-0.2451313903469814,unreviewed_scene_member
FIT_near,255231,9582,5,1979443,frame:3d854c4e9c848ce08fb1e058,1.4523500204086304,-0.6527119874954224,-0.8288881182670593,0.9420029165211795,-0.6527119874954224,-0.2816680497322239,unreviewed_scene_member
FIT_near,255234,9585,5,1979443,frame:3d854c4e9c848ce08fb1e058,1.3123654127120972,-0.5870494246482849,-0.8300461769104004,0.8156779250544804,-0.5870494246482849,-0.22134369293737577,unreviewed_scene_member
FIT_near,255235,9586,5,1979443,frame:3d854c4e9c848ce08fb1e058,1.417107343673706,-0.6250187754631042,-0.8235219717025757,0.9126793723194943,-0.6250187754631042,-0.26139561653229193,unreviewed_scene_member
FIT_near,255238,9589,5,1979443,frame:3d854c4e9c848ce08fb1e058,1.3386776447296143,-0.5960177183151245,-0.8290637135505676,0.8397578861263953,-0.5960177183151245,-0.2319951840429504,unreviewed_scene_member
FIT_near,255239,9590,5,1979443,frame:3d854c4e9c848ce08fb1e058,1.4529050588607788,-0.6377807259559631,-0.8295199275016785,0.9422248148387056,-0.6377807259559631,-0.28247922895347677,unreviewed_scene_member
FIT_near,255242,9593,5,1979443,frame:3d854c4e9c848ce08fb1e058,1.334053874015808,-0.5800631642341614,-0.8398755788803101,0.8308624587338456,-0.5800631642341614,-0.23968589656041028,unreviewed_scene_member
FIT_near,255243,9594,5,1979443,frame:3d854c4e9c848ce08fb1e058,1.4300308227539062,-0.6129119992256165,-0.8307430744171143,0.921129395296196,-0.6129119992256165,-0.273551181004726,unreviewed_scene_member
FIT_near,255246,9597,5,1979443,frame:3d854c4e9c848ce08fb1e058,1.3396474123001099,-0.579717218875885,-0.8258590698242188,0.8420343307904208,-0.579717218875885,-0.22953998746319493,unreviewed_scene_member
FIT_near,255247,9598,5,1979443,frame:3d854c4e9c848ce08fb1e058,1.4540547132492065,-0.620206892490387,-0.8264227509498596,0.9446158301951555,-0.620206892490387,-0.2801994804210308,unreviewed_scene_member
FIT_near,255250,9601,5,1979443,frame:3d854c4e9c848ce08fb1e058,1.3378019332885742,-0.5678632259368896,-0.8390833735466003,0.834578472054015,-0.5678632259368896,-0.2406169081646614,unreviewed_scene_member
FIT_near,255251,9602,5,1979443,frame:3d854c4e9c848ce08fb1e058,1.4131574630737305,-0.5911365151405334,-0.8179128766059875,0.9115881086025841,-0.5911365151405334,-0.25462268156606127,unreviewed_scene_member
FIT_near,255254,9605,5,1979443,frame:3d854c4e9c848ce08fb1e058,1.333159327507019,-0.563148558139801,-0.8221362829208374,0.8378348411705933,-0.563148558139801,-0.2233497795875834,unreviewed_scene_member
FIT_near,255255,9606,5,1979443,frame:3d854c4e9c848ce08fb1e058,1.428851842880249,-0.5947735905647278,-0.8091176152229309,0.9295497125518409,-0.5947735905647278,-0.253597516273252,unreviewed_scene_member
FIT_near,255258,9609,5,1979443,frame:3d854c4e9c848ce08fb1e058,1.345037817955017,-0.5543845295906067,-0.8433232307434082,0.8392234110503346,-0.5543845295906067,-0.24759966962957303,unreviewed_scene_member
FIT_near,255259,9610,5,1979443,frame:3d854c4e9c848ce08fb1e058,1.39410400390625,-0.5660868883132935,-0.8034098148345947,0.9008206967621266,-0.5660868883132935,-0.23323492924727707,unreviewed_scene_member
FIT_near,255262,9613,5,1979443,frame:3d854c4e9c848ce08fb1e058,1.3525348901748657,-0.5547150373458862,-0.8304569125175476,0.8516019576018332,-0.5547150373458862,-0.23932199955695466,unreviewed_scene_member
FIT_near,255263,9614,5,1979443,frame:3d854c4e9c848ce08fb1e058,1.4207097291946411,-0.5768903493881226,-0.8050363659858704,0.9240207311553078,-0.5768903493881226,-0.24636004604387174,unreviewed_scene_member
FIT_near,255266,9617,5,1979443,frame:3d854c4e9c848ce08fb1e058,1.3584377765655518,-0.546088457107544,-0.8487045764923096,0.848908187362924,-0.546088457107544,-0.25831054637278905,unreviewed_scene_member
FIT_near,255267,9618,5,1979443,frame:3d854c4e9c848ce08fb1e058,1.3888111114501953,-0.5498692393302917,-0.8009172677993774,0.8971561372371768,-0.5498692393302917,-0.22867439147611135,unreviewed_scene_member
FIT_near,255270,9621,5,1979443,frame:3d854c4e9c848ce08fb1e058,1.3521665334701538,-0.5408280491828918,-0.8273013234138489,0.8526542000029073,-0.5408280491828918,-0.23632429790691156,unreviewed_scene_member
FIT_near,255271,9622,5,1979443,frame:3d854c4e9c848ce08fb1e058,1.4005074501037598,-0.551674485206604,-0.7902718782424927,0.9123353684105675,-0.551674485206604,-0.22423371611064447,unreviewed_scene_member
FIT_near,255274,9625,5,1979443,frame:3d854c4e9c848ce08fb1e058,1.386123538017273,-0.540427029132843,-0.8624184727668762,0.8677802084861617,-0.540427029132843,-0.28277315369325384,unreviewed_scene_member
FIT_near,255275,9626,5,1979443,frame:3d854c4e9c848ce08fb1e058,1.3887197971343994,-0.5330796241760254,-0.7976014018058777,0.898527644451967,-0.5330796241760254,-0.225654081301494,unreviewed_scene_member
FIT_near,255278,9629,5,1979443,frame:3d854c4e9c848ce08fb1e058,1.365009069442749,-0.5294521450996399,-0.8351040482521057,0.8607765054390324,-0.5294521450996399,-0.24896713775843415,unreviewed_scene_member
FIT_near,255279,9630,5,1979443,frame:3d854c4e9c848ce08fb1e058,1.4082636833190918,-0.5405818223953247,-0.7919564247131348,0.9185681680780607,-0.5405818223953247,-0.22914788529854024,unreviewed_scene_member
FIT_near,255282,9633,5,1979443,frame:3d854c4e9c848ce08fb1e058,1.3527932167053223,-0.5138779282569885,-0.8422366380691528,0.846670248150491,-0.5138779282569885,-0.25002278964717783,unreviewed_scene_member
FIT_near,255283,9634,5,1979443,frame:3d854c4e9c848ce08fb1e058,1.387749433517456,-0.5188582539558411,-0.7944132089614868,0.8990530991636932,-0.5188582539558411,-0.22236317314294007,unreviewed_scene_member
FIT_near,255286,9637,5,1979443,frame:3d854c4e9c848ce08fb1e058,1.4036321640014648,-0.5303884148597717,-0.8558691143989563,0.8863879070181101,-0.5303884148597717,-0.284561905836479,unreviewed_scene_member
FIT_near,255287,9638,5,1979443,frame:3d854c4e9c848ce08fb1e058,1.4417001008987427,-0.5361634492874146,-0.8109856247901917,0.9402787688679656,-0.5361634492874146,-0.26090877775254473,unreviewed_scene_member
FIT_near,255290,9641,5,1979443,frame:3d854c4e9c848ce08fb1e058,1.3776984214782715,-0.5068942904472351,-0.854390561580658,0.863726968534554,-0.5068942904472351,-0.2718643869158288,unreviewed_scene_member
FIT_near,255291,9642,5,1979443,frame:3d854c4e9c848ce08fb1e058,1.3879289627075195,-0.5051648616790771,-0.7952842712402344,0.8988326103607999,-0.5051648616790771,-0.22322477914996441,unreviewed_scene_member
FIT_near,255294,9645,5,1979443,frame:3d854c4e9c848ce08fb1e058,1.413542628288269,-0.520082414150238,-0.8591117858886719,0.8938738796955433,-0.520082414150238,-0.29182086126015805,unreviewed_scene_member
FIT_near,255295,9646,5,1979443,frame:3d854c4e9c848ce08fb1e058,1.408234715461731,-0.509773850440979,-0.7896281480789185,0.9195627812385143,-0.509773850440979,-0.22704254544871794,unreviewed_scene_member
FIT_near,255298,9649,5,1979443,frame:3d854c4e9c848ce08fb1e058,1.3865187168121338,-0.49644556641578674,-0.8571411371231079,0.8704488245123561,-0.49644556641578674,-0.27820315081780245,unreviewed_scene_member
FIT_near,255299,9650,5,1979443,frame:3d854c4e9c848ce08fb1e058,1.3992475271224976,-0.4927528500556946,-0.7987691760063171,0.9074779869708774,-0.4927528500556946,-0.23131872286823918,unreviewed_scene_member
FIT_near,255302,9653,5,1979443,frame:3d854c4e9c848ce08fb1e058,1.3779886960983276,-0.4906797409057617,-0.8377213478088379,0.8712951679920773,-0.4906797409057617,-0.25700944483930654,unreviewed_scene_member
FIT_near,255303,9654,5,1979443,frame:3d854c4e9c848ce08fb1e058,1.4264239072799683,-0.5023231506347656,-0.7973388433456421,0.9325309722251249,-0.5023231506347656,-0.24194648932380347,unreviewed_scene_member
FIT_near,255306,9657,5,1979443,frame:3d854c4e9c848ce08fb1e058,1.3767273426055908,-0.47673460841178894,-0.851362943649292,0.8641813889699137,-0.47673460841178894,-0.26871748898560877,unreviewed_scene_member
FIT_near,255307,9658,5,1979443,frame:3d854c4e9c848ce08fb1e058,1.392163872718811,-0.47664424777030945,-0.7923207879066467,0.9039380278529966,-0.47664424777030945,-0.22241768033162734,unreviewed_scene_member
FIT_near,255310,9661,5,1979443,frame:3d854c4e9c848ce08fb1e058,1.3688385486602783,-0.4740028381347656,-0.8296123147010803,0.8666258360947973,-0.4740028381347656,-0.24570993353510429,unreviewed_scene_member
FIT_near,255311,9662,5,1979443,frame:3d854c4e9c848ce08fb1e058,1.4322909116744995,-0.4873126149177551,-0.7976729273796082,0.937657748043447,-0.4873126149177551,-0.24481868750914315,unreviewed_scene_member
FIT_near,255314,9665,5,1979443,frame:3d854c4e9c848ce08fb1e058,1.3900166749954224,-0.4677923023700714,-0.8570238947868347,0.8736441641591036,-0.4677923023700714,-0.2796311780442142,unreviewed_scene_member
FIT_near,255315,9666,5,1979443,frame:3d854c4e9c848ce08fb1e058,1.4004173278808594,-0.46287262439727783,-0.7974919676780701,0.9090892882073915,-0.46287262439727783,-0.23068358252688492,unreviewed_scene_member
FIT_near,255318,9669,5,1979443,frame:3d854c4e9c848ce08fb1e058,1.3861242532730103,-0.4637907147407532,-0.8370991349220276,0.8788801185207463,-0.4637907147407532,-0.2600165971295445,unreviewed_scene_member
FIT_near,255319,9670,5,1979443,frame:3d854c4e9c848ce08fb1e058,1.4302572011947632,-0.4727354347705841,-0.7975755333900452,0.9358725558872588,-0.4727354347705841,-0.2438396303759396,unreviewed_scene_member
FIT_near,255322,9673,5,1979443,frame:3d854c4e9c848ce08fb1e058,1.3873436450958252,-0.45077526569366455,-0.8524184823036194,0.8732605407514699,-0.45077526569366455,-0.27432008154106047,unreviewed_scene_member
FIT_near,255323,9674,5,1979443,frame:3d854c4e9c848ce08fb1e058,1.405610203742981,-0.4510214626789093,-0.7981772422790527,0.9134562095027388,-0.4510214626789093,-0.23357591020513957,unreviewed_scene_member
FIT_near,255326,9677,5,1979443,frame:3d854c4e9c848ce08fb1e058,1.3928645849227905,-0.4525691270828247,-0.8421503901481628,0.8827239639314456,-0.4525691270828247,-0.26751140216818525,unreviewed_scene_member
FIT_near,255327,9678,5,1979443,frame:3d854c4e9c848ce08fb1e058,1.4381095170974731,-0.45895931124687195,-0.7992763519287109,0.9421845808969997,-0.45895931124687195,-0.24881054467954877,unreviewed_scene_member
FIT_near,255330,9681,5,1979443,frame:3d854c4e9c848ce08fb1e058,1.3237704038619995,-0.41992470622062683,-0.847713828086853,0.8181836746908164,-0.41992470622062683,-0.2422228916763638,unreviewed_scene_member
FIT_near,255331,9682,5,1979443,frame:3d854c4e9c848ce08fb1e058,1.4188653230667114,-0.4446454644203186,-0.8378282785415649,0.9079879615961199,-0.4446454644203186,-0.27502468738624763,unreviewed_scene_member
FIT_near,255334,9685,5,1979443,frame:3d854c4e9c848ce08fb1e058,1.344513177871704,-0.4239233434200287,-0.84372478723526,0.8385758368871694,-0.4239233434200287,-0.24773059913872864,unreviewed_scene_member
FIT_near,255335,9686,5,1979443,frame:3d854c4e9c848ce08fb1e058,1.4088598489761353,-0.4385412037372589,-0.8145392537117004,0.9092043375753767,-0.4385412037372589,-0.24970653937379783,unreviewed_scene_member
FIT_near,255338,9689,5,1979443,frame:3d854c4e9c848ce08fb1e058,1.3469961881637573,-0.4118180572986603,-0.8597782254219055,0.8337701876467789,-0.4118180572986603,-0.2632478138727339,unreviewed_scene_member
FIT_near,255339,9690,5,1979443,frame:3d854c4e9c848ce08fb1e058,1.3900725841522217,-0.4194229543209076,-0.8181431889533997,0.8907385945805402,-0.4194229543209076,-0.24470994008639568,unreviewed_scene_member
FIT_near,255342,9693,5,1979443,frame:3d854c4e9c848ce08fb1e058,1.3619331121444702,-0.4163847267627716,-0.8523435592651367,0.8504545491198037,-0.4163847267627716,-0.2631134966897346,unreviewed_scene_member
FIT_near,255343,9694,5,1979443,frame:3d854c4e9c848ce08fb1e058,1.4252115488052368,-0.4275839626789093,-0.8214038610458374,0.9208919022393217,-0.4275839626789093,-0.26304452098193565,unreviewed_scene_member
FIT_near,255346,9697,5,1979443,frame:3d854c4e9c848ce08fb1e058,1.376751184463501,-0.40781229734420776,-0.8764656186103821,0.8531985294796898,-0.40781229734420776,-0.2912900753694134,unreviewed_scene_member
FIT_near,255347,9698,5,1979443,frame:3d854c4e9c848ce08fb1e058,1.3793599605560303,-0.40309178829193115,-0.8097369074821472,0.884795223520824,-0.40309178829193115,-0.23245831925753668,unreviewed_scene_member
FIT_near,255350,9701,5,1979443,frame:3d854c4e9c848ce08fb1e058,1.3764041662216187,-0.40509775280952454,-0.8586980104446411,0.8606754383172434,-0.40509775280952454,-0.2751685321484183,unreviewed_scene_member
FIT_near,255351,9702,5,1979443,frame:3d854c4e9c848ce08fb1e058,1.4019813537597656,-0.4073132276535034,-0.8092637658119202,0.9053346087079049,-0.4073132276535034,-0.24194962842196888,unreviewed_scene_member
FIT_near,255354,9705,5,1979443,frame:3d854c4e9c848ce08fb1e058,1.3856738805770874,-0.39471957087516785,-0.87946617603302,0.8599028378251495,-0.39471957087516785,-0.29789841104422243,unreviewed_scene_member
FIT_near,255355,9706,5,1979443,frame:3d854c4e9c848ce08fb1e058,1.3819758892059326,-0.38845589756965637,-0.8121855854988098,0.8860729748266181,-0.38845589756965637,-0.23580592412239287,unreviewed_scene_member
FIT_near,255358,9709,5,1979443,frame:3d854c4e9c848ce08fb1e058,1.3921623229980469,-0.39656785130500793,-0.8663368821144104,0.8714901148744947,-0.39656785130500793,-0.288942225783015,unreviewed_scene_member
FIT_near,255359,9710,5,1979443,frame:3d854c4e9c848ce08fb1e058,1.4221527576446533,-0.39974910020828247,-0.8188624382019043,0.9192567654018877,-0.39974910020828247,-0.2594194194718267,unreviewed_scene_member
FIT_near,255362,9713,5,1979443,frame:3d854c4e9c848ce08fb1e058,1.2795723676681519,-0.35245296359062195,-0.8133251070976257,0.7935337659583284,-0.35245296359062195,-0.1919393701792811,unreviewed_scene_member
FIT_near,255363,9714,5,1979443,frame:3d854c4e9c848ce08fb1e058,1.422797679901123,-0.38656556606292725,-0.8341621160507202,0.9131294803622396,-0.38656556606292725,-0.27345339414179604,unreviewed_scene_member
FIT_near,255366,9717,5,1979443,frame:3d854c4e9c848ce08fb1e058,1.3872623443603516,-0.3795120120048523,-0.8641800880432129,0.8680315195383197,-0.3795120120048523,-0.28485570285808093,unreviewed_scene_member
FIT_near,255367,9718,5,1979443,frame:3d854c4e9c848ce08fb1e058,1.4220494031906128,-0.38369837403297424,-0.816444456577301,0.9202238444116299,-0.38369837403297424,-0.2572008443730289,unreviewed_scene_member
FIT_near,255370,9721,5,1979443,frame:3d854c4e9c848ce08fb1e058,1.111043930053711,-0.2935504615306854,-0.7042118906974792,0.6898934954015452,-0.2935504615306854,-0.019991056442662858,unreviewed_scene_member
FIT_near,255371,9722,5,1979443,frame:3d854c4e9c848ce08fb1e058,1.424720287322998,-0.37111184000968933,-0.832965075969696,0.9153822562994626,-0.37111184000968933,-0.27322031726414253,unreviewed_scene_member
FIT_near,255374,9725,5,1979443,frame:3d854c4e9c848ce08fb1e058,1.3848743438720703,-0.36589956283569336,-0.8606705665588379,0.8674236718746794,-0.36589956283569336,-0.28065453532998497,unreviewed_scene_member
FIT_near,255375,9726,5,1979443,frame:3d854c4e9c848ce08fb1e058,1.44645094871521,-0.3767722249031067,-0.8285349011421204,0.9368557062005662,-0.3767722249031067,-0.2787645974600421,unreviewed_scene_member
FIT_near,255378,9729,5,1979443,frame:3d854c4e9c848ce08fb1e058,1.1335351467132568,-0.28893446922302246,-0.716841995716095,0.7045717934080926,-0.28893446922302246,-0.0412024200772545,unreviewed_scene_member
FIT_near,255379,9730,5,1979443,frame:3d854c4e9c848ce08fb1e058,1.4379476308822632,-0.36118748784065247,-0.838823676109314,0.9247026726771008,-0.36118748784065247,-0.28428447795432676,unreviewed_scene_member
FIT_near,255382,9733,5,1979443,frame:3d854c4e9c848ce08fb1e058,1.3205088376998901,-0.3341400921344757,-0.8184491395950317,0.8280809934972865,-0.3341400921344757,-0.2144901873943028,unreviewed_scene_member
FIT_near,255383,9734,5,1979443,frame:3d854c4e9c848ce08fb1e058,1.4399871826171875,-0.3590291440486908,-0.8260230422019958,0.932147238199148,-0.3590291440486908,-0.27367342504254855,unreviewed_scene_member
FIT_near,255386,9737,5,1979443,frame:3d854c4e9c848ce08fb1e058,1.0999791622161865,-0.2681460380554199,-0.6938076019287109,0.6845094879445854,-0.2681460380554199,-0.0057892686754261735,unreviewed_scene_member
FIT_near,255387,9738,5,1979443,frame:3d854c4e9c848ce08fb1e058,1.445315957069397,-0.3469896614551544,-0.8443841338157654,0.9288877361638377,-0.3469896614551544,-0.29251224583615354,unreviewed_scene_member
FIT_near,255390,9741,5,1979443,frame:3d854c4e9c848ce08fb1e058,1.3284931182861328,-0.3213962912559509,-0.8212665915489197,0.8340221277081344,-0.3213962912559509,-0.22052257467306813,unreviewed_scene_member
FIT_near,255391,9742,5,1979443,frame:3d854c4e9c848ce08fb1e058,1.451940655708313,-0.34858009219169617,-0.8311032652854919,0.9406639254269926,-0.34858009219169617,-0.2834795570109354,unreviewed_scene_member
FIT_near,255394,9745,5,1979443,frame:3d854c4e9c848ce08fb1e058,1.0670572519302368,-0.24831201136112213,-0.6739981770515442,0.6636033512874142,-0.24831201136112213,0.026447340031320987,unreviewed_scene_member
FIT_near,255395,9746,5,1979443,frame:3d854c4e9c848ce08fb1e058,1.4612627029418945,-0.33735910058021545,-0.8519481420516968,0.939904733447177,-0.33735910058021545,-0.30630132468044735,unreviewed_scene_member
FIT_near,255398,9749,5,1979443,frame:3d854c4e9c848ce08fb1e058,1.3452688455581665,-0.3130538761615753,-0.8332013487815857,0.8438681982878439,-0.3130538761615753,-0.2386034582202765,unreviewed_scene_member
FIT_near,255399,9750,5,1979443,frame:3d854c4e9c848ce08fb1e058,1.4601244926452637,-0.33441317081451416,-0.8337374329566956,0.9468647662389468,-0.33441317081451416,-0.289434689213953,unreviewed_scene_member
FIT_near,255402,9753,5,1979443,frame:3d854c4e9c848ce08fb1e058,1.0840811729431152,-0.24232085049152374,-0.6833894848823547,0.6747874717548149,-0.24232085049152374,0.010543692688763429,unreviewed_scene_member
FIT_near,255403,9754,5,1979443,frame:3d854c4e9c848ce08fb1e058,1.4533201456069946,-0.31953316926956177,-0.8453201651573181,0.9356715240342595,-0.31953316926956177,-0.2968623505414332,unreviewed_scene_member
FIT_near,255406,9757,5,1979443,frame:3d854c4e9c848ce08fb1e058,1.4077612161636353,-0.31209316849708557,-0.8698344230651855,0.8839770861430493,-0.31209316849708557,-0.29892389945189857,unreviewed_scene_member
FIT_near,255407,9758,5,1979443,frame:3d854c4e9c848ce08fb1e058,1.4773411750793457,-0.32481449842453003,-0.8419175148010254,0.9587531060487957,-0.32481449842453003,-0.3043341948964082,unreviewed_scene_member
FIT_near,255410,9761,5,1979443,frame:3d854c4e9c848ce08fb1e058,1.0616874694824219,-0.22566862404346466,-0.667746365070343,0.6615176367811051,-0.22566862404346466,0.03442038910826284,unreviewed_scene_member
FIT_near,255411,9762,5,1979443,frame:3d854c4e9c848ce08fb1e058,1.4463356733322144,-0.304790735244751,-0.8396785259246826,0.931867053797326,-0.304790735244751,-0.2887298876669606,unreviewed_scene_member
FIT_near,255414,9765,5,1979443,frame:3d854c4e9c848ce08fb1e058,1.4245216846466064,-0.30279141664505005,-0.8785241842269897,0.8952319548629052,-0.30279141664505005,-0.31408151083749214,unreviewed_scene_member
FIT_near,255415,9766,5,1979443,frame:3d854c4e9c848ce08fb1e058,1.4634370803833008,-0.30572792887687683,-0.8321235775947571,0.9505495680015028,-0.30572792887687683,-0.28943630850861735,unreviewed_scene_member
FIT_near,255418,9769,5,1979443,frame:3d854c4e9c848ce08fb1e058,1.2535252571105957,-0.25503259897232056,-0.7869725823402405,0.7816749645645831,-0.25503259897232056,-0.15683557609673415,unreviewed_scene_member
FIT_near,255419,9770,5,1979443,frame:3d854c4e9c848ce08fb1e058,1.457321047782898,-0.29120147228240967,-0.8476737141609192,0.9382357831140539,-0.29120147228240967,-0.3007315864485849,unreviewed_scene_member
FIT_near,255422,9773,5,1979443,frame:3d854c4e9c848ce08fb1e058,1.407060146331787,-0.28371310234069824,-0.8658756613731384,0.8850823756549515,-0.28371310234069824,-0.2950584592262029,unreviewed_scene_member
FIT_near,255423,9774,5,1979443,frame:3d854c4e9c848ce08fb1e058,1.4569329023361206,-0.2911239266395569,-0.8303489089012146,0.9454816150469864,-0.2911239266395569,-0.28499000286324505,unreviewed_scene_member
FIT_near,255426,9777,5,1979443,frame:3d854c4e9c848ce08fb1e058,1.362635612487793,-0.2624022662639618,-0.8537008762359619,0.8504909436488485,-0.2624022662639618,-0.26464140098317523,unreviewed_scene_member
FIT_near,255427,9778,5,1979443,frame:3d854c4e9c848ce08fb1e058,1.4492249488830566,-0.27645444869995117,-0.841529130935669,0.9336526656196211,-0.27645444869995117,-0.29165977546949895,unreviewed_scene_member
FIT_near,255430,9781,5,1979443,frame:3d854c4e9c848ce08fb1e058,1.416393518447876,-0.27275440096855164,-0.873558521270752,0.8901032108408502,-0.27275440096855164,-0.30605524899866765,unreviewed_scene_member
FIT_near,255431,9782,5,1979443,frame:3d854c4e9c848ce08fb1e058,1.4645309448242188,-0.27672600746154785,-0.8329819440841675,0.9511564437461301,-0.27672600746154785,-0.2906873218082391,unreviewed_scene_member
FIT_near,255434,9785,5,1979443,frame:3d854c4e9c848ce08fb1e058,1.3949288129806519,-0.2560173571109772,-0.8759155869483948,0.8697775917771784,-0.2560173571109772,-0.29876425804531226,unreviewed_scene_member
FIT_near,255435,9786,5,1979443,frame:3d854c4e9c848ce08fb1e058,1.4509851932525635,-0.26107344031333923,-0.8409174680709839,0.9355028981304058,-0.26107344031333923,-0.29188165687126744,unreviewed_scene_member
FIT_near,255438,9789,5,1979443,frame:3d854c4e9c848ce08fb1e058,1.4074817895889282,-0.255782812833786,-0.8663626909255981,0.8852478464007001,-0.255782812833786,-0.29568103472649443,unreviewed_scene_member
FIT_near,255439,9790,5,1979443,frame:3d854c4e9c848ce08fb1e058,1.4466643333435059,-0.2602959871292114,-0.8214966654777527,0.9401328544736111,-0.2602959871292114,-0.2725322148126712,unreviewed_scene_member
FIT_near,255442,9793,5,1979443,frame:3d854c4e9c848ce08fb1e058,1.3709701299667358,-0.23656125366687775,-0.8592410087585449,0.8555533240904103,-0.23656125366687775,-0.2732744510953591,unreviewed_scene_member
FIT_near,255443,9794,5,1979443,frame:3d854c4e9c848ce08fb1e058,1.4379022121429443,-0.24475207924842834,-0.831961452960968,0.9276700512156737,-0.24475207924842834,-0.27809684237937615,unreviewed_scene_member
FIT_near,255446,9797,5,1979443,frame:3d854c4e9c848ce08fb1e058,1.2942675352096558,-0.2226283997297287,-0.7953477501869202,0.8146224496191833,-0.2226283997297287,-0.1822233662671704,unreviewed_scene_member
FIT_near,255447,9798,5,1979443,frame:3d854c4e9c848ce08fb1e058,1.3928346633911133,-0.23633058369159698,-0.7895549535751343,0.9057533924833086,-0.23633058369159698,-0.22022582017768677,unreviewed_scene_member
FIT_near,255450,9801,5,1979443,frame:3d854c4e9c848ce08fb1e058,1.2847695350646973,-0.20854751765727997,-0.8038756251335144,0.8023473293171336,-0.20854751765727997,-0.18572452028100472,unreviewed_scene_member
FIT_near,255451,9802,5,1979443,frame:3d854c4e9c848ce08fb1e058,1.3237589597702026,-0.21203182637691498,-0.764683187007904,0.8545716261576554,-0.21203182637691498,-0.16759042905455646,unreviewed_scene_member
FIT_near,255458,9809,5,1979443,frame:3d854c4e9c848ce08fb1e058,1.3752073049545288,-0.4336012005805969,-0.8459841012954712,0.8651731174700309,-0.4336012005805969,-0.26321667685375405,unreviewed_scene_member
FIT_near,255459,9810,5,1979443,frame:3d854c4e9c848ce08fb1e058,1.456595540046692,-0.4508916735649109,-0.8244490027427673,0.9477647444584284,-0.4508916735649109,-0.2795393124406087,unreviewed_scene_member
FIT_near,255462,9813,5,1979443,frame:3d854c4e9c848ce08fb1e058,1.383863091468811,-0.4336763918399811,-0.8339162468910217,0.8782430860296664,-0.4336763918399811,-0.2561646082240572,unreviewed_scene_member
FIT_near,255463,9814,5,1979443,frame:3d854c4e9c848ce08fb1e058,1.4597967863082886,-0.45188263058662415,-0.80910724401474,0.9573673899064558,-0.45188263058662415,-0.2671535650309498,unreviewed_scene_member
FIT_near,255466,9817,5,1979443,frame:3d854c4e9c848ce08fb1e058,1.3630380630493164,-0.41412264108657837,-0.8357842564582825,0.8587067929760007,-0.41412264108657837,-0.2487144725113719,unreviewed_scene_member
FIT_near,255467,9818,5,1979443,frame:3d854c4e9c848ce08fb1e058,1.4322643280029297,-0.4296998977661133,-0.808523952960968,0.932877078269773,-0.4296998977661133,-0.25455987118331724,unreviewed_scene_member
FIT_near,255470,9821,5,1979443,frame:3d854c4e9c848ce08fb1e058,1.3764228820800781,-0.41818925738334656,-0.8272022008895874,0.8744991141730974,-0.41818925738334656,-0.2468684905292995,unreviewed_scene_member
FIT_near,255471,9822,5,1979443,frame:3d854c4e9c848ce08fb1e058,1.4802136421203613,-0.4412708580493927,-0.821272075176239,0.9703852273677335,-0.4412708580493927,-0.2870374033493053,unreviewed_scene_member
FIT_near,255474,9825,5,1979443,frame:3d854c4e9c848ce08fb1e058,1.368872046470642,-0.4028809368610382,-0.8371737599372864,0.8633412243077377,-0.4028809368610382,-0.2525207999683676,unreviewed_scene_member
FIT_near,255475,9826,5,1979443,frame:3d854c4e9c848ce08fb1e058,1.4130991697311401,-0.4105432331562042,-0.7989745140075684,0.9198377466239013,-0.4105432331562042,-0.23757543989650576,unreviewed_scene_member
FIT_near,255478,9829,5,1979443,frame:3d854c4e9c848ce08fb1e058,1.385402798652649,-0.40485769510269165,-0.8299614191055298,0.8813606480712233,-0.40485769510269165,-0.2532849957602168,unreviewed_scene_member
FIT_near,255479,9830,5,1979443,frame:3d854c4e9c848ce08fb1e058,1.4513362646102905,-0.41890671849250793,-0.8031911253929138,0.9523565790805003,-0.41890671849250793,-0.2581273442372676,unreviewed_scene_member
FIT_near,255482,9833,5,1979443,frame:3d854c4e9c848ce08fb1e058,1.384275197982788,-0.39171040058135986,-0.8474175333976746,0.8726949104618207,-0.39171040058135986,-0.2684801397587473,unreviewed_scene_member
FIT_near,255483,9834,5,1979443,frame:3d854c4e9c848ce08fb1e058,1.4279927015304565,-0.3987027406692505,-0.8049905300140381,0.9305867164976367,-0.3987027406692505,-0.24951149388016725,unreviewed_scene_member
FIT_near,255486,9837,5,1979443,frame:3d854c4e9c848ce08fb1e058,1.3737573623657227,-0.3887341618537903,-0.8242822885513306,0.8733833662437869,-0.3887341618537903,-0.24307560376998794,unreviewed_scene_member
FIT_near,255487,9838,5,1979443,frame:3d854c4e9c848ce08fb1e058,1.4630244970321655,-0.4084838032722473,-0.8076559901237488,0.9609046249207283,-0.4084838032722473,-0.2672641219255878,unreviewed_scene_member
FIT_near,255490,9841,5,1979443,frame:3d854c4e9c848ce08fb1e058,1.3832823038101196,-0.37842318415641785,-0.8447558879852295,0.8729692916426206,-0.37842318415641785,-0.26565261255156947,unreviewed_scene_member
FIT_near,255491,9842,5,1979443,frame:3d854c4e9c848ce08fb1e058,1.4224259853363037,-0.3837999999523163,-0.799933910369873,0.9278000612771837,-0.3837999999523163,-0.2425263464877121,unreviewed_scene_member
FIT_near,255494,9845,5,1979443,frame:3d854c4e9c848ce08fb1e058,1.4046318531036377,-0.3816300332546234,-0.8403635025024414,0.8940836345000347,-0.3816300332546234,-0.271063789037818,unreviewed_scene_member
FIT_near,255495,9846,5,1979443,frame:3d854c4e9c848ce08fb1e058,1.4612972736358643,-0.3915534019470215,-0.8043946623802185,0.9607818787984904,-0.3915534019470215,-0.2635756950656749,unreviewed_scene_member
FIT_near,255498,9849,5,1979443,frame:3d854c4e9c848ce08fb1e058,1.4118624925613403,-0.3703952133655548,-0.8597935438156128,0.8920649207029396,-0.3703952133655548,-0.2916970982005347,unreviewed_scene_member
FIT_near,255499,9850,5,1979443,frame:3d854c4e9c848ce08fb1e058,1.435328483581543,-0.37120118737220764,-0.8049595952033997,0.9371936346585167,-0.37120118737220764,-0.25269948504687156,unreviewed_scene_member
FIT_near,255502,9853,5,1979443,frame:3d854c4e9c848ce08fb1e058,1.3975082635879517,-0.366629421710968,-0.8341555595397949,0.8904023777307936,-0.366629421710968,-0.2623613507579805,unreviewed_scene_member
FIT_near,255503,9854,5,1979443,frame:3d854c4e9c848ce08fb1e058,1.4176583290100098,-0.3666313588619232,-0.778581976890564,0.932874991721799,-0.3666313588619232,-0.22124535282827962,unreviewed_scene_member
FIT_near,255506,9857,5,1979443,frame:3d854c4e9c848ce08fb1e058,1.4224299192428589,-0.3599300980567932,-0.8642831444740295,0.8995947494997363,-0.3599300980567932,-0.3003647794955673,unreviewed_scene_member
FIT_near,255507,9858,5,1979443,frame:3d854c4e9c848ce08fb1e058,1.4674464464187622,-0.3658755123615265,-0.8245710730552673,0.9574639623997153,-0.3658755123615265,-0.2844057527807389,unreviewed_scene_member
FIT_near,255510,9861,5,1979443,frame:3d854c4e9c848ce08fb1e058,1.4416736364364624,-0.36212339997291565,-0.8582066893577576,0.9195546305397446,-0.36212339997291565,-0.30333918818910255,unreviewed_scene_member
FIT_near,255511,9862,5,1979443,frame:3d854c4e9c848ce08fb1e058,1.442915678024292,-0.35708552598953247,-0.7936871647834778,0.9489544681020549,-0.35708552598953247,-0.2458938988269037,unreviewed_scene_member
FIT_near,255514,9865,5,1979443,frame:3d854c4e9c848ce08fb1e058,1.4152147769927979,-0.3423764705657959,-0.8611000180244446,0.894505213394259,-0.3423764705657959,-0.29434089421165743,unreviewed_scene_member
FIT_near,255515,9866,5,1979443,frame:3d854c4e9c848ce08fb1e058,1.4508079290390015,-0.3456312119960785,-0.813143253326416,0.9475189884793765,-0.3456312119960785,-0.2668406505016314,unreviewed_scene_member
FIT_near,255518,9869,5,1979443,frame:3d854c4e9c848ce08fb1e058,1.4626623392105103,-0.3538552522659302,-0.8723350763320923,0.9322256744323827,-0.3538552522659302,-0.32523853999011987,unreviewed_scene_member
FIT_near,255519,9870,5,1979443,frame:3d854c4e9c848ce08fb1e058,1.4450486898422241,-0.3442591726779938,-0.7931777238845825,0.9510949306157681,-0.3442591726779938,-0.24637106721677693,unreviewed_scene_member
FIT_near,255522,9873,5,1979443,frame:3d854c4e9c848ce08fb1e058,1.4169050455093384,-0.32711830735206604,-0.8599969744682312,0.8965079591422682,-0.32711830735206604,-0.29409045017850155,unreviewed_scene_member
FIT_near,255523,9874,5,1979443,frame:3d854c4e9c848ce08fb1e058,1.4634219408035278,-0.33516839146614075,-0.8185425996780396,0.9564894695012081,-0.33516839146614075,-0.27722316965920424,unreviewed_scene_member
FIT_near,255526,9877,5,1979443,frame:3d854c4e9c848ce08fb1e058,1.439639687538147,-0.3323670029640198,-0.8564814925193787,0.9184828058959389,-0.3323670029640198,-0.30089696703100866,unreviewed_scene_member
FIT_near,255527,9878,5,1979443,frame:3d854c4e9c848ce08fb1e058,1.4448221921920776,-0.3282555639743805,-0.7911231517791748,0.9517920210063241,-0.3282555639743805,-0.24442514000610438,unreviewed_scene_member
FIT_near,255530,9881,5,1979443,frame:3d854c4e9c848ce08fb1e058,1.4314429759979248,-0.31734326481819153,-0.8671069145202637,0.9064577719367097,-0.31734326481819153,-0.3068538312270337,unreviewed_scene_member
FIT_near,255531,9882,5,1979443,frame:3d854c4e9c848ce08fb1e058,1.470198631286621,-0.3205551207065582,-0.8204103708267212,0.9617615415806373,-0.3205551207065582,-0.28187261682599685,unreviewed_scene_member
FIT_near,255534,9885,5,1979443,frame:3d854c4e9c848ce08fb1e058,1.4463493824005127,-0.3206479549407959,-0.8587758541107178,0.9235076577687732,-0.3206479549407959,-0.3059004622007817,unreviewed_scene_member
FIT_near,255535,9886,5,1979443,frame:3d854c4e9c848ce08fb1e058,1.4572324752807617,-0.31772804260253906,-0.7963698506355286,0.9606463081648039,-0.31772804260253906,-0.25458115173048323,unreviewed_scene_member
FIT_near,255538,9889,5,1979443,frame:3d854c4e9c848ce08fb1e058,1.4529752731323242,-0.3061899244785309,-0.8781597018241882,0.9209656493586155,-0.3061899244785309,-0.3262271484386221,unreviewed_scene_member
FIT_near,255539,9890,5,1979443,frame:3d854c4e9c848ce08fb1e058,1.4719345569610596,-0.3075031638145447,-0.8198503255844116,0.9635672889167656,-0.3075031638145447,-0.282130231225195,unreviewed_scene_member
FIT_near,255542,9893,5,1979443,frame:3d854c4e9c848ce08fb1e058,1.4595884084701538,-0.3075835108757019,-0.8646765947341919,0.932820101144949,-0.3075835108757019,-0.31700761978243497,unreviewed_scene_member
FIT_near,255543,9894,5,1979443,frame:3d854c4e9c848ce08fb1e058,1.4748010635375977,-0.30541661381721497,-0.8075602054595947,0.9715313220147269,-0.30541661381721497,-0.27234053820394344,unreviewed_scene_member
FIT_near,255546,9897,5,1979443,frame:3d854c4e9c848ce08fb1e058,1.447972059249878,-0.2919624149799347,-0.8735626935958862,0.9184839862775509,-0.2919624149799347,-0.319902120204957,unreviewed_scene_member
FIT_near,255547,9898,5,1979443,frame:3d854c4e9c848ce08fb1e058,1.4716451168060303,-0.29139357805252075,-0.8213444948196411,0.9626521411475207,-0.29139357805252075,-0.28334629942529577,unreviewed_scene_member
FIT_near,255550,9901,5,1979443,frame:3d854c4e9c848ce08fb1e058,1.4539768695831299,-0.29053324460983276,-0.8595026731491089,0.9300445813413653,-0.29053324460983276,-0.30989739312858755,unreviewed_scene_member
FIT_near,255551,9902,5,1979443,frame:3d854c4e9c848ce08fb1e058,1.4647505283355713,-0.2900284230709076,-0.8006404638290405,0.9655313758870956,-0.2900284230709076,-0.26171525098211657,unreviewed_scene_member
FIT_near,255554,9905,5,1979443,frame:3d854c4e9c848ce08fb1e058,1.4428733587265015,-0.27524280548095703,-0.8721639513969421,0.9145144728250912,-0.27524280548095703,-0.3164098158486719,unreviewed_scene_member
FIT_near,255555,9906,5,1979443,frame:3d854c4e9c848ce08fb1e058,1.4472986459732056,-0.2734699249267578,-0.8063938021659851,0.9473236303984557,-0.2734699249267578,-0.25923591554088876,unreviewed_scene_member
FIT_near,255558,9909,5,1979443,frame:3d854c4e9c848ce08fb1e058,1.4420711994171143,-0.2750898003578186,-0.8544399738311768,0.9215631771847989,-0.2750898003578186,-0.3001279668394583,unreviewed_scene_member
FIT_near,255559,9910,5,1979443,frame:3d854c4e9c848ce08fb1e058,1.4511358737945557,-0.27419498562812805,-0.7918605208396912,0.9571434791201946,-0.27419498562812805,-0.247855618772161,unreviewed_scene_member
FIT_near,255562,9913,5,1979443,frame:3d854c4e9c848ce08fb1e058,1.4109817743301392,-0.2564188539981842,-0.8515015244483948,0.8949083184394736,-0.2564188539981842,-0.28385819910047205,unreviewed_scene_member
FIT_near,255563,9914,5,1979443,frame:3d854c4e9c848ce08fb1e058,1.3946282863616943,-0.24842114746570587,-0.7755553722381592,0.913502502655829,-0.24842114746570587,-0.2084293523798535,unreviewed_scene_member
FIT_near,255566,9917,5,1979443,frame:3d854c4e9c848ce08fb1e058,1.4460604190826416,-0.2601873576641083,-0.8551422357559204,0.9248408127042582,-0.2601873576641083,-0.3025079144759313,unreviewed_scene_member
FIT_near,255567,9918,5,1979443,frame:3d854c4e9c848ce08fb1e058,1.3339146375656128,-0.23760639131069183,-0.726497232913971,0.8804391093836952,-0.23760639131069183,-0.1377210769842705,unreviewed_scene_member
FIT_near,255570,9921,5,1979443,frame:3d854c4e9c848ce08fb1e058,1.390629768371582,-0.23820433020591736,-0.8377213478088379,0.8826568884901158,-0.23820433020591736,-0.2625509261883767,unreviewed_scene_member
FIT_near,255571,9922,5,1979443,frame:3d854c4e9c848ce08fb1e058,1.2001564502716064,-0.2029912769794464,-0.6663987040519714,0.7865635080176444,-0.2029912769794464,-0.025069147095264865,unreviewed_scene_member
FIT_near,255574,9925,5,1979443,frame:3d854c4e9c848ce08fb1e058,1.424485206604004,-0.2429799884557724,-0.8410447835922241,0.9116290564526228,-0.2429799884557724,-0.28037925776673545,unreviewed_scene_member
FIT_near,255575,9926,5,1979443,frame:3d854c4e9c848ce08fb1e058,1.3487348556518555,-0.22739510238170624,-0.7333917617797852,0.890737070638988,-0.22739510238170624,-0.1504145944790325,unreviewed_scene_member
FIT_near,255578,9929,5,1979443,frame:3d854c4e9c848ce08fb1e058,1.3152010440826416,-0.21230943500995636,-0.7910186052322388,0.8353351350007736,-0.21230943500995636,-0.18750900284730676,unreviewed_scene_member
FIT_near,255582,9933,5,1979443,frame:3d854c4e9c848ce08fb1e058,1.392404556274414,-0.2240242213010788,-0.8208206295967102,0.8916608445148344,-0.2240242213010788,-0.2481386770894083,unreviewed_scene_member
FIT_near,255583,9934,5,1979443,frame:3d854c4e9c848ce08fb1e058,1.3855196237564087,-0.21994057297706604,-0.7522112727165222,0.9155490706145087,-0.21994057297706604,-0.18345483984159716,unreviewed_scene_member
FIT_near,255719,10070,5,1979443,frame:3d854c4e9c848ce08fb1e058,1.3530925512313843,-0.20149677991867065,-0.7335222959518433,0.8945965190667522,-0.20149677991867065,-0.1524422058242727,unreviewed_scene_member
FIT_near,256946,11297,5,1979443,frame:3d854c4e9c848ce08fb1e058,1.4264874458312988,-0.7907149195671082,-0.8202975988388062,0.9225236243223829,-0.7907149195671082,-0.2626095355391098,unreviewed_scene_member
FIT_near,256954,11305,5,1979443,frame:3d854c4e9c848ce08fb1e058,1.438991665840149,-0.7780598402023315,-0.8227574229240417,0.9326840269148082,-0.7780598402023315,-0.2703019000468454,unreviewed_scene_member
FIT_near,256958,11309,5,1979443,frame:3d854c4e9c848ce08fb1e058,1.4653880596160889,-0.7923323512077332,-0.8197140693664551,0.9577430668735153,-0.7923323512077332,-0.279137969399158,unreviewed_scene_member
FIT_near,256962,11313,5,1979443,frame:3d854c4e9c848ce08fb1e058,1.4344871044158936,-0.7595218420028687,-0.8199137449264526,0.9298819403104006,-0.7595218420028687,-0.2657713494356877,unreviewed_scene_member
FIT_near,256966,11317,5,1979443,frame:3d854c4e9c848ce08fb1e058,1.4575223922729492,-0.7684644460678101,-0.8143431544303894,0.9530279060351613,-0.7684644460678101,-0.2708625414179693,unreviewed_scene_member
FIT_near,256970,11321,5,1979443,frame:3d854c4e9c848ce08fb1e058,1.4470592737197876,-0.7500842809677124,-0.823326826095581,0.9396855349236106,-0.7500842809677124,-0.2743502827454105,unreviewed_scene_member
FIT_near,256974,11325,5,1979443,frame:3d854c4e9c848ce08fb1e058,1.4898475408554077,-0.7689676880836487,-0.8286228775978088,0.9758217385060788,-0.7689676880836487,-0.2978674840378659,unreviewed_scene_member
FIT_near,256978,11329,5,1979443,frame:3d854c4e9c848ce08fb1e058,1.4311243295669556,-0.7229129076004028,-0.8099085688591003,0.9312454788036024,-0.7229129076004028,-0.25530461328725407,unreviewed_scene_member
FIT_near,256982,11333,5,1979443,frame:3d854c4e9c848ce08fb1e058,1.470816969871521,-0.7429630756378174,-0.8179828524589539,0.9633814546300721,-0.7429630756378174,-0.2799618395643322,unreviewed_scene_member
FIT_near,256986,11337,5,1979443,frame:3d854c4e9c848ce08fb1e058,1.4647855758666992,-0.7239421010017395,-0.8289340138435364,0.9531598004328222,-0.7239421010017395,-0.28716068911022585,unreviewed_scene_member
FIT_near,256990,11341,5,1979443,frame:3d854c4e9c848ce08fb1e058,1.4788837432861328,-0.7277010679244995,-0.8181860446929932,0.9705427489353151,-0.7277010679244995,-0.28368070824719194,unreviewed_scene_member
FIT_near,257082,11433,5,1979443,frame:3d854c4e9c848ce08fb1e058,1.4763356447219849,-0.7949248552322388,-0.8105700016021729,0.9715911866601934,-0.7949248552322388,-0.27571844117110755,unreviewed_scene_member
FIT_near,257086,11437,5,1979443,frame:3d854c4e9c848ce08fb1e058,1.486914038658142,-0.7972763776779175,-0.7975244522094727,0.9868177765971904,-0.7972763776779175,-0.2686304417272267,unreviewed_scene_member
FIT_near,257090,11441,5,1979443,frame:3d854c4e9c848ce08fb1e058,1.4786851406097412,-0.7763270735740662,-0.8073520064353943,0.9751135758075357,-0.7763270735740662,-0.2738560774808796,unreviewed_scene_member
FIT_near,257094,11445,5,1979443,frame:3d854c4e9c848ce08fb1e058,1.4856754541397095,-0.7799971103668213,-0.7931789755821228,0.9876094757786612,-0.7799971103668213,-0.2641817934904922,unreviewed_scene_member
FIT_near,257098,11449,5,1979443,frame:3d854c4e9c848ce08fb1e058,1.4624663591384888,-0.7516056299209595,-0.7984286546707153,0.9644479715292313,-0.7516056299209595,-0.25872597620867865,unreviewed_scene_member
FIT_near,257102,11453,5,1979443,frame:3d854c4e9c848ce08fb1e058,1.4847620725631714,-0.7597911357879639,-0.7919644117355347,0.987320963601947,-0.7597911357879639,-0.2626897506071655,unreviewed_scene_member
FIT_near,257106,11457,5,1979443,frame:3d854c4e9c848ce08fb1e058,1.4888228178024292,-0.7487998604774475,-0.809219479560852,0.9834066133760216,-0.7487998604774475,-0.2799786163844007,unreviewed_scene_member
FIT_near,257114,11465,5,1979443,frame:3d854c4e9c848ce08fb1e058,1.4684823751449585,-0.7194020748138428,-0.7940254211425781,0.9717853814295965,-0.7194020748138428,-0.25740562396498157,unreviewed_scene_member
FIT_near,257118,11469,5,1979443,frame:3d854c4e9c848ce08fb1e058,1.492594599723816,-0.7312145233154297,-0.7892141342163086,0.9955664346915021,-0.7312145233154297,-0.263651371460883,unreviewed_scene_member
FIT_near,257122,11473,5,1979443,frame:3d854c4e9c848ce08fb1e058,1.4542427062988281,-0.7030084133148193,-0.8194646835327148,0.9478350132219904,-0.7030084133148193,-0.27402802158150386,unreviewed_scene_member
FIT_near,257126,11477,5,1979443,frame:3d854c4e9c848ce08fb1e058,1.491457223892212,-0.717789888381958,-0.8216453790664673,0.9803272460688903,-0.717789888381958,-0.29230178849864563,unreviewed_scene_member
FIT_near,257130,11481,5,1979443,frame:3d854c4e9c848ce08fb1e058,1.4524424076080322,-0.6834675073623657,-0.817898154258728,0.9469036367114589,-0.6834675073623657,-0.27183083539504405,unreviewed_scene_member
FIT_near,257134,11485,5,1979443,frame:3d854c4e9c848ce08fb1e058,1.4685611724853516,-0.6910524368286133,-0.8092128038406372,0.9651984936399333,-0.6910524368286133,-0.271090495593336,unreviewed_scene_member
FIT_near,257138,11489,5,1979443,frame:3d854c4e9c848ce08fb1e058,1.4746222496032715,-0.6782504320144653,-0.8270235061645508,0.9628384556648268,-0.6782504320144653,-0.2897556501294358,unreviewed_scene_member
FIT_near,257142,11493,5,1979443,frame:3d854c4e9c848ce08fb1e058,1.48545503616333,-0.6800944209098816,-0.8145524859428406,0.978041835166058,-0.6800944209098816,-0.2832955524701404,unreviewed_scene_member
FIT_near,257146,11497,5,1979443,frame:3d854c4e9c848ce08fb1e058,1.4764599800109863,-0.6635474562644958,-0.8247750401496887,0.9654758594394351,-0.6635474562644958,-0.28854035024829083,unreviewed_scene_member
FIT_near,257150,11501,5,1979443,frame:3d854c4e9c848ce08fb1e058,1.4921456575393677,-0.6674690246582031,-0.8185614347457886,0.9822979183407154,-0.6674690246582031,-0.2898317471514935,unreviewed_scene_member
FIT_near,257154,11505,5,1979443,frame:3d854c4e9c848ce08fb1e058,1.4738717079162598,-0.6439187526702881,-0.8230565190315247,0.9639028859638437,-0.6439187526702881,-0.28586112989247825,unreviewed_scene_member
FIT_near,257158,11509,5,1979443,frame:3d854c4e9c848ce08fb1e058,1.4833059310913086,-0.6449598073959351,-0.8099625110626221,0.9781223448744282,-0.6449598073959351,-0.2782280047201451,unreviewed_scene_member
FIT_near,257162,11513,5,1979443,frame:3d854c4e9c848ce08fb1e058,1.4715548753738403,-0.6276713609695435,-0.8186725974082947,0.9637423154178536,-0.6276713609695435,-0.2809052546995383,unreviewed_scene_member
FIT_near,257166,11517,5,1979443,frame:3d854c4e9c848ce08fb1e058,1.4902936220169067,-0.6325920820236206,-0.8107327818870544,0.9840651753710901,-0.6325920820236206,-0.281983521635645,unreviewed_scene_member
FIT_near,257170,11521,5,1979443,frame:3d854c4e9c848ce08fb1e058,1.4534072875976562,-0.6020209789276123,-0.8050249814987183,0.9534140926071456,-0.6020209789276123,-0.2606834799089319,unreviewed_scene_member
FIT_near,257174,11525,5,1979443,frame:3d854c4e9c848ce08fb1e058,1.4771034717559814,-0.611836314201355,-0.8041152954101562,0.9751108619825181,-0.611836314201355,-0.2702535828925414,unreviewed_scene_member
FIT_near,257178,11529,5,1979443,frame:3d854c4e9c848ce08fb1e058,1.4765374660491943,-0.5965598225593567,-0.8184322714805603,0.9683259902045516,-0.5965598225593567,-0.28287347517485495,unreviewed_scene_member
FIT_near,257182,11533,5,1979443,frame:3d854c4e9c848ce08fb1e058,1.4965640306472778,-0.6016148924827576,-0.8112350702285767,0.9894807925996386,-0.6016148924827576,-0.28518374162866245,unreviewed_scene_member
FIT_near,257186,11537,5,1979443,frame:3d854c4e9c848ce08fb1e058,1.4633368253707886,-0.576423704624176,-0.8082961440086365,0.9609047187793334,-0.576423704624176,-0.26797640415801705,unreviewed_scene_member
FIT_near,257190,11541,5,1979443,frame:3d854c4e9c848ce08fb1e058,1.4749852418899536,-0.578040361404419,-0.7967731356620789,0.9764256005789125,-0.578040361404419,-0.2627259225684586,unreviewed_scene_member
FIT_near,257194,11545,5,1979443,frame:3d854c4e9c848ce08fb1e058,1.4357529878616333,-0.5482608079910278,-0.7898450493812561,0.9442009573633394,-0.5482608079910278,-0.239300711677493,unreviewed_scene_member
FIT_near,257198,11549,5,1979443,frame:3d854c4e9c848ce08fb1e058,1.4792159795761108,-0.5648576617240906,-0.7963654398918152,0.9804068844850355,-0.5648576617240906,-0.2642141213686888,unreviewed_scene_member
FIT_near,257202,11553,5,1979443,frame:3d854c4e9c848ce08fb1e058,1.4391883611679077,-0.5352293848991394,-0.7925261855125427,0.9461133177172643,-0.5352293848991394,-0.2432164694055312,unreviewed_scene_member
FIT_near,257206,11557,5,1979443,frame:3d854c4e9c848ce08fb1e058,1.4919772148132324,-0.5516031384468079,-0.8035101890563965,0.9887445548547859,-0.5516031384468079,-0.2762299367054575,unreviewed_scene_member
FIT_near,257210,11561,5,1979443,frame:3d854c4e9c848ce08fb1e058,1.4259569644927979,-0.513094961643219,-0.782187283039093,0.9387532936952795,-0.513094961643219,-0.22812366288303765,unreviewed_scene_member
FIT_near,257214,11565,5,1979443,frame:3d854c4e9c848ce08fb1e058,1.4764022827148438,-0.5312464237213135,-0.7925952076911926,0.979530711511486,-0.5312464237213135,-0.2595920155938134,unreviewed_scene_member
FIT_near,257218,11569,5,1979443,frame:3d854c4e9c848ce08fb1e058,1.455554485321045,-0.5094427466392517,-0.795953631401062,0.9593205992823893,-0.5094427466392517,-0.253471473977648,unreviewed_scene_member
FIT_near,257222,11573,5,1979443,frame:3d854c4e9c848ce08fb1e058,1.4768472909927368,-0.5142926573753357,-0.7899490594863892,0.9810906773253238,-0.5142926573753357,-0.2574087521308215,unreviewed_scene_member
FIT_near,257226,11577,5,1979443,frame:3d854c4e9c848ce08fb1e058,1.4722663164138794,-0.5009135603904724,-0.8061116933822632,0.9698880922915326,-0.5009135603904724,-0.2699274641694007,unreviewed_scene_member
FIT_near,257230,11581,5,1979443,frame:3d854c4e9c848ce08fb1e058,1.4790765047073364,-0.500639796257019,-0.7921983003616333,0.9821082790380488,-0.500639796257019,-0.2604075794106906,unreviewed_scene_member
FIT_near,257234,11585,5,1979443,frame:3d854c4e9c848ce08fb1e058,1.4666194915771484,-0.4821999669075012,-0.8002586364746094,0.9673785710166145,-0.4821999669075012,-0.2621913663887565,unreviewed_scene_member
FIT_near,257238,11589,5,1979443,frame:3d854c4e9c848ce08fb1e058,1.4771428108215332,-0.4856598675251007,-0.7888625264167786,0.9818325935357588,-0.4856598675251007,-0.25656173004299654,unreviewed_scene_member
FIT_near,257242,11593,5,1979443,frame:3d854c4e9c848ce08fb1e058,1.462694525718689,-0.4668053984642029,-0.7958638668060303,0.9657773752905925,-0.4668053984642029,-0.25652078179130045,unreviewed_scene_member
FIT_near,257250,11601,5,1979443,frame:3d854c4e9c848ce08fb1e058,1.4719120264053345,-0.7052220702171326,-0.7960452437400818,0.9739824996149267,-0.7052220702171326,-0.26072448864629605,unreviewed_scene_member
FIT_near,257258,11609,5,1979443,frame:3d854c4e9c848ce08fb1e058,1.4878950119018555,-0.6969809532165527,-0.8013691306114197,0.986014073428122,-0.6969809532165527,-0.27251604615064773,unreviewed_scene_member
FIT_near,257266,11617,5,1979443,frame:3d854c4e9c848ce08fb1e058,1.4955874681472778,-0.6815784573554993,-0.8016239404678345,0.9928163060139548,-0.6815784573554993,-0.2761172185984624,unreviewed_scene_member
FIT_near,257274,11625,5,1979443,frame:3d854c4e9c848ce08fb1e058,1.4900720119476318,-0.6634228229522705,-0.7990612387657166,0.9889824613031248,-0.6634228229522705,-0.2713960607068544,unreviewed_scene_member
FIT_near,257290,11641,5,1979443,frame:3d854c4e9c848ce08fb1e058,1.4896507263183594,-0.629253089427948,-0.792210042476654,0.9916071790618568,-0.629253089427948,-0.26505356680778824,unreviewed_scene_member
FIT_near,257322,11673,5,1979443,frame:3d854c4e9c848ce08fb1e058,1.4973111152648926,-0.5687751173973083,-0.7916098833084106,0.9987553835021756,-0.5687751173973083,-0.2678722408078811,unreviewed_scene_member
FIT_near,257378,11729,5,1979443,frame:3d854c4e9c848ce08fb1e058,1.503846287727356,-0.46264350414276123,-0.8155739307403564,0.9941240106485258,-0.46264350414276123,-0.29227581501177946,unreviewed_scene_member
FIT_near,257386,11737,5,1979443,frame:3d854c4e9c848ce08fb1e058,1.4948126077651978,-0.445622980594635,-0.8119918704032898,0.9875748647801936,-0.445622980594635,-0.2850961758626027,unreviewed_scene_member
FIT_near,257394,11745,5,1979443,frame:3d854c4e9c848ce08fb1e058,1.4750547409057617,-0.4257526993751526,-0.7992106676101685,0.9754195222051253,-0.4257526993751526,-0.2649472281343259,unreviewed_scene_member
FIT_near,257402,11753,5,1979443,frame:3d854c4e9c848ce08fb1e058,1.4797972440719604,-0.4103841185569763,-0.7994077801704407,0.9795956473563666,-0.4103841185569763,-0.2672033682815669,unreviewed_scene_member
FIT_near,257410,11761,5,1979443,frame:3d854c4e9c848ce08fb1e058,1.4852651357650757,-0.3979755938053131,-0.8004549741744995,0.9840510962194774,-0.3979755938053131,-0.27054154596976465,unreviewed_scene_member
FIT_near,257418,11769,5,1979443,frame:3d854c4e9c848ce08fb1e058,1.4489221572875977,-0.3720199763774872,-0.7820476293563843,0.9594554923964004,-0.3720199763774872,-0.2380654208861639,unreviewed_scene_member
FIT_near,257422,11773,5,1979443,frame:3d854c4e9c848ce08fb1e058,1.4946585893630981,-0.3837631046772003,-0.7896641492843628,0.9972242626694567,-0.3837631046772003,-0.2649606358299279,unreviewed_scene_member
FIT_near,257426,11777,5,1979443,frame:3d854c4e9c848ce08fb1e058,1.4466514587402344,-0.35801002383232117,-0.7791060209274292,0.9587041183214957,-0.35801002383232117,-0.23442611201745578,unreviewed_scene_member
FIT_near,257430,11781,5,1979443,frame:3d854c4e9c848ce08fb1e058,1.4883544445037842,-0.3655748963356018,-0.7842679023742676,0.9939236937492333,-0.3655748963356018,-0.2573469660232721,unreviewed_scene_member
FIT_near,257434,11785,5,1979443,frame:3d854c4e9c848ce08fb1e058,1.450321078300476,-0.34284138679504395,-0.7791060209274292,0.962002350534424,-0.34284138679504395,-0.2360347673523584,unreviewed_scene_member
FIT_near,257438,11789,5,1979443,frame:3d854c4e9c848ce08fb1e058,1.4941731691360474,-0.3532075881958008,-0.785679817199707,0.9985345860845695,-0.3532075881958008,-0.26116674765215375,unreviewed_scene_member
FIT_near,257442,11793,5,1979443,frame:3d854c4e9c848ce08fb1e058,1.4570893049240112,-0.3310425579547882,-0.7811601758003235,0.9671851101003477,-0.3310425579547882,-0.24084802478897993,unreviewed_scene_member
FIT_near,257446,11797,5,1979443,frame:3d854c4e9c848ce08fb1e058,1.4821808338165283,-0.33674323558807373,-0.7777990698814392,0.9912106387376266,-0.33674323558807373,-0.2488264850954096,unreviewed_scene_member
FIT_near,257450,11801,5,1979443,frame:3d854c4e9c848ce08fb1e058,1.4605435132980347,-0.3184499740600586,-0.7814923524856567,0.9701441153471105,-0.3184499740600586,-0.24266080850224592,unreviewed_scene_member
FIT_near,257454,11805,5,1979443,frame:3d854c4e9c848ce08fb1e058,1.4631026983261108,-0.31633397936820984,-0.7660070657730103,0.9792325985083039,-0.31633397936820984,-0.22986459787528668,unreviewed_scene_member
FIT_near,257458,11809,5,1979443,frame:3d854c4e9c848ce08fb1e058,1.4540297985076904,-0.30111509561538696,-0.7795801758766174,0.9651278703272261,-0.30111509561538696,-0.23808673092806854,unreviewed_scene_member
FIT_near,257462,11813,5,1979443,frame:3d854c4e9c848ce08fb1e058,1.4628599882125854,-0.30294373631477356,-0.7677597403526306,0.9782461301378744,-0.30294373631477356,-0.23133349424174598,unreviewed_scene_member
FIT_near,257466,11817,5,1979443,frame:3d854c4e9c848ce08fb1e058,1.4650475978851318,-0.2900872230529785,-0.7841002345085144,0.9730491395249706,-0.2900872230529785,-0.24697921806352174,unreviewed_scene_member
FIT_near,257470,11821,5,1979443,frame:3d854c4e9c848ce08fb1e058,1.4485321044921875,-0.28419071435928345,-0.7586364150047302,0.9693677161492029,-0.28419071435928345,-0.21685257291903137,unreviewed_scene_member
FIT_near,257474,11825,5,1979443,frame:3d854c4e9c848ce08fb1e058,1.447605013847351,-0.27091190218925476,-0.7732040286064148,0.9621484311166937,-0.27091190218925476,-0.2295394475038579,unreviewed_scene_member
FIT_near,257478,11829,5,1979443,frame:3d854c4e9c848ce08fb1e058,1.4543607234954834,-0.27217620611190796,-0.7604160904884338,0.973826285824808,-0.27217620611190796,-0.2210072330448003,unreviewed_scene_member
FIT_near,257482,11833,5,1979443,frame:3d854c4e9c848ce08fb1e058,1.4541947841644287,-0.2590315341949463,-0.775486946105957,0.9670705122818628,-0.2590315341949463,-0.23448008533161246,unreviewed_scene_member
FIT_near,257486,11837,5,1979443,frame:3d854c4e9c848ce08fb1e058,1.4679170846939087,-0.2614758610725403,-0.76628178358078,0.9834393119518291,-0.2614758610725403,-0.23222200067845988,unreviewed_scene_member
FIT_near,257490,11841,5,1979443,frame:3d854c4e9c848ce08fb1e058,1.4695279598236084,-0.24696943163871765,-0.7823390960693359,0.9778480944377757,-0.24696943163871765,-0.2473603787206795,unreviewed_scene_member
FIT_near,257498,11849,5,1979443,frame:3d854c4e9c848ce08fb1e058,1.4429190158843994,-0.2282778024673462,-0.766971230506897,0.9606689628972133,-0.2282778024673462,-0.22188323937935617,unreviewed_scene_member
FIT_near,257502,11853,5,1979443,frame:3d854c4e9c848ce08fb1e058,1.4865546226501465,-0.23464928567409515,-0.773444414138794,0.9970507295328274,-0.23464928567409515,-0.2468298892670442,unreviewed_scene_member
FIT_near,257634,11985,5,1979443,frame:3d854c4e9c848ce08fb1e058,1.4562420845031738,-0.21633780002593994,-0.7729347944259644,0.9700294032960515,-0.21633780002593994,-0.23308370399370015,unreviewed_scene_member
FIT_near,257638,11989,5,1979443,frame:3d854c4e9c848ce08fb1e058,1.4621702432632446,-0.21643607318401337,-0.762905478477478,0.9797541598289671,-0.21643607318401337,-0.22666814828474724,unreviewed_scene_member
FIT_near,257642,11993,5,1979443,frame:3d854c4e9c848ce08fb1e058,1.4568101167678833,-0.20214910805225372,-0.7754483222961426,0.9694380892187416,-0.20214910805225372,-0.23559185683391726,unreviewed_scene_member
FIT_near,257646,11997,5,1979443,frame:3d854c4e9c848ce08fb1e058,1.4729549884796143,-0.20386537909507751,-0.7674959897994995,0.9874350769077108,-0.20386537909507751,-0.235521793658777,unreviewed_scene_member
VAL_middle,306240,11462,6,1979444,frame:9193dc1e25cb0607623864f9,1.5342004299163818,-0.7582491040229797,-0.74411541223526,1.0527314856334686,-0.7582491040229797,-0.2413557041432417,unreviewed_scene_member
VAL_middle,306248,11470,6,1979444,frame:9193dc1e25cb0607623864f9,1.549362063407898,-0.7489908933639526,-0.7482703328132629,1.0645372742492165,-0.7489908933639526,-0.2517365446824684,unreviewed_scene_member
VAL_middle,306288,11510,6,1979444,frame:9193dc1e25cb0607623864f9,1.5670711994171143,-0.6748875379562378,-0.7847733497619629,1.0644522708583397,-0.6748875379562378,-0.2923084132489213,unreviewed_scene_member
VAL_middle,306296,11518,6,1979444,frame:9193dc1e25cb0607623864f9,1.5661959648132324,-0.6583681106567383,-0.7814279794692993,1.0651321290188847,-0.6583681106567383,-0.28891793675019617,unreviewed_scene_member
VAL_middle,306304,11526,6,1979444,frame:9193dc1e25cb0607623864f9,1.5567364692687988,-0.6352923512458801,-0.773346483707428,1.060172685307457,-0.6352923512458801,-0.2775075665643747,unreviewed_scene_member
VAL_middle,306308,11530,6,1979444,frame:9193dc1e25cb0607623864f9,1.5677467584609985,-0.6238821744918823,-0.7939938902854919,1.061017440381592,-0.6238821744918823,-0.3008919257679208,unreviewed_scene_member
VAL_middle,306312,11534,6,1979444,frame:9193dc1e25cb0607623864f9,1.5620847940444946,-0.621628999710083,-0.7732790112495422,1.0650093057522667,-0.621628999710083,-0.2797914739862599,unreviewed_scene_member
VAL_middle,306320,11542,6,1979444,frame:9193dc1e25cb0607623864f9,1.5730098485946655,-0.6101303100585938,-0.7795923948287964,1.0720610745376968,-0.6101303100585938,-0.2902551342511883,unreviewed_scene_member
VAL_middle,306324,11546,6,1979444,frame:9193dc1e25cb0607623864f9,1.5531619787216187,-0.5868909955024719,-0.7848424911499023,1.0519204365190453,-0.5868909955024719,-0.2862731560895275,unreviewed_scene_member
VAL_middle,306328,11550,6,1979444,frame:9193dc1e25cb0607623864f9,1.592172384262085,-0.5984582901000977,-0.7859402894973755,1.0865015136420078,-0.5984582901000977,-0.30436088692175445,unreviewed_scene_member
VAL_middle,306332,11554,6,1979444,frame:9193dc1e25cb0607623864f9,1.5576753616333008,-0.5700282454490662,-0.7840637564659119,1.056318413025199,-0.5700282454490662,-0.28755177083480254,unreviewed_scene_member
VAL_middle,306336,11558,6,1979444,frame:9193dc1e25cb0607623864f9,1.575352668762207,-0.5764971971511841,-0.7751246690750122,1.0761253094180583,-0.5764971971511841,-0.2872665937067551,unreviewed_scene_member
VAL_middle,306340,11562,6,1979444,frame:9193dc1e25cb0607623864f9,1.5600006580352783,-0.5554912686347961,-0.7827642560005188,1.0589780390964445,-0.5554912686347961,-0.2874031304037037,unreviewed_scene_member
VAL_middle,306344,11566,6,1979444,frame:9193dc1e25cb0607623864f9,1.5658546686172485,-0.5575758218765259,-0.771551251411438,1.0691550466351583,-0.5575758218765259,-0.27989117797004615,unreviewed_scene_member
VAL_middle,306348,11570,6,1979444,frame:9193dc1e25cb0607623864f9,1.574644923210144,-0.5452697277069092,-0.7912558913230896,1.0684177295335702,-0.5452697277069092,-0.30145498499356327,unreviewed_scene_member
VAL_middle,306352,11574,6,1979444,frame:9193dc1e25cb0607623864f9,1.587501049041748,-0.5466204881668091,-0.7793538570404053,1.085190247307112,-0.5466204881668091,-0.29639326206550276,unreviewed_scene_member
VAL_middle,306356,11578,6,1979444,frame:9193dc1e25cb0607623864f9,1.5738970041275024,-0.5266185998916626,-0.7880656123161316,1.0691440305818356,-0.5266185998916626,-0.2982597150701132,unreviewed_scene_member
VAL_middle,306360,11582,6,1979444,frame:9193dc1e25cb0607623864f9,1.571304440498352,-0.5257511138916016,-0.7691205739974976,1.0751188080010061,-0.5257511138916016,-0.28009552233118096,unreviewed_scene_member
VAL_middle,306364,11586,6,1979444,frame:9193dc1e25cb0607623864f9,1.5693528652191162,-0.5099136829376221,-0.7835323810577393,1.0670470233708231,-0.5099136829376221,-0.29219325442013466,unreviewed_scene_member
VAL_middle,306368,11590,6,1979444,frame:9193dc1e25cb0607623864f9,1.5895411968231201,-0.5164732336997986,-0.7758113741874695,1.088576842257302,-0.5164732336997986,-0.29410364149070656,unreviewed_scene_member
VAL_middle,306372,11594,6,1979444,frame:9193dc1e25cb0607623864f9,1.555530309677124,-0.49045681953430176,-0.7744647264480591,1.0585983908949739,-0.49045681953430176,-0.2779838909185579,unreviewed_scene_member
VAL_middle,306376,11598,6,1979444,frame:9193dc1e25cb0607623864f9,1.58992600440979,-0.49825263023376465,-0.7769474983215332,1.0884246609856272,-0.49825263023376465,-0.29529347164132136,unreviewed_scene_member
VAL_middle,306380,11602,6,1979444,frame:9193dc1e25cb0607623864f9,1.5473048686981201,-0.731407642364502,-0.7619929909706116,1.0566726624985587,-0.731407642364502,-0.2631685733295983,unreviewed_scene_member
VAL_middle,306384,11606,6,1979444,frame:9193dc1e25cb0607623864f9,1.5461393594741821,-0.730856716632843,-0.747157096862793,1.0621287376608621,-0.730856716632843,-0.24932323441887516,unreviewed_scene_member
VAL_middle,306392,11614,6,1979444,frame:9193dc1e25cb0607623864f9,1.539905309677124,-0.7115361094474792,-0.7411156296730042,1.0591740157192102,-0.7115361094474792,-0.24116037211910468,unreviewed_scene_member
VAL_middle,306400,11622,6,1979444,frame:9193dc1e25cb0607623864f9,1.5351077318191528,-0.6899047493934631,-0.7352892160415649,1.0574161129290904,-0.6899047493934631,-0.23382050652848196,unreviewed_scene_member
VAL_middle,306408,11630,6,1979444,frame:9193dc1e25cb0607623864f9,1.5444989204406738,-0.6779876351356506,-0.7404338717460632,1.0636015887287702,-0.6779876351356506,-0.24256131857167285,unreviewed_scene_member
VAL_middle,306412,11634,6,1979444,frame:9193dc1e25cb0607623864f9,1.5578382015228271,-0.6676903367042542,-0.7617161870002747,1.0662613022030054,-0.6676903367042542,-0.26753729275894544,unreviewed_scene_member
VAL_middle,306416,11638,6,1979444,frame:9193dc1e25cb0607623864f9,1.5574572086334229,-0.6675270199775696,-0.7438250184059143,1.0737618401564328,-0.6675270199775696,-0.25128980065515294,unreviewed_scene_member
VAL_middle,306420,11642,6,1979444,frame:9193dc1e25cb0607623864f9,1.5610973834991455,-0.6530211567878723,-0.7604943513870239,1.0697262530380942,-0.6530211567878723,-0.2678678455247523,unreviewed_scene_member
VAL_middle,306424,11646,6,1979444,frame:9193dc1e25cb0607623864f9,1.5731699466705322,-0.6548474431037903,-0.7480131387710571,1.0860484044278869,-0.6548474431037903,-0.26194206929705155,unreviewed_scene_member
VAL_middle,306428,11650,6,1979444,frame:9193dc1e25cb0607623864f9,1.5721287727355957,-0.6415738463401794,-0.7631117105484009,1.0784938252690925,-0.6415738463401794,-0.2750561551062838,unreviewed_scene_member
VAL_middle,306432,11654,6,1979444,frame:9193dc1e25cb0607623864f9,1.5844135284423828,-0.6433635950088501,-0.7506609559059143,1.0949933421496088,-0.6433635950088501,-0.26925077340889314,unreviewed_scene_member
VAL_middle,306436,11658,6,1979444,frame:9193dc1e25cb0607623864f9,1.570568561553955,-0.6218320727348328,-0.762698233127594,1.0772727733191951,-0.6218320727348328,-0.2740005724972545,unreviewed_scene_member
VAL_middle,306440,11662,6,1979444,frame:9193dc1e25cb0607623864f9,1.5846843719482422,-0.6274209022521973,-0.7517173290252686,1.0947736911843857,-0.6274209022521973,-0.2703189652575031,unreviewed_scene_member
VAL_middle,306444,11666,6,1979444,frame:9193dc1e25cb0607623864f9,1.6043182611465454,-0.6190548539161682,-0.7764346599578857,1.1015851491950217,-0.6190548539161682,-0.3011416856639355,unreviewed_scene_member
VAL_middle,306448,11670,6,1979444,frame:9193dc1e25cb0607623864f9,1.5798237323760986,-0.609603226184845,-0.7468595504760742,1.0925344872291947,-0.609603226184845,-0.2638220586758784,unreviewed_scene_member
VAL_middle,306452,11674,6,1979444,frame:9193dc1e25cb0607623864f9,1.5770974159240723,-0.5927919745445251,-0.760728120803833,1.0840045091548811,-0.5927919745445251,-0.2750919086475647,unreviewed_scene_member
VAL_middle,306456,11678,6,1979444,frame:9193dc1e25cb0607623864f9,1.607894778251648,-0.6011672616004944,-0.7571123838424683,1.1132700298148654,-0.6011672616004944,-0.28534278083532416,unreviewed_scene_member
VAL_middle,306460,11682,6,1979444,frame:9193dc1e25cb0607623864f9,1.5890275239944458,-0.5783587098121643,-0.763519287109375,1.093503652485999,-0.5783587098121643,-0.2828304074613439,unreviewed_scene_member
VAL_middle,306464,11686,6,1979444,frame:9193dc1e25cb0607623864f9,1.5848206281661987,-0.5768275856971741,-0.7473676204681396,1.0968029441902432,-0.5768275856971741,-0.26646920389774187,unreviewed_scene_member
VAL_middle,306468,11690,6,1979444,frame:9193dc1e25cb0607623864f9,1.5647004842758179,-0.5540894865989685,-0.7529687881469727,1.0762636883521584,-0.5540894865989685,-0.2626834095090129,unreviewed_scene_member
VAL_middle,306472,11694,6,1979444,frame:9193dc1e25cb0607623864f9,1.591719150543213,-0.5636573433876038,-0.7482726573944092,1.1026065529557096,-0.5636573433876038,-0.27030675886431554,unreviewed_scene_member
VAL_middle,306476,11698,6,1979444,frame:9193dc1e25cb0607623864f9,1.5808637142181396,-0.5443350672721863,-0.7584320902824402,1.0883961491709013,-0.5443350672721863,-0.2746792865871357,unreviewed_scene_member
VAL_middle,306480,11702,6,1979444,frame:9193dc1e25cb0607623864f9,1.6185234785079956,-0.5541444420814514,-0.7581037878990173,1.1223884393919685,-0.5541444420814514,-0.29089316441908,unreviewed_scene_member
VAL_middle,306484,11706,6,1979444,frame:9193dc1e25cb0607623864f9,1.5767881870269775,-0.5245276093482971,-0.7538000345230103,1.0867636491912067,-0.5245276093482971,-0.2687294289198745,unreviewed_scene_member
VAL_middle,306488,11710,6,1979444,frame:9193dc1e25cb0607623864f9,1.581782341003418,-0.5261889696121216,-0.7387155890464783,1.0978649507137574,-0.5261889696121216,-0.25736091213973666,unreviewed_scene_member
VAL_middle,306492,11714,6,1979444,frame:9193dc1e25cb0607623864f9,1.6131105422973633,-0.5210205316543579,-0.768961489200592,1.1127636215817907,-0.5210205316543579,-0.298279126651279,unreviewed_scene_member
VAL_middle,306496,11718,6,1979444,frame:9193dc1e25cb0607623864f9,1.5880186557769775,-0.5129160284996033,-0.7429966330528259,1.1015934271325631,-0.5129160284996033,-0.26394250946360964,unreviewed_scene_member
VAL_middle,306500,11722,6,1979444,frame:9193dc1e25cb0607623864f9,1.6036221981048584,-0.5025447010993958,-0.7658581137657166,1.1055959845606331,-0.5025447010993958,-0.2913304149621838,unreviewed_scene_member
VAL_middle,306504,11726,6,1979444,frame:9193dc1e25cb0607623864f9,1.6063249111175537,-0.500006914138794,-0.7490285038948059,1.115402782304423,-0.500006914138794,-0.27738885321148876,unreviewed_scene_member
VAL_middle,306508,11730,6,1979444,frame:9193dc1e25cb0607623864f9,1.5552120208740234,-0.47250956296920776,-0.7752796411514282,1.0579550797206922,-0.47250956296920776,-0.27857680277456254,unreviewed_scene_member
VAL_middle,306512,11734,6,1979444,frame:9193dc1e25cb0607623864f9,1.5843232870101929,-0.4813542068004608,-0.7721274495124817,1.0855019422677759,-0.4813542068004608,-0.2885051708172779,unreviewed_scene_member
VAL_middle,306516,11738,6,1979444,frame:9193dc1e25cb0607623864f9,1.596175193786621,-0.469779908657074,-0.7936260104179382,1.0867300167172824,-0.469779908657074,-0.3130234833283225,unreviewed_scene_member
VAL_middle,306520,11742,6,1979444,frame:9193dc1e25cb0607623864f9,1.5974596738815308,-0.4701579511165619,-0.776500403881073,1.095391871556201,-0.4701579511165619,-0.2981941691459591,unreviewed_scene_member
VAL_middle,306524,11746,6,1979444,frame:9193dc1e25cb0607623864f9,1.5881338119506836,-0.4523918330669403,-0.7876348495483398,1.082128822660127,-0.4523918330669403,-0.30411355383111816,unreviewed_scene_member
VAL_middle,306528,11750,6,1979444,frame:9193dc1e25cb0607623864f9,1.61867094039917,-0.45803770422935486,-0.7844362258911133,1.1109775962214647,-0.45803770422935486,-0.31462524594925956,unreviewed_scene_member
VAL_middle,306532,11754,6,1979444,frame:9193dc1e25cb0607623864f9,1.572752594947815,-0.4302563965320587,-0.7777292728424072,1.0726465954133002,-0.4302563965320587,-0.28846779872610706,unreviewed_scene_member
VAL_middle,306536,11758,6,1979444,frame:9193dc1e25cb0607623864f9,1.575909972190857,-0.4311201870441437,-0.765335738658905,1.0809173950740583,-0.4311201870441437,-0.2787126670722482,unreviewed_scene_member
VAL_middle,306540,11762,6,1979444,frame:9193dc1e25cb0607623864f9,1.5870418548583984,-0.41931453347206116,-0.786475658416748,1.0816555340724707,-0.41931453347206116,-0.3025929972607311,unreviewed_scene_member
VAL_middle,306544,11766,6,1979444,frame:9193dc1e25cb0607623864f9,1.6009069681167603,-0.42297783493995667,-0.7756531834602356,1.0988616760781325,-0.42297783493995667,-0.2989438868030243,unreviewed_scene_member
VAL_middle,306548,11770,6,1979444,frame:9193dc1e25cb0607623864f9,1.5977545976638794,-0.40726253390312195,-0.789993166923523,1.089742109287616,-0.40726253390312195,-0.3104506703133223,unreviewed_scene_member
VAL_middle,306552,11774,6,1979444,frame:9193dc1e25cb0607623864f9,1.5935686826705933,-0.4032348692417145,-0.7700095176696777,1.0947400890537748,-0.4032348692417145,-0.29065450098466683,unreviewed_scene_member
VAL_middle,306556,11778,6,1979444,frame:9193dc1e25cb0607623864f9,1.5933527946472168,-0.3884175419807434,-0.785762369632721,1.087640454403459,-0.3884175419807434,-0.3047184314608966,unreviewed_scene_member
VAL_middle,306560,11782,6,1979444,frame:9193dc1e25cb0607623864f9,1.5910834074020386,-0.387864351272583,-0.7671439051628113,1.0937625402798714,-0.387864351272583,-0.28698943255493203,unreviewed_scene_member
VAL_middle,306564,11786,6,1979444,frame:9193dc1e25cb0607623864f9,1.5779038667678833,-0.3700940012931824,-0.7765213847160339,1.0778060311591975,-0.3700940012931824,-0.2896403250047128,unreviewed_scene_member
VAL_middle,306568,11790,6,1979444,frame:9193dc1e25cb0607623864f9,1.591426134109497,-0.3732655942440033,-0.7657093405723572,1.0946994527287033,-0.3732655942440033,-0.2858502959417841,unreviewed_scene_member
VAL_middle,306572,11794,6,1979444,frame:9193dc1e25cb0607623864f9,1.548262119293213,-0.3489159345626831,-0.7604066133499146,1.0582284558110697,-0.3489159345626831,-0.262162377610069,unreviewed_scene_member
VAL_middle,306576,11798,6,1979444,frame:9193dc1e25cb0607623864f9,1.5984687805175781,-0.3573001027107239,-0.7672555446624756,1.1003515301303215,-0.3573001027107239,-0.2903273079546864,unreviewed_scene_member
VAL_middle,306580,11802,6,1979444,frame:9193dc1e25cb0607623864f9,1.5531847476959229,-0.3329739570617676,-0.7644816040992737,1.0608665265436172,-0.3329739570617676,-0.2679828932924295,unreviewed_scene_member
VAL_middle,306584,11806,6,1979444,frame:9193dc1e25cb0607623864f9,1.5876930952072144,-0.34037190675735474,-0.7640872001647949,1.0920553191394442,-0.34037190675735474,-0.2827558692566039,unreviewed_scene_member
VAL_middle,306588,11810,6,1979444,frame:9193dc1e25cb0607623864f9,1.5593515634536743,-0.3200888931751251,-0.7661128044128418,1.0656941526792065,-0.3200888931751251,-0.27215236051834846,unreviewed_scene_member
VAL_middle,306592,11814,6,1979444,frame:9193dc1e25cb0607623864f9,1.5927499532699585,-0.3240486681461334,-0.7648457884788513,1.096267849830045,-0.3240486681461334,-0.28565446458498456,unreviewed_scene_member
VAL_middle,306596,11818,6,1979444,frame:9193dc1e25cb0607623864f9,1.561910629272461,-0.3036046624183655,-0.7657660841941833,1.068146217941088,-0.3036046624183655,-0.27296255106777667,unreviewed_scene_member
VAL_middle,306600,11822,6,1979444,frame:9193dc1e25cb0607623864f9,1.5960752964019775,-0.3102456033229828,-0.7651132345199585,1.0991394078112613,-0.3102456033229828,-0.28735257797668834,unreviewed_scene_member
VAL_middle,306604,11826,6,1979444,frame:9193dc1e25cb0607623864f9,1.572114109992981,-0.291374146938324,-0.7694926261901855,1.0756834371758748,-0.291374146938324,-0.2807848563717621,unreviewed_scene_member
VAL_middle,306608,11830,6,1979444,frame:9193dc1e25cb0607623864f9,1.590676188468933,-0.29481440782546997,-0.7612627744674683,1.09597465233459,-0.29481440782546997,-0.28152499426975086,unreviewed_scene_member
VAL_middle,306612,11834,6,1979444,frame:9193dc1e25cb0607623864f9,1.5516880750656128,-0.2727668285369873,-0.7582273483276367,1.0622630113691605,-0.2727668285369873,-0.26170550734353326,unreviewed_scene_member
VAL_middle,306616,11838,6,1979444,frame:9193dc1e25cb0607623864f9,1.5787454843521118,-0.276387095451355,-0.7541998028755188,1.0883476094627356,-0.276387095451355,-0.2699467610080344,unreviewed_scene_member
VAL_middle,306620,11842,6,1979444,frame:9193dc1e25cb0607623864f9,1.5576506853103638,-0.25870540738105774,-0.7599157691001892,1.0668820150072187,-0.25870540738105774,-0.265836886172399,unreviewed_scene_member
VAL_middle,306624,11846,6,1979444,frame:9193dc1e25cb0607623864f9,1.6012086868286133,-0.26479125022888184,-0.7637047171592712,1.1043707219347274,-0.26479125022888184,-0.288336941207034,unreviewed_scene_member
VAL_middle,306628,11850,6,1979444,frame:9193dc1e25cb0607623864f9,1.5601491928100586,-0.24403385818004608,-0.7633761167526245,1.0676107421038912,-0.24403385818004608,-0.2700422996384355,unreviewed_scene_member
VAL_middle,306632,11854,6,1979444,frame:9193dc1e25cb0607623864f9,1.5795557498931885,-0.24650456011295319,-0.7556900382041931,1.0884225951369602,-0.24650456011295319,-0.271641372683477,unreviewed_scene_member
VAL_middle,306636,11858,6,1979444,frame:9193dc1e25cb0607623864f9,1.609731912612915,-0.4890739321708679,-0.7667084336280823,1.1107146038918594,-0.4890739321708679,-0.2947729999473787,unreviewed_scene_member
VAL_middle,306639,11861,6,1979444,frame:9193dc1e25cb0607623864f9,1.5576242208480835,-0.4762135148048401,-0.7944163084030151,1.0517341879270612,-0.4762135148048401,-0.29683416423521036,unreviewed_scene_member
VAL_middle,306640,11862,6,1979444,frame:9193dc1e25cb0607623864f9,1.5954097509384155,-0.4813787639141083,-0.7419516444206238,1.108694592324374,-0.4813787639141083,-0.2662433227644827,unreviewed_scene_member
VAL_middle,306644,11866,6,1979444,frame:9193dc1e25cb0607623864f9,1.5952068567276,-0.46616894006729126,-0.757383406162262,1.101747393124007,-0.46616894006729126,-0.28002435537390236,unreviewed_scene_member
VAL_middle,306647,11869,6,1979444,frame:9193dc1e25cb0607623864f9,1.5678000450134277,-0.46440353989601135,-0.7975087761878967,1.059524509453793,-0.46440353989601135,-0.30407444357752,unreviewed_scene_member
VAL_middle,306648,11870,6,1979444,frame:9193dc1e25cb0607623864f9,1.5983749628067017,-0.467094749212265,-0.7414066791534424,1.1115986041467398,-0.467094749212265,-0.2670533745540733,unreviewed_scene_member
VAL_middle,306652,11874,6,1979444,frame:9193dc1e25cb0607623864f9,1.6067914962768555,-0.45467615127563477,-0.7610095143318176,1.1105700169827302,-0.45467615127563477,-0.288361851532281,unreviewed_scene_member
VAL_middle,306656,11878,6,1979444,frame:9193dc1e25cb0607623864f9,1.6202783584594727,-0.4554396867752075,-0.7493513822555542,1.127802517143414,-0.4554396867752075,-0.2837958430727461,unreviewed_scene_member
VAL_middle,306660,11882,6,1979444,frame:9193dc1e25cb0607623864f9,1.6030220985412598,-0.43853721022605896,-0.7608886957168579,1.1072350681346366,-0.43853721022605896,-0.2866008652724159,unreviewed_scene_member
VAL_middle,306663,11885,6,1979444,frame:9193dc1e25cb0607623864f9,1.5590283870697021,-0.42942795157432556,-0.7887071371078491,1.0554989801349435,-0.42942795157432556,-0.29231834102266663,unreviewed_scene_member
VAL_middle,306664,11886,6,1979444,frame:9193dc1e25cb0607623864f9,1.6263116598129272,-0.44185909628868103,-0.7538569569587708,1.1312500985298348,-0.44185909628868103,-0.29049025202439127,unreviewed_scene_member
VAL_middle,306668,11890,6,1979444,frame:9193dc1e25cb0607623864f9,1.6098741292953491,-0.42234256863594055,-0.7619999051094055,1.112906510445737,-0.42234256863594055,-0.29060334623813344,unreviewed_scene_member
VAL_middle,306671,11893,6,1979444,frame:9193dc1e25cb0607623864f9,1.565591812133789,-0.4136471748352051,-0.7932942509651184,1.0593872891438125,-0.4136471748352051,-0.2993184278194845,unreviewed_scene_member
VAL_middle,306672,11894,6,1979444,frame:9193dc1e25cb0607623864f9,1.6131997108459473,-0.4232150614261627,-0.7460386753082275,1.1228924659560033,-0.4232150614261627,-0.27771532691929823,unreviewed_scene_member
VAL_middle,306676,11898,6,1979444,frame:9193dc1e25cb0607623864f9,1.6131374835968018,-0.40818652510643005,-0.7618294358253479,1.115914322678392,-0.40818652510643005,-0.2918806898280526,unreviewed_scene_member
VAL_middle,306680,11902,6,1979444,frame:9193dc1e25cb0607623864f9,1.6091439723968506,-0.40717601776123047,-0.7424914240837097,1.1208022049718496,-0.40717601776123047,-0.272749159922967,unreviewed_scene_member
VAL_middle,306684,11906,6,1979444,frame:9193dc1e25cb0607623864f9,1.606372594833374,-0.39159145951271057,-0.7569919228553772,1.1119547070422002,-0.39159145951271057,-0.28456722992662353,unreviewed_scene_member
VAL_middle,306687,11909,6,1979444,frame:9193dc1e25cb0607623864f9,1.5515718460083008,-0.381102591753006,-0.7827004194259644,1.0514302571416168,-0.381102591753006,-0.2836508064762222,unreviewed_scene_member
VAL_middle,306688,11910,6,1979444,frame:9193dc1e25cb0607623864f9,1.641870141029358,-0.39721018075942993,-0.755631148815155,1.144456214297913,-0.39721018075942993,-0.2989052743550451,unreviewed_scene_member
VAL_middle,306692,11914,6,1979444,frame:9193dc1e25cb0607623864f9,1.625173807144165,-0.3781898021697998,-0.7639435529708862,1.1258057306645566,-0.3781898021697998,-0.2990572226882233,unreviewed_scene_member
VAL_middle,306695,11917,6,1979444,frame:9193dc1e25cb0607623864f9,1.5496734380722046,-0.363472580909729,-0.7797797918319702,1.0510042982589296,-0.363472580909729,-0.28019355651926325,unreviewed_scene_member
VAL_middle,306696,11918,6,1979444,frame:9193dc1e25cb0607623864f9,1.659386157989502,-0.3861512541770935,-0.762112557888031,1.1573582433284801,-0.3861512541770935,-0.31240924268337067,unreviewed_scene_member
VAL_middle,306700,11922,6,1979444,frame:9193dc1e25cb0607623864f9,1.6232168674468994,-0.3628319501876831,-0.7650205492973328,1.1235747208009756,-0.3628319501876831,-0.2991673546750322,unreviewed_scene_member
VAL_middle,306703,11925,6,1979444,frame:9193dc1e25cb0607623864f9,1.553974986076355,-0.35020336508750916,-0.7803767323493958,1.0546088224957413,-0.35020336508750916,-0.2826157576338677,unreviewed_scene_member
VAL_middle,306704,11926,6,1979444,frame:9193dc1e25cb0607623864f9,1.6507775783538818,-0.36899250745773315,-0.76019686460495,1.1504606878662929,-0.36899250745773315,-0.3069136760389102,unreviewed_scene_member
VAL_middle,306708,11930,6,1979444,frame:9193dc1e25cb0607623864f9,1.6239851713180542,-0.3481522500514984,-0.7639215588569641,1.124747033445773,-0.3481522500514984,-0.29851639085936976,unreviewed_scene_member
VAL_middle,306712,11934,6,1979444,frame:9193dc1e25cb0607623864f9,1.6414709091186523,-0.34890538454055786,-0.7541870474815369,1.1447304393911761,-0.34890538454055786,-0.2974323129236054,unreviewed_scene_member
VAL_middle,306716,11938,6,1979444,frame:9193dc1e25cb0607623864f9,1.606148362159729,-0.32677459716796875,-0.7538800835609436,1.1131173086102664,-0.32677459716796875,-0.2816720301614535,unreviewed_scene_member
VAL_middle,306720,11942,6,1979444,frame:9193dc1e25cb0607623864f9,1.6292650699615479,-0.3314777612686157,-0.7472215294837952,1.1368133859393352,-0.3314777612686157,-0.28582105910902267,unreviewed_scene_member
VAL_middle,306724,11946,6,1979444,frame:9193dc1e25cb0607623864f9,1.6175755262374878,-0.3144248425960541,-0.757926881313324,1.1216139762779054,-0.3144248425960541,-0.2903186069091839,unreviewed_scene_member
VAL_middle,306728,11950,6,1979444,frame:9193dc1e25cb0607623864f9,1.637742280960083,-0.3183448612689972,-0.7498066425323486,1.1432994137423667,-0.3183448612689972,-0.2918607080330735,unreviewed_scene_member
VAL_middle,306732,11954,6,1979444,frame:9193dc1e25cb0607623864f9,1.6414060592651367,-0.30125439167022705,-0.7675725221633911,1.1388043468423321,-0.30125439167022705,-0.3094346695698895,unreviewed_scene_member
VAL_middle,306736,11958,6,1979444,frame:9193dc1e25cb0607623864f9,1.6479570865631104,-0.30245670676231384,-0.7529918551445007,1.1510841148969149,-0.30245670676231384,-0.2992014342114995,unreviewed_scene_member
VAL_middle,306740,11962,6,1979444,frame:9193dc1e25cb0607623864f9,1.619633674621582,-0.2829626202583313,-0.7562317252159119,1.1242069353143387,-0.2829626202583313,-0.28969724356867954,unreviewed_scene_member
VAL_middle,306743,11965,6,1979444,frame:9193dc1e25cb0607623864f9,1.558670997619629,-0.2745552361011505,-0.7787688970565796,1.0595343983133478,-0.2745552361011505,-0.2832292408108146,unreviewed_scene_member
VAL_middle,306744,11966,6,1979444,frame:9193dc1e25cb0607623864f9,1.6610788106918335,-0.2896059453487396,-0.757779598236084,1.1607790339914026,-0.2896059453487396,-0.3092568144515828,unreviewed_scene_member
VAL_middle,306748,11970,6,1979444,frame:9193dc1e25cb0607623864f9,1.6012202501296997,-0.264506071805954,-0.7464598417282104,1.1119407707798483,-0.264506071805954,-0.2728424188579839,unreviewed_scene_member
VAL_middle,306752,11974,6,1979444,frame:9193dc1e25cb0607623864f9,1.6090176105499268,-0.2649287283420563,-0.7328577041625977,1.1249117765458176,-0.2649287283420563,-0.26403503642641146,unreviewed_scene_member
VAL_middle,306756,11978,6,1979444,frame:9193dc1e25cb0607623864f9,1.6197469234466553,-0.2519080936908722,-0.7574253082275391,1.1237854903304698,-0.2519080936908722,-0.2908196738906137,unreviewed_scene_member
VAL_middle,306759,11981,6,1979444,frame:9193dc1e25cb0607623864f9,1.5707604885101318,-0.24653629958629608,-0.7823721766471863,1.068820786942184,-0.24653629958629608,-0.29176753103976916,unreviewed_scene_member
VAL_middle,306760,11982,6,1979444,frame:9193dc1e25cb0607623864f9,1.6155344247817993,-0.25067541003227234,-0.7381706833839417,1.1284399935841354,-0.25067541003227234,-0.27166709384690413,unreviewed_scene_member
VAL_middle,306764,11986,6,1979444,frame:9193dc1e25cb0607623864f9,1.578222632408142,-0.23164454102516174,-0.7711169123649597,1.080461700561157,-0.23164454102516174,-0.28492255509145603,unreviewed_scene_member
VAL_middle,306768,11990,6,1979444,frame:9193dc1e25cb0607623864f9,1.58843994140625,-0.23257777094841003,-0.7588579654693604,1.0950189256669056,-0.23257777094841003,-0.2783832600703926,unreviewed_scene_member
VAL_middle,306772,11994,6,1979444,frame:9193dc1e25cb0607623864f9,1.6007003784179688,-0.21955329179763794,-0.7810537219047546,1.0963085542556297,-0.21955329179763794,-0.30370729564059373,unreviewed_scene_member
VAL_middle,306776,11998,6,1979444,frame:9193dc1e25cb0607623864f9,1.59481680393219,-0.2181791514158249,-0.7608882784843445,1.0998603810945693,-0.2181791514158249,-0.2830035258587966,unreviewed_scene_member
VAL_middle,306780,12002,6,1979444,frame:9193dc1e25cb0607623864f9,1.6007566452026367,-0.20449374616146088,-0.780124843120575,1.0967663201645423,-0.20449374616146088,-0.3028970906545605,unreviewed_scene_member
VAL_middle,306784,12006,6,1979444,frame:9193dc1e25cb0607623864f9,1.587160348892212,-0.20219378173351288,-0.7563105821609497,1.0949855348758186,-0.20219378173351288,-0.27553275068134964,unreviewed_scene_member
VAL_middle,306892,12114,6,1979444,frame:9193dc1e25cb0607623864f9,1.6012071371078491,-0.2338763028383255,-0.7477120757102966,1.1113800416271047,-0.2338763028383255,-0.2739621709352298,unreviewed_scene_member
VAL_middle,306895,12117,6,1979444,frame:9193dc1e25cb0607623864f9,1.5630035400390625,-0.23024681210517883,-0.7808210849761963,1.0625288416735241,-0.23024681210517883,-0.28697299668377263,unreviewed_scene_member
VAL_middle,306896,12118,6,1979444,frame:9193dc1e25cb0607623864f9,1.639383316040039,-0.23886793851852417,-0.7480261325836182,1.1455548904900938,-0.23886793851852417,-0.29097977872169967,unreviewed_scene_member
VAL_middle,306900,12122,6,1979444,frame:9193dc1e25cb0607623864f9,1.6129286289215088,-0.22008344531059265,-0.7521836757659912,1.1199550282385695,-0.22008344531059265,-0.28311958225115186,unreviewed_scene_member
VAL_middle,306903,12125,6,1979444,frame:9193dc1e25cb0607623864f9,1.5584321022033691,-0.21458715200424194,-0.7774924635887146,1.0598792321386334,-0.21458715200424194,-0.2819772651518122,unreviewed_scene_member
VAL_middle,306904,12126,6,1979444,frame:9193dc1e25cb0607623864f9,1.630732536315918,-0.22193297743797302,-0.7430914640426636,1.1399428374855303,-0.22193297743797302,-0.28275227578834716,unreviewed_scene_member
VAL_middle,306908,12130,6,1979444,frame:9193dc1e25cb0607623864f9,1.5959643125534058,-0.20274923741817474,-0.7433658838272095,1.1085730672517342,-0.20274923741817474,-0.26775753653429213,unreviewed_scene_member
VAL_middle,306911,12133,6,1979444,frame:9193dc1e25cb0607623864f9,1.561593770980835,-0.20004478096961975,-0.7780945897102356,1.0624569664937866,-0.20004478096961975,-0.2839044368927013,unreviewed_scene_member
VAL_middle,306912,12134,6,1979444,frame:9193dc1e25cb0607623864f9,1.645382046699524,-0.20844362676143646,-0.748856246471405,1.1505826159152364,-0.20844362676143646,-0.29435555058026996,unreviewed_scene_member
VAL_middle,308147,13369,6,1979444,frame:9193dc1e25cb0607623864f9,1.558830976486206,-0.787422239780426,-0.7413119077682495,1.0760982497157525,-0.787422239780426,-0.24963325196537522,unreviewed_scene_member
VAL_middle,308151,13373,6,1979444,frame:9193dc1e25cb0607623864f9,1.5513094663619995,-0.7802273631095886,-0.7192679047584534,1.079001416076163,-0.7802273631095886,-0.22652302028483562,unreviewed_scene_member
VAL_middle,308155,13377,6,1979444,frame:9193dc1e25cb0607623864f9,1.5680537223815918,-0.7749804258346558,-0.7424533367156982,1.083887229300384,-0.7749804258346558,-0.2547021472023203,unreviewed_scene_member
VAL_middle,308156,13378,6,1979444,frame:9193dc1e25cb0607623864f9,1.613246202468872,-0.7868326902389526,-0.6925945281982422,1.1463626244076595,-0.7868326902389526,-0.22970042627336418,unreviewed_scene_member
VAL_middle,308159,13381,6,1979444,frame:9193dc1e25cb0607623864f9,1.551925539970398,-0.7636420726776123,-0.716436505317688,1.08079634318734,-0.7636420726776123,-0.22424824421900103,unreviewed_scene_member
VAL_middle,308160,13382,6,1979444,frame:9193dc1e25cb0607623864f9,1.6343837976455688,-0.7971422076225281,-0.6834986209869385,1.1693483523808625,-0.7971422076225281,-0.23079119086412647,unreviewed_scene_member
VAL_middle,308163,13385,6,1979444,frame:9193dc1e25cb0607623864f9,1.5672427415847778,-0.7542629837989807,-0.7382888197898865,1.0849839286491354,-0.7542629837989807,-0.2506035936017652,unreviewed_scene_member
VAL_middle,308164,13386,6,1979444,frame:9193dc1e25cb0607623864f9,1.615407943725586,-0.7705100774765015,-0.6906095743179321,1.149175731087668,-0.7705100774765015,-0.22886400653732997,unreviewed_scene_member
VAL_middle,308167,13389,6,1979444,frame:9193dc1e25cb0607623864f9,1.5576021671295166,-0.7496232986450195,-0.7195469737052917,1.0845349222868907,-0.7496232986450195,-0.22953238424461775,unreviewed_scene_member
VAL_middle,308168,13390,6,1979444,frame:9193dc1e25cb0607623864f9,1.6670397520065308,-0.7915686964988708,-0.6936506032943726,1.1942489936104204,-0.7915686964988708,-0.2542311602828895,unreviewed_scene_member
VAL_middle,308275,13497,6,1979444,frame:9193dc1e25cb0607623864f9,1.563307762145996,-0.7862618565559387,-0.7070041298866272,1.095161497947081,-0.7862618565559387,-0.22076011912722993,unreviewed_scene_member
VAL_middle,308279,13501,6,1979444,frame:9193dc1e25cb0607623864f9,1.5959093570709229,-0.7991718649864197,-0.7030614018440247,1.1261919955789754,-0.7991718649864197,-0.2315080171907551,unreviewed_scene_member
VAL_middle,308283,13505,6,1979444,frame:9193dc1e25cb0607623864f9,1.599205732345581,-0.7834427952766418,-0.7194890379905701,1.1219533563536113,-0.7834427952766418,-0.24771811456343817,unreviewed_scene_member
VAL_middle,308287,13509,6,1979444,frame:9193dc1e25cb0607623864f9,1.6155022382736206,-0.7914263606071472,-0.712252676486969,1.1397727709481262,-0.7914263606071472,-0.24835803391946287,unreviewed_scene_member
VAL_middle,308291,13513,6,1979444,frame:9193dc1e25cb0607623864f9,1.5708163976669312,-0.752609133720398,-0.7072736024856567,1.101792085836863,-0.752609133720398,-0.224293888659012,unreviewed_scene_member
VAL_middle,308292,13514,6,1979444,frame:9193dc1e25cb0607623864f9,1.6795685291290283,-0.7975177764892578,-0.6840880513191223,1.209701730771151,-0.7975177764892578,-0.25112864989516215,unreviewed_scene_member
VAL_middle,308295,13517,6,1979444,frame:9193dc1e25cb0607623864f9,1.6089681386947632,-0.7708883881568909,-0.7063789963722229,1.1364748130364968,-0.7708883881568909,-0.24021444447684548,unreviewed_scene_member
VAL_middle,308299,13521,6,1979444,frame:9193dc1e25cb0607623864f9,1.5617363452911377,-0.7348973155021667,-0.736203670501709,1.0809488817285324,-0.7348973155021667,-0.24631562857798817,unreviewed_scene_member
VAL_middle,308300,13522,6,1979444,frame:9193dc1e25cb0607623864f9,1.6533260345458984,-0.7709586024284363,-0.7039169073104858,1.177422734539346,-0.7709586024284363,-0.2574467551601105,unreviewed_scene_member
VAL_middle,308303,13525,6,1979444,frame:9193dc1e25cb0607623864f9,1.5695384740829468,-0.7385687232017517,-0.722055971622467,1.0941633316171897,-0.7385687232017517,-0.23701998920235368,unreviewed_scene_member
VAL_middle,308304,13526,6,1979444,frame:9193dc1e25cb0607623864f9,1.661971926689148,-0.7714617252349854,-0.6923664808273315,1.190256984625967,-0.7714617252349854,-0.2508554102586862,unreviewed_scene_member
VAL_middle,308307,13529,6,1979444,frame:9193dc1e25cb0607623864f9,1.571148157119751,-0.7226474285125732,-0.7376394867897034,1.0887787417322317,-0.7226474285125732,-0.25173199845388905,unreviewed_scene_member
VAL_middle,308308,13530,6,1979444,frame:9193dc1e25cb0607623864f9,1.6580404043197632,-0.7556124925613403,-0.706745982170105,1.1804197972335853,-0.7556124925613403,-0.2620561544846276,unreviewed_scene_member
VAL_middle,308311,13533,6,1979444,frame:9193dc1e25cb0607623864f9,1.5559295415878296,-0.712360143661499,-0.7123242616653442,1.0861978049682137,-0.712360143661499,-0.22230742288812166,unreviewed_scene_member
VAL_middle,308312,13534,6,1979444,frame:9193dc1e25cb0607623864f9,1.682848334312439,-0.763373851776123,-0.698261559009552,1.206436343322744,-0.763373851776123,-0.26530548618199234,unreviewed_scene_member
VAL_middle,308315,13537,6,1979444,frame:9193dc1e25cb0607623864f9,1.5583410263061523,-0.7003462314605713,-0.7287294268608093,1.0811736819957831,-0.7003462314605713,-0.23810941301579547,unreviewed_scene_member
VAL_middle,308316,13538,6,1979444,frame:9193dc1e25cb0607623864f9,1.6377452611923218,-0.7257487773895264,-0.694817304611206,1.167407831483023,-0.7257487773895264,-0.24243792494744199,unreviewed_scene_member
VAL_middle,308319,13541,6,1979444,frame:9193dc1e25cb0607623864f9,1.5847138166427612,-0.7088767886161804,-0.7261999249458313,1.1059862495898976,-0.7088767886161804,-0.2473969820983979,unreviewed_scene_member
VAL_middle,308320,13542,6,1979444,frame:9193dc1e25cb0607623864f9,1.6637883186340332,-0.737289547920227,-0.6876571178436279,1.1939539957435874,-0.737289547920227,-0.24741891666696936,unreviewed_scene_member
VAL_middle,308323,13545,6,1979444,frame:9193dc1e25cb0607623864f9,1.595978856086731,-0.6972659826278687,-0.7464701533317566,1.1072253167102484,-0.6972659826278687,-0.2705540109484692,unreviewed_scene_member
VAL_middle,308324,13546,6,1979444,frame:9193dc1e25cb0607623864f9,1.6387203931808472,-0.7091376185417175,-0.6925791501998901,1.1692654166246452,-0.7091376185417175,-0.24085375481593352,unreviewed_scene_member
VAL_middle,308327,13549,6,1979444,frame:9193dc1e25cb0607623864f9,1.5890132188796997,-0.6942228078842163,-0.7253662943840027,1.1102159663084905,-0.6942228078842163,-0.24853245380172773,unreviewed_scene_member
VAL_middle,308328,13550,6,1979444,frame:9193dc1e25cb0607623864f9,1.6677385568618774,-0.7216948866844177,-0.6866605281829834,1.1979413224966522,-0.7216948866844177,-0.24825485827540894,unreviewed_scene_member
VAL_middle,308331,13553,6,1979444,frame:9193dc1e25cb0607623864f9,1.578107476234436,-0.6731199026107788,-0.7353358864784241,1.0960435682290057,-0.6731199026107788,-0.2527123009102341,unreviewed_scene_member
VAL_middle,308332,13554,6,1979444,frame:9193dc1e25cb0607623864f9,1.6068494319915771,-0.678759753704071,-0.6800850629806519,1.1460970338002776,-0.678759753704071,-0.21565283380352906,unreviewed_scene_member
VAL_middle,308335,13557,6,1979444,frame:9193dc1e25cb0607623864f9,1.5922703742980957,-0.6791608929634094,-0.7241199612617493,1.1136898346864994,-0.6791608929634094,-0.24884009996777334,unreviewed_scene_member
VAL_middle,308336,13558,6,1979444,frame:9193dc1e25cb0607623864f9,1.663225769996643,-0.6991556882858276,-0.6853513717651367,1.1944591529301802,-0.6991556882858276,-0.24509992072804643,unreviewed_scene_member
VAL_middle,308339,13561,6,1979444,frame:9193dc1e25cb0607623864f9,1.600572943687439,-0.6662542223930359,-0.7430663704872131,1.112846575482925,-0.6662542223930359,-0.26950862664287034,unreviewed_scene_member
VAL_middle,308340,13562,6,1979444,frame:9193dc1e25cb0607623864f9,1.6204781532287598,-0.6679129004478455,-0.6833602786064148,1.156910687277081,-0.6679129004478455,-0.22457101626632325,unreviewed_scene_member
VAL_middle,308343,13565,6,1979444,frame:9193dc1e25cb0607623864f9,1.6050726175308228,-0.6648428440093994,-0.7267359495162964,1.1240496409122156,-0.6648428440093994,-0.2568034686835521,unreviewed_scene_member
VAL_middle,308344,13566,6,1979444,frame:9193dc1e25cb0607623864f9,1.6414144039154053,-0.673193097114563,-0.673917293548584,1.1798675969349783,-0.673193097114563,-0.2252615657400212,unreviewed_scene_member
VAL_middle,308347,13569,6,1979444,frame:9193dc1e25cb0607623864f9,1.598059058189392,-0.6489044427871704,-0.7428081035614014,1.1107003269326483,-0.6489044427871704,-0.2681744829989192,unreviewed_scene_member
VAL_middle,308348,13570,6,1979444,frame:9193dc1e25cb0607623864f9,1.6488192081451416,-0.6594806909561157,-0.6923614740371704,1.1784375943383099,-0.6594806909561157,-0.24508513787396824,unreviewed_scene_member
VAL_middle,308351,13573,6,1979444,frame:9193dc1e25cb0607623864f9,1.607279658317566,-0.6493830680847168,-0.7286992073059082,1.1251726804626052,-0.6493830680847168,-0.2595355360969005,unreviewed_scene_member
VAL_middle,308352,13574,6,1979444,frame:9193dc1e25cb0607623864f9,1.6490905284881592,-0.6595891714096069,-0.6746799349784851,1.1864325320014057,-0.6595891714096069,-0.22931201484853148,unreviewed_scene_member
VAL_middle,308355,13577,6,1979444,frame:9193dc1e25cb0607623864f9,1.6197097301483154,-0.6380205750465393,-0.7497249245643616,1.1271276872325025,-0.6380205750465393,-0.28388231043108436,unreviewed_scene_member
VAL_middle,308356,13578,6,1979444,frame:9193dc1e25cb0607623864f9,1.6395512819290161,-0.6392343640327454,-0.6861010789871216,1.172852013991159,-0.6392343640327454,-0.23539554063178403,unreviewed_scene_member
VAL_middle,308359,13581,6,1979444,frame:9193dc1e25cb0607623864f9,1.6072686910629272,-0.6331198811531067,-0.7261615991592407,1.1262752373527876,-0.6331198811531067,-0.2572499412748426,unreviewed_scene_member
VAL_middle,308360,13582,6,1979444,frame:9193dc1e25cb0607623864f9,1.6447672843933105,-0.6412680149078369,-0.6705961227416992,1.1843370514017688,-0.6412680149078369,-0.2237463232521968,unreviewed_scene_member
VAL_middle,308363,13585,6,1979444,frame:9193dc1e25cb0607623864f9,1.598163366317749,-0.6134774684906006,-0.737245500087738,1.113232563321279,-0.6134774684906006,-0.263220573788715,unreviewed_scene_member
VAL_middle,308364,13586,6,1979444,frame:9193dc1e25cb0607623864f9,1.6479672193527222,-0.6260040402412415,-0.690857470035553,1.178331143843134,-0.6260040402412415,-0.2433598607277201,unreviewed_scene_member
VAL_middle,308367,13589,6,1979444,frame:9193dc1e25cb0607623864f9,1.6324858665466309,-0.6233857274055481,-0.7345649600028992,1.1452564936121046,-0.6233857274055481,-0.27585731410559866,unreviewed_scene_member
VAL_middle,308368,13590,6,1979444,frame:9193dc1e25cb0607623864f9,1.673065185546875,-0.63553786277771,-0.6834231019020081,1.2041480589170108,-0.63553786277771,-0.24768011913389776,unreviewed_scene_member
VAL_middle,308371,13593,6,1979444,frame:9193dc1e25cb0607623864f9,1.6197772026062012,-0.6056098937988281,-0.7447496652603149,1.1293693412026276,-0.6056098937988281,-0.2794401549685528,unreviewed_scene_member
VAL_middle,308372,13594,6,1979444,frame:9193dc1e25cb0607623864f9,1.6525999307632446,-0.6109874248504639,-0.6904922127723694,1.1826551155224687,-0.6109874248504639,-0.24506241668797668,unreviewed_scene_member
VAL_middle,308375,13597,6,1979444,frame:9193dc1e25cb0607623864f9,1.6360671520233154,-0.6084479093551636,-0.7373467087745667,1.1472558932775314,-0.6084479093551636,-0.2799274655612669,unreviewed_scene_member
VAL_middle,308376,13598,6,1979444,frame:9193dc1e25cb0607623864f9,1.680652141571045,-0.6183596253395081,-0.6838395595550537,1.2107846068021135,-0.6183596253395081,-0.2513803314059446,unreviewed_scene_member
VAL_middle,308379,13601,6,1979444,frame:9193dc1e25cb0607623864f9,1.6130822896957397,-0.5839276313781738,-0.7423714399337769,1.1243945387019307,-0.5839276313781738,-0.2743677635540904,unreviewed_scene_member
VAL_middle,308380,13602,6,1979444,frame:9193dc1e25cb0607623864f9,1.6690510511398315,-0.6005662679672241,-0.6951494812965393,1.195399672428051,-0.6005662679672241,-0.2564600384149667,unreviewed_scene_member
VAL_middle,308383,13605,6,1979444,frame:9193dc1e25cb0607623864f9,1.6441055536270142,-0.5951578617095947,-0.7386005520820618,1.153931112052097,-0.5951578617095947,-0.2845782157904,unreviewed_scene_member
VAL_middle,308384,13606,6,1979444,frame:9193dc1e25cb0607623864f9,1.6859126091003418,-0.6036441326141357,-0.6838105320930481,1.2155254085000036,-0.6036441326141357,-0.2536602788793796,unreviewed_scene_member
VAL_middle,308387,13609,6,1979444,frame:9193dc1e25cb0607623864f9,1.616395354270935,-0.5692226886749268,-0.7415817975997925,1.1277184578326227,-0.5692226886749268,-0.2751103896428142,unreviewed_scene_member
VAL_middle,308388,13610,6,1979444,frame:9193dc1e25cb0607623864f9,1.6682270765304565,-0.5809381604194641,-0.6922780871391296,1.19591782530451,-0.5809381604194641,-0.25351803974727183,unreviewed_scene_member
VAL_middle,308391,13613,6,1979444,frame:9193dc1e25cb0607623864f9,1.6393362283706665,-0.5773014426231384,-0.7341668009757996,1.1515880994638572,-0.5773014426231384,-0.278502452111284,unreviewed_scene_member
VAL_middle,308392,13614,6,1979444,frame:9193dc1e25cb0607623864f9,1.6551274061203003,-0.5763763785362244,-0.6692582964897156,1.1942351315572086,-0.5763763785362244,-0.22708547142426605,unreviewed_scene_member
VAL_middle,308395,13617,6,1979444,frame:9193dc1e25cb0607623864f9,1.627793550491333,-0.5573182702064514,-0.7445513606071472,1.1366613179930696,-0.5573182702064514,-0.2827760555423977,unreviewed_scene_member
VAL_middle,308396,13618,6,1979444,frame:9193dc1e25cb0607623864f9,1.6576341390609741,-0.5610781908035278,-0.6893500089645386,1.1876805411614035,-0.5610781908035278,-0.24624266237048875,unreviewed_scene_member
VAL_middle,308399,13621,6,1979444,frame:9193dc1e25cb0607623864f9,1.6379798650741577,-0.5572948455810547,-0.7308605909347534,1.1518183552955552,-0.5572948455810547,-0.2749362596768241,unreviewed_scene_member
VAL_middle,308400,13622,6,1979444,frame:9193dc1e25cb0607623864f9,1.695002794265747,-0.5737268328666687,-0.6869125962257385,1.2223357573951659,-0.5737268328666687,-0.26043327054856347,unreviewed_scene_member
VAL_middle,308403,13625,6,1979444,frame:9193dc1e25cb0607623864f9,1.6201316118240356,-0.5389460325241089,-0.7388673424720764,1.1322665226840343,-0.5389460325241089,-0.2743085210433287,unreviewed_scene_member
VAL_middle,308404,13626,6,1979444,frame:9193dc1e25cb0607623864f9,1.67864990234375,-0.5519120097160339,-0.6960602402687073,1.2036278122863666,-0.5519120097160339,-0.2614864825668841,unreviewed_scene_member
VAL_middle,308407,13629,6,1979444,frame:9193dc1e25cb0607623864f9,1.650572419166565,-0.5455551147460938,-0.7379052042961121,1.1600483127036065,-0.5455551147460938,-0.28678812860298475,unreviewed_scene_member
VAL_middle,308408,13630,6,1979444,frame:9193dc1e25cb0607623864f9,1.6803648471832275,-0.5492278933525085,-0.6786122918128967,1.2128178716715108,-0.5492278933525085,-0.2465561527106288,unreviewed_scene_member
VAL_middle,308411,13633,6,1979444,frame:9193dc1e25cb0607623864f9,1.6499663591384888,-0.5294286012649536,-0.7534539699554443,1.1526874593254357,-0.5294286012649536,-0.3004975873753628,unreviewed_scene_member
VAL_middle,308412,13634,6,1979444,frame:9193dc1e25cb0607623864f9,1.6568210124969482,-0.5287590622901917,-0.6850692629814148,1.1888262633725042,-0.5287590622901917,-0.24203870214278145,unreviewed_scene_member
VAL_middle,308415,13637,6,1979444,frame:9193dc1e25cb0607623864f9,1.6166945695877075,-0.5187526345252991,-0.7207084894180298,1.1371376468228207,-0.5187526345252991,-0.2564807518840284,unreviewed_scene_member
VAL_middle,308416,13638,6,1979444,frame:9193dc1e25cb0607623864f9,1.667446255683899,-0.5289450883865356,-0.671505331993103,1.2043222046717301,-0.5289450883865356,-0.23450532176685046,unreviewed_scene_member
VAL_middle,308419,13641,6,1979444,frame:9193dc1e25cb0607623864f9,1.6219114065170288,-0.5048586130142212,-0.7386026382446289,1.1339822302534774,-0.5048586130142212,-0.27485081710028525,unreviewed_scene_member
VAL_middle,308420,13642,6,1979444,frame:9193dc1e25cb0607623864f9,1.6445080041885376,-0.5059167146682739,-0.6777501702308655,1.1809678838953863,-0.5059167146682739,-0.23006267758169496,unreviewed_scene_member
VAL_middle,308423,13645,6,1979444,frame:9193dc1e25cb0607623864f9,1.6576342582702637,-0.5159781575202942,-0.7369235754013062,1.166825769430271,-0.5159781575202942,-0.28900155290298635,unreviewed_scene_member
VAL_middle,308424,13646,6,1979444,frame:9193dc1e25cb0607623864f9,1.675472617149353,-0.5154426693916321,-0.6729006171226501,1.2109245978279881,-0.5154426693916321,-0.23927792101433187,unreviewed_scene_member
VAL_middle,308427,13649,6,1979444,frame:9193dc1e25cb0607623864f9,1.5875341892242432,-0.7436553835868835,-0.7118517756462097,1.114810998337255,-0.7436553835868835,-0.23573732089540322,unreviewed_scene_member
VAL_middle,308428,13650,6,1979444,frame:9193dc1e25cb0607623864f9,1.7158821821212769,-0.7964860200881958,-0.6960210800170898,1.2371091304049628,-0.7964860200881958,-0.2777728427495252,unreviewed_scene_member
VAL_middle,308431,13653,6,1979444,frame:9193dc1e25cb0607623864f9,1.6173648834228516,-0.7541896104812622,-0.7065591216087341,1.1439427954999015,-0.7541896104812622,-0.24405723058275708,unreviewed_scene_member
VAL_middle,308432,13654,6,1979444,frame:9193dc1e25cb0607623864f9,1.7102382183074951,-0.790241003036499,-0.6745639443397522,1.241442558505291,-0.790241003036499,-0.25601314606261694,unreviewed_scene_member
VAL_middle,308435,13657,6,1979444,frame:9193dc1e25cb0607623864f9,1.6027244329452515,-0.733784556388855,-0.7157644629478455,1.1267486897360857,-0.733784556388855,-0.2459129855071278,unreviewed_scene_member
VAL_middle,308436,13658,6,1979444,frame:9193dc1e25cb0607623864f9,1.6818053722381592,-0.762900710105896,-0.6794718503952026,1.2137358013329704,-0.762900710105896,-0.2479602034671593,unreviewed_scene_member
VAL_middle,308439,13661,6,1979444,frame:9193dc1e25cb0607623864f9,1.6209182739257812,-0.738694965839386,-0.7088671922683716,1.1461247701461752,-0.738694965839386,-0.24768941461983585,unreviewed_scene_member
VAL_middle,308440,13662,6,1979444,frame:9193dc1e25cb0607623864f9,1.696959137916565,-0.7662064433097839,-0.6666635274887085,1.232970714904699,-0.7662064433097839,-0.24309113273434102,unreviewed_scene_member
VAL_middle,308443,13665,6,1979444,frame:9193dc1e25cb0607623864f9,1.601831316947937,-0.7131812572479248,-0.7155585289001465,1.1260362379396973,-0.7131812572479248,-0.24533637692716725,unreviewed_scene_member
VAL_middle,308444,13666,6,1979444,frame:9193dc1e25cb0607623864f9,1.6917762756347656,-0.7461622357368469,-0.6803059577941895,1.2223319413250253,-0.7461622357368469,-0.25308085058783636,unreviewed_scene_member
VAL_middle,308447,13669,6,1979444,frame:9193dc1e25cb0607623864f9,1.6064114570617676,-0.7152205109596252,-0.6997667551040649,1.1370754985940463,-0.7152205109596252,-0.2331506259329006,unreviewed_scene_member
VAL_middle,308448,13670,6,1979444,frame:9193dc1e25cb0607623864f9,1.7044522762298584,-0.751753032207489,-0.6703077554702759,1.2381079786093427,-0.751753032207489,-0.24965131878297808,unreviewed_scene_member
VAL_middle,308451,13673,6,1979444,frame:9193dc1e25cb0607623864f9,1.5932945013046265,-0.6927841901779175,-0.709017276763916,1.121230895065532,-0.6927841901779175,-0.23571484478829663,unreviewed_scene_member
VAL_middle,308452,13674,6,1979444,frame:9193dc1e25cb0607623864f9,1.7291719913482666,-0.7446991205215454,-0.6960635781288147,1.2490353018686597,-0.7446991205215454,-0.28363690871076597,unreviewed_scene_member
VAL_middle,308455,13677,6,1979444,frame:9193dc1e25cb0607623864f9,1.6090916395187378,-0.6996530294418335,-0.6982479691505432,1.140150222569539,-0.6996530294418335,-0.23296046481753852,unreviewed_scene_member
VAL_middle,308456,13678,6,1979444,frame:9193dc1e25cb0607623864f9,1.7224195003509521,-0.7417910099029541,-0.6748021245002747,1.2522866109721307,-0.7417910099029541,-0.2615671435515927,unreviewed_scene_member
VAL_middle,308459,13681,6,1979444,frame:9193dc1e25cb0607623864f9,1.5992087125778198,-0.6788238286972046,-0.7089859247207642,1.1265602967775445,-0.6788238286972046,-0.23827928533675502,unreviewed_scene_member
VAL_middle,308460,13682,6,1979444,frame:9193dc1e25cb0607623864f9,1.6805007457733154,-0.706417441368103,-0.6739641427993774,1.2149776309286853,-0.706417441368103,-0.24243799807175015,unreviewed_scene_member
VAL_middle,308463,13685,6,1979444,frame:9193dc1e25cb0607623864f9,1.6147730350494385,-0.6821068525314331,-0.6975753307342529,1.1455514923211272,-0.6821068525314331,-0.23484646128782027,unreviewed_scene_member
VAL_middle,308464,13686,6,1979444,frame:9193dc1e25cb0607623864f9,1.7070653438568115,-0.7175841927528381,-0.6663079857826233,1.2422099718598938,-0.7175841927528381,-0.24720184305341286,unreviewed_scene_member
VAL_middle,308467,13689,6,1979444,frame:9193dc1e25cb0607623864f9,1.6242272853851318,-0.672776997089386,-0.7210292816162109,1.1437673808902116,-0.672776997089386,-0.26007120326440614,unreviewed_scene_member
VAL_middle,308468,13690,6,1979444,frame:9193dc1e25cb0607623864f9,1.683223009109497,-0.6903401017189026,-0.6726141571998596,1.2180161797431135,-0.6903401017189026,-0.24241800075285758,unreviewed_scene_member
VAL_middle,308471,13693,6,1979444,frame:9193dc1e25cb0607623864f9,1.6025925874710083,-0.6605409979820251,-0.6933038234710693,1.1364762840938545,-0.6605409979820251,-0.22566769921758656,unreviewed_scene_member
VAL_middle,308472,13694,6,1979444,frame:9193dc1e25cb0607623864f9,1.710434079170227,-0.6980152130126953,-0.6647331714630127,1.2459281242624167,-0.6980152130126953,-0.24726316568149098,unreviewed_scene_member
VAL_middle,308475,13697,6,1979444,frame:9193dc1e25cb0607623864f9,1.6245144605636597,-0.6530506014823914,-0.7180814146995544,1.1453177520317535,-0.6530506014823914,-0.2575475673427736,unreviewed_scene_member
VAL_middle,308476,13698,6,1979444,frame:9193dc1e25cb0607623864f9,1.6736609935760498,-0.6694166660308838,-0.6664333939552307,1.2121313653826105,-0.6694166660308838,-0.23267105583198822,unreviewed_scene_member
VAL_middle,308479,13701,6,1979444,frame:9193dc1e25cb0607623864f9,1.6094613075256348,-0.6469992995262146,-0.6938062906265259,1.1424295816814871,-0.6469992995262146,-0.22913036239269147,unreviewed_scene_member
VAL_middle,308480,13702,6,1979444,frame:9193dc1e25cb0607623864f9,1.7063074111938477,-0.6790221333503723,-0.6647863388061523,1.2421957926250098,-0.6790221333503723,-0.24550193999973935,unreviewed_scene_member
VAL_middle,308483,13705,6,1979444,frame:9193dc1e25cb0607623864f9,1.6386358737945557,-0.6421743631362915,-0.721818745136261,1.1563716563395445,-0.6421743631362915,-0.2670970778006483,unreviewed_scene_member
VAL_middle,308484,13706,6,1979444,frame:9193dc1e25cb0607623864f9,1.673727035522461,-0.6491959095001221,-0.6676366329193115,1.2116632582463054,-0.6491959095001221,-0.23378147073296374,unreviewed_scene_member
VAL_middle,308487,13709,6,1979444,frame:9193dc1e25cb0607623864f9,1.6385788917541504,-0.6421520113945007,-0.7039157152175903,1.164168612977329,-0.6421520113945007,-0.25098096181663254,unreviewed_scene_member
VAL_middle,308488,13710,6,1979444,frame:9193dc1e25cb0607623864f9,1.7051714658737183,-0.6613923907279968,-0.6620697975158691,1.2423656650550774,-0.6613923907279968,-0.2425623632088323,unreviewed_scene_member
VAL_middle,308491,13713,6,1979444,frame:9193dc1e25cb0607623864f9,1.6547329425811768,-0.631881058216095,-0.7264528274536133,1.168808157948055,-0.631881058216095,-0.2783186539014786,unreviewed_scene_member
VAL_middle,308492,13714,6,1979444,frame:9193dc1e25cb0607623864f9,1.677263855934143,-0.6337851881980896,-0.6668157577514648,1.2152019793638542,-0.6337851881980896,-0.2345941130392044,unreviewed_scene_member
VAL_middle,308495,13717,6,1979444,frame:9193dc1e25cb0607623864f9,1.6401890516281128,-0.6263272762298584,-0.7057895660400391,1.1647943729516876,-0.6263272762298584,-0.2533710154099649,unreviewed_scene_member
VAL_middle,308496,13718,6,1979444,frame:9193dc1e25cb0607623864f9,1.6824040412902832,-0.6357275247573853,-0.6510509252548218,1.2267327950593185,-0.6357275247573853,-0.22267808439959746,unreviewed_scene_member
VAL_middle,308499,13721,6,1979444,frame:9193dc1e25cb0607623864f9,1.66307532787323,-0.6184921860694885,-0.7313382625579834,1.1741646103912198,-0.6184921860694885,-0.2863667148943012,unreviewed_scene_member
VAL_middle,308500,13722,6,1979444,frame:9193dc1e25cb0607623864f9,1.6825757026672363,-0.6190673112869263,-0.6667543053627014,1.2200031745365474,-0.6190673112869263,-0.2368674403420068,unreviewed_scene_member
VAL_middle,308503,13725,6,1979444,frame:9193dc1e25cb0607623864f9,1.6491481065750122,-0.609711229801178,-0.7068113088607788,1.1723988156263767,-0.609711229801178,-0.2582167429653135,unreviewed_scene_member
VAL_middle,308504,13726,6,1979444,frame:9193dc1e25cb0607623864f9,1.7043973207473755,-0.6270961165428162,-0.6574190258979797,1.2437086321121373,-0.6270961165428162,-0.23804291448116,unreviewed_scene_member
VAL_middle,308507,13729,6,1979444,frame:9193dc1e25cb0607623864f9,1.6364405155181885,-0.5888321995735168,-0.7168279886245728,1.1565862850466258,-0.5888321995735168,-0.2616490338361903,unreviewed_scene_member
VAL_middle,308508,13730,6,1979444,frame:9193dc1e25cb0607623864f9,1.6785439252853394,-0.6010057330131531,-0.663053035736084,1.2180019668404907,-0.6010057330131531,-0.23177334636335467,unreviewed_scene_member
VAL_middle,308511,13733,6,1979444,frame:9193dc1e25cb0607623864f9,1.6617555618286133,-0.5979411602020264,-0.7099512219429016,1.1823538740486683,-0.5979411602020264,-0.2665656227670352,unreviewed_scene_member
VAL_middle,308512,13734,6,1979444,frame:9193dc1e25cb0607623864f9,1.6982852220535278,-0.6047322154045105,-0.6525830030441284,1.2403350870800551,-0.6047322154045105,-0.23101695821864165,unreviewed_scene_member
VAL_middle,308515,13737,6,1979444,frame:9193dc1e25cb0607623864f9,1.6397603750228882,-0.5739145874977112,-0.7160610556602478,1.159906356287081,-0.5739145874977112,-0.2624150496721982,unreviewed_scene_member
VAL_middle,308516,13738,6,1979444,frame:9193dc1e25cb0607623864f9,1.6896547079086304,-0.5884000658988953,-0.6689451932907104,1.2254053202477453,-0.5884000658988953,-0.2419398290136059,unreviewed_scene_member
VAL_middle,308519,13741,6,1979444,frame:9193dc1e25cb0607623864f9,1.660277247428894,-0.5810955166816711,-0.7071262001991272,1.182263581889165,-0.5810955166816711,-0.26337845966434537,unreviewed_scene_member
VAL_middle,308520,13742,6,1979444,frame:9193dc1e25cb0607623864f9,1.6999245882034302,-0.5886516571044922,-0.654767632484436,1.2408508611022349,-0.5886516571044922,-0.23369914097209987,unreviewed_scene_member
VAL_middle,308523,13745,6,1979444,frame:9193dc1e25cb0607623864f9,1.6633331775665283,-0.5659208297729492,-0.7241706848144531,1.1775384234355277,-0.5659208297729492,-0.28003757255778017,unreviewed_scene_member
VAL_middle,308524,13746,6,1979444,frame:9193dc1e25cb0607623864f9,1.6749967336654663,-0.5636986494064331,-0.6607686281204224,1.2158151905176777,-0.5636986494064331,-0.22816514794079312,unreviewed_scene_member
VAL_middle,308527,13749,6,1979444,frame:9193dc1e25cb0607623864f9,1.6486232280731201,-0.560916006565094,-0.7000511288642883,1.1748905258114077,-0.560916006565094,-0.2519106418417576,unreviewed_scene_member
VAL_middle,308528,13750,6,1979444,frame:9193dc1e25cb0607623864f9,1.7076324224472046,-0.5746817588806152,-0.6557798385620117,1.2473348946913865,-0.5746817588806152,-0.23798779790495628,unreviewed_scene_member
VAL_middle,308531,13753,6,1979444,frame:9193dc1e25cb0607623864f9,1.616374135017395,-0.5342516899108887,-0.7051480412483215,1.1436708936475022,-0.5342516899108887,-0.24235464444128918,unreviewed_scene_member
VAL_middle,308532,13754,6,1979444,frame:9193dc1e25cb0607623864f9,1.6947511434555054,-0.5539300441741943,-0.6666290760040283,1.2310012851656849,-0.5539300441741943,-0.2420922468810256,unreviewed_scene_member
VAL_middle,308535,13757,6,1979444,frame:9193dc1e25cb0607623864f9,1.6792632341384888,-0.5521137118339539,-0.7141961455345154,1.1962288136624535,-0.5521137118339539,-0.27805579320626017,unreviewed_scene_member
VAL_middle,308536,13758,6,1979444,frame:9193dc1e25cb0607623864f9,1.6899365186691284,-0.5523563623428345,-0.647108256816864,1.2352312929658642,-0.5523563623428345,-0.22243645822775648,unreviewed_scene_member
VAL_middle,308539,13761,6,1979444,frame:9193dc1e25cb0607623864f9,1.655423879623413,-0.528313159942627,-0.7197720408439636,1.1723578321355097,-0.528313159942627,-0.27261688953569463,unreviewed_scene_member
VAL_middle,308540,13762,6,1979444,frame:9193dc1e25cb0607623864f9,1.6772215366363525,-0.5320460200309753,-0.6578824520111084,1.2190800465129743,-0.5320460200309753,-0.22654635946689794,unreviewed_scene_member
VAL_middle,308543,13765,6,1979444,frame:9193dc1e25cb0607623864f9,1.6603237390518188,-0.5298768877983093,-0.7041476368904114,1.1836110844964782,-0.5298768877983093,-0.260721725282004,unreviewed_scene_member
VAL_middle,308544,13766,6,1979444,frame:9193dc1e25cb0607623864f9,1.6913374662399292,-0.5332766771316528,-0.645470917224884,1.2372082187362967,-0.5332766771316528,-0.22157896214391837,unreviewed_scene_member
VAL_middle,308547,13769,6,1979444,frame:9193dc1e25cb0607623864f9,1.6532139778137207,-0.5117552876472473,-0.7168420553207397,1.1716560066599435,-0.5117552876472473,-0.2690146788010721,unreviewed_scene_member
VAL_middle,308548,13770,6,1979444,frame:9193dc1e25cb0607623864f9,1.683998465538025,-0.5180655717849731,-0.6587422490119934,1.224794199664706,-0.5180655717849731,-0.23028994998665353,unreviewed_scene_member
VAL_middle,308551,13773,6,1979444,frame:9193dc1e25cb0607623864f9,1.6553386449813843,-0.512412965297699,-0.7001103162765503,1.1809003564931837,-0.512412965297699,-0.254907684146757,unreviewed_scene_member
VAL_middle,308552,13774,6,1979444,frame:9193dc1e25cb0607623864f9,1.7169520854949951,-0.5249249339103699,-0.6534731388092041,1.2567225429681912,-0.5249249339103699,-0.24000002127848075,unreviewed_scene_member
VAL_middle,308555,13777,6,1979444,frame:9193dc1e25cb0607623864f9,1.6164932250976562,-0.48774024844169617,-0.7341689467430115,1.1310560034800496,-0.48774024844169617,-0.2684906671731828,unreviewed_scene_member
VAL_middle,308556,13778,6,1979444,frame:9193dc1e25cb0607623864f9,1.6663137674331665,-0.4967496991157532,-0.684924304485321,1.1974218406143236,-0.4967496991157532,-0.24606976417710946,unreviewed_scene_member
VAL_middle,308559,13781,6,1979444,frame:9193dc1e25cb0607623864f9,1.6342488527297974,-0.49029815196990967,-0.7242442965507507,1.1513653361703848,-0.49029815196990967,-0.2673540055158383,unreviewed_scene_member
VAL_middle,308560,13782,6,1979444,frame:9193dc1e25cb0607623864f9,1.6743390560150146,-0.4991421699523926,-0.6741713285446167,1.2093487166060433,-0.4991421699523926,-0.23992310838054443,unreviewed_scene_member
VAL_middle,308563,13785,6,1979444,frame:9193dc1e25cb0607623864f9,1.6295623779296875,-0.47343161702156067,-0.7378512620925903,1.1411882594330194,-0.47343161702156067,-0.2775294498005194,unreviewed_scene_member
VAL_middle,308564,13786,6,1979444,frame:9193dc1e25cb0607623864f9,1.6776957511901855,-0.4842420220375061,-0.6913625597953796,1.2048295544866148,-0.4842420220375061,-0.2568459629906432,unreviewed_scene_member
VAL_middle,308567,13789,6,1979444,frame:9193dc1e25cb0607623864f9,1.6178163290023804,-0.47001907229423523,-0.7151169180870056,1.1405970610428426,-0.47001907229423523,-0.2519468278232784,unreviewed_scene_member
VAL_middle,308568,13790,6,1979444,frame:9193dc1e25cb0607623864f9,1.6767010688781738,-0.48395490646362305,-0.6733962893486023,1.2118114345258961,-0.48395490646362305,-0.24026194605307172,unreviewed_scene_member
VAL_middle,308571,13793,6,1979444,frame:9193dc1e25cb0607623864f9,1.6178386211395264,-0.45475390553474426,-0.734208345413208,1.132247966192161,-0.45475390553474426,-0.26911586126914755,unreviewed_scene_member
VAL_middle,308572,13794,6,1979444,frame:9193dc1e25cb0607623864f9,1.692445993423462,-0.4725394546985626,-0.6957151293754578,1.216178943469056,-0.4725394546985626,-0.2672241072185384,unreviewed_scene_member
VAL_middle,308575,13797,6,1979444,frame:9193dc1e25cb0607623864f9,1.6448397636413574,-0.46234360337257385,-0.7287728786468506,1.1588991841157843,-0.46234360337257385,-0.27606701790383137,unreviewed_scene_member
VAL_middle,308576,13798,6,1979444,frame:9193dc1e25cb0607623864f9,1.6822683811187744,-0.4665343165397644,-0.6736330986022949,1.2167114912775248,-0.4665343165397644,-0.24291533785184427,unreviewed_scene_member
VAL_middle,308579,13801,6,1979444,frame:9193dc1e25cb0607623864f9,1.621796727180481,-0.4406324326992035,-0.7342315316200256,1.1357953241723193,-0.4406324326992035,-0.27087182037807755,unreviewed_scene_member
VAL_middle,308580,13802,6,1979444,frame:9193dc1e25cb0607623864f9,1.6707069873809814,-0.44766461849212646,-0.6848141551017761,1.201418726859085,-0.44766461849212646,-0.2478966234335962,unreviewed_scene_member
VAL_middle,308583,13805,6,1979444,frame:9193dc1e25cb0607623864f9,1.6447062492370605,-0.44377580285072327,-0.7266147136688232,1.159725259420485,-0.44377580285072327,-0.2740687432081246,unreviewed_scene_member
VAL_middle,308584,13806,6,1979444,frame:9193dc1e25cb0607623864f9,1.693819284439087,-0.45385751128196716,-0.6766466498374939,1.225772320500317,-0.45385751128196716,-0.25068748249523365,unreviewed_scene_member
VAL_middle,308587,13809,6,1979444,frame:9193dc1e25cb0607623864f9,1.6428414583206177,-0.4279281497001648,-0.7416895627975464,1.1514408175469626,-0.4279281497001648,-0.2868004573213163,unreviewed_scene_member
VAL_middle,308588,13810,6,1979444,frame:9193dc1e25cb0607623864f9,1.7147934436798096,-0.44347575306892395,-0.7012718915939331,1.2338287744832808,-0.44347575306892395,-0.28201496941389115,unreviewed_scene_member
VAL_middle,308591,13813,6,1979444,frame:9193dc1e25cb0607623864f9,1.6534420251846313,-0.43068936467170715,-0.7287858724594116,1.1666251494630735,-0.43068936467170715,-0.27984967992290466,unreviewed_scene_member
VAL_middle,308592,13814,6,1979444,frame:9193dc1e25cb0607623864f9,1.6985623836517334,-0.43927812576293945,-0.6769841909408569,1.2298874215530804,-0.43927812576293945,-0.2530701002704998,unreviewed_scene_member
VAL_middle,308595,13817,6,1979444,frame:9193dc1e25cb0607623864f9,1.6224888563156128,-0.40754106640815735,-0.7308675646781921,1.1378920717642982,-0.40754106640815735,-0.26815171636150414,unreviewed_scene_member
VAL_middle,308596,13818,6,1979444,frame:9193dc1e25cb0607623864f9,1.7027238607406616,-0.42453673481941223,-0.6947944164276123,1.2258202434132186,-0.42453673481941223,-0.27090209638505125,unreviewed_scene_member
VAL_middle,308599,13821,6,1979444,frame:9193dc1e25cb0607623864f9,1.652358889579773,-0.4150438606739044,-0.7266843318939209,1.1665728883778101,-0.4150438606739044,-0.2774860123773555,unreviewed_scene_member
VAL_middle,308600,13822,6,1979444,frame:9193dc1e25cb0607623864f9,1.6930891275405884,-0.42213454842567444,-0.6733088493347168,1.2265792552612378,-0.42213454842567444,-0.24736740755867248,unreviewed_scene_member
VAL_middle,308603,13825,6,1979444,frame:9193dc1e25cb0607623864f9,1.646254301071167,-0.3982708156108856,-0.739979088306427,1.1552580829563368,-0.3982708156108856,-0.28675918482272067,unreviewed_scene_member
VAL_middle,308604,13826,6,1979444,frame:9193dc1e25cb0607623864f9,1.7110286951065063,-0.4107816517353058,-0.7002489566802979,1.2308934660309634,-0.4107816517353058,-0.27944520445431276,unreviewed_scene_member
VAL_middle,308607,13829,6,1979444,frame:9193dc1e25cb0607623864f9,1.6556049585342407,-0.400532990694046,-0.7265469431877136,1.1695506630726582,-0.400532990694046,-0.278785511196314,unreviewed_scene_member
VAL_middle,308608,13830,6,1979444,frame:9193dc1e25cb0607623864f9,1.6935988664627075,-0.4034721851348877,-0.6752878427505493,1.2261698719564191,-0.4034721851348877,-0.24936956989434034,unreviewed_scene_member
VAL_middle,308611,13833,6,1979444,frame:9193dc1e25cb0607623864f9,1.6411588191986084,-0.38190963864326477,-0.736162543296814,1.1523513573988922,-0.38190963864326477,-0.2810951846587313,unreviewed_scene_member
VAL_middle,308612,13834,6,1979444,frame:9193dc1e25cb0607623864f9,1.7029948234558105,-0.3900378942489624,-0.6952512264251709,1.2258635307658687,-0.3900378942489624,-0.2714314567273237,unreviewed_scene_member
VAL_middle,308615,13837,6,1979444,frame:9193dc1e25cb0607623864f9,1.6737109422683716,-0.3864066004753113,-0.7362227439880371,1.1815826215623442,-0.3864066004753113,-0.2954192042020969,unreviewed_scene_member
VAL_middle,308616,13838,6,1979444,frame:9193dc1e25cb0607623864f9,1.7243115901947021,-0.39492008090019226,-0.6861335635185242,1.2490198341415557,-0.39492008090019226,-0.27258121107183,unreviewed_scene_member
VAL_middle,308619,13841,6,1979444,frame:9193dc1e25cb0607623864f9,1.6348687410354614,-0.36244168877601624,-0.7350815534591675,1.1471717473498957,-0.36244168877601624,-0.2773662086507729,unreviewed_scene_member
VAL_middle,308620,13842,6,1979444,frame:9193dc1e25cb0607623864f9,1.719139575958252,-0.3779773414134979,-0.7004690170288086,1.2380870093434149,-0.3779773414134979,-0.2831985695258301,unreviewed_scene_member
VAL_middle,308623,13845,6,1979444,frame:9193dc1e25cb0607623864f9,1.6486555337905884,-0.3654981553554535,-0.7237709164619446,1.164521491507152,-0.3654981553554535,-0.27324400760842615,unreviewed_scene_member
VAL_middle,308624,13846,6,1979444,frame:9193dc1e25cb0607623864f9,1.7402782440185547,-0.3826249837875366,-0.6911319494247437,1.2611794193759505,-0.3826249837875366,-0.28407305091259216,unreviewed_scene_member
VAL_middle,308627,13849,6,1979444,frame:9193dc1e25cb0607623864f9,1.6513785123825073,-0.35101133584976196,-0.7410992980003357,1.1593726259667856,-0.35101133584976196,-0.29001232901515417,unreviewed_scene_member
VAL_middle,308628,13850,6,1979444,frame:9193dc1e25cb0607623864f9,1.72747802734375,-0.3640367090702057,-0.7025454044342041,1.2446713314759739,-0.3640367090702057,-0.28872015065991574,unreviewed_scene_member
VAL_middle,308631,13853,6,1979444,frame:9193dc1e25cb0607623864f9,1.681330680847168,-0.3573778569698334,-0.7367182970046997,1.1882139610871132,-0.3573778569698334,-0.2992048778421188,unreviewed_scene_member
VAL_middle,308632,13854,6,1979444,frame:9193dc1e25cb0607623864f9,1.7618257999420166,-0.3712749183177948,-0.6983759999275208,1.277370651625956,-0.3712749183177948,-0.3000297871762485,unreviewed_scene_member
VAL_middle,308635,13857,6,1979444,frame:9193dc1e25cb0607623864f9,1.6359785795211792,-0.3328436017036438,-0.7328566908836365,1.1491445791318962,-0.3328436017036438,-0.27585303658378657,unreviewed_scene_member
VAL_middle,308636,13858,6,1979444,frame:9193dc1e25cb0607623864f9,1.7417888641357422,-0.3512062430381775,-0.7070920467376709,1.2555407095815652,-0.3512062430381775,-0.2990801036289408,unreviewed_scene_member
VAL_middle,308639,13861,6,1979444,frame:9193dc1e25cb0607623864f9,1.6600111722946167,-0.3347169756889343,-0.7258009314537048,1.1738379717865612,-0.3347169756889343,-0.2800465572704516,unreviewed_scene_member
VAL_middle,308640,13862,6,1979444,frame:9193dc1e25cb0607623864f9,1.7234971523284912,-0.3443887233734131,-0.6817157864570618,1.2502244482330165,-0.3443887233734131,-0.26825351328971125,unreviewed_scene_member
VAL_middle,308643,13865,6,1979444,frame:9193dc1e25cb0607623864f9,1.6553789377212524,-0.3187757134437561,-0.7400113344192505,1.163445116286619,-0.3187757134437561,-0.2907881448692744,unreviewed_scene_member
VAL_middle,308644,13866,6,1979444,frame:9193dc1e25cb0607623864f9,1.7352931499481201,-0.3310248851776123,-0.7030092477798462,1.2514921816045201,-0.3310248851776123,-0.2925629745557694,unreviewed_scene_member
VAL_middle,308647,13869,6,1979444,frame:9193dc1e25cb0607623864f9,1.6436011791229248,-0.3165076971054077,-0.7173910140991211,1.1627754327391646,-0.3165076971054077,-0.26529410609680815,unreviewed_scene_member
VAL_middle,308648,13870,6,1979444,frame:9193dc1e25cb0607623864f9,1.7261887788772583,-0.329288125038147,-0.6816178560256958,1.2526865960254128,-0.329288125038147,-0.26934542541795903,unreviewed_scene_member
VAL_middle,308651,13873,6,1979444,frame:9193dc1e25cb0607623864f9,1.6513861417770386,-0.3030860722064972,-0.7370159029960632,1.1611695257719827,-0.3030860722064972,-0.2863455424030563,unreviewed_scene_member
VAL_middle,308652,13874,6,1979444,frame:9193dc1e25cb0607623864f9,1.7120836973190308,-0.3111383616924286,-0.6924801468849182,1.2352473177975996,-0.3111383616924286,-0.2729251269931643,unreviewed_scene_member
VAL_middle,308655,13877,6,1979444,frame:9193dc1e25cb0607623864f9,1.6632187366485596,-0.30525776743888855,-0.7247632741928101,1.1771757905344389,-0.30525776743888855,-0.28052002076649796,unreviewed_scene_member
VAL_middle,308656,13878,6,1979444,frame:9193dc1e25cb0607623864f9,1.7263089418411255,-0.31372350454330444,-0.6805582642555237,1.2532590922413407,-0.31372350454330444,-0.2684457466196928,unreviewed_scene_member
VAL_middle,308659,13881,6,1979444,frame:9193dc1e25cb0607623864f9,1.6564743518829346,-0.2876116931438446,-0.7380205392837524,1.1653023751599412,-0.2876116931438446,-0.28947902801635284,unreviewed_scene_member
VAL_middle,308660,13882,6,1979444,frame:9193dc1e25cb0607623864f9,1.7076947689056396,-0.29404935240745544,-0.6930810213088989,1.2310391690596938,-0.29404935240745544,-0.2715412097662582,unreviewed_scene_member
VAL_middle,308663,13885,6,1979444,frame:9193dc1e25cb0607623864f9,1.6413884162902832,-0.2846972644329071,-0.7140038013458252,1.1622714710183955,-0.2846972644329071,-0.26127968806007984,unreviewed_scene_member
VAL_middle,308664,13886,6,1979444,frame:9193dc1e25cb0607623864f9,1.7383029460906982,-0.29869505763053894,-0.6876686215400696,1.2609222563752371,-0.29869505763053894,-0.28009431881158076,unreviewed_scene_member
VAL_middle,308667,13889,6,1979444,frame:9193dc1e25cb0607623864f9,1.6510164737701416,-0.2712520658969879,-0.737947404384613,1.1604289270363424,-0.2712520658969879,-0.28702071851708966,unreviewed_scene_member
VAL_middle,308668,13890,6,1979444,frame:9193dc1e25cb0607623864f9,1.692910075187683,-0.27540460228919983,-0.6860172152519226,1.2208473431315303,-0.27540460228919983,-0.2587111197979699,unreviewed_scene_member
VAL_middle,308671,13893,6,1979444,frame:9193dc1e25cb0607623864f9,1.687940001487732,-0.2767132818698883,-0.7366453409194946,1.194186360971671,-0.2767132818698883,-0.30203664081579595,unreviewed_scene_member
VAL_middle,308672,13894,6,1979444,frame:9193dc1e25cb0607623864f9,1.7117074728012085,-0.27784931659698486,-0.6761018633842468,1.242088936361535,-0.27784931659698486,-0.2580394973208331,unreviewed_scene_member
VAL_middle,308675,13897,6,1979444,frame:9193dc1e25cb0607623864f9,1.6338905096054077,-0.2529396116733551,-0.7292156219482422,1.1488639738880912,-0.2529396116733551,-0.27166511589893694,unreviewed_scene_member
VAL_middle,308676,13898,6,1979444,frame:9193dc1e25cb0607623864f9,1.6976571083068848,-0.26038452982902527,-0.686954915523529,1.2247028874932449,-0.26038452982902527,-0.2616348815716132,unreviewed_scene_member
VAL_middle,308679,13901,6,1979444,frame:9193dc1e25cb0607623864f9,1.6513700485229492,-0.25505533814430237,-0.7196250557899475,1.1687787068844002,-0.25505533814430237,-0.27070769765585023,unreviewed_scene_member
VAL_middle,308680,13902,6,1979444,frame:9193dc1e25cb0607623864f9,1.717939853668213,-0.2628817558288574,-0.6775932312011719,1.247036790558878,-0.2628817558288574,-0.2621120257834224,unreviewed_scene_member
VAL_middle,308683,13905,6,1979444,frame:9193dc1e25cb0607623864f9,1.6573472023010254,-0.4972279667854309,-0.7167253494262695,1.1754220847179466,-0.4972279667854309,-0.27072167059639063,unreviewed_scene_member
VAL_middle,308684,13906,6,1979444,frame:9193dc1e25cb0607623864f9,1.7033228874206543,-0.5045472383499146,-0.6677345037460327,1.2382209299810065,-0.5045472383499146,-0.2468434039861378,unreviewed_scene_member
VAL_middle,308687,13909,6,1979444,frame:9193dc1e25cb0607623864f9,1.6500377655029297,-0.4918976128101349,-0.6956514120101929,1.1780906125544652,-0.4918976128101349,-0.24857629492317623,unreviewed_scene_member
VAL_middle,308688,13910,6,1979444,frame:9193dc1e25cb0607623864f9,1.762216329574585,-0.5219922661781311,-0.6725764870643616,1.2890314193750345,-0.5219922661781311,-0.27701253554030636,unreviewed_scene_member
VAL_middle,308691,13913,6,1979444,frame:9193dc1e25cb0607623864f9,1.6474261283874512,-0.4786215126514435,-0.7106016278266907,1.1691895454117567,-0.4786215126514435,-0.2608685935326227,unreviewed_scene_member
VAL_middle,308692,13914,6,1979444,frame:9193dc1e25cb0607623864f9,1.7237364053726196,-0.49427348375320435,-0.6740203499794006,1.253812944758393,-0.49427348375320435,-0.2614417824312434,unreviewed_scene_member
VAL_middle,308695,13917,6,1979444,frame:9193dc1e25cb0607623864f9,1.661956787109375,-0.47969919443130493,-0.7023993730545044,1.1858452467905665,-0.47969919443130493,-0.25986627730468337,unreviewed_scene_member
VAL_middle,308696,13918,6,1979444,frame:9193dc1e25cb0607623864f9,1.7237375974655151,-0.4942738115787506,-0.6562192440032959,1.261617507445249,-0.4942738115787506,-0.2454427769415095,unreviewed_scene_member
VAL_middle,308699,13921,6,1979444,frame:9193dc1e25cb0607623864f9,1.6197144985198975,-0.4522324204444885,-0.7000085711479187,1.1489261878778283,-0.4522324204444885,-0.2391996382931989,unreviewed_scene_member
VAL_middle,308700,13922,6,1979444,frame:9193dc1e25cb0607623864f9,1.7133780717849731,-0.4751618206501007,-0.6683230996131897,1.2470004463768158,-0.4751618206501007,-0.25178033314817694,unreviewed_scene_member
VAL_middle,308703,13925,6,1979444,frame:9193dc1e25cb0607623864f9,1.6592847108840942,-0.4632806181907654,-0.6995347142219543,1.1846993843656108,-0.4632806181907654,-0.25612017788212493,unreviewed_scene_member
VAL_middle,308704,13926,6,1979444,frame:9193dc1e25cb0607623864f9,1.7114466428756714,-0.4746261537075043,-0.6499385237693787,1.2533237571681675,-0.4746261537075043,-0.23440970313011178,unreviewed_scene_member
VAL_middle,308707,13929,6,1979444,frame:9193dc1e25cb0607623864f9,1.6557083129882812,-0.4467443823814392,-0.7138522863388062,1.1752085287215577,-0.4467443823814392,-0.2674209368112488,unreviewed_scene_member
VAL_middle,308708,13930,6,1979444,frame:9193dc1e25cb0607623864f9,1.7088701725006104,-0.4578903913497925,-0.6649807691574097,1.2444139545735626,-0.4578903913497925,-0.24680013345486151,unreviewed_scene_member
VAL_middle,308711,13933,6,1979444,frame:9193dc1e25cb0607623864f9,1.6592706441879272,-0.44770559668540955,-0.6978549957275391,1.1854230814255247,-0.44770559668540955,-0.2546042904661556,unreviewed_scene_member
VAL_middle,308712,13934,6,1979444,frame:9193dc1e25cb0607623864f9,1.7426482439041138,-0.4636828601360321,-0.6599074006080627,1.2769975024355606,-0.4636828601360321,-0.2570475519055042,unreviewed_scene_member
VAL_middle,308715,13937,6,1979444,frame:9193dc1e25cb0607623864f9,1.6659551858901978,-0.433948814868927,-0.7166101336479187,1.1832093963914199,-0.433948814868927,-0.27439160697829634,unreviewed_scene_member
VAL_middle,308716,13938,6,1979444,frame:9193dc1e25cb0607623864f9,1.7077826261520386,-0.4384840726852417,-0.66273432970047,1.2444212486313229,-0.4384840726852417,-0.24430429810558296,unreviewed_scene_member
VAL_middle,308719,13941,6,1979444,frame:9193dc1e25cb0607623864f9,1.6629301309585571,-0.43006300926208496,-0.697461724281311,1.1888846052023596,-0.43006300926208496,-0.2558550338440069,unreviewed_scene_member
VAL_middle,308720,13942,6,1979444,frame:9193dc1e25cb0607623864f9,1.730226993560791,-0.4442467987537384,-0.6537107229232788,1.2685498012823517,-0.4442467987537384,-0.246032897138029,unreviewed_scene_member
VAL_middle,308723,13945,6,1979444,frame:9193dc1e25cb0607623864f9,1.6800018548965454,-0.41887152194976807,-0.7207258939743042,1.1940302282904733,-0.41887152194976807,-0.284248482256525,unreviewed_scene_member
VAL_middle,308724,13946,6,1979444,frame:9193dc1e25cb0607623864f9,1.7084107398986816,-0.42278891801834106,-0.6615210771560669,1.2455176484364392,-0.42278891801834106,-0.24348918088544602,unreviewed_scene_member
VAL_middle,308727,13949,6,1979444,frame:9193dc1e25cb0607623864f9,1.678015947341919,-0.4183763861656189,-0.7022308707237244,1.200352990956122,-0.4183763861656189,-0.2667547009006006,unreviewed_scene_member
VAL_middle,308728,13950,6,1979444,frame:9193dc1e25cb0607623864f9,1.713007926940918,-0.42392659187316895,-0.6492773294448853,1.2550168785048714,-0.42392659187316895,-0.23449984749395592,unreviewed_scene_member
VAL_middle,308731,13953,6,1979444,frame:9193dc1e25cb0607623864f9,1.6808017492294312,-0.40352481603622437,-0.7195309996604919,1.1952729757451772,-0.40352481603622437,-0.28352516895733104,unreviewed_scene_member
VAL_middle,308732,13954,6,1979444,frame:9193dc1e25cb0607623864f9,1.7380391359329224,-0.4140593409538269,-0.6751300692558289,1.2661816849199925,-0.4140593409538269,-0.2687090959078955,unreviewed_scene_member
VAL_middle,308735,13957,6,1979444,frame:9193dc1e25cb0607623864f9,1.690014362335205,-0.4057365655899048,-0.7057434320449829,1.209597289382547,-0.4057365655899048,-0.2751715290436665,unreviewed_scene_member
VAL_middle,308736,13958,6,1979444,frame:9193dc1e25cb0607623864f9,1.7318284511566162,-0.412579745054245,-0.6550211906433105,1.2694147105976195,-0.412579745054245,-0.24791277052547667,unreviewed_scene_member
VAL_middle,308739,13961,6,1979444,frame:9193dc1e25cb0607623864f9,1.6725338697433472,-0.38613489270210266,-0.7180393934249878,1.1884957320235814,-0.38613489270210266,-0.27856012234160876,unreviewed_scene_member
VAL_middle,308740,13962,6,1979444,frame:9193dc1e25cb0607623864f9,1.749168038368225,-0.4006129801273346,-0.6780691742897034,1.2748958573264535,-0.4006129801273346,-0.27622933573685726,unreviewed_scene_member
VAL_middle,308743,13965,6,1979444,frame:9193dc1e25cb0607623864f9,1.708564043045044,-0.39445310831069946,-0.715592622756958,1.221952030937948,-0.39445310831069946,-0.2921555678217982,unreviewed_scene_member
VAL_middle,308744,13966,6,1979444,frame:9193dc1e25cb0607623864f9,1.7650941610336304,-0.4010195732116699,-0.6659782528877258,1.2945104726394716,-0.4010195732116699,-0.272343640223226,unreviewed_scene_member
VAL_middle,308747,13969,6,1979444,frame:9193dc1e25cb0607623864f9,1.6957489252090454,-0.3759384751319885,-0.7265697121620178,1.2056218400534278,-0.3759384751319885,-0.29640393252275565,unreviewed_scene_member
VAL_middle,308748,13970,6,1979444,frame:9193dc1e25cb0607623864f9,1.7369921207427979,-0.3819024860858917,-0.672031581401825,1.2665989215745952,-0.3819024860858917,-0.265465212222586,unreviewed_scene_member
VAL_middle,308751,13973,6,1979444,frame:9193dc1e25cb0607623864f9,1.6862750053405762,-0.37075161933898926,-0.7045926451683044,1.2067408493416267,-0.37075161933898926,-0.2724979824363596,unreviewed_scene_member
VAL_middle,308752,13974,6,1979444,frame:9193dc1e25cb0607623864f9,1.751392126083374,-0.3818652331829071,-0.6595258712768555,1.285023703130276,-0.3818652331829071,-0.26053770127243747,unreviewed_scene_member
VAL_middle,308755,13977,6,1979444,frame:9193dc1e25cb0607623864f9,1.686061143875122,-0.35530880093574524,-0.7207850217819214,1.1994503612243919,-0.35530880093574524,-0.2869578434362472,unreviewed_scene_member
VAL_middle,308756,13978,6,1979444,frame:9193dc1e25cb0607623864f9,1.7522202730178833,-0.3660578727722168,-0.6764029860496521,1.2783695965070323,-0.3660578727722168,-0.2760697872703255,unreviewed_scene_member
VAL_middle,308759,13981,6,1979444,frame:9193dc1e25cb0607623864f9,1.6833709478378296,-0.3547419011592865,-0.7020589113235474,1.2052414155592324,-0.3547419011592865,-0.26894762252396465,unreviewed_scene_member
VAL_middle,308760,13982,6,1979444,frame:9193dc1e25cb0607623864f9,1.755794882774353,-0.36680465936660767,-0.6599532961845398,1.288793503884484,-0.36680465936660767,-0.262851909734362,unreviewed_scene_member
VAL_middle,308763,13985,6,1979444,frame:9193dc1e25cb0607623864f9,1.7054836750030518,-0.3438858389854431,-0.7277774214744568,1.213841950294211,-0.3438858389854431,-0.30175684789333923,unreviewed_scene_member
VAL_middle,308764,13986,6,1979444,frame:9193dc1e25cb0607623864f9,1.7603366374969482,-0.3517499566078186,-0.678325355052948,1.2848218254738832,-0.3517499566078186,-0.2813555810897239,unreviewed_scene_member
VAL_middle,308767,13989,6,1979444,frame:9193dc1e25cb0607623864f9,1.7144389152526855,-0.3456915318965912,-0.7137306332588196,1.2280485735725528,-0.3456915318965912,-0.2930573972135029,unreviewed_scene_member
VAL_middle,308768,13990,6,1979444,frame:9193dc1e25cb0607623864f9,1.7643582820892334,-0.3525535762310028,-0.6619904041290283,1.2955972268590221,-0.3525535762310028,-0.2684367974046138,unreviewed_scene_member
VAL_middle,308771,13993,6,1979444,frame:9193dc1e25cb0607623864f9,1.6834591627120972,-0.3241831362247467,-0.7171444296836853,1.1987076465795776,-0.3241831362247467,-0.28254506746699004,unreviewed_scene_member
VAL_middle,308772,13994,6,1979444,frame:9193dc1e25cb0607623864f9,1.7492812871932983,-0.333693265914917,-0.6729176044464111,1.2772559442761477,-0.333693265914917,-0.2716487804499319,unreviewed_scene_member
VAL_middle,308775,13997,6,1979444,frame:9193dc1e25cb0607623864f9,1.6982225179672241,-0.3239532709121704,-0.7055286169052124,1.2170688995548717,-0.3239532709121704,-0.2785766730724173,unreviewed_scene_member
VAL_middle,308776,13998,6,1979444,frame:9193dc1e25cb0607623864f9,1.7410006523132324,-0.3321136236190796,-0.6521142721176147,1.2789329395963762,-0.3321136236190796,-0.24932087780111045,unreviewed_scene_member
VAL_middle,308779,14001,6,1979444,frame:9193dc1e25cb0607623864f9,1.7013742923736572,-0.30919212102890015,-0.723357081413269,1.2120862111947668,-0.30919212102890015,-0.29598243778788325,unreviewed_scene_member
VAL_middle,308780,14002,6,1979444,frame:9193dc1e25cb0607623864f9,1.734376072883606,-0.31518957018852234,-0.666100263595581,1.2668477519226136,-0.31518957018852234,-0.2589873791915367,unreviewed_scene_member
VAL_middle,308783,14005,6,1979444,frame:9193dc1e25cb0607623864f9,1.7186503410339355,-0.3123317062854767,-0.7128558158874512,1.232217272685489,-0.3123317062854767,-0.2941172841178614,unreviewed_scene_member
VAL_middle,308784,14006,6,1979444,frame:9193dc1e25cb0607623864f9,1.7506961822509766,-0.3149999678134918,-0.6576485633850098,1.2852211505705833,-0.3149999678134918,-0.2585453064202674,unreviewed_scene_member
VAL_middle,308787,14009,6,1979444,frame:9193dc1e25cb0607623864f9,1.697319507598877,-0.29378819465637207,-0.7205615043640137,1.209667295097189,-0.29378819465637207,-0.29169228912833844,unreviewed_scene_member
VAL_middle,308788,14010,6,1979444,frame:9193dc1e25cb0607623864f9,1.7448080778121948,-0.2988723814487457,-0.6724435687065125,1.273443253907481,-0.2988723814487457,-0.2692617940229558,unreviewed_scene_member
VAL_middle,308791,14013,6,1979444,frame:9193dc1e25cb0607623864f9,1.6962640285491943,-0.29269078373908997,-0.7059692144393921,1.2151154756798759,-0.29269078373908997,-0.278114134260796,unreviewed_scene_member
VAL_middle,308792,14014,6,1979444,frame:9193dc1e25cb0607623864f9,1.7425364255905151,-0.2981702387332916,-0.6536015272140503,1.279661313752271,-0.2981702387332916,-0.2513308525198854,unreviewed_scene_member
VAL_middle,308795,14017,6,1979444,frame:9193dc1e25cb0607623864f9,1.6706558465957642,-0.2732810080051422,-0.7116126418113708,1.1896250784747118,-0.2732810080051422,-0.2719605250933439,unreviewed_scene_member
VAL_middle,308796,14018,6,1979444,frame:9193dc1e25cb0607623864f9,1.7167519330978394,-0.2780531346797943,-0.6606310606002808,1.2534048208010944,-0.2780531346797943,-0.24634577773230193,unreviewed_scene_member
VAL_middle,308799,14021,6,1979444,frame:9193dc1e25cb0607623864f9,1.7063905000686646,-0.27820906043052673,-0.709082305431366,1.2228523987233832,-0.27820906043052673,-0.2853513148428868,unreviewed_scene_member
VAL_middle,308800,14022,6,1979444,frame:9193dc1e25cb0607623864f9,1.7488250732421875,-0.2826214134693146,-0.6549516916275024,1.2847216396985883,-0.2826214134693146,-0.2553011339390372,unreviewed_scene_member
VAL_middle,308803,14025,6,1979444,frame:9193dc1e25cb0607623864f9,1.689243197441101,-0.2603012025356293,-0.7184734344482422,1.203323705214867,-0.2603012025356293,-0.2862751229740983,unreviewed_scene_member
VAL_middle,308804,14026,6,1979444,frame:9193dc1e25cb0607623864f9,1.7344461679458618,-0.2647879719734192,-0.6664878129959106,1.266740862472184,-0.2647879719734192,-0.2593664339380253,unreviewed_scene_member
VAL_middle,308807,14029,6,1979444,frame:9193dc1e25cb0607623864f9,1.7157906293869019,-0.2637788653373718,-0.7119643092155457,1.230037791685136,-0.2637788653373718,-0.29206238815472063,unreviewed_scene_member
VAL_middle,308808,14030,6,1979444,frame:9193dc1e25cb0607623864f9,1.7504348754882812,-0.2666036784648895,-0.654621422290802,1.286313300920975,-0.2666036784648895,-0.25570998068225936,unreviewed_scene_member
VAL_middle,308811,14033,6,1979444,frame:9193dc1e25cb0607623864f9,1.6531940698623657,-0.24029095470905304,-0.7368072867393494,1.1628859321189062,-0.24029095470905304,-0.28695058286163766,unreviewed_scene_member
VAL_middle,308812,14034,6,1979444,frame:9193dc1e25cb0607623864f9,1.6820285320281982,-0.2417847067117691,-0.6796784996986389,1.2138457869315005,-0.2417847067117691,-0.24824376544383653,unreviewed_scene_member
VAL_middle,308815,14037,6,1979444,frame:9193dc1e25cb0607623864f9,1.6603245735168457,-0.24073562026023865,-0.7225258946418762,1.1755553365821811,-0.24073562026023865,-0.2772403597357631,unreviewed_scene_member
VAL_middle,308816,14038,6,1979444,frame:9193dc1e25cb0607623864f9,1.6913127899169922,-0.24281801283359528,-0.6661764979362488,1.2281093106427816,-0.24281801283359528,-0.24017819742447544,unreviewed_scene_member
VAL_middle,308819,14041,6,1979444,frame:9193dc1e25cb0607623864f9,1.6236263513565063,-0.22038863599300385,-0.7226715683937073,1.1425073338250566,-0.22038863599300385,-0.2612838487030624,unreviewed_scene_member
VAL_middle,308820,14042,6,1979444,frame:9193dc1e25cb0607623864f9,1.715734601020813,-0.23075681924819946,-0.6924237608909607,1.2385534463012071,-0.23075681924819946,-0.27447489844006734,unreviewed_scene_member
VAL_middle,308823,14045,6,1979444,frame:9193dc1e25cb0607623864f9,1.6750127077102661,-0.22676831483840942,-0.7279553413391113,1.1863768313713736,-0.22676831483840942,-0.2885591683324982,unreviewed_scene_member
VAL_middle,308824,14046,6,1979444,frame:9193dc1e25cb0607623864f9,1.751853346824646,-0.23499205708503723,-0.6891366243362427,1.2724577458106292,-0.23499205708503723,-0.2873538556939239,unreviewed_scene_member
VAL_middle,308827,14049,6,1979444,frame:9193dc1e25cb0607623864f9,1.6255359649658203,-0.20535294711589813,-0.7226450443267822,1.1442353105534755,-0.20535294711589813,-0.2620971285374656,unreviewed_scene_member
VAL_middle,308828,14050,6,1979444,frame:9193dc1e25cb0607623864f9,1.69967520236969,-0.21260955929756165,-0.6851195693016052,1.2273213012498256,-0.21260955929756165,-0.2608699575230904,unreviewed_scene_member
VAL_middle,308831,14053,6,1979444,frame:9193dc1e25cb0607623864f9,1.6345064640045166,-0.20590655505657196,-0.7094932794570923,1.1580632959300143,-0.20590655505657196,-0.2542088085251253,unreviewed_scene_member
VAL_middle,308832,14054,6,1979444,frame:9193dc1e25cb0607623864f9,1.7243200540542603,-0.21538668870925903,-0.6775087714195251,1.2528083014113909,-0.21538668870925903,-0.2648330095945024,unreviewed_scene_member
VAL_middle,308939,14161,6,1979444,frame:9193dc1e25cb0607623864f9,1.6719757318496704,-0.2415311634540558,-0.7101294994354248,1.1914615503069157,-0.2415311634540558,-0.2712060851684144,unreviewed_scene_member
VAL_middle,308940,14162,6,1979444,frame:9193dc1e25cb0607623864f9,1.7240328788757324,-0.24659433960914612,-0.6615639328956604,1.2595399472197584,-0.24659433960914612,-0.25037599434771063,unreviewed_scene_member
VAL_middle,308943,14165,6,1979444,frame:9193dc1e25cb0607623864f9,1.6924052238464355,-0.2441808432340622,-0.7012932896614075,1.2136969954944294,-0.2441808432340622,-0.27221985226661727,unreviewed_scene_member
VAL_middle,308944,14166,6,1979444,frame:9193dc1e25cb0607623864f9,1.7464455366134644,-0.24980008602142334,-0.6522547602653503,1.2837651832377792,-0.24980008602142334,-0.2518340278866973,unreviewed_scene_member
VAL_middle,308947,14169,6,1979444,frame:9193dc1e25cb0607623864f9,1.672550082206726,-0.2261376529932022,-0.7094724774360657,1.192265792475652,-0.2261376529932022,-0.27086733633178417,unreviewed_scene_member
VAL_middle,308948,14170,6,1979444,frame:9193dc1e25cb0607623864f9,1.7454668283462524,-0.23382525146007538,-0.6689634919166565,1.2755609002187713,-0.23382525146007538,-0.266422698950632,unreviewed_scene_member
VAL_middle,308951,14173,6,1979444,frame:9193dc1e25cb0607623864f9,1.6876739263534546,-0.22758261859416962,-0.6984304785728455,1.2106995072564015,-0.22758261859416962,-0.26757271039674024,unreviewed_scene_member
VAL_middle,308952,14174,6,1979444,frame:9193dc1e25cb0607623864f9,1.7370686531066895,-0.2320830225944519,-0.6479231715202332,1.277236139694665,-0.2320830225944519,-0.24383026653539708,unreviewed_scene_member
VAL_middle,308955,14177,6,1979444,frame:9193dc1e25cb0607623864f9,1.6587035655975342,-0.20866069197654724,-0.7027501463890076,1.1827675017555221,-0.20866069197654724,-0.2587554318444307,unreviewed_scene_member
VAL_middle,308956,14178,6,1979444,frame:9193dc1e25cb0607623864f9,1.711061954498291,-0.21312403678894043,-0.654994010925293,1.2507618218427818,-0.21312403678894043,-0.23878490860184076,unreviewed_scene_member
VAL_middle,308959,14181,6,1979444,frame:9193dc1e25cb0607623864f9,1.6618576049804688,-0.2084682136774063,-0.6869192123413086,1.1925421582879292,-0.2084682136774063,-0.24590932243631913,unreviewed_scene_member
VAL_middle,308960,14182,6,1979444,frame:9193dc1e25cb0607623864f9,1.7321062088012695,-0.21543823182582855,-0.6453163027763367,1.2739187003386527,-0.21543823182582855,-0.23931183602785566,unreviewed_scene_member
VAL_middle,308968,14190,6,1979444,frame:9193dc1e25cb0607623864f9,1.7537107467651367,-0.20167064666748047,-0.6526423096656799,1.290125220392155,-0.20167064666748047,-0.2553672134862126,unreviewed_scene_member
VAL_middle,310355,15577,6,1979444,frame:9193dc1e25cb0607623864f9,1.7509241104125977,-0.7905725240707397,-0.669008195400238,1.2804462761316147,-0.7905725240707397,-0.2688551931732992,unreviewed_scene_member
VAL_middle,310356,15578,6,1979444,frame:9193dc1e25cb0607623864f9,1.7873317003250122,-0.7995121479034424,-0.6094750165939331,1.3392668290503136,-0.7995121479034424,-0.23130716344666036,unreviewed_scene_member
VAL_middle,310359,15581,6,1979444,frame:9193dc1e25cb0607623864f9,1.7494443655014038,-0.786231517791748,-0.6525661945343018,1.2863239889904996,-0.786231517791748,-0.25342854321207464,unreviewed_scene_member
VAL_middle,310363,15585,6,1979444,frame:9193dc1e25cb0607623864f9,1.7328343391418457,-0.7606610655784607,-0.6623514294624329,1.2671054315326111,-0.7606610655784607,-0.25494209780368116,unreviewed_scene_member
VAL_middle,310364,15586,6,1979444,frame:9193dc1e25cb0607623864f9,1.7930675745010376,-0.7833719253540039,-0.6090764999389648,1.3445968968130992,-0.7833719253540039,-0.23346342079020577,unreviewed_scene_member
VAL_middle,310367,15589,6,1979444,frame:9193dc1e25cb0607623864f9,1.754561185836792,-0.7701984643936157,-0.6519427299499512,1.2911962655287532,-0.7701984643936157,-0.25511124335391977,unreviewed_scene_member
VAL_middle,310368,15590,6,1979444,frame:9193dc1e25cb0607623864f9,1.8279541730880737,-0.7948171496391296,-0.6014260053634644,1.379306519999322,-0.7948171496391296,-0.24188048004467122,unreviewed_scene_member
VAL_middle,310371,15593,6,1979444,frame:9193dc1e25cb0607623864f9,1.7459299564361572,-0.7483065724372864,-0.6648356318473816,1.2777866917410048,-0.7483065724372864,-0.26291562488829356,unreviewed_scene_member
VAL_middle,310372,15594,6,1979444,frame:9193dc1e25cb0607623864f9,1.818007469177246,-0.7754458785057068,-0.6152260899543762,1.3643169228360652,-0.7754458785057068,-0.2499235659132466,unreviewed_scene_member
VAL_middle,310375,15597,6,1979444,frame:9193dc1e25cb0607623864f9,1.7681124210357666,-0.7578139901161194,-0.6544957756996155,1.3022568534525059,-0.7578139901161194,-0.2633463761882304,unreviewed_scene_member
VAL_middle,310376,15598,6,1979444,frame:9193dc1e25cb0607623864f9,1.8201967477798462,-0.7726276516914368,-0.6007769107818604,1.372618736653789,-0.7726276516914368,-0.23789644627074202,unreviewed_scene_member
VAL_middle,310379,15601,6,1979444,frame:9193dc1e25cb0607623864f9,1.743994116783142,-0.729528546333313,-0.6616489291191101,1.277443729115753,-0.729528546333313,-0.2592028192001057,unreviewed_scene_member
VAL_middle,310380,15602,6,1979444,frame:9193dc1e25cb0607623864f9,1.7949929237365723,-0.7435104250907898,-0.6088636517524719,1.3464206957466494,-0.7435104250907898,-0.2341161316597713,unreviewed_scene_member
VAL_middle,310383,15605,6,1979444,frame:9193dc1e25cb0607623864f9,1.763897180557251,-0.7378541827201843,-0.6505271196365356,1.3002079647162805,-0.7378541827201843,-0.25793153194436647,unreviewed_scene_member
VAL_middle,310384,15606,6,1979444,frame:9193dc1e25cb0607623864f9,1.8279833793640137,-0.7571755051612854,-0.6011431217193604,1.3794567784537253,-0.7571755051612854,-0.2416390290982322,unreviewed_scene_member
VAL_middle,310387,15609,6,1979444,frame:9193dc1e25cb0607623864f9,1.732920527458191,-0.7071917653083801,-0.6550813913345337,1.2703698720295302,-0.7071917653083801,-0.24844561328903358,unreviewed_scene_member
VAL_middle,310388,15610,6,1979444,frame:9193dc1e25cb0607623864f9,1.8282837867736816,-0.7386745810508728,-0.6179458498954773,1.3723609516252493,-0.7386745810508728,-0.2568729110851895,unreviewed_scene_member
VAL_middle,310391,15613,6,1979444,frame:9193dc1e25cb0607623864f9,1.7687886953353882,-0.7182306051254272,-0.6536136269569397,1.3032513933226364,-0.7182306051254272,-0.2628499652906322,unreviewed_scene_member
VAL_middle,310392,15614,6,1979444,frame:9193dc1e25cb0607623864f9,1.8338454961776733,-0.7409216165542603,-0.6009216904640198,1.3848226832178914,-0.7409216165542603,-0.24400979087448316,unreviewed_scene_member
VAL_middle,310395,15617,6,1979444,frame:9193dc1e25cb0607623864f9,1.7322156429290771,-0.6893323063850403,-0.6565364599227905,1.2690984659257434,-0.6893323063850403,-0.2494444192337344,unreviewed_scene_member
VAL_middle,310396,15618,6,1979444,frame:9193dc1e25cb0607623864f9,1.829715609550476,-0.7207440733909607,-0.6162803769111633,1.3743779607144677,-0.7207440733909607,-0.25600366367527805,unreviewed_scene_member
VAL_middle,310399,15621,6,1979444,frame:9193dc1e25cb0607623864f9,1.7736445665359497,-0.7022355198860168,-0.6531185507774353,1.3078328485598538,-0.7022355198860168,-0.2645336675948793,unreviewed_scene_member
VAL_middle,310400,15622,6,1979444,frame:9193dc1e25cb0607623864f9,1.8336971998214722,-0.7223125100135803,-0.5987846851348877,1.385626196812676,-0.7223125100135803,-0.24202405436401708,unreviewed_scene_member
VAL_middle,310403,15625,6,1979444,frame:9193dc1e25cb0607623864f9,1.7382993698120117,-0.6707538366317749,-0.6561439633369446,1.2747385426058835,-0.6707538366317749,-0.2517585759696068,unreviewed_scene_member
VAL_middle,310404,15626,6,1979444,frame:9193dc1e25cb0607623864f9,1.8586719036102295,-0.7134773135185242,-0.623912513256073,1.3970579970562933,-0.7134773135185242,-0.27555698621636227,unreviewed_scene_member
VAL_middle,310407,15629,6,1979444,frame:9193dc1e25cb0607623864f9,1.7703335285186768,-0.6831148266792297,-0.6496793627738953,1.3063645480919936,-0.6831148266792297,-0.25999108236049984,unreviewed_scene_member
VAL_middle,310408,15630,6,1979444,frame:9193dc1e25cb0607623864f9,1.851184368133545,-0.7106031179428101,-0.6024470925331116,1.3997380658470302,-0.7106031179428101,-0.25298167435571983,unreviewed_scene_member
VAL_middle,310411,15633,6,1979444,frame:9193dc1e25cb0607623864f9,1.755098581314087,-0.6596981883049011,-0.6602868437767029,1.2880214546370823,-0.6596981883049011,-0.2628464618547077,unreviewed_scene_member
VAL_middle,310412,15634,6,1979444,frame:9193dc1e25cb0607623864f9,1.8263002634048462,-0.6828256845474243,-0.6147617697715759,1.3719739814860277,-0.6828256845474243,-0.2531415594130082,unreviewed_scene_member
VAL_middle,310415,15637,6,1979444,frame:9193dc1e25cb0607623864f9,1.762027621269226,-0.6623026132583618,-0.644485592842102,1.3011760469882334,-0.6623026132583618,-0.2516818827818912,unreviewed_scene_member
VAL_middle,310416,15638,6,1979444,frame:9193dc1e25cb0607623864f9,1.8393374681472778,-0.6840435266494751,-0.5999709367752075,1.3901756179114921,-0.6840435266494751,-0.2455627811699308,unreviewed_scene_member
VAL_middle,310419,15641,6,1979444,frame:9193dc1e25cb0607623864f9,1.7182254791259766,-0.628781259059906,-0.644325852394104,1.2618769680181083,-0.628781259059906,-0.23233671373512288,unreviewed_scene_member
VAL_middle,310420,15642,6,1979444,frame:9193dc1e25cb0607623864f9,1.835195779800415,-0.6679566502571106,-0.6157705187797546,1.3795270122015841,-0.6679566502571106,-0.2579477547393758,unreviewed_scene_member
VAL_middle,310423,15645,6,1979444,frame:9193dc1e25cb0607623864f9,1.7403212785720825,-0.6368671655654907,-0.6344891786575317,1.2860486549549799,-0.6368671655654907,-0.23318173088771532,unreviewed_scene_member
VAL_middle,310424,15646,6,1979444,frame:9193dc1e25cb0607623864f9,1.851751685142517,-0.6703247427940369,-0.6020891666412354,1.400404871380746,-0.6703247427940369,-0.25290866810290114,unreviewed_scene_member
VAL_middle,310427,15649,6,1979444,frame:9193dc1e25cb0607623864f9,1.752239465713501,-0.6239444017410278,-0.6586652994155884,1.2861625368187457,-0.6239444017410278,-0.2601356736524967,unreviewed_scene_member
VAL_middle,310428,15650,6,1979444,frame:9193dc1e25cb0607623864f9,1.8507815599441528,-0.6517630815505981,-0.618675947189331,1.392261762617884,-0.6517630815505981,-0.26739149281106456,unreviewed_scene_member
VAL_middle,310431,15653,6,1979444,frame:9193dc1e25cb0607623864f9,1.753454327583313,-0.6243770122528076,-0.6408980488777161,1.2950430974279843,-0.6243770122528076,-0.24469913504101126,unreviewed_scene_member
VAL_middle,310432,15654,6,1979444,frame:9193dc1e25cb0607623864f9,1.8608845472335815,-0.6553208827972412,-0.6031762361526489,1.408136893545508,-0.6553208827972412,-0.25788930293599943,unreviewed_scene_member
VAL_middle,310435,15657,6,1979444,frame:9193dc1e25cb0607623864f9,1.7324906587600708,-0.5999286770820618,-0.6492490172386169,1.2725402531238994,-0.5999286770820618,-0.2430150681416705,unreviewed_scene_member
VAL_middle,310436,15658,6,1979444,frame:9193dc1e25cb0607623864f9,1.8360556364059448,-0.6286223530769348,-0.611896276473999,1.381998202241818,-0.6286223530769348,-0.25484254514728266,unreviewed_scene_member
VAL_middle,310439,15661,6,1979444,frame:9193dc1e25cb0607623864f9,1.7567435503005981,-0.6048953533172607,-0.6397498250007629,1.2985027794409427,-0.6048953533172607,-0.24510901859120815,unreviewed_scene_member
VAL_middle,310440,15662,6,1979444,frame:9193dc1e25cb0607623864f9,1.8680243492126465,-0.6395677328109741,-0.6036583781242371,1.4143427479270465,-0.6395677328109741,-0.26145253245094335,unreviewed_scene_member
VAL_middle,310443,15665,6,1979444,frame:9193dc1e25cb0607623864f9,1.723787784576416,-0.5801186561584473,-0.6440658569335938,1.2669903095488444,-0.5801186561584473,-0.23454138558225157,unreviewed_scene_member
VAL_middle,310444,15666,6,1979444,frame:9193dc1e25cb0607623864f9,1.8210997581481934,-0.6057992577552795,-0.6051270365715027,1.3715233873655235,-0.6057992577552795,-0.24220216712185993,unreviewed_scene_member
VAL_middle,310447,15669,6,1979444,frame:9193dc1e25cb0607623864f9,1.7825616598129272,-0.5964367985725403,-0.6472318172454834,1.3184280530367392,-0.5964367985725403,-0.2631517029500652,unreviewed_scene_member
VAL_middle,310448,15670,6,1979444,frame:9193dc1e25cb0607623864f9,1.8411802053451538,-0.6124791502952576,-0.5932337641716003,1.3947852412141966,-0.6124791502952576,-0.2403152533635824,unreviewed_scene_member
VAL_middle,310451,15673,6,1979444,frame:9193dc1e25cb0607623864f9,1.7387397289276123,-0.5649507641792297,-0.6474063396453857,1.2789646568750987,-0.5649507641792297,-0.24409829254733606,unreviewed_scene_member
VAL_middle,310452,15674,6,1979444,frame:9193dc1e25cb0607623864f9,1.8462179899215698,-0.5963121652603149,-0.6117210388183594,1.3912088842101127,-0.5963121652603149,-0.25913992515042694,unreviewed_scene_member
VAL_middle,310455,15677,6,1979444,frame:9193dc1e25cb0607623864f9,1.7634071111679077,-0.572965681552887,-0.6384370923042297,1.3050674124132395,-0.572965681552887,-0.24685025507828318,unreviewed_scene_member
VAL_middle,310456,15678,6,1979444,frame:9193dc1e25cb0607623864f9,1.8545458316802979,-0.5990020036697388,-0.5995545983314514,1.4040273152699658,-0.5990020036697388,-0.25185548641819233,unreviewed_scene_member
VAL_middle,310459,15681,6,1979444,frame:9193dc1e25cb0607623864f9,1.725519061088562,-0.5440540909767151,-0.6406915783882141,1.2700255569259826,-0.5440540909767151,-0.23226754578514797,unreviewed_scene_member
VAL_middle,310460,15682,6,1979444,frame:9193dc1e25cb0607623864f9,1.8596452474594116,-0.5827775001525879,-0.6182029843330383,1.4004357254545563,-0.5827775001525879,-0.27085198147255185,unreviewed_scene_member
VAL_middle,310463,15685,6,1979444,frame:9193dc1e25cb0607623864f9,1.7778387069702148,-0.5605503916740417,-0.6418665647506714,1.3165350630297212,-0.5605503916740417,-0.25625903969694575,unreviewed_scene_member
VAL_middle,310464,15686,6,1979444,frame:9193dc1e25cb0607623864f9,1.8672484159469604,-0.5851601958274841,-0.601987361907959,1.4143778690225555,-0.5851601958274841,-0.25961048626897276,unreviewed_scene_member
VAL_middle,310467,15689,6,1979444,frame:9193dc1e25cb0607623864f9,1.7505615949630737,-0.5352004170417786,-0.6518288254737854,1.2876513894996637,-0.5352004170417786,-0.2532555614508962,unreviewed_scene_member
VAL_middle,310468,15690,6,1979444,frame:9193dc1e25cb0607623864f9,1.8373143672943115,-0.558218777179718,-0.6091368794441223,1.3843391821106084,-0.558218777179718,-0.252914206828486,unreviewed_scene_member
VAL_middle,310471,15693,6,1979444,frame:9193dc1e25cb0607623864f9,1.7724107503890991,-0.5418803095817566,-0.6417956948280334,1.3116875153003036,-0.5418803095817566,-0.253815882681232,unreviewed_scene_member
VAL_middle,310472,15694,6,1979444,frame:9193dc1e25cb0607623864f9,1.8629961013793945,-0.5621169209480286,-0.5986530780792236,1.4120175678319589,-0.5621169209480286,-0.2547495598015419,unreviewed_scene_member
VAL_middle,310483,15705,6,1979444,frame:9193dc1e25cb0607623864f9,1.7655940055847168,-0.7934894561767578,-0.6397979259490967,1.306436429889463,-0.7934894561767578,-0.24903203566969645,unreviewed_scene_member
VAL_middle,310487,15709,6,1979444,frame:9193dc1e25cb0607623864f9,1.7784605026245117,-0.795543909072876,-0.6251506209373474,1.3244217167209265,-0.795543909072876,-0.24150742619330146,unreviewed_scene_member
VAL_middle,310491,15713,6,1979444,frame:9193dc1e25cb0607623864f9,1.7882838249206543,-0.7850016951560974,-0.6455129981040955,1.3243245816856384,-0.7850016951560974,-0.26411527061951134,unreviewed_scene_member
VAL_middle,310495,15717,6,1979444,frame:9193dc1e25cb0607623864f9,1.8012150526046753,-0.7869315147399902,-0.6307111382484436,1.3424358004189088,-0.7869315147399902,-0.2564801242163317,unreviewed_scene_member
VAL_middle,310499,15721,6,1979444,frame:9193dc1e25cb0607623864f9,1.77524995803833,-0.7572082877159119,-0.6379108428955078,1.3159423852284065,-0.7572082877159119,-0.25156882760668986,unreviewed_scene_member
VAL_middle,310500,15722,6,1979444,frame:9193dc1e25cb0607623864f9,1.8728936910629272,-0.7949962019920349,-0.5988263487815857,1.4208375056357305,-0.7949962019920349,-0.2592441122172411,unreviewed_scene_member
VAL_middle,310503,15725,6,1979444,frame:9193dc1e25cb0607623864f9,1.8213626146316528,-0.7768769860267639,-0.635367751121521,1.3585029844908756,-0.7768769860267639,-0.26949757001334396,unreviewed_scene_member
VAL_middle,310504,15726,6,1979444,frame:9193dc1e25cb0607623864f9,1.8703503608703613,-0.7900668978691101,-0.5783670544624329,1.427520339914062,-0.7900668978691101,-0.2397404977185258,unreviewed_scene_member
VAL_middle,310507,15729,6,1979444,frame:9193dc1e25cb0607623864f9,1.8023436069488525,-0.7502432465553284,-0.6452692747116089,1.3370682713679105,-0.7502432465553284,-0.2700596162567064,unreviewed_scene_member
VAL_middle,310508,15730,6,1979444,frame:9193dc1e25cb0607623864f9,1.8559343814849854,-0.768753170967102,-0.5912363529205322,1.4089218143474664,-0.768753170967102,-0.24498779713745744,unreviewed_scene_member
VAL_middle,310511,15733,6,1979444,frame:9193dc1e25cb0607623864f9,1.8087583780288696,-0.7529134750366211,-0.632806122303009,1.3482973158369669,-0.7529134750366211,-0.2616698596284741,unreviewed_scene_member
VAL_middle,310512,15734,6,1979444,frame:9193dc1e25cb0607623864f9,1.874068260192871,-0.772435188293457,-0.5774102210998535,1.4312814138283132,-0.772435188293457,-0.24051032137859396,unreviewed_scene_member
VAL_middle,310515,15737,6,1979444,frame:9193dc1e25cb0607623864f9,1.8121918439865112,-0.7358547449111938,-0.6506392955780029,1.3435657459784185,-0.7358547449111938,-0.27920334200397257,unreviewed_scene_member
VAL_middle,310516,15738,6,1979444,frame:9193dc1e25cb0607623864f9,1.8669294118881226,-0.7505007982254028,-0.5922027230262756,1.418380453441207,-0.7505007982254028,-0.25067626892182515,unreviewed_scene_member
VAL_middle,310519,15741,6,1979444,frame:9193dc1e25cb0607623864f9,1.8021607398986816,-0.731781542301178,-0.6282396912574768,1.3443691895800807,-0.731781542301178,-0.25467336439868427,unreviewed_scene_member
VAL_middle,310520,15742,6,1979444,frame:9193dc1e25cb0607623864f9,1.909868836402893,-0.7677623629570007,-0.5863539576530457,1.4595380825305584,-0.7677623629570007,-0.2642428381931683,unreviewed_scene_member
VAL_middle,310523,15745,6,1979444,frame:9193dc1e25cb0607623864f9,1.8148950338363647,-0.7185677289962769,-0.649333655834198,1.3465677117132686,-0.7185677289962769,-0.2792148412100981,unreviewed_scene_member
VAL_middle,310524,15746,6,1979444,frame:9193dc1e25cb0607623864f9,1.8491545915603638,-0.724675714969635,-0.5845361351966858,1.4057653616553967,-0.724675714969635,-0.23599361705411082,unreviewed_scene_member
VAL_middle,310527,15749,6,1979444,frame:9193dc1e25cb0607623864f9,1.802696943283081,-0.7101011872291565,-0.6257999539375305,1.3459206364363934,-0.7101011872291565,-0.25271559911351393,unreviewed_scene_member
VAL_middle,310528,15750,6,1979444,frame:9193dc1e25cb0607623864f9,1.8841696977615356,-0.738398015499115,-0.5764636397361755,1.4407754797320165,-0.738398015499115,-0.24408771845577615,unreviewed_scene_member
VAL_middle,310531,15753,6,1979444,frame:9193dc1e25cb0607623864f9,1.7920801639556885,-0.6915061473846436,-0.6389875411987305,1.3305972806349877,-0.6915061473846436,-0.2599144342999755,unreviewed_scene_member
VAL_middle,310532,15754,6,1979444,frame:9193dc1e25cb0607623864f9,1.837209701538086,-0.7015621662139893,-0.5825344920158386,1.3959068282363254,-0.7015621662139893,-0.22895825694301464,unreviewed_scene_member
VAL_middle,310535,15757,6,1979444,frame:9193dc1e25cb0607623864f9,1.8366106748580933,-0.7050088047981262,-0.6354129314422607,1.3721880444909962,-0.7050088047981262,-0.27622248746440836,unreviewed_scene_member
VAL_middle,310536,15758,6,1979444,frame:9193dc1e25cb0607623864f9,1.8949017524719238,-0.7235926389694214,-0.5816225409507751,1.4481598731686547,-0.7235926389694214,-0.2534291312836998,unreviewed_scene_member
VAL_middle,310539,15761,6,1979444,frame:9193dc1e25cb0607623864f9,1.8098686933517456,-0.6802849173545837,-0.643189013004303,1.3447437009349708,-0.6802849173545837,-0.2714886701755588,unreviewed_scene_member
VAL_middle,310540,15762,6,1979444,frame:9193dc1e25cb0607623864f9,1.8541765213012695,-0.6895620822906494,-0.5859838724136353,1.409644395983412,-0.6895620822906494,-0.2394963037449258,unreviewed_scene_member
VAL_middle,310543,15765,6,1979444,frame:9193dc1e25cb0607623864f9,1.8413008451461792,-0.6884341835975647,-0.6349329352378845,1.376613958108624,-0.6884341835975647,-0.277847105061493,unreviewed_scene_member
VAL_middle,310544,15766,6,1979444,frame:9193dc1e25cb0607623864f9,1.8915330171585083,-0.703454852104187,-0.5786821246147156,1.4464210676066747,-0.703454852104187,-0.24930954622463775,unreviewed_scene_member
VAL_middle,310547,15769,6,1979444,frame:9193dc1e25cb0607623864f9,1.7935657501220703,-0.6528045535087585,-0.6386330127716064,1.3320879316697638,-0.6528045535087585,-0.26024702437184355,unreviewed_scene_member
VAL_middle,310548,15770,6,1979444,frame:9193dc1e25cb0607623864f9,1.8679475784301758,-0.6761875748634338,-0.588448703289032,1.4209412294046297,-0.6761875748634338,-0.24774851316696322,unreviewed_scene_member
VAL_middle,310551,15773,6,1979444,frame:9193dc1e25cb0607623864f9,1.8063690662384033,-0.6574646234512329,-0.6245924234390259,1.3497504652153278,-0.6574646234512329,-0.25324003064180856,unreviewed_scene_member
VAL_middle,310552,15774,6,1979444,frame:9193dc1e25cb0607623864f9,1.8863675594329834,-0.682855486869812,-0.5752568244934082,1.4432799376988372,-0.682855486869812,-0.24396651924198998,unreviewed_scene_member
VAL_middle,310555,15777,6,1979444,frame:9193dc1e25cb0607623864f9,1.7955878973007202,-0.6358510255813599,-0.6373528838157654,1.334466597113085,-0.6358510255813599,-0.2599829030655194,unreviewed_scene_member
VAL_middle,310556,15778,6,1979444,frame:9193dc1e25cb0607623864f9,1.8724195957183838,-0.6593830585479736,-0.5880223512649536,1.4251475523439492,-0.6593830585479736,-0.24932571385318636,unreviewed_scene_member
VAL_middle,310559,15781,6,1979444,frame:9193dc1e25cb0607623864f9,1.812037706375122,-0.6416762471199036,-0.6245924234390259,1.3548454052208232,-0.6416762471199036,-0.25572499891927647,unreviewed_scene_member
VAL_middle,310560,15782,6,1979444,frame:9193dc1e25cb0607623864f9,1.8815815448760986,-0.658551812171936,-0.5716267824172974,1.4405696020174052,-0.658551812171936,-0.2386058083463154,unreviewed_scene_member
VAL_middle,310563,15785,6,1979444,frame:9193dc1e25cb0607623864f9,1.806919813156128,-0.6221724152565002,-0.639423668384552,1.3437438834109163,-0.6221724152565002,-0.2668116968559655,unreviewed_scene_member
VAL_middle,310564,15786,6,1979444,frame:9193dc1e25cb0607623864f9,1.8555594682693481,-0.6353000402450562,-0.5809642672538757,1.4130878305549808,-0.6353000402450562,-0.23559095656090645,unreviewed_scene_member
VAL_middle,310567,15789,6,1979444,frame:9193dc1e25cb0607623864f9,1.828529953956604,-0.6296133995056152,-0.628359317779541,1.368017241365266,-0.6296133995056152,-0.266340386610993,unreviewed_scene_member
VAL_middle,310568,15790,6,1979444,frame:9193dc1e25cb0607623864f9,1.8874597549438477,-0.64217609167099,-0.5716882348060608,1.4458259632750587,-0.64217609167099,-0.24123787907593308,unreviewed_scene_member
VAL_middle,310571,15793,6,1979444,frame:9193dc1e25cb0607623864f9,1.8081055879592896,-0.6049836874008179,-0.6379506587982178,1.345455375645842,-0.6049836874008179,-0.26600757406992215,unreviewed_scene_member
VAL_middle,310572,15794,6,1979444,frame:9193dc1e25cb0607623864f9,1.8597966432571411,-0.6186719536781311,-0.5805783271789551,1.4170653632003716,-0.6186719536781311,-0.23710153117788413,unreviewed_scene_member
VAL_middle,310575,15797,6,1979444,frame:9193dc1e25cb0607623864f9,1.832346796989441,-0.6095406413078308,-0.6274429559707642,1.3718495037358256,-0.6095406413078308,-0.26718995993042727,unreviewed_scene_member
VAL_middle,310576,15798,6,1979444,frame:9193dc1e25cb0607623864f9,1.892685055732727,-0.625579297542572,-0.5753626823425293,1.448911660733848,-0.625579297542572,-0.24683107174428853,unreviewed_scene_member
VAL_middle,310579,15801,6,1979444,frame:9193dc1e25cb0607623864f9,1.782332181930542,-0.5791148543357849,-0.6270500421524048,1.3270689075740858,-0.5791148543357849,-0.24491184717019343,unreviewed_scene_member
VAL_middle,310580,15802,6,1979444,frame:9193dc1e25cb0607623864f9,1.8805955648422241,-0.6034311652183533,-0.5887839198112488,1.432162215038185,-0.6034311652183533,-0.253594316089375,unreviewed_scene_member
VAL_middle,310583,15805,6,1979444,frame:9193dc1e25cb0607623864f9,1.8117831945419312,-0.5851900577545166,-0.6186291575431824,1.3572307752098076,-0.5851900577545166,-0.25025368039140616,unreviewed_scene_member
VAL_middle,310584,15806,6,1979444,frame:9193dc1e25cb0607623864f9,1.883837342262268,-0.6044713258743286,-0.5710476636886597,1.4428509682189516,-0.6044713258743286,-0.23907417636801442,unreviewed_scene_member
VAL_middle,310587,15809,6,1979444,frame:9193dc1e25cb0607623864f9,1.8054850101470947,-0.5658047199249268,-0.6367502808570862,1.3436262269650119,-0.5658047199249268,-0.2637798958223423,unreviewed_scene_member
VAL_middle,310588,15810,6,1979444,frame:9193dc1e25cb0607623864f9,1.8779170513153076,-0.5845464468002319,-0.5863258838653564,1.4308323150637101,-0.5845464468002319,-0.25021086496913325,unreviewed_scene_member
VAL_middle,310591,15813,6,1979444,frame:9193dc1e25cb0607623864f9,1.827480435371399,-0.572697639465332,-0.6259562373161316,1.3681273814479746,-0.572697639465332,-0.2637204335319301,unreviewed_scene_member
VAL_middle,310592,15814,6,1979444,frame:9193dc1e25cb0607623864f9,1.876699686050415,-0.5841675400733948,-0.5673171281814575,1.4380710444396376,-0.5841675400733948,-0.23259225072565726,unreviewed_scene_member
VAL_middle,310595,15817,6,1979444,frame:9193dc1e25cb0607623864f9,1.8004878759384155,-0.5470300912857056,-0.6332802176475525,1.340656008078287,-0.5470300912857056,-0.25847042421561417,unreviewed_scene_member
VAL_middle,310596,15818,6,1979444,frame:9193dc1e25cb0607623864f9,1.8793983459472656,-0.5670658946037292,-0.585220992565155,1.4326480463260753,-0.5670658946037292,-0.2498671520732485,unreviewed_scene_member
VAL_middle,310599,15821,6,1979444,frame:9193dc1e25cb0607623864f9,1.86702561378479,-0.5672457218170166,-0.6377815008163452,1.3984864980440972,-0.5672457218170166,-0.2916843751728979,unreviewed_scene_member
VAL_middle,310600,15822,6,1979444,frame:9193dc1e25cb0607623864f9,1.9060946702957153,-0.5751209259033203,-0.5746639370918274,1.4612704522230922,-0.5751209259033203,-0.25208143178705456,unreviewed_scene_member
VAL_middle,310603,15825,6,1979444,frame:9193dc1e25cb0607623864f9,1.7596513032913208,-0.5212324857711792,-0.6534947752952576,1.2950908608939566,-0.5212324857711792,-0.2587375730957002,unreviewed_scene_member
VAL_middle,310604,15826,6,1979444,frame:9193dc1e25cb0607623864f9,1.8442246913909912,-0.5389396548271179,-0.6094909906387329,1.3903949081362292,-0.5389396548271179,-0.2562617665608755,unreviewed_scene_member
VAL_middle,310607,15829,6,1979444,frame:9193dc1e25cb0607623864f9,1.7906670570373535,-0.5270219445228577,-0.646372377872467,1.326089889228488,-0.5270219445228577,-0.2659324162348957,unreviewed_scene_member
VAL_middle,310608,15830,6,1979444,frame:9193dc1e25cb0607623864f9,1.8661032915115356,-0.5453332662582397,-0.5980994701385498,1.4150529775712715,-0.5453332662582397,-0.2556140827819988,unreviewed_scene_member
VAL_middle,310611,15833,6,1979444,frame:9193dc1e25cb0607623864f9,1.7967522144317627,-0.5152103900909424,-0.6655780673027039,1.3231399723649686,-0.5152103900909424,-0.28586193297524254,unreviewed_scene_member
VAL_middle,310612,15834,6,1979444,frame:9193dc1e25cb0607623864f9,1.851028561592102,-0.5237882733345032,-0.6102368235588074,1.396183234532294,-0.5237882733345032,-0.2599147371316375,unreviewed_scene_member
VAL_middle,310615,15837,6,1979444,frame:9193dc1e25cb0607623864f9,1.769665241241455,-0.5041024088859558,-0.6371791958808899,1.311243607961951,-0.5041024088859558,-0.24846304891922055,unreviewed_scene_member
VAL_middle,310616,15838,6,1979444,frame:9193dc1e25cb0607623864f9,1.8684895038604736,-0.528729259967804,-0.5973931550979614,1.4175073191580396,-0.528729259967804,-0.25602529767259274,unreviewed_scene_member
VAL_middle,310619,15841,6,1979444,frame:9193dc1e25cb0607623864f9,1.758148431777954,-0.4842747747898102,-0.64936363697052,1.2955510607703495,-0.4842747747898102,-0.2543657150561969,unreviewed_scene_member
VAL_middle,310620,15842,6,1979444,frame:9193dc1e25cb0607623864f9,1.8517512083053589,-0.5065817832946777,-0.6089944243431091,1.3973773770647024,-0.5065817832946777,-0.25911486358185476,unreviewed_scene_member
VAL_middle,310623,15845,6,1979444,frame:9193dc1e25cb0607623864f9,1.774196743965149,-0.4886952042579651,-0.6372509598731995,1.3152850363671886,-0.4886952042579651,-0.25051403001391037,unreviewed_scene_member
VAL_middle,310624,15846,6,1979444,frame:9193dc1e25cb0607623864f9,1.8805720806121826,-0.5144662857055664,-0.5997978448867798,1.427312920586032,-0.5144662857055664,-0.2634832715647928,unreviewed_scene_member
VAL_middle,310627,15849,6,1979444,frame:9193dc1e25cb0607623864f9,1.7614470720291138,-0.4686848521232605,-0.6490465998649597,1.2986548389085135,-0.4686848521232605,-0.2555267927030087,unreviewed_scene_member
VAL_middle,310628,15850,6,1979444,frame:9193dc1e25cb0607623864f9,1.895265817642212,-0.5007508397102356,-0.6218444108963013,1.430854985522153,-0.5007508397102356,-0.28973990418796336,unreviewed_scene_member
VAL_middle,310631,15853,6,1979444,frame:9193dc1e25cb0607623864f9,1.7838133573532104,-0.474636048078537,-0.6391929388046265,1.3230770836947292,-0.474636048078537,-0.2564751149546671,unreviewed_scene_member
VAL_middle,310632,15854,6,1979444,frame:9193dc1e25cb0607623864f9,1.871251106262207,-0.4944058358669281,-0.5991259813308716,1.4192298099320562,-0.4944058358669281,-0.2587933583858266,unreviewed_scene_member
VAL_middle,310635,15857,6,1979444,frame:9193dc1e25cb0607623864f9,1.7343599796295166,-0.44530797004699707,-0.6376094818115234,1.2793228240852472,-0.44530797004699707,-0.23337297933136636,unreviewed_scene_member
VAL_middle,310636,15858,6,1979444,frame:9193dc1e25cb0607623864f9,1.8818392753601074,-0.4796748161315918,-0.6197748184204102,1.4196945388836557,-0.4796748161315918,-0.2819939580547486,unreviewed_scene_member
VAL_middle,310639,15861,6,1979444,frame:9193dc1e25cb0607623864f9,1.7889937162399292,-0.4593355059623718,-0.639588475227356,1.3275597676645763,-0.4593355059623718,-0.2591015406024608,unreviewed_scene_member
VAL_middle,310640,15862,6,1979444,frame:9193dc1e25cb0607623864f9,1.8892791271209717,-0.4815711975097656,-0.6035295724868774,1.4335028804414223,-0.4815711975097656,-0.2706542440773745,unreviewed_scene_member
VAL_middle,310643,15865,6,1979444,frame:9193dc1e25cb0607623864f9,1.7518330812454224,-0.4335348606109619,-0.6461691856384277,1.2912752166052288,-0.4335348606109619,-0.24872609376239874,unreviewed_scene_member
VAL_middle,310644,15866,6,1979444,frame:9193dc1e25cb0607623864f9,1.8817516565322876,-0.4622025191783905,-0.6183939576148987,1.420221117137736,-0.4622025191783905,-0.28071443901795523,unreviewed_scene_member
VAL_middle,310647,15869,6,1979444,frame:9193dc1e25cb0607623864f9,1.7827330827713013,-0.437881201505661,-0.6392661929130554,1.322074026844622,-0.437881201505661,-0.2560673941038716,unreviewed_scene_member
VAL_middle,310648,15870,6,1979444,frame:9193dc1e25cb0607623864f9,1.8898816108703613,-0.4607034921646118,-0.6021477580070496,1.4346501368465379,-0.4607034921646118,-0.2696763889419569,unreviewed_scene_member
VAL_middle,310651,15873,6,1979444,frame:9193dc1e25cb0607623864f9,1.753057599067688,-0.4144052565097809,-0.6449847221374512,1.2928950405567212,-0.4144052565097809,-0.24819829830167262,unreviewed_scene_member
VAL_middle,310652,15874,6,1979444,frame:9193dc1e25cb0607623864f9,1.854443073272705,-0.4349556565284729,-0.6078893542289734,1.4002812401240106,-0.4349556565284729,-0.2593016690752634,unreviewed_scene_member
VAL_middle,310655,15877,6,1979444,frame:9193dc1e25cb0607623864f9,1.7917901277542114,-0.4235612452030182,-0.6411641240119934,1.3293824467199573,-0.4235612452030182,-0.2617435904715615,unreviewed_scene_member
VAL_middle,310656,15878,6,1979444,frame:9193dc1e25cb0607623864f9,1.9033561944961548,-0.4464281499385834,-0.6051766276359558,1.445433243333063,-0.4464281499385834,-0.2783055876079785,unreviewed_scene_member
VAL_middle,310659,15881,6,1979444,frame:9193dc1e25cb0607623864f9,1.7618767023086548,-0.40028858184814453,-0.6469195485115051,1.299973425986968,-0.40028858184814453,-0.25380334912868885,unreviewed_scene_member
VAL_middle,310660,15882,6,1979444,frame:9193dc1e25cb0607623864f9,1.8927314281463623,-0.4265454411506653,-0.6191965937614441,1.4297378179661753,-0.4265454411506653,-0.286249058681759,unreviewed_scene_member
VAL_middle,310663,15885,6,1979444,frame:9193dc1e25cb0607623864f9,1.7763701677322388,-0.4035814106464386,-0.6343618631362915,1.318504993358877,-0.4035814106464386,-0.24887009333683308,unreviewed_scene_member
VAL_middle,310664,15886,6,1979444,frame:9193dc1e25cb0607623864f9,1.8820852041244507,-0.42414620518684387,-0.5972138047218323,1.429805675640631,-0.42414620518684387,-0.2618240613384464,unreviewed_scene_member
VAL_middle,310667,15889,6,1979444,frame:9193dc1e25cb0607623864f9,1.7641428709030151,-0.38464534282684326,-0.6464945077896118,1.3021965704161778,-0.38464534282684326,-0.2544147479839436,unreviewed_scene_member
VAL_middle,310668,15890,6,1979444,frame:9193dc1e25cb0607623864f9,1.864943265914917,-0.4032149910926819,-0.6089314818382263,1.4092619120806562,-0.4032149910926819,-0.2648413086560166,unreviewed_scene_member
VAL_middle,310671,15893,6,1979444,frame:9193dc1e25cb0607623864f9,1.7730803489685059,-0.3865939974784851,-0.6319581866264343,1.3166018262687667,-0.3865939974784851,-0.24526752157635845,unreviewed_scene_member
VAL_middle,310672,15894,6,1979444,frame:9193dc1e25cb0607623864f9,1.8810651302337646,-0.40670067071914673,-0.5957412123680115,1.4295343812997945,-0.40670067071914673,-0.260053333136937,unreviewed_scene_member
VAL_middle,310675,15897,6,1979444,frame:9193dc1e25cb0607623864f9,1.738188624382019,-0.3631265163421631,-0.6357976794242859,1.2835582290844396,-0.3631265163421631,-0.23342290952344902,unreviewed_scene_member
VAL_middle,310676,15898,6,1979444,frame:9193dc1e25cb0607623864f9,1.8860100507736206,-0.3905738890171051,-0.6146737933158875,1.425679349218642,-0.3905738890171051,-0.27923753466180234,unreviewed_scene_member
VAL_middle,310679,15901,6,1979444,frame:9193dc1e25cb0607623864f9,1.7655891180038452,-0.3688507676124573,-0.6281169652938843,1.3115526330788985,-0.3688507676124573,-0.23853111520330494,unreviewed_scene_member
VAL_middle,310680,15902,6,1979444,frame:9193dc1e25cb0607623864f9,1.892126441001892,-0.39184054732322693,-0.5981386303901672,1.4384252626747471,-0.39184054732322693,-0.26705707766815534,unreviewed_scene_member
VAL_middle,310683,15905,6,1979444,frame:9193dc1e25cb0607623864f9,1.7503151893615723,-0.3497474789619446,-0.6390926241874695,1.2930131047756783,-0.3497474789619446,-0.24170032245618223,unreviewed_scene_member
VAL_middle,310684,15906,6,1979444,frame:9193dc1e25cb0607623864f9,1.8713362216949463,-0.3705345392227173,-0.6088143587112427,1.4150592060734917,-0.3705345392227173,-0.2675385264434631,unreviewed_scene_member
VAL_middle,310687,15909,6,1979444,frame:9193dc1e25cb0607623864f9,1.7566555738449097,-0.34782716631889343,-0.6236087679862976,1.3054994804001747,-0.34782716631889343,-0.2305629663058606,unreviewed_scene_member
VAL_middle,310688,15910,6,1979444,frame:9193dc1e25cb0607623864f9,1.9130761623382568,-0.37879928946495056,-0.6036932468414307,1.4548197638997846,-0.37879928946495056,-0.28123328723116003,unreviewed_scene_member
VAL_middle,310691,15913,6,1979444,frame:9193dc1e25cb0607623864f9,1.7376362085342407,-0.32832980155944824,-0.6331729888916016,1.2842123096081544,-0.32832980155944824,-0.2308216901305995,unreviewed_scene_member
VAL_middle,310692,15914,6,1979444,frame:9193dc1e25cb0607623864f9,1.8478562831878662,-0.34915608167648315,-0.6034177541732788,1.3963212928559319,-0.34915608167648315,-0.2523951628446244,unreviewed_scene_member
VAL_middle,310695,15917,6,1979444,frame:9193dc1e25cb0607623864f9,1.7759575843811035,-0.33557069301605225,-0.6293973922729492,1.3203104466848388,-0.33557069301605225,-0.24422719184505204,unreviewed_scene_member
VAL_middle,310696,15918,6,1979444,frame:9193dc1e25cb0607623864f9,1.9190394878387451,-0.35913845896720886,-0.6077172756195068,1.45841554724561,-0.35913845896720886,-0.287464210177357,unreviewed_scene_member
VAL_middle,310699,15921,6,1979444,frame:9193dc1e25cb0607623864f9,1.7463136911392212,-0.3142114281654358,-0.6384577751159668,1.2896948815126652,-0.3142114281654358,-0.2393755825258106,unreviewed_scene_member
VAL_middle,310700,15922,6,1979444,frame:9193dc1e25cb0607623864f9,1.8679672479629517,-0.33273565769195557,-0.6088137626647949,1.4120314538306016,-0.33273565769195557,-0.26606112984206765,unreviewed_scene_member
VAL_middle,310703,15925,6,1979444,frame:9193dc1e25cb0607623864f9,1.7584055662155151,-0.3163871169090271,-0.6253232359886169,1.3063207898196338,-0.3163871169090271,-0.23287106610129027,unreviewed_scene_member
VAL_middle,310704,15926,6,1979444,frame:9193dc1e25cb0607623864f9,1.882279872894287,-0.33528509736061096,-0.5951270461082458,1.4308954175384703,-0.33528509736061096,-0.26003383229236876,unreviewed_scene_member
VAL_middle,310707,15929,6,1979444,frame:9193dc1e25cb0607623864f9,1.7237379550933838,-0.29402467608451843,-0.6292024254798889,1.2734612225977464,-0.29402467608451843,-0.22116037807646527,unreviewed_scene_member
VAL_middle,310708,15930,6,1979444,frame:9193dc1e25cb0607623864f9,1.8562897443771362,-0.3146344721317291,-0.6041274666786194,1.4035901200776861,-0.3146344721317291,-0.25673003427195007,unreviewed_scene_member
VAL_middle,310711,15933,6,1979444,frame:9193dc1e25cb0607623864f9,1.7648797035217285,-0.30072540044784546,-0.6266093850135803,1.311575895262367,-0.30072540044784546,-0.23686512418297556,unreviewed_scene_member
VAL_middle,310712,15934,6,1979444,frame:9193dc1e25cb0607623864f9,1.9022738933563232,-0.32174554467201233,-0.6005380153656006,1.446493911292745,-0.32174554467201233,-0.27366198092445404,unreviewed_scene_member
VAL_middle,310715,15937,6,1979444,frame:9193dc1e25cb0607623864f9,1.7350890636444092,-0.280090868473053,-0.6324107050895691,1.282257114170588,-0.280090868473053,-0.2290199591613491,unreviewed_scene_member
VAL_middle,310716,15938,6,1979444,frame:9193dc1e25cb0607623864f9,1.8681851625442505,-0.2992347776889801,-0.6070899367332458,1.4129829897093524,-0.2992347776889801,-0.26460729282284134,unreviewed_scene_member
VAL_middle,310719,15941,6,1979444,frame:9193dc1e25cb0607623864f9,1.7762432098388672,-0.2857801020145416,-0.62967848777771,1.320443940986969,-0.2857801020145416,-0.2446050487706446,unreviewed_scene_member
VAL_middle,310720,15942,6,1979444,frame:9193dc1e25cb0607623864f9,1.8866029977798462,-0.30150943994522095,-0.594702422618866,1.4349671591330118,-0.30150943994522095,-0.26154731644199014,unreviewed_scene_member
VAL_middle,310723,15945,6,1979444,frame:9193dc1e25cb0607623864f9,1.7440929412841797,-0.2650148570537567,-0.6347717642784119,1.28931472556257,-0.2650148570537567,-0.2350891052697357,unreviewed_scene_member
VAL_middle,310724,15946,6,1979444,frame:9193dc1e25cb0607623864f9,1.859851360321045,-0.280612051486969,-0.6035292744636536,1.4070535094905505,-0.280612051486969,-0.2577536923363497,unreviewed_scene_member
VAL_middle,310727,15949,6,1979444,frame:9193dc1e25cb0607623864f9,1.784877896308899,-0.2708934247493744,-0.631859540939331,1.327248635002226,-0.2708934247493744,-0.2503505637770036,unreviewed_scene_member
VAL_middle,310728,15950,6,1979444,frame:9193dc1e25cb0607623864f9,1.894494891166687,-0.28516271710395813,-0.5963497161865234,1.4413382199527798,-0.28516271710395813,-0.2664874724474342,unreviewed_scene_member
VAL_middle,310731,15953,6,1979444,frame:9193dc1e25cb0607623864f9,1.8215405941009521,-0.5361085534095764,-0.6390150785446167,1.3570640682730675,-0.5361085534095764,-0.2728537872501877,unreviewed_scene_member
VAL_middle,310732,15954,6,1979444,frame:9193dc1e25cb0607623864f9,1.9136532545089722,-0.5592288970947266,-0.5943452715873718,1.459436333539267,-0.5592288970947266,-0.27308436328453944,unreviewed_scene_member
VAL_middle,310735,15957,6,1979444,frame:9193dc1e25cb0607623864f9,1.8410929441452026,-0.5418630838394165,-0.6272835731506348,1.379780357557119,-0.5418630838394165,-0.2708807661592698,unreviewed_scene_member
VAL_middle,310736,15958,6,1979444,frame:9193dc1e25cb0607623864f9,1.897902011871338,-0.5546258687973022,-0.5707129836082458,1.455638923617407,-0.5546258687973022,-0.244938913250061,unreviewed_scene_member
VAL_middle,310739,15961,6,1979444,frame:9193dc1e25cb0607623864f9,1.8046505451202393,-0.5140681862831116,-0.631492018699646,1.345181285179104,-0.5140681862831116,-0.258687995710577,unreviewed_scene_member
VAL_middle,310740,15962,6,1979444,frame:9193dc1e25cb0607623864f9,1.8855407238006592,-0.5335542559623718,-0.5841754674911499,1.4386271069965137,-0.5335542559623718,-0.25162008158508,unreviewed_scene_member
VAL_middle,310743,15965,6,1979444,frame:9193dc1e25cb0607623864f9,1.838397741317749,-0.5236813426017761,-0.6247844099998474,1.3784534863186586,-0.5236813426017761,-0.267453034044312,unreviewed_scene_member
VAL_middle,310744,15966,6,1979444,frame:9193dc1e25cb0607623864f9,1.9098894596099854,-0.5404442548751831,-0.5729069113731384,1.4654514156449572,-0.5404442548751831,-0.2521657536754218,unreviewed_scene_member
VAL_middle,310747,15969,6,1979444,frame:9193dc1e25cb0607623864f9,1.806821346282959,-0.49768152832984924,-0.630707859992981,1.3474761408913611,-0.49768152832984924,-0.2589348151288253,unreviewed_scene_member
VAL_middle,310748,15970,6,1979444,frame:9193dc1e25cb0607623864f9,1.8804941177368164,-0.5144449472427368,-0.5811988115310669,1.4353961275991327,-0.5144449472427368,-0.24673239444267714,unreviewed_scene_member
VAL_middle,310751,15973,6,1979444,frame:9193dc1e25cb0607623864f9,1.8521926403045654,-0.5067025423049927,-0.6276348829269409,1.3896026943113664,-0.5067025423049927,-0.27606230782901076,unreviewed_scene_member
VAL_middle,310752,15974,6,1979444,frame:9193dc1e25cb0607623864f9,1.8916760683059692,-0.5139570236206055,-0.5657978653907776,1.4521977286178545,-0.5139570236206055,-0.23779196023874927,unreviewed_scene_member
VAL_middle,310755,15977,6,1979444,frame:9193dc1e25cb0607623864f9,1.8098814487457275,-0.4815722107887268,-0.6302850246429443,1.3504119015832616,-0.4815722107887268,-0.2598962338595434,unreviewed_scene_member
VAL_middle,310756,15978,6,1979444,frame:9193dc1e25cb0607623864f9,1.8840899467468262,-0.4942817687988281,-0.584382176399231,1.437232541996934,-0.4942817687988281,-0.25116989152015634,unreviewed_scene_member
VAL_middle,310759,15981,6,1979444,frame:9193dc1e25cb0607623864f9,1.8508926630020142,-0.4890269339084625,-0.6257243752479553,1.3892717938936958,-0.4890269339084625,-0.2737752823608104,unreviewed_scene_member
VAL_middle,310760,15982,6,1979444,frame:9193dc1e25cb0607623864f9,1.90608811378479,-0.5000528693199158,-0.5725092887878418,1.4622090949180533,-0.5000528693199158,-0.25014197253435055,unreviewed_scene_member
VAL_middle,310763,15985,6,1979444,frame:9193dc1e25cb0607623864f9,1.8388293981552124,-0.4687117338180542,-0.6423109769821167,1.3711583156469223,-0.4687117338180542,-0.28339503400289723,unreviewed_scene_member
VAL_middle,310764,15986,6,1979444,frame:9193dc1e25cb0607623864f9,1.9092968702316284,-0.4831264019012451,-0.5908703804016113,1.4570441333214683,-0.4831264019012451,-0.2680514386037274,unreviewed_scene_member
VAL_middle,310767,15989,6,1979444,frame:9193dc1e25cb0607623864f9,1.852449655532837,-0.472183495759964,-0.6285290122032166,1.3894417375921266,-0.472183495759964,-0.2769786139595085,unreviewed_scene_member
VAL_middle,310768,15990,6,1979444,frame:9193dc1e25cb0607623864f9,1.9061821699142456,-0.4823382496833801,-0.5712515115737915,1.4628450052469544,-0.4823382496833801,-0.24905272135612333,unreviewed_scene_member
VAL_middle,310771,15993,6,1979444,frame:9193dc1e25cb0607623864f9,1.849543809890747,-0.45429152250289917,-0.6446441411972046,1.3797655732518035,-0.45429152250289917,-0.2901889570681331,unreviewed_scene_member
VAL_middle,310772,15994,6,1979444,frame:9193dc1e25cb0607623864f9,1.9054745435714722,-0.4645046591758728,-0.5884105563163757,1.4546869647814533,-0.4645046591758728,-0.26416496563955927,unreviewed_scene_member
VAL_middle,310775,15997,6,1979444,frame:9193dc1e25cb0607623864f9,1.857496976852417,-0.4562450051307678,-0.6288666129112244,1.3938302455343978,-0.4562450051307678,-0.27949464750096964,unreviewed_scene_member
VAL_middle,310776,15998,6,1979444,frame:9193dc1e25cb0607623864f9,1.9156907796859741,-0.46699509024620056,-0.5728579163551331,1.4706870855921619,-0.46699509024620056,-0.25466484857954197,unreviewed_scene_member
VAL_middle,310779,16001,6,1979444,frame:9193dc1e25cb0607623864f9,1.8222029209136963,-0.4307505190372467,-0.6337803602218628,1.3599541131433297,-0.4307505190372467,-0.2684391985520951,unreviewed_scene_member
VAL_middle,310780,16002,6,1979444,frame:9193dc1e25cb0607623864f9,1.900881290435791,-0.44584766030311584,-0.5857683420181274,1.4517168467219437,-0.44584766030311584,-0.2597766095146661,unreviewed_scene_member
VAL_middle,310783,16005,6,1979444,frame:9193dc1e25cb0607623864f9,1.8599439859390259,-0.4396721422672272,-0.6283721923828125,1.3962463424267177,-0.4396721422672272,-0.280122963453165,unreviewed_scene_member
VAL_middle,310784,16006,6,1979444,frame:9193dc1e25cb0607623864f9,1.9161851406097412,-0.44943714141845703,-0.5718110799789429,1.4715903171098974,-0.44943714141845703,-0.25394067184225233,unreviewed_scene_member
VAL_middle,310787,16009,6,1979444,frame:9193dc1e25cb0607623864f9,1.7907568216323853,-0.4068499803543091,-0.6215845346450806,1.3370368443740883,-0.4068499803543091,-0.24369260052998865,unreviewed_scene_member
VAL_middle,310788,16010,6,1979444,frame:9193dc1e25cb0607623864f9,1.902222990989685,-0.4286844730377197,-0.5850067138671875,1.4532566349976543,-0.4286844730377197,-0.2596802254775654,unreviewed_scene_member
VAL_middle,310791,16013,6,1979444,frame:9193dc1e25cb0607623864f9,1.8857423067092896,-0.4249703884124756,-0.6355495452880859,1.4162873751155525,-0.4249703884124756,-0.29788316497390577,unreviewed_scene_member
VAL_middle,310792,16014,6,1979444,frame:9193dc1e25cb0607623864f9,1.9200341701507568,-0.4326983690261841,-0.5718110799789429,1.475049801945392,-0.4326983690261841,-0.25562797533617254,unreviewed_scene_member
VAL_middle,310795,16017,6,1979444,frame:9193dc1e25cb0607623864f9,1.8183159828186035,-0.3964569866657257,-0.6299256086349487,1.3581503681988694,-0.3964569866657257,-0.26327064926557053,unreviewed_scene_member
VAL_middle,310796,16018,6,1979444,frame:9193dc1e25cb0607623864f9,1.8887501955032349,-0.4083622395992279,-0.5797452330589294,1.4434538480031514,-0.4083622395992279,-0.2490451530445359,unreviewed_scene_member
VAL_middle,310799,16021,6,1979444,frame:9193dc1e25cb0607623864f9,1.8336734771728516,-0.39645421504974365,-0.6168112754821777,1.3777025379540948,-0.39645421504974365,-0.2582158471185547,unreviewed_scene_member
VAL_middle,310800,16022,6,1979444,frame:9193dc1e25cb0607623864f9,1.9094864130020142,-0.409358412027359,-0.5673620104789734,1.4675198843171384,-0.409358412027359,-0.24700534576068178,unreviewed_scene_member
VAL_middle,310803,16025,6,1979444,frame:9193dc1e25cb0607623864f9,1.812239408493042,-0.3752967417240143,-0.6264245510101318,1.354223542019126,-0.3752967417240143,-0.25746012466098933,unreviewed_scene_member
VAL_middle,310804,16026,6,1979444,frame:9193dc1e25cb0607623864f9,1.8965510129928589,-0.3927568197250366,-0.5810654759407043,1.4498864199329682,-0.3927568197250366,-0.2536514327951629,unreviewed_scene_member
VAL_middle,310807,16029,6,1979444,frame:9193dc1e25cb0607623864f9,1.8325750827789307,-0.37950804829597473,-0.6153042912483215,1.377375926019139,-0.37950804829597473,-0.25637987425120823,unreviewed_scene_member
VAL_middle,310808,16030,6,1979444,frame:9193dc1e25cb0607623864f9,1.9101643562316895,-0.39210042357444763,-0.5665251612663269,1.468496066204737,-0.39210042357444763,-0.24655038142175556,unreviewed_scene_member
VAL_middle,310811,16033,6,1979444,frame:9193dc1e25cb0607623864f9,1.7950785160064697,-0.3554351329803467,-0.6193969249725342,1.341880142508321,-0.3554351329803467,-0.24362089609951698,unreviewed_scene_member
VAL_middle,310812,16034,6,1979444,frame:9193dc1e25cb0607623864f9,1.8999006748199463,-0.37274566292762756,-0.580863893032074,1.4529854441710994,-0.37274566292762756,-0.25493864637354613,unreviewed_scene_member
VAL_middle,310815,16037,6,1979444,frame:9193dc1e25cb0607623864f9,1.8439414501190186,-0.36511021852493286,-0.6180273294448853,1.386398247935481,-0.36511021852493286,-0.2638100122558251,unreviewed_scene_member
VAL_middle,310816,16038,6,1979444,frame:9193dc1e25cb0607623864f9,1.9099088907241821,-0.37470921874046326,-0.5654579997062683,1.4687342681644466,-0.37470921874046326,-0.2454792342576444,unreviewed_scene_member
VAL_middle,310819,16041,6,1979444,frame:9193dc1e25cb0607623864f9,1.7982033491134644,-0.33977407217025757,-0.6194283962249756,1.3446749278115426,-0.33977407217025757,-0.24501901894647848,unreviewed_scene_member
VAL_middle,310820,16042,6,1979444,frame:9193dc1e25cb0607623864f9,1.904339075088501,-0.35638734698295593,-0.584566593170166,1.4553514950018174,-0.35638734698295593,-0.2602122778285296,unreviewed_scene_member
VAL_middle,310823,16045,6,1979444,frame:9193dc1e25cb0607623864f9,1.826246976852417,-0.3450729548931122,-0.6110641956329346,1.3735469976654506,-0.3450729548931122,-0.2497948425043508,unreviewed_scene_member
VAL_middle,310824,16046,6,1979444,frame:9193dc1e25cb0607623864f9,1.9141066074371338,-0.3582153022289276,-0.5690723657608032,1.4709227171618562,-0.3582153022289276,-0.25056796283795846,unreviewed_scene_member
VAL_middle,310827,16049,6,1979444,frame:9193dc1e25cb0607623864f9,1.8098570108413696,-0.32564467191696167,-0.625661313533783,1.352416838481665,-0.32564467191696167,-0.25572975697066336,unreviewed_scene_member
VAL_middle,310828,16050,6,1979444,frame:9193dc1e25cb0607623864f9,1.9318797588348389,-0.34412020444869995,-0.592076301574707,1.476812858098684,-0.34412020444869995,-0.27903500014921123,unreviewed_scene_member
VAL_middle,310831,16053,6,1979444,frame:9193dc1e25cb0607623864f9,1.8251285552978516,-0.32839247584342957,-0.612937331199646,1.3717206384444838,-0.32839247584342957,-0.25098812186015373,unreviewed_scene_member
VAL_middle,310832,16054,6,1979444,frame:9193dc1e25cb0607623864f9,1.9134750366210938,-0.34084179997444153,-0.56797856092453,1.4708345575530237,-0.34084179997444153,-0.24930799514039692,unreviewed_scene_member
VAL_middle,310835,16057,6,1979444,frame:9193dc1e25cb0607623864f9,1.7916303873062134,-0.3043183386325836,-0.6183026432991028,1.3392606864737497,-0.3043183386325836,-0.2411258021138547,unreviewed_scene_member
VAL_middle,310836,16058,6,1979444,frame:9193dc1e25cb0607623864f9,1.896252155303955,-0.32004621624946594,-0.5802431106567383,1.4499783096341023,-0.32004621624946594,-0.25278128518623943,unreviewed_scene_member
VAL_middle,310839,16061,6,1979444,frame:9193dc1e25cb0607623864f9,1.8477765321731567,-0.3135232925415039,-0.6194650530815125,1.389214940293455,-0.3135232925415039,-0.26678341901875213,unreviewed_scene_member
VAL_middle,310840,16062,6,1979444,frame:9193dc1e25cb0607623864f9,1.9274377822875977,-0.3249637484550476,-0.5712065100669861,1.4819691504607115,-0.3249637484550476,-0.25833012144154255,unreviewed_scene_member
VAL_middle,310843,16065,6,1979444,frame:9193dc1e25cb0607623864f9,1.8071246147155762,-0.29042503237724304,-0.622732937335968,1.351244692743737,-0.29042503237724304,-0.2518999462555971,unreviewed_scene_member
VAL_middle,310844,16066,6,1979444,frame:9193dc1e25cb0607623864f9,1.9049822092056274,-0.3041057586669922,-0.5820630788803101,1.4570270085475097,-0.3041057586669922,-0.2582440655304461,unreviewed_scene_member
VAL_middle,310847,16069,6,1979444,frame:9193dc1e25cb0607623864f9,1.839322566986084,-0.29461172223091125,-0.6156908869743347,1.3832710522402698,-0.29461172223091125,-0.2596852465779045,unreviewed_scene_member
VAL_middle,310848,16070,6,1979444,frame:9193dc1e25cb0607623864f9,1.9203526973724365,-0.3058721125125885,-0.568260669708252,1.4768924897377564,-0.3058721125125885,-0.25257652086640725,unreviewed_scene_member
VAL_middle,310851,16073,6,1979444,frame:9193dc1e25cb0607623864f9,1.805815577507019,-0.2731039524078369,-0.6213846802711487,1.350659174889973,-0.2731039524078369,-0.25011429669055185,unreviewed_scene_member
VAL_middle,310852,16074,6,1979444,frame:9193dc1e25cb0607623864f9,1.8908038139343262,-0.28426963090896606,-0.5769188404083252,1.446538637009908,-0.28426963090896606,-0.24740505522437384,unreviewed_scene_member
VAL_middle,310855,16077,6,1979444,frame:9193dc1e25cb0607623864f9,1.8422174453735352,-0.2782803177833557,-0.6158063411712646,1.3858223399109613,-0.2782803177833557,-0.2610580472812474,unreviewed_scene_member
VAL_middle,310856,16078,6,1979444,frame:9193dc1e25cb0607623864f9,1.9112306833267212,-0.28665849566459656,-0.5647681951522827,1.4702246778994421,-0.28665849566459656,-0.2454386777704045,unreviewed_scene_member
VAL_middle,310859,16081,6,1979444,frame:9193dc1e25cb0607623864f9,1.7353813648223877,-0.24759939312934875,-0.6307572722434998,1.2832446499819514,-0.24759939312934875,-0.22766199996594483,unreviewed_scene_member
VAL_middle,310860,16082,6,1979444,frame:9193dc1e25cb0607623864f9,1.85245943069458,-0.2623246908187866,-0.6003332734107971,1.4018107217983011,-0.2623246908187866,-0.25164073695073896,unreviewed_scene_member
VAL_middle,310863,16085,6,1979444,frame:9193dc1e25cb0607623864f9,1.773751139640808,-0.2524421811103821,-0.6270671486854553,1.3193488188425209,-0.2524421811103821,-0.2411655410710556,unreviewed_scene_member
VAL_middle,310864,16086,6,1979444,frame:9193dc1e25cb0607623864f9,1.8927841186523438,-0.2673611044883728,-0.5950228571891785,1.440382244502609,-0.2673611044883728,-0.26454494617133406,unreviewed_scene_member
VAL_middle,310867,16089,6,1979444,frame:9193dc1e25cb0607623864f9,1.7473622560501099,-0.23314790427684784,-0.6343167424201965,1.292452634663466,-0.23314790427684784,-0.23611330759579108,unreviewed_scene_member
VAL_middle,310868,16090,6,1979444,frame:9193dc1e25cb0607623864f9,1.8987494707107544,-0.25132375955581665,-0.6145700812339783,1.4371749283957251,-0.25132375955581665,-0.28472891298732206,unreviewed_scene_member
VAL_middle,310871,16093,6,1979444,frame:9193dc1e25cb0607623864f9,1.7666218280792236,-0.23509004712104797,-0.6237667202949524,1.314387848635197,-0.23509004712104797,-0.23507385119836655,unreviewed_scene_member
VAL_middle,310872,16094,6,1979444,frame:9193dc1e25cb0607623864f9,1.917151689529419,-0.25341910123825073,-0.6019501090049744,1.45924696480711,-0.25341910123825073,-0.2814531588504341,unreviewed_scene_member
VAL_middle,310875,16097,6,1979444,frame:9193dc1e25cb0607623864f9,1.748702883720398,-0.21688269078731537,-0.6340479850769043,1.2937753982966118,-0.21688269078731537,-0.2364594425849822,unreviewed_scene_member
VAL_middle,310876,16098,6,1979444,frame:9193dc1e25cb0607623864f9,1.8738718032836914,-0.23074652254581451,-0.6058151721954346,1.4186529285417306,-0.23074652254581451,-0.2659544012681494,unreviewed_scene_member
VAL_middle,310879,16101,6,1979444,frame:9193dc1e25cb0607623864f9,1.7841007709503174,-0.2209567427635193,-0.629204273223877,1.32771415211016,-0.2209567427635193,-0.24762335562838267,unreviewed_scene_member
VAL_middle,310880,16102,6,1979444,frame:9193dc1e25cb0607623864f9,1.8667044639587402,-0.22953321039676666,-0.5854324698448181,1.421146155232759,-0.22953321039676666,-0.24449259498862208,unreviewed_scene_member
VAL_middle,310883,16105,6,1979444,frame:9193dc1e25cb0607623864f9,1.7444998025894165,-0.20030292868614197,-0.631838858127594,1.2909661115141453,-0.20030292868614197,-0.23263138293998709,unreviewed_scene_member
VAL_middle,310884,16106,6,1979444,frame:9193dc1e25cb0607623864f9,1.8472144603729248,-0.2104634940624237,-0.5965548157691956,1.3987529405096242,-0.2104634940624237,-0.24594543806349511,unreviewed_scene_member
VAL_middle,310887,16109,6,1979444,frame:9193dc1e25cb0607623864f9,1.7535971403121948,-0.20103737711906433,-0.6177774667739868,1.305306852749682,-0.20103737711906433,-0.22398109847894432,unreviewed_scene_member
VAL_middle,310888,16110,6,1979444,frame:9193dc1e25cb0607623864f9,1.9083757400512695,-0.2170945554971695,-0.597858726978302,1.4531527374965116,-0.2170945554971695,-0.27392872600682616,unreviewed_scene_member
VAL_middle,310987,16209,6,1979444,frame:9193dc1e25cb0607623864f9,1.8038885593414307,-0.256410151720047,-0.6199116110801697,1.349572933466181,-0.256410151720047,-0.2479455617087809,unreviewed_scene_member
VAL_middle,310988,16210,6,1979444,frame:9193dc1e25cb0607623864f9,1.8997385501861572,-0.26800528168678284,-0.5788789987564087,1.4537098478953698,-0.26800528168678284,-0.25308356445440805,unreviewed_scene_member
VAL_middle,310991,16213,6,1979444,frame:9193dc1e25cb0607623864f9,1.825068473815918,-0.25877082347869873,-0.6092637181282043,1.373277043541216,-0.25877082347869873,-0.2476599623149991,unreviewed_scene_member
VAL_middle,310992,16214,6,1979444,frame:9193dc1e25cb0607623864f9,1.9019585847854614,-0.2679799199104309,-0.5613011121749878,1.4634108400746282,-0.2679799199104309,-0.2382578637617132,unreviewed_scene_member
VAL_middle,310995,16217,6,1979444,frame:9193dc1e25cb0607623864f9,1.7910863161087036,-0.23802748322486877,-0.6147443652153015,1.3403315249648555,-0.23802748322486877,-0.23768913784227008,unreviewed_scene_member
VAL_middle,310996,16218,6,1979444,frame:9193dc1e25cb0607623864f9,1.922847032546997,-0.25348904728889465,-0.5851953625679016,1.4717107026127205,-0.25348904728889465,-0.2688907665555138,unreviewed_scene_member
VAL_middle,310999,16221,6,1979444,frame:9193dc1e25cb0607623864f9,1.8221744298934937,-0.241511732339859,-0.6075408458709717,1.371431151581187,-0.241511732339859,-0.24484278963453332,unreviewed_scene_member
VAL_middle,311000,16222,6,1979444,frame:9193dc1e25cb0607623864f9,1.934580683708191,-0.25469234585762024,-0.570222795009613,1.488820380028657,-0.25469234585762024,-0.26057720609186763,unreviewed_scene_member
VAL_middle,311003,16225,6,1979444,frame:9193dc1e25cb0607623864f9,1.7823021411895752,-0.22041814029216766,-0.611017644405365,1.3340700477211072,-0.22041814029216766,-0.2304888545331858,unreviewed_scene_member
VAL_middle,311004,16226,6,1979444,frame:9193dc1e25cb0607623864f9,1.8991727828979492,-0.23318909108638763,-0.577335774898529,1.4538778444374685,-0.23318909108638763,-0.2514485079838915,unreviewed_scene_member
VAL_middle,311007,16229,6,1979444,frame:9193dc1e25cb0607623864f9,1.851124882698059,-0.22827349603176117,-0.6164772510528564,1.393534184011841,-0.22827349603176117,-0.2655658206033287,unreviewed_scene_member
VAL_middle,311008,16230,6,1979444,frame:9193dc1e25cb0607623864f9,1.93087899684906,-0.23639799654483795,-0.5684759616851807,1.486259087246087,-0.23639799654483795,-0.25738444998649945,unreviewed_scene_member
VAL_middle,311011,16233,6,1979444,frame:9193dc1e25cb0607623864f9,1.8012560606002808,-0.20586414635181427,-0.6168362498283386,1.3485550089095013,-0.20586414635181427,-0.24402743383333725,unreviewed_scene_member
VAL_middle,311012,16234,6,1979444,frame:9193dc1e25cb0607623864f9,1.9178690910339355,-0.2178354561328888,-0.5823943018913269,1.4684644625989713,-0.2178354561328888,-0.2641910039663562,unreviewed_scene_member
VAL_middle,311015,16237,6,1979444,frame:9193dc1e25cb0607623864f9,1.8183844089508057,-0.20750023424625397,-0.6049215793609619,1.369172914186289,-0.20750023424625397,-0.24082717266266496,unreviewed_scene_member
VAL_middle,311016,16238,6,1979444,frame:9193dc1e25cb0607623864f9,1.9352353811264038,-0.21946585178375244,-0.5691608190536499,1.489874357787952,-0.21946585178375244,-0.25990970888335685,unreviewed_scene_member
VAL_middle,312427,17649,6,1979444,frame:9193dc1e25cb0607623864f9,1.894850492477417,-0.7810010313987732,-0.5645243525505066,1.45560915344782,-0.7810010313987732,-0.23803891044446068,unreviewed_scene_member
VAL_middle,312431,17653,6,1979444,frame:9193dc1e25cb0607623864f9,1.909574270248413,-0.7870696783065796,-0.549565315246582,1.4754004075852054,-0.7870696783065796,-0.23104829612386513,unreviewed_scene_member
VAL_middle,312435,17657,6,1979444,frame:9193dc1e25cb0607623864f9,1.877669095993042,-0.7548181414604187,-0.5574219226837158,1.4432801169062524,-0.7548181414604187,-0.22412346028563834,unreviewed_scene_member
VAL_middle,312439,17661,6,1979444,frame:9193dc1e25cb0607623864f9,1.9329719543457031,-0.7731336951255798,-0.5578311085700989,1.4928066214506868,-0.7731336951255798,-0.24873441156091913,unreviewed_scene_member
VAL_middle,312443,17665,6,1979444,frame:9193dc1e25cb0607623864f9,1.8892168998718262,-0.7403759956359863,-0.5627226233482361,1.4513355400512427,-0.7403759956359863,-0.23394992251336122,unreviewed_scene_member
VAL_middle,312447,17669,6,1979444,frame:9193dc1e25cb0607623864f9,1.905128002166748,-0.7427784204483032,-0.5479041934013367,1.4721323161934114,-0.7427784204483032,-0.22760617406129002,unreviewed_scene_member
VAL_middle,312451,17673,6,1979444,frame:9193dc1e25cb0607623864f9,1.8872867822647095,-0.7206847667694092,-0.5602531433105469,1.4506833106334034,-0.7206847667694092,-0.2308842606891619,unreviewed_scene_member
VAL_middle,312455,17677,6,1979444,frame:9193dc1e25cb0607623864f9,1.919572353363037,-0.7291771173477173,-0.550207257270813,1.4841052163016992,-0.7291771173477173,-0.23600814095396339,unreviewed_scene_member
VAL_middle,312459,17681,6,1979444,frame:9193dc1e25cb0607623864f9,1.893963098526001,-0.7002224922180176,-0.5599901676177979,1.4567992248962707,-0.7002224922180176,-0.2335746041179867,unreviewed_scene_member
VAL_middle,312463,17685,6,1979444,frame:9193dc1e25cb0607623864f9,1.9242860078811646,-0.7114332318305969,-0.549721360206604,1.4885548241721622,-0.7114332318305969,-0.2376377497022173,unreviewed_scene_member
VAL_middle,312467,17689,6,1979444,frame:9193dc1e25cb0607623864f9,1.8921887874603271,-0.6808568239212036,-0.5576874613761902,1.456213924650012,-0.6808568239212036,-0.23072713868103367,unreviewed_scene_member
VAL_middle,312471,17693,6,1979444,frame:9193dc1e25cb0607623864f9,1.9060395956039429,-0.6858406662940979,-0.5427783131599426,1.4751986889471307,-0.6858406662940979,-0.22339867967875104,unreviewed_scene_member
VAL_middle,312475,17697,6,1979444,frame:9193dc1e25cb0607623864f9,1.8962836265563965,-0.6636975407600403,-0.5571660995483398,1.460122891632479,-0.6636975407600403,-0.23205360108465478,unreviewed_scene_member
VAL_middle,312483,17705,6,1979444,frame:9193dc1e25cb0607623864f9,1.9116052389144897,-0.650391161441803,-0.5599788427352905,1.4726608401431505,-0.650391161441803,-0.24129823069492984,unreviewed_scene_member
VAL_middle,312487,17709,6,1979444,frame:9193dc1e25cb0607623864f9,1.9178802967071533,-0.6525261402130127,-0.5466153621673584,1.4841589890290376,-0.6525261402130127,-0.23203801820337544,unreviewed_scene_member
VAL_middle,312491,17713,6,1979444,frame:9193dc1e25cb0607623864f9,1.8992737531661987,-0.6277570128440857,-0.558502197265625,1.4622246929385014,-0.6277570128440857,-0.23456526298920832,unreviewed_scene_member
VAL_middle,312495,17717,6,1979444,frame:9193dc1e25cb0607623864f9,1.9347673654556274,-0.6394885182380676,-0.549816906452179,1.497933521239978,-0.6394885182380676,-0.2423183508387099,unreviewed_scene_member
VAL_middle,312499,17721,6,1979444,frame:9193dc1e25cb0607623864f9,1.9046669006347656,-0.6111549735069275,-0.5584985017776489,1.467073641769365,-0.6111549735069275,-0.2369261417472155,unreviewed_scene_member
VAL_middle,312503,17725,6,1979444,frame:9193dc1e25cb0607623864f9,1.9025542736053467,-0.610477089881897,-0.5391281843185425,1.4736662134514895,-0.610477089881897,-0.21859010100642196,unreviewed_scene_member
VAL_middle,312507,17729,6,1979444,frame:9193dc1e25cb0607623864f9,1.9067360162734985,-0.5935170650482178,-0.5575651526451111,1.4693425039161478,-0.5935170650482178,-0.23699429369916247,unreviewed_scene_member
VAL_middle,312511,17733,6,1979444,frame:9193dc1e25cb0607623864f9,1.9230138063430786,-0.5952722430229187,-0.5431600213050842,1.490287678662769,-0.5952722430229187,-0.23118276091458245,unreviewed_scene_member
VAL_middle,312515,17737,6,1979444,frame:9193dc1e25cb0607623864f9,1.9039384126663208,-0.5744702816009521,-0.5552599430084229,1.4678385718421358,-0.5744702816009521,-0.23369599630069593,unreviewed_scene_member
VAL_middle,312519,17741,6,1979444,frame:9193dc1e25cb0607623864f9,1.9246234893798828,-0.5774147510528564,-0.5421707034111023,1.492168140612401,-0.5774147510528564,-0.2309992064803852,unreviewed_scene_member
VAL_middle,312563,17785,6,1979444,frame:9193dc1e25cb0607623864f9,1.9255311489105225,-0.770157516002655,-0.5363315343856812,1.495543662816576,-0.770157516002655,-0.22614888787434273,unreviewed_scene_member
VAL_middle,312603,17825,6,1979444,frame:9193dc1e25cb0607623864f9,1.9211030006408691,-0.6723842620849609,-0.5263828635215759,1.4959248797714064,-0.6723842620849609,-0.21526590929797473,unreviewed_scene_member
VAL_middle,312651,17873,6,1979444,frame:9193dc1e25cb0607623864f9,1.924645185470581,-0.5591610670089722,-0.5595898628234863,1.4845515840418402,-0.5591610670089722,-0.24666495419193213,unreviewed_scene_member
VAL_middle,312659,17881,6,1979444,frame:9193dc1e25cb0607623864f9,1.9086570739746094,-0.5364993214607239,-0.5535589456558228,1.472825344692672,-0.5364993214607239,-0.23423567497643205,unreviewed_scene_member
VAL_middle,312667,17889,6,1979444,frame:9193dc1e25cb0607623864f9,1.9044939279556274,-0.5174395442008972,-0.5547357201576233,1.4685676698490706,-0.5174395442008972,-0.23346834979789555,unreviewed_scene_member
VAL_middle,312671,17893,6,1979444,frame:9193dc1e25cb0607623864f9,1.9230446815490723,-0.5224797129631042,-0.5414204597473145,1.491078002709084,-0.5224797129631042,-0.2296327881427469,unreviewed_scene_member
VAL_middle,312675,17897,6,1979444,frame:9193dc1e25cb0607623864f9,1.9390301704406738,-0.5086950659751892,-0.5634808540344238,1.4957750246097776,-0.5086950659751892,-0.25646811628440846,unreviewed_scene_member
VAL_middle,312683,17905,6,1979444,frame:9193dc1e25cb0607623864f9,1.9261577129364014,-0.4873928427696228,-0.5584827661514282,1.48639635396072,-0.4873928427696228,-0.2463329506941503,unreviewed_scene_member
VAL_middle,312687,17909,6,1979444,frame:9193dc1e25cb0607623864f9,1.923704981803894,-0.48677217960357666,-0.5391321182250977,1.4926746195442269,-0.48677217960357666,-0.22786549698661074,unreviewed_scene_member
VAL_middle,312723,17945,6,1979444,frame:9193dc1e25cb0607623864f9,1.9381159543991089,-0.3978380560874939,-0.556138813495636,1.4981718714053482,-0.3978380560874939,-0.24946836802590489,unreviewed_scene_member
VAL_middle,312731,17953,6,1979444,frame:9193dc1e25cb0607623864f9,1.9330856800079346,-0.37925630807876587,-0.5537245869636536,1.4947090179847433,-0.37925630807876587,-0.24509334843901875,unreviewed_scene_member
VAL_middle,312747,17969,6,1979444,frame:9193dc1e25cb0607623864f9,1.9394727945327759,-0.3454727232456207,-0.5574542284011841,1.4988147512986192,-0.3454727232456207,-0.2512454546768299,unreviewed_scene_member
VAL_middle,312755,17977,6,1979444,frame:9193dc1e25cb0607623864f9,1.939719557762146,-0.3263380825519562,-0.5565990805625916,1.4994114127587008,-0.3263380825519562,-0.25058502677064154,unreviewed_scene_member
VAL_middle,312771,17993,6,1979444,frame:9193dc1e25cb0607623864f9,1.9272907972335815,-0.288723349571228,-0.5514540672302246,1.4904959421875037,-0.288723349571228,-0.2405123094133068,unreviewed_scene_member
VAL_middle,312775,17997,6,1979444,frame:9193dc1e25cb0607623864f9,1.9236853122711182,-0.28783997893333435,-0.5321193337440491,1.4957311430604163,-0.28783997893333435,-0.2215538254914251,unreviewed_scene_member
VAL_middle,312907,18129,6,1979444,frame:9193dc1e25cb0607623864f9,1.9351613521575928,-0.271969199180603,-0.5529770255088806,1.4969023291271493,-0.271969199180603,-0.2453313594348301,unreviewed_scene_member
VAL_middle,312915,18137,6,1979444,frame:9193dc1e25cb0607623864f9,1.927556037902832,-0.25342532992362976,-0.5501373410224915,1.4913115536995536,-0.25342532992362976,-0.2394451175935446,unreviewed_scene_member
VAL_far,361575,17670,7,1979445,frame:67413b1f9fff306b6f2f91d1,2.0511598587036133,-0.7955924272537231,-0.5079217553138733,1.6209120266545844,-0.7955924272537231,-0.25568634916955646,unreviewed_scene_member
VAL_far,361583,17678,7,1979445,frame:67413b1f9fff306b6f2f91d1,2.0399832725524902,-0.7708454728126526,-0.5034691691398621,1.6128184628712838,-0.7708454728126526,-0.24678489833746653,unreviewed_scene_member
VAL_far,361599,17694,7,1979445,frame:67413b1f9fff306b6f2f91d1,2.0347447395324707,-0.7285441160202026,-0.502936601638794,1.6083435628077345,-0.7285441160202026,-0.24400980811077555,unreviewed_scene_member
VAL_far,361615,17710,7,1979445,frame:67413b1f9fff306b6f2f91d1,2.0516881942749023,-0.6944581866264343,-0.5040516257286072,1.6230834446650226,-0.6944581866264343,-0.25243950681018856,unreviewed_scene_member
VAL_far,361623,17718,7,1979445,frame:67413b1f9fff306b6f2f91d1,2.0275449752807617,-0.6666228771209717,-0.49667203426361084,1.6046186631479373,-0.6666228771209717,-0.23522308333968822,unreviewed_scene_member
VAL_far,361631,17726,7,1979445,frame:67413b1f9fff306b6f2f91d1,2.0213160514831543,-0.6450843214988708,-0.49374836683273315,1.6003017949683005,-0.6450843214988708,-0.22986472799103774,unreviewed_scene_member
VAL_far,361635,17730,7,1979445,frame:67413b1f9fff306b6f2f91d1,2.034463405609131,-0.6297717094421387,-0.5152304768562317,1.6027014213748647,-0.6297717094421387,-0.2549361412875484,unreviewed_scene_member
VAL_far,361639,17734,7,1979445,frame:67413b1f9fff306b6f2f91d1,2.037384033203125,-0.626781165599823,-0.4960426986217499,1.6137378324167881,-0.626781165599823,-0.2389705993164104,unreviewed_scene_member
VAL_far,361647,17742,7,1979445,frame:67413b1f9fff306b6f2f91d1,2.0355277061462402,-0.6068171858787537,-0.4942825734615326,1.6128409647950526,-0.6068171858787537,-0.23657484908092363,unreviewed_scene_member
VAL_far,361699,17794,7,1979445,frame:67413b1f9fff306b6f2f91d1,2.0459558963775635,-0.7935739755630493,-0.48650211095809937,1.6256244903588206,-0.7935739755630493,-0.23415323341602368,unreviewed_scene_member
VAL_far,361707,17802,7,1979445,frame:67413b1f9fff306b6f2f91d1,2.050025701522827,-0.7746401429176331,-0.48584386706352234,1.6295709621239138,-0.7746401429176331,-0.23534569287130247,unreviewed_scene_member
VAL_far,361711,17806,7,1979445,frame:67413b1f9fff306b6f2f91d1,2.073486089706421,-0.7835050821304321,-0.47114846110343933,1.657099061310448,-0.7835050821304321,-0.23242190675858954,unreviewed_scene_member
VAL_far,361715,17810,7,1979445,frame:67413b1f9fff306b6f2f91d1,2.0567145347595215,-0.7567236423492432,-0.48985999822616577,1.6338222895903196,-0.7567236423492432,-0.2418875591460934,unreviewed_scene_member
VAL_far,361719,17814,7,1979445,frame:67413b1f9fff306b6f2f91d1,2.0863912105560303,-0.7676425576210022,-0.4765976071357727,1.666309358701633,-0.7676425576210022,-0.24297679939616024,unreviewed_scene_member
VAL_far,361723,17818,7,1979445,frame:67413b1f9fff306b6f2f91d1,2.0606534481048584,-0.7378207445144653,-0.4892458915710449,1.6376317680926527,-0.7378207445144653,-0.2430623097009763,unreviewed_scene_member
VAL_far,361727,17822,7,1979445,frame:67413b1f9fff306b6f2f91d1,2.0670039653778076,-0.7360270619392395,-0.4703824520111084,1.6516087628407752,-0.7360270619392395,-0.22889184607142776,unreviewed_scene_member
VAL_far,361731,17826,7,1979445,frame:67413b1f9fff306b6f2f91d1,2.041639566421509,-0.7109741568565369,-0.4832400977611542,1.6231749711584418,-0.7109741568565369,-0.2293292008629042,unreviewed_scene_member
VAL_far,361735,17830,7,1979445,frame:67413b1f9fff306b6f2f91d1,2.075408697128296,-0.7186747193336487,-0.4708498418331146,1.6589579954865852,-0.7186747193336487,-0.2329963251566638,unreviewed_scene_member
VAL_far,361739,17834,7,1979445,frame:67413b1f9fff306b6f2f91d1,2.0728232860565186,-0.7016119956970215,-0.4891531467437744,1.64861060264432,-0.7016119956970215,-0.2483138570215071,unreviewed_scene_member
VAL_far,361743,17838,7,1979445,frame:67413b1f9fff306b6f2f91d1,2.0823042392730713,-0.7007728219032288,-0.47100892663002014,1.6650859295274585,-0.7007728219032288,-0.236162116342717,unreviewed_scene_member
VAL_far,361747,17842,7,1979445,frame:67413b1f9fff306b6f2f91d1,2.0577003955841064,-0.6725601553916931,-0.48389577865600586,1.637322917202609,-0.6725601553916931,-0.23695912704586042,unreviewed_scene_member
VAL_far,361751,17846,7,1979445,frame:67413b1f9fff306b6f2f91d1,2.0934064388275146,-0.684230625629425,-0.4721514880657196,1.6745636544209728,-0.684230625629425,-0.24205592770921713,unreviewed_scene_member
VAL_far,361755,17850,7,1979445,frame:67413b1f9fff306b6f2f91d1,2.070469617843628,-0.656791627407074,-0.4855322539806366,1.6480824345805871,-0.656791627407074,-0.24402763993006515,unreviewed_scene_member
VAL_far,361759,17854,7,1979445,frame:67413b1f9fff306b6f2f91d1,2.087690830230713,-0.6622545123100281,-0.4695410430431366,1.6705708432213704,-0.6622545123100281,-0.23720411736955072,unreviewed_scene_member
VAL_far,361763,17858,7,1979445,frame:67413b1f9fff306b6f2f91d1,2.0545194149017334,-0.6320526599884033,-0.4804800748825073,1.6359612166841797,-0.6320526599884033,-0.23249466268067276,unreviewed_scene_member
VAL_far,361767,17862,7,1979445,frame:67413b1f9fff306b6f2f91d1,2.1195948123931885,-0.6520724892616272,-0.4754185378551483,1.6966694283012498,-0.6520724892616272,-0.2564725599614437,unreviewed_scene_member
VAL_far,361771,17866,7,1979445,frame:67413b1f9fff306b6f2f91d1,2.0781965255737305,-0.6195372939109802,-0.484734445810318,1.6553770693272465,-0.6195372939109802,-0.24669782809927243,unreviewed_scene_member
VAL_far,361775,17870,7,1979445,frame:67413b1f9fff306b6f2f91d1,2.0911877155303955,-0.623410165309906,-0.4717939496040344,1.6727262136766068,-0.623410165309906,-0.24076194999236566,unreviewed_scene_member
VAL_far,361779,17874,7,1979445,frame:67413b1f9fff306b6f2f91d1,2.050347089767456,-0.5918023586273193,-0.5162801146507263,1.616517451205978,-0.5918023586273193,-0.2628424983277311,unreviewed_scene_member
VAL_far,361783,17878,7,1979445,frame:67413b1f9fff306b6f2f91d1,2.0453059673309326,-0.5903472900390625,-0.4993053376674652,1.6194277728260067,-0.5903472900390625,-0.2453757872143172,unreviewed_scene_member
VAL_far,361799,17894,7,1979445,frame:67413b1f9fff306b6f2f91d1,2.044207811355591,-0.5515696406364441,-0.4966112971305847,1.6196217464131102,-0.5515696406364441,-0.24247299972501635,unreviewed_scene_member
VAL_far,361807,17902,7,1979445,frame:67413b1f9fff306b6f2f91d1,2.039935827255249,-0.5313634872436523,-0.4944280683994293,1.6167391770204176,-0.5313634872436523,-0.2386380121706131,unreviewed_scene_member
VAL_far,361815,17910,7,1979445,frame:67413b1f9fff306b6f2f91d1,2.0514137744903564,-0.5152795910835266,-0.4961012601852417,1.6263220086571235,-0.5152795910835266,-0.24517346787825645,unreviewed_scene_member
VAL_far,361819,17914,7,1979445,frame:67413b1f9fff306b6f2f91d1,2.0420546531677246,-0.49402502179145813,-0.5121597647666931,1.610870501064662,-0.49402502179145813,-0.2555039874413927,unreviewed_scene_member
VAL_far,361823,17918,7,1979445,frame:67413b1f9fff306b6f2f91d1,2.067899465560913,-0.5002775192260742,-0.4990132749080658,1.6398627064069562,-0.5002775192260742,-0.25501762067407663,unreviewed_scene_member
VAL_far,361831,17926,7,1979445,frame:67413b1f9fff306b6f2f91d1,2.051481246948242,-0.4773946702480316,-0.49402713775634766,1.6272918879282956,-0.4773946702480316,-0.24333883696661096,unreviewed_scene_member
VAL_far,361839,17934,7,1979445,frame:67413b1f9fff306b6f2f91d1,2.0432372093200684,-0.4567176401615143,-0.4910633862018585,1.621181419158366,-0.4567176401615143,-0.2370610864854914,unreviewed_scene_member
VAL_far,361843,17938,7,1979445,frame:67413b1f9fff306b6f2f91d1,2.0268192291259766,-0.4345124065876007,-0.5053116679191589,1.600179000711472,-0.4345124065876007,-0.2426701884573499,unreviewed_scene_member
VAL_far,361847,17942,7,1979445,frame:67413b1f9fff306b6f2f91d1,2.047431707382202,-0.43519502878189087,-0.4909491539001465,1.6250014851889272,-0.43519502878189087,-0.23879716209851964,unreviewed_scene_member
VAL_far,361851,17946,7,1979445,frame:67413b1f9fff306b6f2f91d1,2.029400587081909,-0.41288623213768005,-0.5048495531082153,1.6027016876732527,-0.41288623213768005,-0.24338643526398251,unreviewed_scene_member
VAL_far,361855,17950,7,1979445,frame:67413b1f9fff306b6f2f91d1,2.0562078952789307,-0.418340265750885,-0.49215948581695557,1.6323588960293425,-0.418340265750885,-0.24373222877211886,unreviewed_scene_member
VAL_far,361863,17958,7,1979445,frame:67413b1f9fff306b6f2f91d1,2.0376031398773193,-0.3960699439048767,-0.49068424105644226,1.6162837573789828,-0.3960699439048767,-0.23425049960340094,unreviewed_scene_member
VAL_far,361867,17962,7,1979445,frame:67413b1f9fff306b6f2f91d1,2.0295956134796143,-0.3761633038520813,-0.5070062875747681,1.6019315260769589,-0.3761633038520813,-0.2454103893075843,unreviewed_scene_member
VAL_far,361871,17966,7,1979445,frame:67413b1f9fff306b6f2f91d1,2.037677526473999,-0.37766122817993164,-0.48988986015319824,1.6166988492767453,-0.37766122817993164,-0.23356912371476368,unreviewed_scene_member
VAL_far,361879,17974,7,1979445,frame:67413b1f9fff306b6f2f91d1,2.054410934448242,-0.36224809288978577,-0.4931340217590332,1.6303165898947711,-0.36224809288978577,-0.24382040009467887,unreviewed_scene_member
VAL_far,361887,17982,7,1979445,frame:67413b1f9fff306b6f2f91d1,2.042565107345581,-0.34070885181427,-0.4895130693912506,1.6212569520633435,-0.34070885181427,-0.2353730408529242,unreviewed_scene_member
VAL_far,361891,17986,7,1979445,frame:67413b1f9fff306b6f2f91d1,2.028778076171875,-0.32023802399635315,-0.5044854283332825,1.6023018003687193,-0.32023802399635315,-0.2427862712626423,unreviewed_scene_member
VAL_far,361895,17990,7,1979445,frame:67413b1f9fff306b6f2f91d1,2.037263870239258,-0.3215775191783905,-0.4875514805316925,1.617352135672053,-0.3215775191783905,-0.23128606707496702,unreviewed_scene_member
VAL_far,361899,17994,7,1979445,frame:67413b1f9fff306b6f2f91d1,2.028183937072754,-0.3020285367965698,-0.5036631226539612,1.602128266767411,-0.3020285367965698,-0.2417867343755964,unreviewed_scene_member
VAL_far,361903,17998,7,1979445,frame:67413b1f9fff306b6f2f91d1,2.076272964477539,-0.30881932377815247,-0.4962094724178314,1.648617863492926,-0.30881932377815247,-0.25616828001157366,unreviewed_scene_member
VAL_far,361907,18002,7,1979445,frame:67413b1f9fff306b6f2f91d1,2.0837504863739014,-0.6014437079429626,-0.48876315355300903,1.6586028669945778,-0.6014437079429626,-0.2527535027978749,unreviewed_scene_member
VAL_far,361911,18006,7,1979445,frame:67413b1f9fff306b6f2f91d1,2.091078758239746,-0.6035588979721069,-0.470563143491745,1.6731678333993896,-0.6035588979721069,-0.23960794505403826,unreviewed_scene_member
VAL_far,361915,18010,7,1979445,frame:67413b1f9fff306b6f2f91d1,2.0815277099609375,-0.5811730027198792,-0.4870336055755615,1.657363232718652,-0.5811730027198792,-0.2502245943277497,unreviewed_scene_member
VAL_far,361919,18014,7,1979445,frame:67413b1f9fff306b6f2f91d1,2.105804204940796,-0.587951123714447,-0.4727042019367218,1.685464398977522,-0.587951123714447,-0.24798752659448264,unreviewed_scene_member
VAL_far,361923,18018,7,1979445,frame:67413b1f9fff306b6f2f91d1,2.066619634628296,-0.5576167702674866,-0.482388436794281,1.646000251333573,-0.5576167702674866,-0.23951427420309201,unreviewed_scene_member
VAL_far,361927,18022,7,1979445,frame:67413b1f9fff306b6f2f91d1,2.123610019683838,-0.5729939937591553,-0.47556060552597046,1.7002159943409625,-0.5729939937591553,-0.2583604005627482,unreviewed_scene_member
VAL_far,361931,18026,7,1979445,frame:67413b1f9fff306b6f2f91d1,2.06919002532959,-0.5389835834503174,-0.4818721413612366,1.6485368322136245,-0.5389835834503174,-0.24017701606116248,unreviewed_scene_member
VAL_far,361935,18030,7,1979445,frame:67413b1f9fff306b6f2f91d1,2.1253280639648438,-0.5536064505577087,-0.474845290184021,1.7020737359187754,-0.5536064505577087,-0.2584706204338765,unreviewed_scene_member
VAL_far,361939,18034,7,1979445,frame:67413b1f9fff306b6f2f91d1,2.0553135871887207,-0.5162591338157654,-0.4775732457637787,1.6379492840217564,-0.5162591338157654,-0.23023016419134512,unreviewed_scene_member
VAL_far,361943,18038,7,1979445,frame:67413b1f9fff306b6f2f91d1,2.1301701068878174,-0.535061776638031,-0.47486579418182373,1.7064167469088385,-0.535061776638031,-0.26061166121397283,unreviewed_scene_member
VAL_far,361947,18042,7,1979445,frame:67413b1f9fff306b6f2f91d1,2.0835139751434326,-0.5040550827980042,-0.48308536410331726,1.6608792711810376,-0.5040550827980042,-0.24754665974502266,unreviewed_scene_member
VAL_far,361951,18046,7,1979445,frame:67413b1f9fff306b6f2f91d1,2.0875093936920166,-0.5011667013168335,-0.46416032314300537,1.6727665214937806,-0.5011667013168335,-0.23228842181497167,unreviewed_scene_member
VAL_far,361955,18050,7,1979445,frame:67413b1f9fff306b6f2f91d1,2.075291633605957,-0.47911885380744934,-0.47998929023742676,1.6548463090116505,-0.47911885380744934,-0.24115948969838308,unreviewed_scene_member
VAL_far,361959,18054,7,1979445,frame:67413b1f9fff306b6f2f91d1,2.0836048126220703,-0.48103809356689453,-0.4623410701751709,1.6700546152846294,-0.48103809356689453,-0.22894163239740672,unreviewed_scene_member
VAL_far,361963,18058,7,1979445,frame:67413b1f9fff306b6f2f91d1,2.082341194152832,-0.4616439640522003,-0.48066967725753784,1.6608841500219407,-0.4616439640522003,-0.2448613414425309,unreviewed_scene_member
VAL_far,361967,18062,7,1979445,frame:67413b1f9fff306b6f2f91d1,2.1119918823242188,-0.4682173430919647,-0.4677155017852783,1.6932127487765376,-0.4682173430919647,-0.24621621183012543,unreviewed_scene_member
VAL_far,361971,18066,7,1979445,frame:67413b1f9fff306b6f2f91d1,2.0905563831329346,-0.44436147809028625,-0.48165246844291687,1.6678370856674904,-0.44436147809028625,-0.24934597012300141,unreviewed_scene_member
VAL_far,361975,18070,7,1979445,frame:67413b1f9fff306b6f2f91d1,2.130500078201294,-0.4528517723083496,-0.4709211587905884,1.7084425375009613,-0.4528517723083496,-0.25721089631260585,unreviewed_scene_member
VAL_far,361979,18074,7,1979445,frame:67413b1f9fff306b6f2f91d1,2.096766710281372,-0.42659205198287964,-0.4822072386741638,1.6731756954716002,-0.42659205198287964,-0.25256702253790597,unreviewed_scene_member
VAL_far,361983,18078,7,1979445,frame:67413b1f9fff306b6f2f91d1,2.1000094413757324,-0.42725178599357605,-0.46725645661354065,1.6826442343502692,-0.42725178599357605,-0.240550868382865,unreviewed_scene_member
VAL_far,361987,18082,7,1979445,frame:67413b1f9fff306b6f2f91d1,2.082338333129883,-0.4047655761241913,-0.4819504916667938,1.660320106470138,-0.4047655761241913,-0.24601127561807323,unreviewed_scene_member
VAL_far,361991,18086,7,1979445,frame:67413b1f9fff306b6f2f91d1,2.0990939140319824,-0.40802252292633057,-0.46624264121055603,1.6822657912453216,-0.40802252292633057,-0.23923831636301962,unreviewed_scene_member
VAL_far,361995,18090,7,1979445,frame:67413b1f9fff306b6f2f91d1,2.096909284591675,-0.3886391520500183,-0.4845193922519684,1.6722902589974007,-0.3886391520500183,-0.25470767287167617,unreviewed_scene_member
VAL_far,361999,18094,7,1979445,frame:67413b1f9fff306b6f2f91d1,2.123117446899414,-0.393496572971344,-0.4707980155944824,1.701861054864906,-0.393496572971344,-0.25386388339097743,unreviewed_scene_member
VAL_far,362003,18098,7,1979445,frame:67413b1f9fff306b6f2f91d1,2.0790786743164062,-0.36547529697418213,-0.47959771752357483,1.6584217328349173,-0.36547529697418213,-0.24246767585365636,unreviewed_scene_member
VAL_far,362007,18102,7,1979445,frame:67413b1f9fff306b6f2f91d1,2.111436128616333,-0.37116333842277527,-0.4674263000488281,1.6928400183495422,-0.37116333842277527,-0.24571265264096653,unreviewed_scene_member
VAL_far,362011,18106,7,1979445,frame:67413b1f9fff306b6f2f91d1,2.094536781311035,-0.34937795996665955,-0.48244187235832214,1.6710685919521913,-0.34937795996665955,-0.2518003733763039,unreviewed_scene_member
VAL_far,362015,18110,7,1979445,frame:67413b1f9fff306b6f2f91d1,2.1132164001464844,-0.3521147072315216,-0.4671081006526947,1.6945796052358288,-0.3521147072315216,-0.24620707659045427,unreviewed_scene_member
VAL_far,362019,18114,7,1979445,frame:67413b1f9fff306b6f2f91d1,2.0833990573883057,-0.32848718762397766,-0.47918397188186646,1.662486241569107,-0.32848718762397766,-0.2439897350160034,unreviewed_scene_member
VAL_far,362023,18118,7,1979445,frame:67413b1f9fff306b6f2f91d1,2.125096082687378,-0.3346813917160034,-0.4690568149089813,1.7044027330722156,-0.3346813917160034,-0.25316627942088465,unreviewed_scene_member
VAL_far,362027,18122,7,1979445,frame:67413b1f9fff306b6f2f91d1,2.084749698638916,-0.30970826745033264,-0.4788415729999542,1.6638502876743648,-0.30970826745033264,-0.24427407109341193,unreviewed_scene_member
VAL_far,362031,18126,7,1979445,frame:67413b1f9fff306b6f2f91d1,2.126540422439575,-0.31515800952911377,-0.4687249958515167,1.7058463569430709,-0.31515800952911377,-0.2535011993011105,unreviewed_scene_member
VAL_far,362035,18130,7,1979445,frame:67413b1f9fff306b6f2f91d1,2.0255632400512695,-0.2832324802875519,-0.5023663640022278,1.6003412614646157,-0.2832324802875519,-0.23947237746123684,unreviewed_scene_member
VAL_far,362039,18134,7,1979445,frame:67413b1f9fff306b6f2f91d1,2.062872886657715,-0.2880823612213135,-0.4923746585845947,1.6382550250663213,-0.2880823612213135,-0.24684736468865554,unreviewed_scene_member
VAL_far,362047,18142,7,1979445,frame:67413b1f9fff306b6f2f91d1,2.0400874614715576,-0.2664095163345337,-0.4863508343696594,1.6204162912957651,-0.2664095163345337,-0.23144471437938652,unreviewed_scene_member
VAL_far,362055,18150,7,1979445,frame:67413b1f9fff306b6f2f91d1,2.0184953212738037,-0.24497970938682556,-0.4806534945964813,1.603506953609182,-0.24497970938682556,-0.2168586080513908,unreviewed_scene_member
VAL_far,362063,18158,7,1979445,frame:67413b1f9fff306b6f2f91d1,2.021054983139038,-0.22705481946468353,-0.48076263070106506,1.6057597203348712,-0.22705481946468353,-0.21807878083968202,unreviewed_scene_member
VAL_far,362071,18166,7,1979445,frame:67413b1f9fff306b6f2f91d1,2.0197410583496094,-0.20871995389461517,-0.4799891710281372,1.6049178349606643,-0.20871995389461517,-0.21680761317386543,unreviewed_scene_member
VAL_far,362163,18258,7,1979445,frame:67413b1f9fff306b6f2f91d1,2.066307783126831,-0.28819435834884644,-0.47399771213531494,1.6493982126518694,-0.28819435834884644,-0.23183603413515264,unreviewed_scene_member
VAL_far,362167,18262,7,1979445,frame:67413b1f9fff306b6f2f91d1,2.1019046306610107,-0.2927851974964142,-0.4627140760421753,1.6863388677767093,-0.2927851974964142,-0.23729900006966642,unreviewed_scene_member
VAL_far,362171,18266,7,1979445,frame:67413b1f9fff306b6f2f91d1,2.0738041400909424,-0.2704443633556366,-0.4751462936401367,1.6556323886686963,-0.2704443633556366,-0.2361545589524734,unreviewed_scene_member
VAL_far,362175,18270,7,1979445,frame:67413b1f9fff306b6f2f91d1,2.089339017868042,-0.27209940552711487,-0.4593964219093323,1.6764993336571523,-0.27209940552711487,-0.22880871019722626,unreviewed_scene_member
VAL_far,362179,18274,7,1979445,frame:67413b1f9fff306b6f2f91d1,2.049666404724121,-0.24876286089420319,-0.46908992528915405,1.6365924729692498,-0.24876286089420319,-0.22012984440277084,unreviewed_scene_member
VAL_far,362183,18278,7,1979445,frame:67413b1f9fff306b6f2f91d1,2.08250093460083,-0.2523791193962097,-0.45738086104393005,1.6712368688564738,-0.2523791193962097,-0.22399951768776227,unreviewed_scene_member
VAL_far,362187,18282,7,1979445,frame:67413b1f9fff306b6f2f91d1,2.0610787868499756,-0.23118703067302704,-0.47120219469070435,1.645923896118174,-0.23118703067302704,-0.2270311986051703,unreviewed_scene_member
VAL_far,362191,18286,7,1979445,frame:67413b1f9fff306b6f2f91d1,2.101452112197876,-0.23571562767028809,-0.46106404066085815,1.6866554747785538,-0.23571562767028809,-0.23561758705512825,unreviewed_scene_member
VAL_far,362195,18290,7,1979445,frame:67413b1f9fff306b6f2f91d1,2.07397198677063,-0.21395830810070038,-0.47369563579559326,1.6564191748080015,-0.21395830810070038,-0.2349242954600399,unreviewed_scene_member
VAL_far,362199,18294,7,1979445,frame:67413b1f9fff306b6f2f91d1,2.11293888092041,-0.2176055759191513,-0.4631318747997284,1.696073235294757,-0.2176055759191513,-0.24251161204567717,unreviewed_scene_member
VAL_far,363626,19721,7,1979445,frame:67413b1f9fff306b6f2f91d1,2.098979949951172,-0.7889546751976013,-0.4602898061275482,1.6847729121499815,-0.7889546751976013,-0.2338379850670136,unreviewed_scene_member
VAL_far,363630,19725,7,1979445,frame:67413b1f9fff306b6f2f91d1,2.1239662170410156,-0.7983464598655701,-0.44516995549201965,1.7138585265119501,-0.7983464598655701,-0.2312016118930207,unreviewed_scene_member
VAL_far,363634,19729,7,1979445,frame:67413b1f9fff306b6f2f91d1,2.102203130722046,-0.7692971229553223,-0.45950692892074585,1.68801307861593,-0.7692971229553223,-0.2345472891453928,unreviewed_scene_member
VAL_far,363638,19733,7,1979445,frame:67413b1f9fff306b6f2f91d1,2.1187055110931396,-0.7753360867500305,-0.4426323175430298,1.7102426625845029,-0.7753360867500305,-0.2266146563135154,unreviewed_scene_member
VAL_far,363642,19737,7,1979445,frame:67413b1f9fff306b6f2f91d1,2.127434492111206,-0.7575453519821167,-0.4635593593120575,1.7089144074546077,-0.7575453519821167,-0.24925029028136136,unreviewed_scene_member
VAL_far,363643,19738,7,1979445,frame:67413b1f9fff306b6f2f91d1,2.2095282077789307,-0.7824349999427795,-0.39729535579681396,1.811747977547148,-0.7824349999427795,-0.22568011471935034,unreviewed_scene_member
VAL_far,363646,19741,7,1979445,frame:67413b1f9fff306b6f2f91d1,2.127347469329834,-0.7575144171714783,-0.44303983449935913,1.7178313595205275,-0.7575144171714783,-0.23076931527035316,unreviewed_scene_member
VAL_far,363650,19745,7,1979445,frame:67413b1f9fff306b6f2f91d1,2.098649024963379,-0.7267224192619324,-0.45588788390159607,1.6864051544354486,-0.7267224192619324,-0.22973649561165588,unreviewed_scene_member
VAL_far,363651,19746,7,1979445,frame:67413b1f9fff306b6f2f91d1,2.227243185043335,-0.7669013738632202,-0.3996850550174713,1.826622518454879,-0.7669013738632202,-0.23559369705006228,unreviewed_scene_member
VAL_far,363654,19749,7,1979445,frame:67413b1f9fff306b6f2f91d1,2.13166880607605,-0.7381564974784851,-0.44258132576942444,1.7219163482578344,-0.7381564974784851,-0.23225155969881217,unreviewed_scene_member
VAL_far,363655,19750,7,1979445,frame:67413b1f9fff306b6f2f91d1,2.2675557136535645,-0.7807821035385132,-0.38541966676712036,1.869108713767716,-0.7807821035385132,-0.2404439004193344,unreviewed_scene_member
VAL_far,363658,19753,7,1979445,frame:67413b1f9fff306b6f2f91d1,2.11942195892334,-0.7132642865180969,-0.45903074741363525,1.703698003120853,-0.7132642865180969,-0.24166753750680936,unreviewed_scene_member
VAL_far,363659,19754,7,1979445,frame:67413b1f9fff306b6f2f91d1,2.2090909481048584,-0.7391515374183655,-0.3956732749938965,1.8120660445771646,-0.7391515374183655,-0.2240305161263041,unreviewed_scene_member
VAL_far,363662,19757,7,1979445,frame:67413b1f9fff306b6f2f91d1,2.120532751083374,-0.7136381268501282,-0.4389595091342926,1.7134950282429597,-0.7136381268501282,-0.22411456727252288,unreviewed_scene_member
VAL_far,363663,19758,7,1979445,frame:67413b1f9fff306b6f2f91d1,2.2556676864624023,-0.7547358870506287,-0.38269081711769104,1.859620074656292,-0.7547358870506287,-0.2327798584883325,unreviewed_scene_member
VAL_far,363666,19761,7,1979445,frame:67413b1f9fff306b6f2f91d1,2.102208375930786,-0.6871075630187988,-0.4539865553379059,1.690437765476531,-0.6871075630187988,-0.2295879095839597,unreviewed_scene_member
VAL_far,363667,19762,7,1979445,frame:67413b1f9fff306b6f2f91d1,2.2245216369628906,-0.7227908968925476,-0.3972921371459961,1.8252253933949494,-0.7227908968925476,-0.2322499085608314,unreviewed_scene_member
VAL_far,363670,19765,7,1979445,frame:67413b1f9fff306b6f2f91d1,2.1253955364227295,-0.6946862936019897,-0.43869444727897644,1.7179818662238884,-0.6946862936019897,-0.22600803604086606,unreviewed_scene_member
VAL_far,363671,19766,7,1979445,frame:67413b1f9fff306b6f2f91d1,2.2386999130249023,-0.7273976802825928,-0.3787207007408142,1.8461099253807314,-0.7273976802825928,-0.22177335922542651,unreviewed_scene_member
VAL_far,363674,19769,7,1979445,frame:67413b1f9fff306b6f2f91d1,2.125272035598755,-0.674176037311554,-0.4576793313026428,1.7095484390374747,-0.674176037311554,-0.24301739757318241,unreviewed_scene_member
VAL_far,363675,19770,7,1979445,frame:67413b1f9fff306b6f2f91d1,2.2248246669769287,-0.7014845013618469,-0.39707571268081665,1.8255926292084108,-0.7014845013618469,-0.23218822715482013,unreviewed_scene_member
VAL_far,363678,19773,7,1979445,frame:67413b1f9fff306b6f2f91d1,2.1463735103607178,-0.6808697581291199,-0.4417811930179596,1.735483604033327,-0.6808697581291199,-0.23797852322601076,unreviewed_scene_member
VAL_far,363679,19774,7,1979445,frame:67413b1f9fff306b6f2f91d1,2.247532367706299,-0.7086442112922668,-0.37999820709228516,1.8534884611382534,-0.7086442112922668,-0.22679346761588426,unreviewed_scene_member
VAL_far,363682,19777,7,1979445,frame:67413b1f9fff306b6f2f91d1,2.130952835083008,-0.6555666923522949,-0.4576532542705536,1.7146657392106024,-0.6555666923522949,-0.24548425827658615,unreviewed_scene_member
VAL_far,363683,19778,7,1979445,frame:67413b1f9fff306b6f2f91d1,2.2110211849212646,-0.6759769916534424,-0.39395955204963684,1.814552176628052,-0.6759769916534424,-0.22333639227377988,unreviewed_scene_member
VAL_far,363686,19781,7,1979445,frame:67413b1f9fff306b6f2f91d1,2.123004198074341,-0.6531213521957397,-0.43980875611305237,1.7153440647121987,-0.6531213521957397,-0.22596127645252806,unreviewed_scene_member
VAL_far,363687,19782,7,1979445,frame:67413b1f9fff306b6f2f91d1,2.264606237411499,-0.6923595666885376,-0.3822729289531708,1.8678371811457921,-0.6923595666885376,-0.2363226659242308,unreviewed_scene_member
VAL_far,363690,19785,7,1979445,frame:67413b1f9fff306b6f2f91d1,2.1344075202941895,-0.6362945437431335,-0.46123775839805603,1.7161994465252068,-0.6362945437431335,-0.2502204235631411,unreviewed_scene_member
VAL_far,363691,19786,7,1979445,frame:67413b1f9fff306b6f2f91d1,2.25346302986145,-0.6675061583518982,-0.4008907079696655,1.8496602354050062,-0.6675061583518982,-0.24817135418694614,unreviewed_scene_member
VAL_far,363694,19789,7,1979445,frame:67413b1f9fff306b6f2f91d1,2.15069317817688,-0.6411494612693787,-0.4443688690662384,1.738231733231681,-0.6411494612693787,-0.24219792878627344,unreviewed_scene_member
VAL_far,363695,19790,7,1979445,frame:67413b1f9fff306b6f2f91d1,2.270296573638916,-0.672492504119873,-0.38265228271484375,1.872785323724892,-0.672492504119873,-0.23915810604429177,unreviewed_scene_member
VAL_far,363762,19857,7,1979445,frame:67413b1f9fff306b6f2f91d1,2.1557583808898926,-0.7888956069946289,-0.42960458993911743,1.7492565412459053,-0.7888956069946289,-0.23114832133094065,unreviewed_scene_member
VAL_far,363770,19865,7,1979445,frame:67413b1f9fff306b6f2f91d1,2.149845600128174,-0.7655256390571594,-0.4270786643028259,1.7450494620180852,-0.7655256390571594,-0.22628604192442037,unreviewed_scene_member
VAL_far,363774,19869,7,1979445,frame:67413b1f9fff306b6f2f91d1,2.186616897583008,-0.7786192893981934,-0.41345229744911194,1.784072691309417,-0.7786192893981934,-0.23015822035781186,unreviewed_scene_member
VAL_far,363778,19873,7,1979445,frame:67413b1f9fff306b6f2f91d1,2.1486425399780273,-0.7440342307090759,-0.42553359270095825,1.7446454735277757,-0.7440342307090759,-0.2243699539098798,unreviewed_scene_member
VAL_far,363779,19874,7,1979445,frame:67413b1f9fff306b6f2f91d1,2.293802261352539,-0.7898194789886475,-0.3686264455318451,1.9000606182266515,-0.7898194789886475,-0.236855982368938,unreviewed_scene_member
VAL_far,363782,19877,7,1979445,frame:67413b1f9fff306b6f2f91d1,2.187145948410034,-0.7573671936988831,-0.4122868478298187,1.7850590985290724,-0.7573671936988831,-0.22934264179648256,unreviewed_scene_member
VAL_far,363786,19881,7,1979445,frame:67413b1f9fff306b6f2f91d1,2.1492183208465576,-0.7232918739318848,-0.42438140511512756,1.7456680677377003,-0.7232918739318848,-0.2235867802871523,unreviewed_scene_member
VAL_far,363787,19882,7,1979445,frame:67413b1f9fff306b6f2f91d1,2.2805604934692383,-0.7630649209022522,-0.3654143512248993,1.889567085555596,-0.7630649209022522,-0.22816416215718638,unreviewed_scene_member
VAL_far,363790,19885,7,1979445,frame:67413b1f9fff306b6f2f91d1,2.1908047199249268,-0.7330330014228821,-0.41150692105293274,1.788689477979022,-0.7330330014228821,-0.23024554811769082,unreviewed_scene_member
VAL_far,363791,19886,7,1979445,frame:67413b1f9fff306b6f2f91d1,2.333089828491211,-0.7806410193443298,-0.3527708649635315,1.942322678701207,-0.7806410193443298,-0.2398276168146536,unreviewed_scene_member
VAL_far,363794,19889,7,1979445,frame:67413b1f9fff306b6f2f91d1,2.157388925552368,-0.7051433324813843,-0.42476344108581543,1.7528442850553618,-0.7051433324813843,-0.22751190929792497,unreviewed_scene_member
VAL_far,363795,19890,7,1979445,frame:67413b1f9fff306b6f2f91d1,2.3032822608947754,-0.7483817934989929,-0.36885949969291687,1.9084790211542795,-0.7483817934989929,-0.24122120833226468,unreviewed_scene_member
VAL_far,363798,19893,7,1979445,frame:67413b1f9fff306b6f2f91d1,2.193350315093994,-0.7126626968383789,-0.4108012020587921,1.7912868106060398,-0.7126626968383789,-0.23072716756092193,unreviewed_scene_member
VAL_far,363799,19894,7,1979445,frame:67413b1f9fff306b6f2f91d1,2.3262698650360107,-0.7558509111404419,-0.3507288992404938,1.9370880750074073,-0.7558509111404419,-0.23500263497912455,unreviewed_scene_member
VAL_far,363802,19897,7,1979445,frame:67413b1f9fff306b6f2f91d1,2.153700351715088,-0.6831939816474915,-0.4228472411632538,1.7503690236086098,-0.6831939816474915,-0.22417267587294298,unreviewed_scene_member
VAL_far,363803,19898,7,1979445,frame:67413b1f9fff306b6f2f91d1,2.295039653778076,-0.7236232161521912,-0.36694398522377014,1.901910321226338,-0.7236232161521912,-0.23588623419751653,unreviewed_scene_member
VAL_far,363806,19901,7,1979445,frame:67413b1f9fff306b6f2f91d1,2.1910719871520996,-0.69084233045578,-0.4133680462837219,1.7881138325698365,-0.69084233045578,-0.23203547863541618,unreviewed_scene_member
VAL_far,363807,19902,7,1979445,frame:67413b1f9fff306b6f2f91d1,2.3363940715789795,-0.7366622686386108,-0.3517090976238251,1.945757960882349,-0.7366622686386108,-0.2403217914828255,unreviewed_scene_member
VAL_far,363810,19905,7,1979445,frame:67413b1f9fff306b6f2f91d1,2.142533302307129,-0.6550381183624268,-0.4233335554599762,1.7401189599300537,-0.6550381183624268,-0.2197144600122498,unreviewed_scene_member
VAL_far,363811,19906,7,1979445,frame:67413b1f9fff306b6f2f91d1,2.299283266067505,-0.7029614448547363,-0.36705708503723145,1.9056748749919499,-0.7029614448547363,-0.23784816482233828,unreviewed_scene_member
VAL_far,363814,19909,7,1979445,frame:67413b1f9fff306b6f2f91d1,2.200681686401367,-0.6728158593177795,-0.41405749320983887,1.7964487394021516,-0.6728158593177795,-0.236867764308049,unreviewed_scene_member
VAL_far,363815,19910,7,1979445,frame:67413b1f9fff306b6f2f91d1,2.3202130794525146,-0.7093603014945984,-0.34876030683517456,1.9325072462955306,-0.7093603014945984,-0.23057815580354113,unreviewed_scene_member
VAL_far,363818,19913,7,1979445,frame:67413b1f9fff306b6f2f91d1,2.1725409030914307,-0.6435359716415405,-0.4281366467475891,1.7649840762228228,-0.6435359716415405,-0.23718591623359098,unreviewed_scene_member
VAL_far,363819,19914,7,1979445,frame:67413b1f9fff306b6f2f91d1,2.3104336261749268,-0.6843816041946411,-0.36786964535713196,1.9153405492713225,-0.6843816041946411,-0.24346648534752524,unreviewed_scene_member
VAL_far,363822,19917,7,1979445,frame:67413b1f9fff306b6f2f91d1,2.187403678894043,-0.6479385495185852,-0.41047975420951843,1.7860829228563355,-0.6479385495185852,-0.22783141841728893,unreviewed_scene_member
VAL_far,363823,19918,7,1979445,frame:67413b1f9fff306b6f2f91d1,2.3459901809692383,-0.694913923740387,-0.3517099618911743,1.95438250800008,-0.694913923740387,-0.2445292257592946,unreviewed_scene_member
VAL_far,363826,19921,7,1979445,frame:67413b1f9fff306b6f2f91d1,2.113661766052246,-0.6100771427154541,-0.4555867910385132,1.700030507168433,-0.6100771427154541,-0.2360470276665081,unreviewed_scene_member
VAL_far,363827,19922,7,1979445,frame:67413b1f9fff306b6f2f91d1,2.248060941696167,-0.6446211338043213,-0.39891377091407776,1.8456715028886541,-0.6446211338043213,-0.2440263753474048,unreviewed_scene_member
VAL_far,363830,19925,7,1979445,frame:67413b1f9fff306b6f2f91d1,2.1345937252044678,-0.616118848323822,-0.4399147629737854,1.7257141923470725,-0.616118848323822,-0.2311370690865988,unreviewed_scene_member
VAL_far,363831,19926,7,1979445,frame:67413b1f9fff306b6f2f91d1,2.266425371170044,-0.6498870253562927,-0.3810293972492218,1.8700173361565229,-0.6498870253562927,-0.23600244278423332,unreviewed_scene_member
VAL_far,363834,19929,7,1979445,frame:67413b1f9fff306b6f2f91d1,2.1274912357330322,-0.5940062403678894,-0.45743289589881897,1.711651073076293,-0.5940062403678894,-0.24376873620724582,unreviewed_scene_member
VAL_far,363835,19930,7,1979445,frame:67413b1f9fff306b6f2f91d1,2.2456605434417725,-0.6227767467498779,-0.39750826358795166,1.8441301730872317,-0.6227767467498779,-0.24171084839512336,unreviewed_scene_member
VAL_far,363838,19933,7,1979445,frame:67413b1f9fff306b6f2f91d1,2.1512794494628906,-0.5966026186943054,-0.44204169511795044,1.7397788362855522,-0.5966026186943054,-0.24036328311282773,unreviewed_scene_member
VAL_far,363839,19934,7,1979445,frame:67413b1f9fff306b6f2f91d1,2.259995698928833,-0.6267523169517517,-0.37985458970069885,1.86475338675877,-0.6267523169517517,-0.23212794996021602,unreviewed_scene_member
VAL_far,363842,19937,7,1979445,frame:67413b1f9fff306b6f2f91d1,2.1466705799102783,-0.5792161822319031,-0.4604523181915283,1.727565725821629,-0.5792161822319031,-0.2548902460888378,unreviewed_scene_member
VAL_far,363843,19938,7,1979445,frame:67413b1f9fff306b6f2f91d1,2.234921455383301,-0.5988454222679138,-0.3954984247684479,1.8353590000257622,-0.5988454222679138,-0.2351967108824713,unreviewed_scene_member
VAL_far,363846,19941,7,1979445,frame:67413b1f9fff306b6f2f91d1,2.145010471343994,-0.5747538208961487,-0.43970614671707153,1.735168153106783,-0.5747538208961487,-0.23551596698809796,unreviewed_scene_member
VAL_far,363847,19942,7,1979445,frame:67413b1f9fff306b6f2f91d1,2.274340867996216,-0.6094077825546265,-0.3817790150642395,1.8768031267561633,-0.6094077825546265,-0.24014612023446524,unreviewed_scene_member
VAL_far,363850,19945,7,1979445,frame:67413b1f9fff306b6f2f91d1,2.145514726638794,-0.5548678636550903,-0.4589328467845917,1.7271929442059955,-0.5548678636550903,-0.2530178615106209,unreviewed_scene_member
VAL_far,363851,19946,7,1979445,frame:67413b1f9fff306b6f2f91d1,2.2523016929626465,-0.5824848413467407,-0.3980772793292999,1.8498497586541,-0.5824848413467407,-0.24513356468716108,unreviewed_scene_member
VAL_far,363854,19949,7,1979445,frame:67413b1f9fff306b6f2f91d1,2.1457736492156982,-0.5549347996711731,-0.43885311484336853,1.7362280373948609,-0.5549347996711731,-0.23508382217753332,unreviewed_scene_member
VAL_far,363855,19950,7,1979445,frame:67413b1f9fff306b6f2f91d1,2.3015167713165283,-0.5952126979827881,-0.3854542672634125,1.8996175423419714,-0.5952126979827881,-0.2553625469332843,unreviewed_scene_member
VAL_far,363858,19953,7,1979445,frame:67413b1f9fff306b6f2f91d1,2.1368892192840576,-0.5327863693237305,-0.45607590675354004,1.7206927896269684,-0.5327863693237305,-0.24666888726934455,unreviewed_scene_member
VAL_far,363859,19954,7,1979445,frame:67413b1f9fff306b6f2f91d1,2.2547245025634766,-0.5621659755706787,-0.3980407416820526,1.8520433825489675,-0.5621659755706787,-0.24616281469051682,unreviewed_scene_member
VAL_far,363862,19957,7,1979445,frame:67413b1f9fff306b6f2f91d1,2.1610701084136963,-0.5388153195381165,-0.44100308418273926,1.7490339193266182,-0.5388153195381165,-0.2437217281799242,unreviewed_scene_member
VAL_far,363863,19958,7,1979445,frame:67413b1f9fff306b6f2f91d1,2.270899772644043,-0.5661989450454712,-0.37990376353263855,1.8745323469053086,-0.5661989450454712,-0.23695217840680627,unreviewed_scene_member
VAL_far,363866,19961,7,1979445,frame:67413b1f9fff306b6f2f91d1,2.1595308780670166,-0.5184574723243713,-0.4599250853061676,1.739355608923118,-0.5184574723243713,-0.2600539559614812,unreviewed_scene_member
VAL_far,363867,19962,7,1979445,frame:67413b1f9fff306b6f2f91d1,2.254987955093384,-0.541374683380127,-0.3972380757331848,1.8526320377068242,-0.541374683380127,-0.24555687330216713,unreviewed_scene_member
VAL_far,363870,19965,7,1979445,frame:67413b1f9fff306b6f2f91d1,2.170719861984253,-0.5211437344551086,-0.44202739000320435,1.7572580342669086,-0.5211437344551086,-0.24887254169190465,unreviewed_scene_member
VAL_far,363871,19966,7,1979445,frame:67413b1f9fff306b6f2f91d1,2.2896173000335693,-0.549688458442688,-0.38221803307533264,1.8903410400910465,-0.549688458442688,-0.24723745404011388,unreviewed_scene_member
VAL_far,363874,19969,7,1979445,frame:67413b1f9fff306b6f2f91d1,2.1425929069519043,-0.4946565628051758,-0.45538103580474854,1.7261238415194713,-0.4946565628051758,-0.2485446735015051,unreviewed_scene_member
VAL_far,363875,19970,7,1979445,frame:67413b1f9fff306b6f2f91d1,2.2442848682403564,-0.5181339979171753,-0.39454105496406555,1.844194463053773,-0.5181339979171753,-0.23844088263419305,unreviewed_scene_member
VAL_far,363878,19973,7,1979445,frame:67413b1f9fff306b6f2f91d1,2.158383369445801,-0.49830207228660583,-0.43861305713653564,1.747666813235415,-0.49830207228660583,-0.240395797257823,unreviewed_scene_member
VAL_far,363879,19974,7,1979445,frame:67413b1f9fff306b6f2f91d1,2.269657611846924,-0.5239917635917664,-0.3789428472518921,1.8738371381482708,-0.5239917635917664,-0.23554398512154995,unreviewed_scene_member
VAL_far,363882,19977,7,1979445,frame:67413b1f9fff306b6f2f91d1,2.131850242614746,-0.47261980175971985,-0.4522039592266083,1.7178611374748392,-0.47261980175971985,-0.24097986190338583,unreviewed_scene_member
VAL_far,363883,19978,7,1979445,frame:67413b1f9fff306b6f2f91d1,2.255406379699707,-0.5000115633010864,-0.39654409885406494,1.8533123346921574,-0.5000115633010864,-0.24511655628946372,unreviewed_scene_member
VAL_far,363886,19981,7,1979445,frame:67413b1f9fff306b6f2f91d1,2.1780776977539062,-0.4828682243824005,-0.44174203276634216,1.763996305629488,-0.4828682243824005,-0.2518415272105732,unreviewed_scene_member
VAL_far,363887,19982,7,1979445,frame:67413b1f9fff306b6f2f91d1,2.292938709259033,-0.5041353106498718,-0.3819274604320526,1.8934536815910767,-0.5041353106498718,-0.24843229904943875,unreviewed_scene_member
VAL_far,363890,19985,7,1979445,frame:67413b1f9fff306b6f2f91d1,2.168001174926758,-0.4608228802680969,-0.459001749753952,1.7473734249759358,-0.4608228802680969,-0.2629372012124622,unreviewed_scene_member
VAL_far,363891,19986,7,1979445,frame:67413b1f9fff306b6f2f91d1,2.2473719120025635,-0.4735955595970154,-0.39465054869651794,1.8469210807148484,-0.4735955595970154,-0.23989256586325514,unreviewed_scene_member
VAL_far,363894,19989,7,1979445,frame:67413b1f9fff306b6f2f91d1,2.156266927719116,-0.4583286643028259,-0.4364907145500183,1.7466949417656628,-0.4583286643028259,-0.2375604613900153,unreviewed_scene_member
VAL_far,363895,19990,7,1979445,frame:67413b1f9fff306b6f2f91d1,2.284456253051758,-0.4814104437828064,-0.38021859526634216,1.886578817636385,-0.4814104437828064,-0.24317791715739867,unreviewed_scene_member
VAL_far,363898,19993,7,1979445,frame:67413b1f9fff306b6f2f91d1,2.167992353439331,-0.44108304381370544,-0.4621959328651428,1.7459652585620502,-0.44108304381370544,-0.2658042468900301,unreviewed_scene_member
VAL_far,363899,19994,7,1979445,frame:67413b1f9fff306b6f2f91d1,2.2562150955200195,-0.4549327492713928,-0.3959048092365265,1.8543194497793727,-0.4549327492713928,-0.24489648426893607,unreviewed_scene_member
VAL_far,363902,19997,7,1979445,frame:67413b1f9fff306b6f2f91d1,2.181673288345337,-0.443866491317749,-0.44487228989601135,1.7658557866383175,-0.443866491317749,-0.2562311868530549,unreviewed_scene_member
VAL_far,363903,19998,7,1979445,frame:67413b1f9fff306b6f2f91d1,2.3018558025360107,-0.4641355574131012,-0.38284656405448914,1.9010654034297332,-0.4641355574131012,-0.2531673803190706,unreviewed_scene_member
VAL_far,363906,20001,7,1979445,frame:67413b1f9fff306b6f2f91d1,2.147922992706299,-0.41751396656036377,-0.45712316036224365,1.7301507937216665,-0.41751396656036377,-0.25244704048633126,unreviewed_scene_member
VAL_far,363907,20002,7,1979445,frame:67413b1f9fff306b6f2f91d1,2.2568423748016357,-0.434599369764328,-0.3953343629837036,1.8551333118410882,-0.434599369764328,-0.24465875171120444,unreviewed_scene_member
VAL_far,363910,20005,7,1979445,frame:67413b1f9fff306b6f2f91d1,2.1682238578796387,-0.42146003246307373,-0.4413629472255707,1.7553059131805502,-0.42146003246307373,-0.24718116829753112,unreviewed_scene_member
VAL_far,363911,20006,7,1979445,frame:67413b1f9fff306b6f2f91d1,2.301138162612915,-0.44312936067581177,-0.38206946849823,1.90076104920963,-0.44312936067581177,-0.25215433882363003,unreviewed_scene_member
VAL_far,363914,20009,7,1979445,frame:67413b1f9fff306b6f2f91d1,2.1371893882751465,-0.3961046636104584,-0.4540858268737793,1.7218349733281355,-0.3961046636104584,-0.24501180074660978,unreviewed_scene_member
VAL_far,363915,20010,7,1979445,frame:67413b1f9fff306b6f2f91d1,2.2451086044311523,-0.41205453872680664,-0.39304423332214355,1.8455909956574899,-0.41205453872680664,-0.23745665043267272,unreviewed_scene_member
VAL_far,363918,20013,7,1979445,frame:67413b1f9fff306b6f2f91d1,2.166189670562744,-0.4014795124530792,-0.44021889567375183,1.7539791169218248,-0.4014795124530792,-0.24526117254720625,unreviewed_scene_member
VAL_far,363919,20014,7,1979445,frame:67413b1f9fff306b6f2f91d1,2.284806728363037,-0.4193405210971832,-0.3791520595550537,1.8873613612423867,-0.4193405210971832,-0.24237295947405402,unreviewed_scene_member
VAL_far,363922,20017,7,1979445,frame:67413b1f9fff306b6f2f91d1,2.135982036590576,-0.37509390711784363,-0.45305806398391724,1.7212003544189103,-0.37509390711784363,-0.24355878543765175,unreviewed_scene_member
VAL_far,363923,20018,7,1979445,frame:67413b1f9fff306b6f2f91d1,2.244565725326538,-0.3925468623638153,-0.3923597037792206,1.8454031371511443,-0.3925468623638153,-0.23660341681932007,unreviewed_scene_member
VAL_far,363926,20021,7,1979445,frame:67413b1f9fff306b6f2f91d1,2.18253755569458,-0.3828767240047455,-0.44277381896972656,1.7675524940926868,-0.3828767240047455,-0.2547239635471983,unreviewed_scene_member
VAL_far,363927,20022,7,1979445,frame:67413b1f9fff306b6f2f91d1,2.2990100383758545,-0.401654988527298,-0.3809250593185425,1.8993499797800708,-0.401654988527298,-0.2501928424040871,unreviewed_scene_member
VAL_far,363930,20025,7,1979445,frame:67413b1f9fff306b6f2f91d1,2.1598732471466064,-0.3595014810562134,-0.4574286639690399,1.7407576872979158,-0.3595014810562134,-0.2579602720526615,unreviewed_scene_member
VAL_far,363931,20026,7,1979445,frame:67413b1f9fff306b6f2f91d1,2.2575128078460693,-0.3741336464881897,-0.3944363594055176,1.8561295519282572,-0.3741336464881897,-0.2441455299441091,unreviewed_scene_member
VAL_far,363934,20029,7,1979445,frame:67413b1f9fff306b6f2f91d1,2.1806983947753906,-0.3621855080127716,-0.44171565771102905,1.7663633345727963,-0.3621855080127716,-0.2529666594265818,unreviewed_scene_member
VAL_far,363935,20030,7,1979445,frame:67413b1f9fff306b6f2f91d1,2.2717831134796143,-0.37568387389183044,-0.37624597549438477,1.8769297571262138,-0.37568387389183044,-0.23405181143049458,unreviewed_scene_member
VAL_far,363938,20033,7,1979445,frame:67413b1f9fff306b6f2f91d1,2.1315464973449707,-0.334934800863266,-0.4507671296596527,1.7182179976597802,-0.334934800863266,-0.2395552948808164,unreviewed_scene_member
VAL_far,363939,20034,7,1979445,frame:67413b1f9fff306b6f2f91d1,2.258329391479492,-0.35324111580848694,-0.39400261640548706,1.857053632852618,-0.35324111580848694,-0.24411365102189042,unreviewed_scene_member
VAL_far,363942,20037,7,1979445,frame:67413b1f9fff306b6f2f91d1,2.174804210662842,-0.341731995344162,-0.43990087509155273,1.7618612253227188,-0.341731995344162,-0.24875170336406516,unreviewed_scene_member
VAL_far,363943,20038,7,1979445,frame:67413b1f9fff306b6f2f91d1,2.256847858428955,-0.3530093729496002,-0.37324801087379456,1.8648202599954828,-0.3530093729496002,-0.2248100737943477,unreviewed_scene_member
VAL_far,363946,20041,7,1979445,frame:67413b1f9fff306b6f2f91d1,2.151855945587158,-0.31890982389450073,-0.45445623993873596,1.7348548093198064,-0.31890982389450073,-0.25177412135237853,unreviewed_scene_member
VAL_far,363947,20042,7,1979445,frame:67413b1f9fff306b6f2f91d1,2.241539478302002,-0.3306020200252533,-0.3909623622894287,1.8432957185341967,-0.3306020200252533,-0.23402087522903536,unreviewed_scene_member
VAL_far,363950,20045,7,1979445,frame:67413b1f9fff306b6f2f91d1,2.1794352531433105,-0.32260841131210327,-0.4402393400669098,1.7658752054529274,-0.32260841131210327,-0.2510860290717889,unreviewed_scene_member
VAL_far,363951,20046,7,1979445,frame:67413b1f9fff306b6f2f91d1,2.305647134780884,-0.3400571644306183,-0.38123103976249695,1.9051812295155133,-0.3400571644306183,-0.2533773673678197,unreviewed_scene_member
VAL_far,363954,20049,7,1979445,frame:67413b1f9fff306b6f2f91d1,2.1693384647369385,-0.6220477819442749,-0.42641955614089966,1.7628584666745604,-0.6220477819442749,-0.2342387488453621,unreviewed_scene_member
VAL_far,363955,20050,7,1979445,frame:67413b1f9fff306b6f2f91d1,2.31160831451416,-0.6628430485725403,-0.36712169647216797,1.9167242313673236,-0.6628430485725403,-0.24330918281717318,unreviewed_scene_member
VAL_far,363958,20053,7,1979445,frame:67413b1f9fff306b6f2f91d1,2.222668409347534,-0.6373398900032043,-0.41603776812553406,1.815342179698045,-0.6373398900032043,-0.24828596856435636,unreviewed_scene_member
VAL_far,363959,20054,7,1979445,frame:67413b1f9fff306b6f2f91d1,2.3378849029541016,-0.6703776717185974,-0.35047098994255066,1.9476406619304332,-0.6703776717185974,-0.2398625251298001,unreviewed_scene_member
VAL_far,363962,20057,7,1979445,frame:67413b1f9fff306b6f2f91d1,2.2063746452331543,-0.6118818521499634,-0.43263348937034607,1.7934223561663571,-0.6118818521499634,-0.25605938795290273,unreviewed_scene_member
VAL_far,363963,20058,7,1979445,frame:67413b1f9fff306b6f2f91d1,2.303225040435791,-0.6387408375740051,-0.365744948387146,1.9097929211740619,-0.6387408375740051,-0.23839678436351974,unreviewed_scene_member
VAL_far,363966,20061,7,1979445,frame:67413b1f9fff306b6f2f91d1,2.2100348472595215,-0.6128969192504883,-0.41265615820884705,1.8054696095269596,-0.6128969192504883,-0.23970840860377884,unreviewed_scene_member
VAL_far,363967,20062,7,1979445,frame:67413b1f9fff306b6f2f91d1,2.3442304134368896,-0.6501126289367676,-0.35055842995643616,1.95330563779393,-0.6501126289367676,-0.2427228044009906,unreviewed_scene_member
VAL_far,363970,20065,7,1979445,frame:67413b1f9fff306b6f2f91d1,2.165729284286499,-0.5803053975105286,-0.4236544966697693,1.7608266790649854,-0.5803053975105286,-0.2301713692820193,unreviewed_scene_member
VAL_far,363971,20066,7,1979445,frame:67413b1f9fff306b6f2f91d1,2.277467727661133,-0.6102456450462341,-0.3612165153026581,1.8886275362079383,-0.6102456450462341,-0.22303539292888597,unreviewed_scene_member
VAL_far,363974,20069,7,1979445,frame:67413b1f9fff306b6f2f91d1,2.219120740890503,-0.5946115851402283,-0.4133680462837219,1.813323885436025,-0.5946115851402283,-0.24433124297772446,unreviewed_scene_member
VAL_far,363975,20070,7,1979445,frame:67413b1f9fff306b6f2f91d1,2.35410475730896,-0.6307804584503174,-0.351632684469223,1.9617097170945437,-0.6307804584503174,-0.24801696540828266,unreviewed_scene_member
VAL_far,363978,20073,7,1979445,frame:67413b1f9fff306b6f2f91d1,2.172424077987671,-0.5618270635604858,-0.42398884892463684,1.7666973494034022,-0.5618270635604858,-0.23340668749035998,unreviewed_scene_member
VAL_far,363979,20074,7,1979445,frame:67413b1f9fff306b6f2f91d1,2.325514554977417,-0.6014189720153809,-0.3684195578098297,1.9286541325391395,-0.6014189720153809,-0.2505717874397879,unreviewed_scene_member
VAL_far,363982,20077,7,1979445,frame:67413b1f9fff306b6f2f91d1,2.195866346359253,-0.5678896307945251,-0.40809759497642517,1.7947333878647214,-0.5678896307945251,-0.2294001371228669,unreviewed_scene_member
VAL_far,363983,20078,7,1979445,frame:67413b1f9fff306b6f2f91d1,2.343397617340088,-0.6016822457313538,-0.34950411319732666,1.9530193076671132,-0.6016822457313538,-0.24141011699499315,unreviewed_scene_member
VAL_far,363986,20081,7,1979445,frame:67413b1f9fff306b6f2f91d1,2.2035515308380127,-0.5494071245193481,-0.4291118383407593,1.7924287479564134,-0.5494071245193481,-0.25165657707945166,unreviewed_scene_member
VAL_far,363987,20082,7,1979445,frame:67413b1f9fff306b6f2f91d1,2.3016464710235596,-0.5738649368286133,-0.3638310134410858,1.9092131262418623,-0.5738649368286133,-0.23598455174547084,unreviewed_scene_member
VAL_far,363990,20085,7,1979445,frame:67413b1f9fff306b6f2f91d1,2.206852912902832,-0.5502302050590515,-0.40923142433166504,1.8041110103886402,-0.5502302050590515,-0.235235409971859,unreviewed_scene_member
VAL_far,363991,20086,7,1979445,frame:67413b1f9fff306b6f2f91d1,2.3435702323913574,-0.5799750089645386,-0.3487617075443268,1.9534999022649837,-0.5799750089645386,-0.24081851667211618,unreviewed_scene_member
VAL_far,363994,20089,7,1979445,frame:67413b1f9fff306b6f2f91d1,2.1738641262054443,-0.521898627281189,-0.4224276542663574,1.7686760388606313,-0.521898627281189,-0.23263477061504134,unreviewed_scene_member
VAL_far,363995,20090,7,1979445,frame:67413b1f9fff306b6f2f91d1,2.308457612991333,-0.5499522089958191,-0.3639773428440094,1.915270793502827,-0.5499522089958191,-0.23910187985697307,unreviewed_scene_member
VAL_far,363998,20093,7,1979445,frame:67413b1f9fff306b6f2f91d1,2.212205171585083,-0.5311034917831421,-0.40934887528419495,1.8088701015177484,-0.5311034917831421,-0.2376872499651752,unreviewed_scene_member
VAL_far,363999,20094,7,1979445,frame:67413b1f9fff306b6f2f91d1,2.340043783187866,-0.5574771165847778,-0.34749966859817505,1.9508835921764267,-0.5574771165847778,-0.23813830999968943,unreviewed_scene_member
VAL_far,364002,20097,7,1979445,frame:67413b1f9fff306b6f2f91d1,2.167813777923584,-0.5004792213439941,-0.4203871488571167,1.764132520543137,-0.5004792213439941,-0.22814847838698182,unreviewed_scene_member
VAL_far,364003,20098,7,1979445,frame:67413b1f9fff306b6f2f91d1,2.3067266941070557,-0.5283109545707703,-0.36380916833877563,1.913788776765732,-0.5283109545707703,-0.2381919407166302,unreviewed_scene_member
VAL_far,364006,20101,7,1979445,frame:67413b1f9fff306b6f2f91d1,2.2019286155700684,-0.5083552598953247,-0.406610906124115,1.8008338408355706,-0.5083552598953247,-0.2307214339398005,unreviewed_scene_member
VAL_far,364007,20102,7,1979445,frame:67413b1f9fff306b6f2f91d1,2.3610892295837402,-0.5407616496086121,-0.35077401995658875,1.9683637329387684,-0.5407616496086121,-0.25030699397737055,unreviewed_scene_member
VAL_far,364010,20105,7,1979445,frame:67413b1f9fff306b6f2f91d1,2.1876094341278076,-0.48498135805130005,-0.42338913679122925,1.7806087535887545,-0.48498135805130005,-0.23952449178091206,unreviewed_scene_member
VAL_far,364011,20106,7,1979445,frame:67413b1f9fff306b6f2f91d1,2.2877681255340576,-0.5029984712600708,-0.3601130545139313,1.8983691978620267,-0.5029984712600708,-0.22655900616959146,unreviewed_scene_member
VAL_far,364014,20109,7,1979445,frame:67413b1f9fff306b6f2f91d1,2.215054750442505,-0.4910658597946167,-0.40822792053222656,1.8119226802493782,-0.4910658597946167,-0.23792891565952923,unreviewed_scene_member
VAL_far,364015,20110,7,1979445,frame:67413b1f9fff306b6f2f91d1,2.3384602069854736,-0.5141438245773315,-0.34673234820365906,1.949796654435154,-0.5141438245773315,-0.23675445288162367,unreviewed_scene_member
VAL_far,364018,20113,7,1979445,frame:67413b1f9fff306b6f2f91d1,2.183783769607544,-0.46417751908302307,-0.4218485951423645,1.7778455981040928,-0.46417751908302307,-0.23646280117585827,unreviewed_scene_member
VAL_far,364019,20114,7,1979445,frame:67413b1f9fff306b6f2f91d1,2.306087017059326,-0.48596876859664917,-0.362736314535141,1.9136841469959145,-0.48596876859664917,-0.2369472501443861,unreviewed_scene_member
VAL_far,364022,20117,7,1979445,frame:67413b1f9fff306b6f2f91d1,2.2124087810516357,-0.47026199102401733,-0.4069684147834778,1.8100966296936416,-0.47026199102401733,-0.2356369627550301,unreviewed_scene_member
VAL_far,364023,20118,7,1979445,frame:67413b1f9fff306b6f2f91d1,2.3465688228607178,-0.4944996237754822,-0.34770891070365906,1.9566565332845138,-0.4944996237754822,-0.2411867646825656,unreviewed_scene_member
VAL_far,364026,20121,7,1979445,frame:67413b1f9fff306b6f2f91d1,2.1914772987365723,-0.4458611309528351,-0.4266110062599182,1.7826727926572097,-0.4458611309528351,-0.24411584912149187,unreviewed_scene_member
VAL_far,364027,20122,7,1979445,frame:67413b1f9fff306b6f2f91d1,2.306788682937622,-0.4651302397251129,-0.36261487007141113,1.914368037858655,-0.4651302397251129,-0.23714568665916103,unreviewed_scene_member
VAL_far,364030,20125,7,1979445,frame:67413b1f9fff306b6f2f91d1,2.237372875213623,-0.4551987051963806,-0.41492941975593567,1.8290443340183178,-0.4551987051963806,-0.2537358052131742,unreviewed_scene_member
VAL_far,364031,20126,7,1979445,frame:67413b1f9fff306b6f2f91d1,2.3522398471832275,-0.4742947518825531,-0.34835025668144226,1.9614724686102343,-0.4742947518825531,-0.24424921606474248,unreviewed_scene_member
VAL_far,364034,20129,7,1979445,frame:67413b1f9fff306b6f2f91d1,2.1913180351257324,-0.4259490668773651,-0.4258401691913605,1.7828675602017259,-0.4259490668773651,-0.24335320878187972,unreviewed_scene_member
VAL_far,364035,20130,7,1979445,frame:67413b1f9fff306b6f2f91d1,2.3068528175354004,-0.4442298114299774,-0.3620017468929291,1.9146944571641737,-0.4442298114299774,-0.23662272995387035,unreviewed_scene_member
VAL_far,364038,20133,7,1979445,frame:67413b1f9fff306b6f2f91d1,2.2127723693847656,-0.4261128008365631,-0.4095171391963959,1.8093061334790221,-0.4261128008365631,-0.23808712771757135,unreviewed_scene_member
VAL_far,364039,20134,7,1979445,frame:67413b1f9fff306b6f2f91d1,2.3587567806243896,-0.45422494411468506,-0.34871503710746765,1.9671699403735956,-0.45422494411468506,-0.2474339141260109,unreviewed_scene_member
VAL_far,364042,20137,7,1979445,frame:67413b1f9fff306b6f2f91d1,2.1902542114257812,-0.40198686718940735,-0.4247920513153076,1.782370866429193,-0.40198686718940735,-0.2419448170597347,unreviewed_scene_member
VAL_far,364043,20138,7,1979445,frame:67413b1f9fff306b6f2f91d1,2.3114407062530518,-0.4242287576198578,-0.3625468909740448,1.918579048792678,-0.4242287576198578,-0.23912390024684993,unreviewed_scene_member
VAL_far,364046,20141,7,1979445,frame:67413b1f9fff306b6f2f91d1,2.2246572971343994,-0.4083010256290436,-0.4110415577888489,1.8193199746545285,-0.4083010256290436,-0.2446672754796484,unreviewed_scene_member
VAL_far,364047,20142,7,1979445,frame:67413b1f9fff306b6f2f91d1,2.345999240875244,-0.43057143688201904,-0.34668537974357605,1.9565932828278367,-0.43057143688201904,-0.24001713284127768,unreviewed_scene_member
VAL_far,364050,20145,7,1979445,frame:67413b1f9fff306b6f2f91d1,2.1896321773529053,-0.3833335041999817,-0.4240472614765167,1.7821382802836447,-0.3833335041999817,-0.24100272259701683,unreviewed_scene_member
VAL_far,364051,20146,7,1979445,frame:67413b1f9fff306b6f2f91d1,2.3024566173553467,-0.4014289379119873,-0.3605629801750183,1.9113738924320949,-0.4014289379119873,-0.23340240767935416,unreviewed_scene_member
VAL_far,364054,20149,7,1979445,frame:67413b1f9fff306b6f2f91d1,2.222097158432007,-0.3890170753002167,-0.4099650979042053,1.8174908261852218,-0.3890170753002167,-0.2425774688053437,unreviewed_scene_member
VAL_far,364055,20150,7,1979445,frame:67413b1f9fff306b6f2f91d1,2.332535743713379,-0.4066731631755829,-0.3441472351551056,1.9456050210903506,-0.4066731631755829,-0.23183385490587582,unreviewed_scene_member
VAL_far,364058,20153,7,1979445,frame:67413b1f9fff306b6f2f91d1,2.1928939819335938,-0.3642110228538513,-0.4240472614765167,1.785069970820959,-0.3642110228538513,-0.24243260361165508,unreviewed_scene_member
VAL_far,364059,20154,7,1979445,frame:67413b1f9fff306b6f2f91d1,2.301345109939575,-0.38057252764701843,-0.3602719008922577,1.9105024769433725,-0.38057252764701843,-0.23265353457249183,unreviewed_scene_member
VAL_far,364062,20157,7,1979445,frame:67413b1f9fff306b6f2f91d1,2.2020435333251953,-0.36533570289611816,-0.4056492745876312,1.8013586797491297,-0.36533570289611816,-0.22990750186817666,unreviewed_scene_member
VAL_far,364063,20158,7,1979445,frame:67413b1f9fff306b6f2f91d1,2.3592331409454346,-0.390145480632782,-0.3479968011379242,1.9679129441196779,-0.390145480632782,-0.24699719053296865,unreviewed_scene_member
VAL_far,364066,20161,7,1979445,frame:67413b1f9fff306b6f2f91d1,2.1835029125213623,-0.3427083492279053,-0.42162466049194336,1.7776913319166827,-0.3427083492279053,-0.2361384104023463,unreviewed_scene_member
VAL_far,364067,20162,7,1979445,frame:67413b1f9fff306b6f2f91d1,2.2991912364959717,-0.35963258147239685,-0.3594297170639038,1.9089357774064224,-0.35963258147239685,-0.23095238879016677,unreviewed_scene_member
VAL_far,364070,20165,7,1979445,frame:67413b1f9fff306b6f2f91d1,2.2127768993377686,-0.3469073176383972,-0.4070415496826172,1.8103954319879454,-0.3469073176383972,-0.2358640684021993,unreviewed_scene_member
VAL_far,364071,20166,7,1979445,frame:67413b1f9fff306b6f2f91d1,2.344238519668579,-0.3662596046924591,-0.34529048204421997,1.9556222399942134,-0.3662596046924591,-0.23799155771935854,unreviewed_scene_member
VAL_far,364074,20169,7,1979445,frame:67413b1f9fff306b6f2f91d1,2.203744649887085,-0.3258137106895447,-0.42495641112327576,1.7944239416026733,-0.3258137106895447,-0.24800636165555656,unreviewed_scene_member
VAL_far,364075,20170,7,1979445,frame:67413b1f9fff306b6f2f91d1,2.3107080459594727,-0.3403915464878082,-0.3611595630645752,1.918528702609496,-0.3403915464878082,-0.23755580104845087,unreviewed_scene_member
VAL_far,364078,20173,7,1979445,frame:67413b1f9fff306b6f2f91d1,2.219799280166626,-0.32739558815956116,-0.40776997804641724,1.8163877840905753,-0.32739558815956116,-0.23959718461587398,unreviewed_scene_member
VAL_far,364079,20174,7,1979445,frame:67413b1f9fff306b6f2f91d1,2.3349215984344482,-0.34354209899902344,-0.3438747227191925,1.9478688746980282,-0.34354209899902344,-0.23263481222108173,unreviewed_scene_member
VAL_far,364082,20177,7,1979445,frame:67413b1f9fff306b6f2f91d1,2.1403660774230957,-0.2977618873119354,-0.45145198702812195,1.725844762014855,-0.2977618873119354,-0.24403709003920637,unreviewed_scene_member
VAL_far,364083,20178,7,1979445,frame:67413b1f9fff306b6f2f91d1,2.232748508453369,-0.3094222843647003,-0.38894331455230713,1.8362795394449938,-0.3094222843647003,-0.22835245960978323,unreviewed_scene_member
VAL_far,364086,20181,7,1979445,frame:67413b1f9fff306b6f2f91d1,2.141144275665283,-0.2974892258644104,-0.43195265531539917,1.7350921463663003,-0.2974892258644104,-0.22685234644485552,unreviewed_scene_member
VAL_far,364087,20182,7,1979445,frame:67413b1f9fff306b6f2f91d1,2.282663345336914,-0.31593361496925354,-0.37695080041885376,1.8863998698314843,-0.31593361496925354,-0.239454883592906,unreviewed_scene_member
VAL_far,364090,20185,7,1979445,frame:67413b1f9fff306b6f2f91d1,2.1427786350250244,-0.27867862582206726,-0.4514197111129761,1.7280273032537583,-0.27867862582206726,-0.24506567628148668,unreviewed_scene_member
VAL_far,364091,20186,7,1979445,frame:67413b1f9fff306b6f2f91d1,2.242804765701294,-0.2904933989048004,-0.3906356394290924,1.8445761771905054,-0.2904933989048004,-0.23428188415562068,unreviewed_scene_member
VAL_far,364094,20189,7,1979445,frame:67413b1f9fff306b6f2f91d1,2.165304183959961,-0.2812238931655884,-0.43630436062812805,1.7548992660522615,-0.2812238931655884,-0.24135463997664153,unreviewed_scene_member
VAL_far,364095,20190,7,1979445,frame:67413b1f9fff306b6f2f91d1,2.272738218307495,-0.29396718740463257,-0.37527552247047424,1.8782136182641012,-0.29396718740463257,-0.2335982644290926,unreviewed_scene_member
VAL_far,364098,20193,7,1979445,frame:67413b1f9fff306b6f2f91d1,2.126652956008911,-0.2573533058166504,-0.44752219319343567,1.7152421983615642,-0.2573533058166504,-0.2344935779770132,unreviewed_scene_member
VAL_far,364099,20194,7,1979445,frame:67413b1f9fff306b6f2f91d1,2.269674777984619,-0.27345511317253113,-0.394876092672348,1.8668678919035921,-0.27345511317253113,-0.2498722163831466,unreviewed_scene_member
VAL_far,364102,20197,7,1979445,frame:67413b1f9fff306b6f2f91d1,2.17179012298584,-0.26243090629577637,-0.43712326884269714,1.7603698037002453,-0.26243090629577637,-0.2449339183331405,unreviewed_scene_member
VAL_far,364103,20198,7,1979445,frame:67413b1f9fff306b6f2f91d1,2.2809865474700928,-0.2744141221046448,-0.3762192726135254,1.885213454574868,-0.2744141221046448,-0.2380623309529628,unreviewed_scene_member
VAL_far,364106,20201,7,1979445,frame:67413b1f9fff306b6f2f91d1,2.139824867248535,-0.23964166641235352,-0.4498273730278015,1.7260705094345734,-0.23964166641235352,-0.24233964572330802,unreviewed_scene_member
VAL_far,364107,20202,7,1979445,frame:67413b1f9fff306b6f2f91d1,2.252432346343994,-0.2510586082935333,-0.3918793201446533,1.8526841956109097,-0.2510586082935333,-0.23962015054540853,unreviewed_scene_member
VAL_far,364110,20205,7,1979445,frame:67413b1f9fff306b6f2f91d1,2.155395984649658,-0.2410045862197876,-0.4333745837211609,1.7472781651651592,-0.2410045862197876,-0.23437790524140256,unreviewed_scene_member
VAL_far,364111,20206,7,1979445,frame:67413b1f9fff306b6f2f91d1,2.255124807357788,-0.2513587176799774,-0.3719843924045563,1.8638255258287124,-0.2513587176799774,-0.22291900516335894,unreviewed_scene_member
VAL_far,364114,20209,7,1979445,frame:67413b1f9fff306b6f2f91d1,2.104360342025757,-0.21672210097312927,-0.4419490396976471,1.6976488393262401,-0.21672210097312927,-0.2197120220391655,unreviewed_scene_member
VAL_far,364115,20210,7,1979445,frame:67413b1f9fff306b6f2f91d1,2.2316794395446777,-0.22865349054336548,-0.3878992199897766,1.8357763676055112,-0.22865349054336548,-0.22694538466970782,unreviewed_scene_member
VAL_far,364118,20213,7,1979445,frame:67413b1f9fff306b6f2f91d1,2.1590754985809326,-0.22197623550891876,-0.43369993567466736,1.7504426654708949,-0.22197623550891876,-0.23628332238184524,unreviewed_scene_member
VAL_far,364119,20214,7,1979445,frame:67413b1f9fff306b6f2f91d1,2.27441668510437,-0.23303228616714478,-0.3748095631599426,1.8799264773453581,-0.23303228616714478,-0.23391525438956262,unreviewed_scene_member
VAL_far,364123,20218,7,1979445,frame:67413b1f9fff306b6f2f91d1,2.237445592880249,-0.20913712680339813,-0.38856253027915955,1.8406681758013372,-0.20913712680339813,-0.23006927925893028,unreviewed_scene_member
VAL_far,364126,20221,7,1979445,frame:67413b1f9fff306b6f2f91d1,2.181943416595459,-0.20471759140491486,-0.43791013956069946,1.769150582127873,-0.20471759140491486,-0.25009206401302286,unreviewed_scene_member
VAL_far,364127,20222,7,1979445,frame:67413b1f9fff306b6f2f91d1,2.26462721824646,-0.21167783439159393,-0.3728710412979126,1.8719775548687592,-0.21167783439159393,-0.22788150266839358,unreviewed_scene_member
VAL_far,364210,20305,7,1979445,frame:67413b1f9fff306b6f2f91d1,2.1745846271514893,-0.3017485439777374,-0.4187988340854645,1.770914390885479,-0.3017485439777374,-0.22968905546734475,unreviewed_scene_member
VAL_far,364211,20306,7,1979445,frame:67413b1f9fff306b6f2f91d1,2.2938764095306396,-0.31707751750946045,-0.35807350277900696,1.9047533677842337,-0.31707751750946045,-0.22740356467361744,unreviewed_scene_member
VAL_far,364214,20309,7,1979445,frame:67413b1f9fff306b6f2f91d1,2.211066484451294,-0.3064175248146057,-0.40565910935401917,1.8094641432234957,-0.3064175248146057,-0.2338717427302226,unreviewed_scene_member
VAL_far,364215,20310,7,1979445,frame:67413b1f9fff306b6f2f91d1,2.322873830795288,-0.3210858106613159,-0.3416747748851776,1.9380048065276283,-0.3210858106613159,-0.2253761184894736,unreviewed_scene_member
VAL_far,364218,20313,7,1979445,frame:67413b1f9fff306b6f2f91d1,2.190711259841919,-0.28413495421409607,-0.42140087485313416,1.7842682527391753,-0.28413495421409607,-0.23909720468390372,unreviewed_scene_member
VAL_far,364219,20314,7,1979445,frame:67413b1f9fff306b6f2f91d1,2.308269739151001,-0.29856300354003906,-0.36031579971313477,1.9167070484749806,-0.29856300354003906,-0.23572854821983724,unreviewed_scene_member
VAL_far,364222,20317,7,1979445,frame:67413b1f9fff306b6f2f91d1,2.216175079345703,-0.2874375879764557,-0.4061206579208374,1.8138533883250099,-0.2874375879764557,-0.23652604043649972,unreviewed_scene_member
VAL_far,364223,20318,7,1979445,frame:67413b1f9fff306b6f2f91d1,2.3266494274139404,-0.300527423620224,-0.3418230712413788,1.9413332814459678,-0.300527423620224,-0.2271645189910465,unreviewed_scene_member
VAL_far,364226,20321,7,1979445,frame:67413b1f9fff306b6f2f91d1,2.1911251544952393,-0.26437926292419434,-0.4210110902786255,1.7848111291003028,-0.26437926292419434,-0.23892830810282195,unreviewed_scene_member
VAL_far,364227,20322,7,1979445,frame:67413b1f9fff306b6f2f91d1,2.2889761924743652,-0.27537527680397034,-0.35690733790397644,1.900860294902093,-0.27537527680397034,-0.22420730885646245,unreviewed_scene_member
VAL_far,364230,20325,7,1979445,frame:67413b1f9fff306b6f2f91d1,2.2217538356781006,-0.2680748999118805,-0.4066896140575409,1.8186181273482032,-0.2680748999118805,-0.23948298063586404,unreviewed_scene_member
VAL_far,364231,20326,7,1979445,frame:67413b1f9fff306b6f2f91d1,2.3196897506713867,-0.27865955233573914,-0.34083911776542664,1.935509302239234,-0.27865955233573914,-0.22322922599011097,unreviewed_scene_member
VAL_far,364234,20329,7,1979445,frame:67413b1f9fff306b6f2f91d1,2.168510675430298,-0.24208779633045197,-0.4162353277206421,1.7665789264659117,-0.24208779633045197,-0.22472234602743213,unreviewed_scene_member
VAL_far,364235,20330,7,1979445,frame:67413b1f9fff306b6f2f91d1,2.3092684745788574,-0.256985604763031,-0.3597005009651184,1.917874435149152,-0.256985604763031,-0.23561333816327323,unreviewed_scene_member
VAL_far,364238,20333,7,1979445,frame:67413b1f9fff306b6f2f91d1,2.193636178970337,-0.24489276111125946,-0.40112778544425964,1.7957842900908298,-0.24489276111125946,-0.22215807277570665,unreviewed_scene_member
VAL_far,364239,20334,7,1979445,frame:67413b1f9fff306b6f2f91d1,2.325862169265747,-0.258832186460495,-0.3414011597633362,1.9408106523279443,-0.258832186460495,-0.22644019620927391,unreviewed_scene_member
VAL_far,364242,20337,7,1979445,frame:67413b1f9fff306b6f2f91d1,2.1515653133392334,-0.22082464396953583,-0.41258910298347473,1.7529469356255623,-0.22082464396953583,-0.2140167831295814,unreviewed_scene_member
VAL_far,364243,20338,7,1979445,frame:67413b1f9fff306b6f2f91d1,2.2990195751190186,-0.23514758050441742,-0.3581768870353699,1.9093306937191779,-0.23514758050441742,-0.22975110122482145,unreviewed_scene_member
VAL_far,364246,20341,7,1979445,frame:67413b1f9fff306b6f2f91d1,2.2045772075653076,-0.22626549005508423,-0.40274420380592346,1.8049094302814848,-0.22626549005508423,-0.22840713122772804,unreviewed_scene_member
VAL_far,364247,20342,7,1979445,frame:67413b1f9fff306b6f2f91d1,2.3135061264038086,-0.23662929236888885,-0.3392648696899414,1.9306416024971649,-0.23662929236888885,-0.21910357873097586,unreviewed_scene_member
VAL_far,364250,20345,7,1979445,frame:67413b1f9fff306b6f2f91d1,2.1817262172698975,-0.20431308448314667,-0.418007493019104,1.777680110655775,-0.20431308448314667,-0.23210846987841194,unreviewed_scene_member
VAL_far,364251,20346,7,1979445,frame:67413b1f9fff306b6f2f91d1,2.269686222076416,-0.2121506929397583,-0.35330498218536377,1.8851017531626395,-0.2121506929397583,-0.2125133665390453,unreviewed_scene_member
VAL_far,364254,20349,7,1979445,frame:67413b1f9fff306b6f2f91d1,2.200786590576172,-0.2060980349779129,-0.4017006456851959,1.8019599120699736,-0.2060980349779129,-0.22580749028528535,unreviewed_scene_member
VAL_far,364255,20350,7,1979445,frame:67413b1f9fff306b6f2f91d1,2.3319053649902344,-0.21755585074424744,-0.3420829474925995,1.9459433645969901,-0.21755585074424744,-0.22970214560119007,unreviewed_scene_member
VAL_far,365706,21801,7,1979445,frame:67413b1f9fff306b6f2f91d1,2.3440563678741455,-0.7843102812767029,-0.3324420154094696,1.9610909200990108,-0.7843102812767029,-0.22636358231295572,unreviewed_scene_member
VAL_far,365710,21805,7,1979445,frame:67413b1f9fff306b6f2f91d1,2.3706109523773193,-0.7931953072547913,-0.31446734070777893,1.9928376013145523,-0.7931953072547913,-0.22184881536807577,unreviewed_scene_member
VAL_far,365714,21809,7,1979445,frame:67413b1f9fff306b6f2f91d1,2.329545259475708,-0.7569151520729065,-0.3298698961734772,1.9491759651244536,-0.7569151520729065,-0.2176905256274706,unreviewed_scene_member
VAL_far,365718,21813,7,1979445,frame:67413b1f9fff306b6f2f91d1,2.373455762863159,-0.7711825370788574,-0.3143824636936188,1.9954317076761077,-0.7711825370788574,-0.22301961124815617,unreviewed_scene_member
VAL_far,365722,21817,7,1979445,frame:67413b1f9fff306b6f2f91d1,2.3613638877868652,-0.7445351481437683,-0.33388274908065796,1.976015239881111,-0.7445351481437683,-0.23524562251113634,unreviewed_scene_member
VAL_far,365726,21821,7,1979445,frame:67413b1f9fff306b6f2f91d1,2.385087251663208,-0.7474410533905029,-0.31486907601356506,2.0056727037584507,-0.7474410533905029,-0.22855588458832155,unreviewed_scene_member
VAL_far,365730,21825,7,1979445,frame:67413b1f9fff306b6f2f91d1,2.3395586013793945,-0.7152748107910156,-0.3303391933441162,1.9579701708721668,-0.7152748107910156,-0.2225018873038962,unreviewed_scene_member
VAL_far,365734,21829,7,1979445,frame:67413b1f9fff306b6f2f91d1,2.375138521194458,-0.7216222882270813,-0.313152551651001,1.997483318798212,-0.7216222882270813,-0.2226518463262399,unreviewed_scene_member
VAL_far,365738,21833,7,1979445,frame:67413b1f9fff306b6f2f91d1,2.3490943908691406,-0.6958335041999817,-0.3308156132698059,1.966332032943135,-0.6958335041999817,-0.22711030567080348,unreviewed_scene_member
VAL_far,365742,21837,7,1979445,frame:67413b1f9fff306b6f2f91d1,2.4014110565185547,-0.7067736983299255,-0.31623512506484985,2.019745605886204,-0.7067736983299255,-0.23693956639696823,unreviewed_scene_member
VAL_far,365834,21929,7,1979445,frame:67413b1f9fff306b6f2f91d1,2.4026191234588623,-0.7992449402809143,-0.29610568284988403,2.029655575927682,-0.7992449402809143,-0.21937692526885444,unreviewed_scene_member
VAL_far,365842,21937,7,1979445,frame:67413b1f9fff306b6f2f91d1,2.394160747528076,-0.7732928395271301,-0.29466548562049866,2.0226845789107797,-0.7732928395271301,-0.21437457661683434,unreviewed_scene_member
VAL_far,365846,21941,7,1979445,frame:67413b1f9fff306b6f2f91d1,2.430194616317749,-0.784931480884552,-0.27698197960853577,2.062823544453779,-0.784931480884552,-0.21427695508016287,unreviewed_scene_member
VAL_far,365850,21945,7,1979445,frame:67413b1f9fff306b6f2f91d1,2.4159696102142334,-0.7571189999580383,-0.2969731092453003,2.041274659234892,-0.7571189999580383,-0.2260090311378018,unreviewed_scene_member
VAL_far,365854,21949,7,1979445,frame:67413b1f9fff306b6f2f91d1,2.4576895236968994,-0.7701932787895203,-0.2793390154838562,2.086502546990019,-0.7701932787895203,-0.22844841897047208,unreviewed_scene_member
VAL_far,365858,21953,7,1979445,frame:67413b1f9fff306b6f2f91d1,2.4060285091400146,-0.7310073971748352,-0.2949557900428772,2.0332239913079317,-0.7310073971748352,-0.21983798477092753,unreviewed_scene_member
VAL_far,365862,21957,7,1979445,frame:67413b1f9fff306b6f2f91d1,2.4613006114959717,-0.747800350189209,-0.2794513404369354,2.0896989311859944,-0.747800350189209,-0.23013237266918574,unreviewed_scene_member
VAL_far,365866,21961,7,1979445,frame:67413b1f9fff306b6f2f91d1,2.4363157749176025,-0.7170466780662537,-0.2983395457267761,2.0589626646079036,-0.7170466780662537,-0.23615634766577354,unreviewed_scene_member
VAL_far,365870,21965,7,1979445,frame:67413b1f9fff306b6f2f91d1,2.467947244644165,-0.7263563871383667,-0.27992990612983704,2.095463096095914,-0.7263563871383667,-0.2334761968601884,unreviewed_scene_member
VAL_far,365874,21969,7,1979445,frame:67413b1f9fff306b6f2f91d1,2.3464815616607666,-0.6684128046035767,-0.32987743616104126,1.9643949073817124,-0.6684128046035767,-0.22512168873463279,unreviewed_scene_member
VAL_far,365878,21973,7,1979445,frame:67413b1f9fff306b6f2f91d1,2.368229389190674,-0.6746078729629517,-0.31107839941978455,1.9921826805803289,-0.6746078729629517,-0.21775884652988853,unreviewed_scene_member
VAL_far,365882,21977,7,1979445,frame:67413b1f9fff306b6f2f91d1,2.3522560596466064,-0.6479192972183228,-0.33031541109085083,1.9693929962195067,-0.6479192972183228,-0.22804671129815768,unreviewed_scene_member
VAL_far,365886,21981,7,1979445,frame:67413b1f9fff306b6f2f91d1,2.3847601413726807,-0.6568723917007446,-0.3129235506057739,2.0062315611809622,-0.6568723917007446,-0.22666386222168988,unreviewed_scene_member
VAL_far,365890,21985,7,1979445,frame:67413b1f9fff306b6f2f91d1,2.354280710220337,-0.6264256834983826,-0.3298195004463196,1.9714301330189599,-0.6264256834983826,-0.22848853815721015,unreviewed_scene_member
VAL_far,365894,21989,7,1979445,frame:67413b1f9fff306b6f2f91d1,2.3939902782440186,-0.636991560459137,-0.3138326108455658,2.0141290474676294,-0.636991560459137,-0.23152714583825085,unreviewed_scene_member
VAL_far,365898,21993,7,1979445,frame:67413b1f9fff306b6f2f91d1,2.3592777252197266,-0.6057595610618591,-0.33019930124282837,1.9757549266389618,-0.6057595610618591,-0.2310204480476965,unreviewed_scene_member
VAL_far,365902,21997,7,1979445,frame:67413b1f9fff306b6f2f91d1,2.382856607437134,-0.6118136048316956,-0.3116612732410431,2.0050740221887073,-0.6118136048316956,-0.2246948804872142,unreviewed_scene_member
VAL_far,365906,22001,7,1979445,frame:67413b1f9fff306b6f2f91d1,2.3687796592712402,-0.5862137079238892,-0.331234335899353,1.9838414790634424,-0.5862137079238892,-0.23611610476157052,unreviewed_scene_member
VAL_far,365910,22005,7,1979445,frame:67413b1f9fff306b6f2f91d1,2.3885512351989746,-0.5911067128181458,-0.31215593218803406,2.0099754755070776,-0.5911067128181458,-0.2276358375062133,unreviewed_scene_member
VAL_far,365914,22009,7,1979445,frame:67413b1f9fff306b6f2f91d1,2.3743603229522705,-0.5656524300575256,-0.33131182193756104,1.9888233787109209,-0.5656524300575256,-0.2386321506890805,unreviewed_scene_member
VAL_far,365918,22013,7,1979445,frame:67413b1f9fff306b6f2f91d1,2.39251971244812,-0.5699785947799683,-0.31244874000549316,2.013413960732755,-0.5699785947799683,-0.22963867735196963,unreviewed_scene_member
VAL_far,365922,22017,7,1979445,frame:67413b1f9fff306b6f2f91d1,2.3555996417999268,-0.53950434923172,-0.3284541070461273,1.9732141299408315,-0.53950434923172,-0.22783951224734222,unreviewed_scene_member
VAL_far,365926,22021,7,1979445,frame:67413b1f9fff306b6f2f91d1,2.3882594108581543,-0.5469844341278076,-0.31125715374946594,2.0101071840618077,-0.5469844341278076,-0.22670009342573993,unreviewed_scene_member
VAL_far,365930,22025,7,1979445,frame:67413b1f9fff306b6f2f91d1,2.373927116394043,-0.5219417214393616,-0.33079397678375244,1.9886610236095024,-0.5219417214393616,-0.23797680929220588,unreviewed_scene_member
VAL_far,365934,22029,7,1979445,frame:67413b1f9fff306b6f2f91d1,2.405658721923828,-0.5289183855056763,-0.31334811449050903,2.0248289643994006,-0.5289183855056763,-0.23620679243603382,unreviewed_scene_member
VAL_far,365938,22033,7,1979445,frame:67413b1f9fff306b6f2f91d1,2.3935627937316895,-0.5044028162956238,-0.33290404081344604,2.0053844623071355,-0.5044028162956238,-0.2484810366718888,unreviewed_scene_member
VAL_far,365942,22037,7,1979445,frame:67413b1f9fff306b6f2f91d1,2.4064033031463623,-0.507108747959137,-0.3128567636013031,2.0257135836219775,-0.507108747959137,-0.23609157210657195,unreviewed_scene_member
VAL_far,365946,22041,7,1979445,frame:67413b1f9fff306b6f2f91d1,2.3735766410827637,-0.4785970151424408,-0.32996127009391785,1.9887110530729115,-0.4785970151424408,-0.23707473921294198,unreviewed_scene_member
VAL_far,365950,22045,7,1979445,frame:67413b1f9fff306b6f2f91d1,2.407853603363037,-0.4855084717273712,-0.3129182457923889,2.026990152803458,-0.4855084717273712,-0.23678260170304544,unreviewed_scene_member
VAL_far,365954,22049,7,1979445,frame:67413b1f9fff306b6f2f91d1,2.410061836242676,-0.4641047716140747,-0.33445751667022705,2.0195327044928004,-0.4641047716140747,-0.257109995709496,unreviewed_scene_member
VAL_far,365958,22053,7,1979445,frame:67413b1f9fff306b6f2f91d1,2.40144944190979,-0.46244627237319946,-0.3115496039390564,2.0218341037165297,-0.46244627237319946,-0.232745074953272,unreviewed_scene_member
VAL_far,365962,22057,7,1979445,frame:67413b1f9fff306b6f2f91d1,2.3730485439300537,-0.43553590774536133,-0.32920992374420166,1.9885657710571492,-0.43553590774536133,-0.23616793103265898,unreviewed_scene_member
VAL_far,365966,22061,7,1979445,frame:67413b1f9fff306b6f2f91d1,2.398869276046753,-0.4402748942375183,-0.31113719940185547,2.0196958522502815,-0.4402748942375183,-0.23124333794228336,unreviewed_scene_member
VAL_far,365970,22065,7,1979445,frame:67413b1f9fff306b6f2f91d1,2.3877170085906982,-0.4162939190864563,-0.33071771264076233,2.001088728614785,-0.4162939190864563,-0.2439533543908856,unreviewed_scene_member
VAL_far,365974,22069,7,1979445,frame:67413b1f9fff306b6f2f91d1,2.394740581512451,-0.4170877933502197,-0.31009793281555176,2.0164405906691205,-0.4170877933502197,-0.22849935076425232,unreviewed_scene_member
VAL_far,365978,22073,7,1979445,frame:67413b1f9fff306b6f2f91d1,2.372296094894409,-0.3918803334236145,-0.32851308584213257,1.9881949479740244,-0.3918803334236145,-0.23521176532838806,unreviewed_scene_member
VAL_far,365982,22077,7,1979445,frame:67413b1f9fff306b6f2f91d1,2.399492025375366,-0.3959426283836365,-0.3102445602416992,2.0206468828914823,-0.3959426283836365,-0.2307140345169878,unreviewed_scene_member
VAL_far,365986,22081,7,1979445,frame:67413b1f9fff306b6f2f91d1,2.3966434001922607,-0.3740188181400299,-0.3314105272293091,2.008808006315511,-0.3740188181400299,-0.2484891245413261,unreviewed_scene_member
VAL_far,365990,22085,7,1979445,frame:67413b1f9fff306b6f2f91d1,2.4079716205596924,-0.375786691904068,-0.31133735179901123,2.027789244270002,-0.375786691904068,-0.23541343892780597,unreviewed_scene_member
VAL_far,365994,22089,7,1979445,frame:67413b1f9fff306b6f2f91d1,2.383488893508911,-0.3506879210472107,-0.3291557729244232,1.9979732332568743,-0.3506879210472107,-0.2406960086160026,unreviewed_scene_member
VAL_far,365998,22093,7,1979445,frame:67413b1f9fff306b6f2f91d1,2.4066247940063477,-0.3532337546348572,-0.31073591113090515,2.026842378817861,-0.3532337546348572,-0.23428245773539436,unreviewed_scene_member
VAL_far,366002,22097,7,1979445,frame:67413b1f9fff306b6f2f91d1,2.4056429862976074,-0.6852653622627258,-0.29428261518478394,2.033172586106996,-0.6852653622627258,-0.2190639371258154,unreviewed_scene_member
VAL_far,366006,22101,7,1979445,frame:67413b1f9fff306b6f2f91d1,2.4648778438568115,-0.7021389007568359,-0.2788761556148529,2.093166270764218,-0.7021389007568359,-0.23118355542792868,unreviewed_scene_member
VAL_far,366010,22105,7,1979445,frame:67413b1f9fff306b6f2f91d1,2.4245805740356445,-0.6678407788276672,-0.29587501287460327,2.049495516015781,-0.6678407788276672,-0.22879686674290767,unreviewed_scene_member
VAL_far,366014,22109,7,1979445,frame:67413b1f9fff306b6f2f91d1,2.4515159130096436,-0.6752600073814392,-0.2771361768245697,2.0819194033694073,-0.6752600073814392,-0.22376218790174596,unreviewed_scene_member
VAL_far,366018,22113,7,1979445,frame:67413b1f9fff306b6f2f91d1,2.407001495361328,-0.640453577041626,-0.2934773862361908,2.0347465951029338,-0.640453577041626,-0.21893573331709892,unreviewed_scene_member
VAL_far,366022,22117,7,1979445,frame:67413b1f9fff306b6f2f91d1,2.450270414352417,-0.6519665122032166,-0.27634164690971375,2.0811482555815517,-0.6519665122032166,-0.22250207846997405,unreviewed_scene_member
VAL_far,366026,22121,7,1979445,frame:67413b1f9fff306b6f2f91d1,2.42437744140625,-0.6224743723869324,-0.2953653335571289,2.049536370324768,-0.6224743723869324,-0.22824972252314213,unreviewed_scene_member
VAL_far,366030,22125,7,1979445,frame:67413b1f9fff306b6f2f91d1,2.455155372619629,-0.6303767561912537,-0.27670931816101074,2.0853776505204693,-0.6303767561912537,-0.22497396395924985,unreviewed_scene_member
VAL_far,366034,22129,7,1979445,frame:67413b1f9fff306b6f2f91d1,2.4207258224487305,-0.5990691184997559,-0.2942723333835602,2.0467334566859243,-0.5990691184997559,-0.2256665760844898,unreviewed_scene_member
VAL_far,366038,22133,7,1979445,frame:67413b1f9fff306b6f2f91d1,2.467683792114258,-0.6106899976730347,-0.2775101363658905,2.0962870637769373,-0.6106899976730347,-0.23118583221527866,unreviewed_scene_member
VAL_far,366042,22137,7,1979445,frame:67413b1f9fff306b6f2f91d1,2.4209470748901367,-0.5767509341239929,-0.2941165864467621,2.0470005920262824,-0.5767509341239929,-0.22562358235143565,unreviewed_scene_member
VAL_far,366046,22141,7,1979445,frame:67413b1f9fff306b6f2f91d1,2.4703519344329834,-0.588520884513855,-0.27767056226730347,2.09861484812131,-0.588520884513855,-0.23249965866839717,unreviewed_scene_member
VAL_far,366050,22145,7,1979445,frame:67413b1f9fff306b6f2f91d1,2.419247627258301,-0.5540816783905029,-0.2933115065097809,2.0458260624280227,-0.5540816783905029,-0.22415499249000614,unreviewed_scene_member
VAL_far,366058,22153,7,1979445,frame:67413b1f9fff306b6f2f91d1,2.431752920150757,-0.5346555709838867,-0.29469138383865356,2.056460846819903,-0.5346555709838867,-0.23087717760401927,unreviewed_scene_member
VAL_far,366062,22157,7,1979445,frame:67413b1f9fff306b6f2f91d1,2.4664716720581055,-0.5422889590263367,-0.27657443284988403,2.0956078029104344,-0.5422889590263367,-0.22981346900692934,unreviewed_scene_member
VAL_far,366066,22161,7,1979445,frame:67413b1f9fff306b6f2f91d1,2.4308526515960693,-0.5122610330581665,-0.2940293252468109,2.0559419181870275,-0.5122610330581665,-0.2298874715246333,unreviewed_scene_member
VAL_far,366070,22165,7,1979445,frame:67413b1f9fff306b6f2f91d1,2.4562361240386963,-0.5176101326942444,-0.27490970492362976,2.087137921980104,-0.5176101326942444,-0.22383025253482103,unreviewed_scene_member
VAL_far,366074,22169,7,1979445,frame:67413b1f9fff306b6f2f91d1,2.4343771934509277,-0.4908565878868103,-0.29436588287353516,2.058962218269319,-0.4908565878868103,-0.2317350249705903,unreviewed_scene_member
VAL_far,366078,22173,7,1979445,frame:67413b1f9fff306b6f2f91d1,2.463512897491455,-0.49673134088516235,-0.27567237615585327,2.0933439095730186,-0.49673134088516235,-0.22770566442103735,unreviewed_scene_member
VAL_far,366082,22177,7,1979445,frame:67413b1f9fff306b6f2f91d1,2.41924786567688,-0.46587371826171875,-0.29203370213508606,2.046386429286329,-0.46587371826171875,-0.22300661404152144,unreviewed_scene_member
VAL_far,366086,22181,7,1979445,frame:67413b1f9fff306b6f2f91d1,2.46470308303833,-0.4746270179748535,-0.27533158659935,2.0945630335652394,-0.4746270179748535,-0.22792110779968655,unreviewed_scene_member
VAL_far,366090,22185,7,1979445,frame:67413b1f9fff306b6f2f91d1,2.4411392211914062,-0.4480328857898712,-0.29463234543800354,2.064923079043408,-0.4480328857898712,-0.2349387977923092,unreviewed_scene_member
VAL_far,366094,22189,7,1979445,frame:67413b1f9fff306b6f2f91d1,2.4708635807037354,-0.4534883499145508,-0.2755671739578247,2.099996777488642,-0.4534883499145508,-0.23083343674124235,unreviewed_scene_member
VAL_far,366098,22193,7,1979445,frame:67413b1f9fff306b6f2f91d1,2.4576058387756348,-0.42759501934051514,-0.2961297035217285,2.0790667783104815,-0.42759501934051514,-0.2435031043572744,unreviewed_scene_member
VAL_far,366106,22201,7,1979445,frame:67413b1f9fff306b6f2f91d1,2.434873580932617,-0.40178099274635315,-0.2929569184780121,2.060026017720369,-0.40178099274635315,-0.2306862581100464,unreviewed_scene_member
VAL_far,366110,22205,7,1979445,frame:67413b1f9fff306b6f2f91d1,2.459465742111206,-0.4049570858478546,-0.2738626003265381,2.0904997039185313,-0.4049570858478546,-0.22430489253523933,unreviewed_scene_member
VAL_far,366114,22209,7,1979445,frame:67413b1f9fff306b6f2f91d1,2.424952268600464,-0.37756964564323425,-0.2917732894420624,2.051627670082617,-0.37756964564323425,-0.2252732023148094,unreviewed_scene_member
VAL_far,366122,22217,7,1979445,frame:67413b1f9fff306b6f2f91d1,2.432671308517456,-0.35705670714378357,-0.2923159897327423,2.058327593054367,-0.35705670714378357,-0.22914478248551995,unreviewed_scene_member
VAL_far,366130,22225,7,1979445,frame:67413b1f9fff306b6f2f91d1,2.365447521209717,-0.3265499472618103,-0.3266744613647461,1.9828454906412485,-0.3265499472618103,-0.2305570034947051,unreviewed_scene_member
VAL_far,366134,22229,7,1979445,frame:67413b1f9fff306b6f2f91d1,2.3798608779907227,-0.3285396993160248,-0.3073323667049408,2.004279146120524,-0.3285396993160248,-0.2194908437126868,unreviewed_scene_member
VAL_far,366138,22233,7,1979445,frame:67413b1f9fff306b6f2f91d1,2.337777853012085,-0.301550030708313,-0.32246971130371094,1.9598193987083607,-0.301550030708313,-0.2146482149946014,unreviewed_scene_member
VAL_far,366142,22237,7,1979445,frame:67413b1f9fff306b6f2f91d1,2.4085915088653564,-0.31068429350852966,-0.31067317724227905,2.0286375511506054,-0.31068429350852966,-0.23508822393794682,unreviewed_scene_member
VAL_far,366146,22241,7,1979445,frame:67413b1f9fff306b6f2f91d1,2.3586392402648926,-0.2833384871482849,-0.32499387860298157,1.977462967255057,-0.2833384871482849,-0.22606195178867305,unreviewed_scene_member
VAL_far,366150,22245,7,1979445,frame:67413b1f9fff306b6f2f91d1,2.3989439010620117,-0.28775545954704285,-0.3090861439704895,2.0206620482912765,-0.28775545954704285,-0.2294325749854602,unreviewed_scene_member
VAL_far,366154,22249,7,1979445,frame:67413b1f9fff306b6f2f91d1,2.343566656112671,-0.2603883445262909,-0.3230041563510895,1.9647880551820502,-0.2603883445262909,-0.2176662152749993,unreviewed_scene_member
VAL_far,366158,22253,7,1979445,frame:67413b1f9fff306b6f2f91d1,2.404125452041626,-0.267116904258728,-0.30987074971199036,2.0249752469436704,-0.267116904258728,-0.23240921639969292,unreviewed_scene_member
VAL_far,366162,22257,7,1979445,frame:67413b1f9fff306b6f2f91d1,2.346057653427124,-0.23954497277736664,-0.32304081320762634,1.9670108794293903,-0.23954497277736664,-0.21879114358879614,unreviewed_scene_member
VAL_far,366166,22261,7,1979445,frame:67413b1f9fff306b6f2f91d1,2.3757965564727783,-0.24258147180080414,-0.30592894554138184,2.001241377482847,-0.24258147180080414,-0.21644777584168895,unreviewed_scene_member
VAL_far,366170,22265,7,1979445,frame:67413b1f9fff306b6f2f91d1,2.3421056270599365,-0.21850749850273132,-0.3222217559814453,1.9638178727152715,-0.21850749850273132,-0.21632252549960174,unreviewed_scene_member
VAL_far,366174,22269,7,1979445,frame:67413b1f9fff306b6f2f91d1,2.3897948265075684,-0.22253595292568207,-0.30746424198150635,2.013149909587486,-0.22253595292568207,-0.22396412882959127,unreviewed_scene_member
VAL_far,366182,22277,7,1979445,frame:67413b1f9fff306b6f2f91d1,2.38287353515625,-0.20093315839767456,-0.30633649230003357,2.0074234670493776,-0.20093315839767456,-0.21991641970322906,unreviewed_scene_member
VAL_far,366258,22353,7,1979445,frame:67413b1f9fff306b6f2f91d1,2.4241299629211426,-0.33421990275382996,-0.29092809557914734,2.0512590952367504,-0.33421990275382996,-0.22415307201919754,unreviewed_scene_member
VAL_far,366262,22357,7,1979445,frame:67413b1f9fff306b6f2f91d1,2.4386355876922607,-0.336219847202301,-0.27090492844581604,2.073074243157469,-0.336219847202301,-0.21251521597751322,unreviewed_scene_member
VAL_far,366266,22361,7,1979445,frame:67413b1f9fff306b6f2f91d1,2.4230270385742188,-0.31211644411087036,-0.29088324308395386,2.050287455439971,-0.31211644411087036,-0.22362926865277344,unreviewed_scene_member
VAL_far,366270,22365,7,1979445,frame:67413b1f9fff306b6f2f91d1,2.4448626041412354,-0.31492915749549866,-0.27127450704574585,2.0785090358733345,-0.31492915749549866,-0.21557713536458123,unreviewed_scene_member
VAL_far,366274,22369,7,1979445,frame:67413b1f9fff306b6f2f91d1,2.4204843044281006,-0.29033926129341125,-0.29026272892951965,2.048274076629597,-0.29033926129341125,-0.2219568929415099,unreviewed_scene_member
VAL_far,366278,22373,7,1979445,frame:67413b1f9fff306b6f2f91d1,2.459821939468384,-0.29462236166000366,-0.27307018637657166,2.0911672233944483,-0.29462236166000366,-0.22374882223875425,unreviewed_scene_member
VAL_far,366282,22377,7,1979445,frame:67413b1f9fff306b6f2f91d1,2.419391393661499,-0.2683855891227722,-0.2898337244987488,2.0474798381037336,-0.2683855891227722,-0.221092205767204,unreviewed_scene_member
VAL_far,366286,22381,7,1979445,frame:67413b1f9fff306b6f2f91d1,2.4560065269470215,-0.2724473476409912,-0.2723723351955414,2.088043871158589,-0.2724473476409912,-0.22144903098957847,unreviewed_scene_member
VAL_far,366290,22385,7,1979445,frame:67413b1f9fff306b6f2f91d1,2.40956974029541,-0.24602989852428436,-0.2888176739215851,2.0390976017901856,-0.24602989852428436,-0.21587345610825315,unreviewed_scene_member
VAL_far,366294,22389,7,1979445,frame:67413b1f9fff306b6f2f91d1,2.4483835697174072,-0.24956122040748596,-0.271269828081131,2.081675709893506,-0.24956122040748596,-0.21711641965647388,unreviewed_scene_member
VAL_far,366298,22393,7,1979445,frame:67413b1f9fff306b6f2f91d1,2.409939765930176,-0.22441184520721436,-0.28861114382743835,2.039520715461909,-0.22441184520721436,-0.21585003665110603,unreviewed_scene_member
VAL_far,366302,22397,7,1979445,frame:67413b1f9fff306b6f2f91d1,2.4478073120117188,-0.22793804109096527,-0.2709752917289734,2.0812868891369654,-0.22793804109096527,-0.21659907738544737,unreviewed_scene_member
VAL_far,366306,22401,7,1979445,frame:67413b1f9fff306b6f2f91d1,2.417377471923828,-0.20341774821281433,-0.28927356004714966,2.0459152971692407,-0.20341774821281433,-0.21970588811147196,unreviewed_scene_member
VAL_far,366310,22405,7,1979445,frame:67413b1f9fff306b6f2f91d1,2.448394775390625,-0.2060278058052063,-0.2712606191635132,2.081689818409656,-0.2060278058052063,-0.21711305497996514,unreviewed_scene_member
VAL_side,406120,13085,8,1979446,frame:971a20d523a5df063a108be0,1.5803000926971436,-1.1865229606628418,-0.715357780456543,1.1067721040989906,-1.1865229606628418,-0.23571727795465947,unreviewed_scene_member
VAL_side,406124,13089,8,1979446,frame:971a20d523a5df063a108be0,1.5803804397583008,-1.1651569604873657,-0.7302058935165405,1.1003353352094314,-1.1651569604873657,-0.24909789540510285,unreviewed_scene_member
VAL_side,406128,13093,8,1979446,frame:971a20d523a5df063a108be0,1.5985710620880127,-1.1742671728134155,-0.7180224657058716,1.122025821479038,-1.1742671728134155,-0.24612174699684064,unreviewed_scene_member
VAL_side,406132,13097,8,1979446,frame:971a20d523a5df063a108be0,1.5779327154159546,-1.1422327756881714,-0.7244417071342468,1.100662188138261,-1.1422327756881714,-0.24284406727596064,unreviewed_scene_member
VAL_side,406136,13101,8,1979446,frame:971a20d523a5df063a108be0,1.595091462135315,-1.1504161357879639,-0.7158077955245972,1.1198692252651752,-1.1504161357879639,-0.24260585840176363,unreviewed_scene_member
VAL_side,406140,13105,8,1979446,frame:971a20d523a5df063a108be0,1.586807370185852,-1.127685308456421,-0.7278404235839844,1.1071487757807232,-1.127685308456421,-0.24978920597488097,unreviewed_scene_member
VAL_side,406144,13109,8,1979446,frame:971a20d523a5df063a108be0,1.5819289684295654,-1.120068073272705,-0.7054877281188965,1.112562874071575,-1.120068073272705,-0.22756018579972026,unreviewed_scene_member
VAL_side,406148,13113,8,1979446,frame:971a20d523a5df063a108be0,1.588760495185852,-1.1083346605300903,-0.7242722511291504,1.1104684167533678,-1.1083346605300903,-0.2474383474623798,unreviewed_scene_member
VAL_side,406152,13117,8,1979446,frame:971a20d523a5df063a108be0,1.6012310981750488,-1.112884521484375,-0.7097375988960266,1.1280484926414334,-1.112884521484375,-0.23984144110374483,unreviewed_scene_member
VAL_side,406156,13121,8,1979446,frame:971a20d523a5df063a108be0,1.5883495807647705,-1.083498477935791,-0.7188727259635925,1.1124660853571033,-1.083498477935791,-0.24240515336473223,unreviewed_scene_member
VAL_side,406160,13125,8,1979446,frame:971a20d523a5df063a108be0,1.6140506267547607,-1.1010305881500244,-0.7149979472160339,1.137264623679689,-1.1010305881500244,-0.2501891223000108,unreviewed_scene_member
VAL_side,406164,13129,8,1979446,frame:971a20d523a5df063a108be0,1.589149832725525,-1.0638431310653687,-0.7188126444816589,1.1132116850431049,-1.0638431310653687,-0.24270195985623366,unreviewed_scene_member
VAL_side,406168,13133,8,1979446,frame:971a20d523a5df063a108be0,1.5989569425582886,-1.0704084634780884,-0.7041469216346741,1.1284552867151183,-1.0704084634780884,-0.23381964946076494,unreviewed_scene_member
VAL_side,406216,13181,8,1979446,frame:971a20d523a5df063a108be0,1.5813735723495483,-1.2714569568634033,-0.6903750896453857,1.1186886320401594,-1.2714569568634033,-0.21373356669933785,unreviewed_scene_member
VAL_side,406224,13189,8,1979446,frame:971a20d523a5df063a108be0,1.585602879524231,-1.2477463483810425,-0.6864792108535767,1.124197749002451,-1.2477463483810425,-0.21208598027244552,unreviewed_scene_member
VAL_side,406228,13193,8,1979446,frame:971a20d523a5df063a108be0,1.5898252725601196,-1.2331949472427368,-0.7042129635810852,1.1202188452042108,-1.2331949472427368,-0.22987594691980862,unreviewed_scene_member
VAL_side,406232,13197,8,1979446,frame:971a20d523a5df063a108be0,1.5888627767562866,-1.2280126810073853,-0.6875293254852295,1.126667385270832,-1.2280126810073853,-0.2144588619393375,unreviewed_scene_member
VAL_side,406236,13201,8,1979446,frame:971a20d523a5df063a108be0,1.5863370895385742,-1.2084650993347168,-0.7022704482078552,1.1179352297638623,-1.2084650993347168,-0.22660090687613987,unreviewed_scene_member
VAL_side,406240,13205,8,1979446,frame:971a20d523a5df063a108be0,1.579083800315857,-1.1985899209976196,-0.678745687007904,1.1217285931395597,-1.1985899209976196,-0.20227735885445863,unreviewed_scene_member
VAL_side,406244,13209,8,1979446,frame:971a20d523a5df063a108be0,1.588151454925537,-1.18808913230896,-0.6984570026397705,1.1212376750783748,-1.18808913230896,-0.2239687701390367,unreviewed_scene_member
VAL_side,406248,13213,8,1979446,frame:971a20d523a5df063a108be0,1.5914733409881592,-1.186247706413269,-0.6834683418273926,1.1307939629230985,-1.186247706413269,-0.211953270041648,unreviewed_scene_member
VAL_side,406252,13217,8,1979446,frame:971a20d523a5df063a108be0,1.5918607711791992,-1.1693379878997803,-0.6994511485099792,1.124135781577808,-1.1693379878997803,-0.22648835974825454,unreviewed_scene_member
VAL_side,406256,13221,8,1979446,frame:971a20d523a5df063a108be0,1.6058759689331055,-1.1753236055374146,-0.6852226853370667,1.1429699055948803,-1.1753236055374146,-0.21984376007230932,unreviewed_scene_member
VAL_side,406260,13225,8,1979446,frame:971a20d523a5df063a108be0,1.6202601194381714,-1.1642749309539795,-0.7065334916114807,1.14655625184439,-1.1642749309539795,-0.24530338242607996,unreviewed_scene_member
VAL_side,406264,13229,8,1979446,frame:971a20d523a5df063a108be0,1.6207337379455566,-1.1646153926849365,-0.6871995329856873,1.1554573869538067,-1.1646153926849365,-0.2281337562100454,unreviewed_scene_member
VAL_side,406268,13233,8,1979446,frame:971a20d523a5df063a108be0,1.6134178638458252,-1.1381410360336304,-0.6991921067237854,1.143624724566971,-1.1381410360336304,-0.23570554196678795,unreviewed_scene_member
VAL_side,406272,13237,8,1979446,frame:971a20d523a5df063a108be0,1.6302460432052612,-1.1500121355056763,-0.6908485293388367,1.16240737557185,-1.1500121355056763,-0.23558337257252804,unreviewed_scene_member
VAL_side,406276,13241,8,1979446,frame:971a20d523a5df063a108be0,1.6167136430740356,-1.119465708732605,-0.7002250552177429,1.146134136499333,-1.119465708732605,-0.23807872444312483,unreviewed_scene_member
VAL_side,406280,13245,8,1979446,frame:971a20d523a5df063a108be0,1.616591215133667,-1.114795207977295,-0.6799936890602112,1.1548929461790158,-1.114795207977295,-0.21984122411561846,unreviewed_scene_member
VAL_side,406284,13249,8,1979446,frame:971a20d523a5df063a108be0,1.6197882890701294,-1.1008069515228271,-0.6973694562911987,1.1501494221912982,-1.1008069515228271,-0.2368599652206067,unreviewed_scene_member
VAL_side,406288,13253,8,1979446,frame:971a20d523a5df063a108be0,1.6325284242630005,-1.1048893928527832,-0.6826155781745911,1.1680678543212608,-1.1048893928527832,-0.22918417508432287,unreviewed_scene_member
VAL_side,406292,13257,8,1979446,frame:971a20d523a5df063a108be0,1.6216012239456177,-1.0814735889434814,-0.694060206413269,1.1532295569277151,-1.0814735889434814,-0.23468036947302906,unreviewed_scene_member
VAL_side,406296,13261,8,1979446,frame:971a20d523a5df063a108be0,1.638918399810791,-1.0884824991226196,-0.6851375699043274,1.1727055578928551,-1.0884824991226196,-0.23425210714466482,unreviewed_scene_member
VAL_side,406301,13266,8,1979446,frame:971a20d523a5df063a108be0,1.5696474313735962,-1.031065583229065,-0.7058943510055542,1.1013460499451324,-1.031065583229065,-0.22254178454577955,unreviewed_scene_member
VAL_side,406305,13270,8,1979446,frame:971a20d523a5df063a108be0,1.6073857545852661,-1.0518437623977661,-0.7029693722724915,1.1365472564466412,-1.0518437623977661,-0.2364562230991476,unreviewed_scene_member
VAL_side,406309,13274,8,1979446,frame:971a20d523a5df063a108be0,1.607616662979126,-1.0360382795333862,-0.7226883769035339,1.1281105528626338,-1.0360382795333862,-0.2542807706378938,unreviewed_scene_member
VAL_side,406313,13278,8,1979446,frame:971a20d523a5df063a108be0,1.6095037460327148,-1.0332831144332886,-0.7037129998207092,1.1381249096886246,-1.0332831144332886,-0.23805305745185734,unreviewed_scene_member
VAL_side,406317,13282,8,1979446,frame:971a20d523a5df063a108be0,1.5988261699676514,-1.0107359886169434,-0.7147443294525146,1.1236921512711362,-1.0107359886169434,-0.24328720958311822,unreviewed_scene_member
VAL_side,406321,13286,8,1979446,frame:971a20d523a5df063a108be0,1.624211072921753,-1.022820234298706,-0.7062137722969055,1.1502475010352189,-1.022820234298706,-0.2467480046191608,unreviewed_scene_member
VAL_side,406329,13294,8,1979446,frame:971a20d523a5df063a108be0,1.6322290897369385,-1.0080851316452026,-0.7092714309692383,1.1561136574731543,-1.0080851316452026,-0.2530110772557157,unreviewed_scene_member
VAL_side,406429,13394,8,1979446,frame:971a20d523a5df063a108be0,1.6143419742584229,-1.0563956499099731,-0.6907776594161987,1.1481439604197599,-1.0563956499099731,-0.22854779016516114,unreviewed_scene_member
VAL_side,406433,13398,8,1979446,frame:971a20d523a5df063a108be0,1.6443705558776855,-1.0715426206588745,-0.6834815144538879,1.1783318902322293,-1.0715426206588745,-0.23515372227298603,unreviewed_scene_member
VAL_side,406437,13402,8,1979446,frame:971a20d523a5df063a108be0,1.6184488534927368,-1.034643292427063,-0.6877824068069458,1.153148231345672,-1.034643292427063,-0.22765601231247312,unreviewed_scene_member
VAL_side,406441,13406,8,1979446,frame:971a20d523a5df063a108be0,1.6291357278823853,-1.0414751768112183,-0.6733458042144775,1.1690821204548336,-1.0414751768112183,-0.21936529723535636,unreviewed_scene_member
VAL_side,406445,13410,8,1979446,frame:971a20d523a5df063a108be0,1.6553395986557007,-1.0379900932312012,-0.6995835304260254,1.1811321413673883,-1.0379900932312012,-0.2544346302239344,unreviewed_scene_member
VAL_side,406448,13413,8,1979446,frame:971a20d523a5df063a108be0,1.589448094367981,-1.004807472229004,-0.7293672561645508,1.108852923604241,-1.004807472229004,-0.2523191312960631,unreviewed_scene_member
VAL_side,406449,13414,8,1979446,frame:971a20d523a5df063a108be0,1.624049186706543,-1.018369197845459,-0.6709229350090027,1.165572483481855,-1.018369197845459,-0.2149578439300701,unreviewed_scene_member
VAL_side,406453,13418,8,1979446,frame:971a20d523a5df063a108be0,1.6442365646362305,-1.0115411281585693,-0.6946327090263367,1.173323097749361,-1.0115411281585693,-0.2451176116696503,unreviewed_scene_member
VAL_side,406457,13422,8,1979446,frame:971a20d523a5df063a108be0,1.6795650720596313,-1.0332753658294678,-0.6901815533638,1.2070274080984724,-1.0332753658294678,-0.25660393777455437,unreviewed_scene_member
VAL_side,406461,13426,8,1979446,frame:971a20d523a5df063a108be0,1.668661117553711,-1.0066007375717163,-0.7012134194374084,1.192390946925523,-1.0066007375717163,-0.2617393342797869,unreviewed_scene_member
VAL_side,407924,14889,8,1979446,frame:971a20d523a5df063a108be0,1.5533448457717896,-1.4740691184997559,-0.6180945634841919,1.125182276610523,-1.4740691184997559,-0.13648127510935604,unreviewed_scene_member
VAL_side,407928,14893,8,1979446,frame:971a20d523a5df063a108be0,1.559399127960205,-1.474650502204895,-0.6032791137695312,1.1371184950776976,-1.474650502204895,-0.12581925973849484,unreviewed_scene_member
VAL_side,407932,14897,8,1979446,frame:971a20d523a5df063a108be0,1.5367811918258667,-1.4330716133117676,-0.6104791760444641,1.1136333291841642,-1.4330716133117676,-0.12237558224297573,unreviewed_scene_member
VAL_side,407936,14901,8,1979446,frame:971a20d523a5df063a108be0,1.5868902206420898,-1.4746294021606445,-0.6089127659797668,1.1593576949264224,-1.4746294021606445,-0.14293405462941733,unreviewed_scene_member
VAL_side,407940,14905,8,1979446,frame:971a20d523a5df063a108be0,1.5550962686538696,-1.424983263015747,-0.6127914190292358,1.1290811905857958,-1.424983263015747,-0.13248261370390724,unreviewed_scene_member
VAL_side,407944,14909,8,1979446,frame:971a20d523a5df063a108be0,1.5664981603622437,-1.4304094314575195,-0.6002722978591919,1.1448171644739338,-1.4304094314575195,-0.1262287624751386,unreviewed_scene_member
VAL_side,407948,14913,8,1979446,frame:971a20d523a5df063a108be0,1.5510659217834473,-1.3965860605239868,-0.6063774824142456,1.1282704235634855,-1.3965860605239868,-0.124951017881469,unreviewed_scene_member
VAL_side,407952,14917,8,1979446,frame:971a20d523a5df063a108be0,1.605115294456482,-1.4401874542236328,-0.6102308034896851,1.175160493149427,-1.4401874542236328,-0.15210804540446143,unreviewed_scene_member
VAL_side,407956,14921,8,1979446,frame:971a20d523a5df063a108be0,1.5500946044921875,-1.3714078664779663,-0.604823112487793,1.1280788002922273,-1.3714078664779663,-0.12312816197096121,unreviewed_scene_member
VAL_side,407960,14925,8,1979446,frame:971a20d523a5df063a108be0,1.5945227146148682,-1.4057608842849731,-0.6015169024467468,1.1694598682460353,-1.4057608842849731,-0.1396325616544054,unreviewed_scene_member
VAL_side,408044,15009,8,1979446,frame:971a20d523a5df063a108be0,1.5323781967163086,-1.4746403694152832,-0.5778048634529114,1.1239994192751128,-1.4746403694152832,-0.09107795860328638,unreviewed_scene_member
VAL_side,408052,15017,8,1979446,frame:971a20d523a5df063a108be0,1.5794577598571777,-1.4936190843582153,-0.5906195044517517,1.1606966814581399,-1.4936190843582153,-0.12323400372289695,unreviewed_scene_member
VAL_side,408068,15033,8,1979446,frame:971a20d523a5df063a108be0,1.6095685958862305,-1.4697381258010864,-0.5962826609611511,1.1852775571966716,-1.4697381258010864,-0.1415237367976392,unreviewed_scene_member
VAL_side,408069,15034,8,1979446,frame:971a20d523a5df063a108be0,1.5378154516220093,-1.4140937328338623,-0.6427057385444641,1.1004357205710689,-1.4140937328338623,-0.15179401440357654,unreviewed_scene_member
VAL_side,408072,15037,8,1979446,frame:971a20d523a5df063a108be0,1.6177200078964233,-1.4720118045806885,-0.5778827667236328,1.200669980518063,-1.4720118045806885,-0.12855936523528189,unreviewed_scene_member
VAL_side,408076,15041,8,1979446,frame:971a20d523a5df063a108be0,1.6153873205184937,-1.444322943687439,-0.5928024053573608,1.1920330358933564,-1.444322943687439,-0.1409464647712484,unreviewed_scene_member
VAL_side,408080,15045,8,1979446,frame:971a20d523a5df063a108be0,1.6507556438446045,-1.4759458303451538,-0.5891968607902527,1.2254024410331312,-1.4759458303451538,-0.15321027523713915,unreviewed_scene_member
VAL_side,408081,15046,8,1979446,frame:971a20d523a5df063a108be0,1.5320836305618286,-1.3843437433242798,-0.6194906830787659,1.1054608044149967,-1.3843437433242798,-0.12841579579516083,unreviewed_scene_member
VAL_side,408084,15049,8,1979446,frame:971a20d523a5df063a108be0,1.6264370679855347,-1.4288599491119385,-0.5963221192359924,1.2004215421204971,-1.4288599491119385,-0.14895385311889542,unreviewed_scene_member
VAL_side,408085,15050,8,1979446,frame:971a20d523a5df063a108be0,1.5367543697357178,-1.3643943071365356,-0.6361409425735474,1.1023598436272413,-1.3643943071365356,-0.145428467186417,unreviewed_scene_member
VAL_side,408088,15053,8,1979446,frame:971a20d523a5df063a108be0,1.6571578979492188,-1.4558488130569458,-0.5869248509407043,1.2321527324685155,-1.4558488130569458,-0.15397476978510705,unreviewed_scene_member
VAL_side,408089,15054,8,1979446,frame:971a20d523a5df063a108be0,1.5350693464279175,-1.3581147193908691,-0.6149134039878845,1.1101508951436216,-1.3581147193908691,-0.12561061628823067,unreviewed_scene_member
VAL_side,408092,15057,8,1979446,frame:971a20d523a5df063a108be0,1.5789363384246826,-1.3725483417510986,-0.6113798022270203,1.1511273154355732,-1.3725483417510986,-0.14166465965138286,unreviewed_scene_member
VAL_side,408096,15061,8,1979446,frame:971a20d523a5df063a108be0,1.59437894821167,-1.3810943365097046,-0.6008715033531189,1.1696135761995932,-1.3810943365097046,-0.138989457748526,unreviewed_scene_member
VAL_side,408100,15065,8,1979446,frame:971a20d523a5df063a108be0,1.5593960285186768,-1.3318500518798828,-0.6035659909248352,1.1369899506505468,-1.3318500518798828,-0.12607574451196402,unreviewed_scene_member
VAL_side,408104,15069,8,1979446,frame:971a20d523a5df063a108be0,1.6034464836120605,-1.3646399974822998,-0.5997777581214905,1.1782428893835553,-1.3646399974822998,-0.14198135193819006,unreviewed_scene_member
VAL_side,408108,15073,8,1979446,frame:971a20d523a5df063a108be0,1.567623257637024,-1.3107365369796753,-0.6014045476913452,1.145332049548641,-1.3107365369796753,-0.12773963206579597,unreviewed_scene_member
VAL_side,408112,15077,8,1979446,frame:971a20d523a5df063a108be0,1.5724204778671265,-1.31474769115448,-0.5838583111763,1.1573355263531757,-1.31474769115448,-0.11407214208478611,unreviewed_scene_member
VAL_side,408116,15081,8,1979446,frame:971a20d523a5df063a108be0,1.5611976385116577,-1.2823821306228638,-0.594623327255249,1.1425294327141766,-1.2823821306228638,-0.1188279054863739,unreviewed_scene_member
VAL_side,408120,15085,8,1979446,frame:971a20d523a5df063a108be0,1.581373929977417,-1.2989552021026611,-0.5868151187896729,1.1640866566594208,-1.2989552021026611,-0.1206546382330469,unreviewed_scene_member
VAL_side,408124,15089,8,1979446,frame:971a20d523a5df063a108be0,1.5867174863815308,-1.2803196907043457,-0.603933572769165,1.1613851770392558,-1.2803196907043457,-0.13838306370046416,unreviewed_scene_member
VAL_side,408128,15093,8,1979446,frame:971a20d523a5df063a108be0,1.5883562564849854,-1.281641960144043,-0.5852333307266235,1.1710557404009163,-1.281641960144043,-0.12229378701784954,unreviewed_scene_member
VAL_side,408129,15094,8,1979446,frame:971a20d523a5df063a108be0,1.5656440258026123,-1.2719106674194336,-0.6472559571266174,1.1234531928235902,-1.2719106674194336,-0.16808296775163156,unreviewed_scene_member
VAL_side,408132,15097,8,1979446,frame:971a20d523a5df063a108be0,1.6086068153381348,-1.2749660015106201,-0.6080069541931152,1.1792735226968092,-1.2749660015106201,-0.151639844909766,unreviewed_scene_member
VAL_side,408133,15098,8,1979446,frame:971a20d523a5df063a108be0,1.5655303001403809,-1.2542262077331543,-0.6630271077156067,1.1164373595055865,-1.2542262077331543,-0.1822081299553311,unreviewed_scene_member
VAL_side,408136,15101,8,1979446,frame:971a20d523a5df063a108be0,1.5992653369903564,-1.2630236148834229,-0.5843473076820374,1.1812491639478788,-1.2630236148834229,-0.12627966091204557,unreviewed_scene_member
VAL_side,408137,15102,8,1979446,frame:971a20d523a5df063a108be0,1.6022394895553589,-1.2785931825637817,-0.6620903611183167,1.149842003076342,-1.2785931825637817,-0.19745843715233713,unreviewed_scene_member
VAL_side,408140,15105,8,1979446,frame:971a20d523a5df063a108be0,1.6278433799743652,-1.2672414779663086,-0.6110745668411255,1.1952184795886893,-1.2672414779663086,-0.16282975179401626,unreviewed_scene_member
VAL_side,408141,15106,8,1979446,frame:971a20d523a5df063a108be0,1.6017816066741943,-1.2604777812957764,-0.6780392527580261,1.142438926750735,-1.2604777812957764,-0.21159248335946734,unreviewed_scene_member
VAL_side,408144,15109,8,1979446,frame:971a20d523a5df063a108be0,1.6252524852752686,-1.260675072669983,-0.5936874151229858,1.2005118244966295,-1.260675072669983,-0.14606650986719938,unreviewed_scene_member
VAL_side,408145,15110,8,1979446,frame:971a20d523a5df063a108be0,1.620457649230957,-1.2701445817947388,-0.6650129556655884,1.1649351954040104,-1.2701445817947388,-0.20807156328054988,unreviewed_scene_member
VAL_side,408148,15113,8,1979446,frame:971a20d523a5df063a108be0,1.6366181373596191,-1.2512891292572021,-0.6141591668128967,1.2017529796572641,-1.2512891292572021,-0.16944877234162847,unreviewed_scene_member
VAL_side,408149,15114,8,1979446,frame:971a20d523a5df063a108be0,1.6084729433059692,-1.2431690692901611,-0.6762535572052002,1.1492358576844663,-1.2431690692901611,-0.2129207997409075,unreviewed_scene_member
VAL_side,408152,15117,8,1979446,frame:971a20d523a5df063a108be0,1.6596980094909668,-1.2643511295318604,-0.6022164821624756,1.227732359684211,-1.2643511295318604,-0.16883230849496567,unreviewed_scene_member
VAL_side,408153,15118,8,1979446,frame:971a20d523a5df063a108be0,1.6365057229995728,-1.2598240375518799,-0.6670615077018738,1.1784610824564083,-1.2598240375518799,-0.21694780215600096,unreviewed_scene_member
VAL_side,408156,15121,8,1979446,frame:971a20d523a5df063a108be0,1.6496117115020752,-1.2385635375976562,-0.614955723285675,1.2130823393621963,-1.2385635375976562,-0.1758607205546201,unreviewed_scene_member
VAL_side,408157,15122,8,1979446,frame:971a20d523a5df063a108be0,1.6016552448272705,-1.2108829021453857,-0.6679289937019348,1.1467573993317939,-1.2108829021453857,-0.20245004932556387,unreviewed_scene_member
VAL_side,408160,15125,8,1979446,frame:971a20d523a5df063a108be0,1.6340179443359375,-1.22240149974823,-0.5890053510665894,1.2104426487031805,-1.22240149974823,-0.14570082290947695,unreviewed_scene_member
VAL_side,408161,15126,8,1979446,frame:971a20d523a5df063a108be0,1.6312834024429321,-1.233282446861267,-0.6644644737243652,1.1749057565952048,-1.233282446861267,-0.21232428882766485,unreviewed_scene_member
VAL_side,408164,15129,8,1979446,frame:971a20d523a5df063a108be0,1.720655083656311,-1.2685763835906982,-0.637288510799408,1.2671456496100477,-1.2685763835906982,-0.22707666153224326,unreviewed_scene_member
VAL_side,408165,15130,8,1979446,frame:971a20d523a5df063a108be0,1.6218823194503784,-1.2040770053863525,-0.6758745908737183,1.1614542530329734,-1.2040770053863525,-0.21845847065657442,unreviewed_scene_member
VAL_side,408168,15133,8,1979446,frame:971a20d523a5df063a108be0,1.746493935585022,-1.2829272747039795,-0.6295887231826782,1.2937448206143571,-1.2829272747039795,-0.2314831454162607,unreviewed_scene_member
VAL_side,408169,15134,8,1979446,frame:971a20d523a5df063a108be0,1.6243785619735718,-1.205930233001709,-0.6573401689529419,1.1718228167434217,-1.205930233001709,-0.20289412328013978,unreviewed_scene_member
VAL_side,408172,15137,8,1979446,frame:971a20d523a5df063a108be0,1.714518427848816,-1.2411043643951416,-0.6350045204162598,1.2626312953895997,-1.2411043643951416,-0.2223336917302836,unreviewed_scene_member
VAL_side,408173,15138,8,1979446,frame:971a20d523a5df063a108be0,1.6236886978149414,-1.1835801601409912,-0.672297477722168,1.1646459183468456,-1.1835801601409912,-0.21603524680823094,unreviewed_scene_member
VAL_side,408176,15141,8,1979446,frame:971a20d523a5df063a108be0,1.7637356519699097,-1.2720462083816528,-0.6317782998085022,1.3082817254326278,-1.2720462083816528,-0.24100939483572215,unreviewed_scene_member
VAL_side,408177,15142,8,1979446,frame:971a20d523a5df063a108be0,1.635414719581604,-1.1921277046203613,-0.6614784002304077,1.1799279683047592,-1.1921277046203613,-0.21145147398131314,unreviewed_scene_member
VAL_side,408180,15145,8,1979446,frame:971a20d523a5df063a108be0,1.7415053844451904,-1.233054518699646,-0.6401820778846741,1.28461731950116,-1.233054518699646,-0.23881755266876592,unreviewed_scene_member
VAL_side,408181,15146,8,1979446,frame:971a20d523a5df063a108be0,1.6153556108474731,-1.1560547351837158,-0.6685017943382263,1.158820107471059,-1.1560547351837158,-0.20897072429088537,unreviewed_scene_member
VAL_side,408184,15149,8,1979446,frame:971a20d523a5df063a108be0,1.7707244157791138,-1.2537426948547363,-0.6303385496139526,1.3151943296792061,-1.2537426948547363,-0.24277902833838194,unreviewed_scene_member
VAL_side,408185,15150,8,1979446,frame:971a20d523a5df063a108be0,1.6243470907211304,-1.1586354970932007,-0.6521414518356323,1.1740734981536447,-1.1586354970932007,-0.19820775119768475,unreviewed_scene_member
VAL_side,408188,15153,8,1979446,frame:971a20d523a5df063a108be0,1.7296998500823975,-1.2021727561950684,-0.6319616436958313,1.2776101766649686,-1.2021727561950684,-0.22625386972476447,unreviewed_scene_member
VAL_side,408189,15154,8,1979446,frame:971a20d523a5df063a108be0,1.638223648071289,-1.1509357690811157,-0.6737832427024841,1.1770585286022253,-1.1509357690811157,-0.22374234633913637,unreviewed_scene_member
VAL_side,408192,15157,8,1979446,frame:971a20d523a5df063a108be0,1.7698670625686646,-1.2300896644592285,-0.6298612356185913,1.3146329864016038,-1.2300896644592285,-0.24197418245106794,unreviewed_scene_member
VAL_side,408193,15158,8,1979446,frame:971a20d523a5df063a108be0,1.6517493724822998,-1.1565674543380737,-0.6590656042098999,1.1956671572387463,-1.1565674543380737,-0.2164435078076259,unreviewed_scene_member
VAL_side,408196,15161,8,1979446,frame:971a20d523a5df063a108be0,1.7229127883911133,-1.1752912998199463,-0.6292833089828491,1.2726841106845923,-1.1752912998199463,-0.22087134641380324,unreviewed_scene_member
VAL_side,408197,15162,8,1979446,frame:971a20d523a5df063a108be0,1.6312631368637085,-1.124912977218628,-0.6668574213981628,1.1738385427972846,-1.124912977218628,-0.21446617210477514,unreviewed_scene_member
VAL_side,408200,15165,8,1979446,frame:971a20d523a5df063a108be0,1.759476900100708,-1.2002336978912354,-0.6224122643470764,1.3085597843140164,-1.2002336978912354,-0.2307243439847737,unreviewed_scene_member
VAL_side,408201,15166,8,1979446,frame:971a20d523a5df063a108be0,1.6496480703353882,-1.1337716579437256,-0.6581233739852905,1.1941915659237279,-1.1337716579437256,-0.2146754866596119,unreviewed_scene_member
VAL_side,408204,15169,8,1979446,frame:971a20d523a5df063a108be0,1.7331032752990723,-1.1602115631103516,-0.6292833089828491,1.2818432596463554,-1.1602115631103516,-0.22533856184598422,unreviewed_scene_member
VAL_side,408205,15170,8,1979446,frame:971a20d523a5df063a108be0,1.6519094705581665,-1.1180063486099243,-0.6751614809036255,1.1887550845113553,-1.1180063486099243,-0.2309805683270285,unreviewed_scene_member
VAL_side,408208,15173,8,1979446,frame:971a20d523a5df063a108be0,1.7711336612701416,-1.1856706142425537,-0.6228518486022949,1.318844110798164,-1.1856706142425537,-0.23622942745790199,unreviewed_scene_member
VAL_side,408209,15174,8,1979446,frame:971a20d523a5df063a108be0,1.658232569694519,-1.1184920072555542,-0.6576290726661682,1.2021239502742966,-1.1184920072555542,-0.21799440840557915,unreviewed_scene_member
VAL_side,408212,15177,8,1979446,frame:971a20d523a5df063a108be0,1.7475099563598633,-1.1478993892669678,-0.6308529376983643,1.2941038188706722,-1.1478993892669678,-0.233064808088433,unreviewed_scene_member
VAL_side,408213,15178,8,1979446,frame:971a20d523a5df063a108be0,1.6462509632110596,-1.0896297693252563,-0.6682272553443909,1.1867090162073313,-1.0896297693252563,-0.22226760132382717,unreviewed_scene_member
VAL_side,408216,15181,8,1979446,frame:971a20d523a5df063a108be0,1.766578197479248,-1.156016230583191,-0.6169586181640625,1.3173331092502776,-1.156016230583191,-0.22893564314037973,unreviewed_scene_member
VAL_side,408217,15182,8,1979446,frame:971a20d523a5df063a108be0,1.6617354154586792,-1.0998786687850952,-0.6551865935325623,1.206342999571035,-1.0998786687850952,-0.21733466921674438,unreviewed_scene_member
VAL_side,408220,15185,8,1979446,frame:971a20d523a5df063a108be0,1.6402767896652222,-1.415848970413208,-0.596843421459198,1.2126320777152275,-1.415848970413208,-0.15548933111740126,unreviewed_scene_member
VAL_side,408224,15189,8,1979446,frame:971a20d523a5df063a108be0,1.643256425857544,-1.4184209108352661,-0.5775951743125916,1.2237480331603612,-1.4184209108352661,-0.13949530771497876,unreviewed_scene_member
VAL_side,408225,15190,8,1979446,frame:971a20d523a5df063a108be0,1.5300899744033813,-1.3300868272781372,-0.6117187738418579,1.1070758988943405,-1.3300868272781372,-0.12055648870816871,unreviewed_scene_member
VAL_side,408228,15193,8,1979446,frame:971a20d523a5df063a108be0,1.6292619705200195,-1.3817147016525269,-0.5884255170822144,1.2064221902417565,-1.3817147016525269,-0.14309478988069602,unreviewed_scene_member
VAL_side,408229,15194,8,1979446,frame:971a20d523a5df063a108be0,1.5416256189346313,-1.320866346359253,-0.6319164037704468,1.1085900093250347,-1.320866346359253,-0.1437668919594537,unreviewed_scene_member
VAL_side,408232,15197,8,1979446,frame:971a20d523a5df063a108be0,1.670479655265808,-1.4166698455810547,-0.5868916511535645,1.2441408024596703,-1.4166698455810547,-0.1597848040462062,unreviewed_scene_member
VAL_side,408233,15198,8,1979446,frame:971a20d523a5df063a108be0,1.5579640865325928,-1.3306270837783813,-0.6181966662406921,1.1292892638022978,-1.3306270837783813,-0.13859798632861753,unreviewed_scene_member
VAL_side,408236,15201,8,1979446,frame:971a20d523a5df063a108be0,1.6318776607513428,-1.3596292734146118,-0.5890530347824097,1.2084980713947677,-1.3596292734146118,-0.14480544217992897,unreviewed_scene_member
VAL_side,408237,15202,8,1979446,frame:971a20d523a5df063a108be0,1.5339938402175903,-1.2912852764129639,-0.6241452693939209,1.1051372531399752,-1.2912852764129639,-0.1334366910606115,unreviewed_scene_member
VAL_side,408240,15205,8,1979446,frame:971a20d523a5df063a108be0,1.662392497062683,-1.385053277015686,-0.579781711101532,1.239988905389433,-1.385053277015686,-0.1498492554421269,unreviewed_scene_member
VAL_side,408241,15206,8,1979446,frame:971a20d523a5df063a108be0,1.5463844537734985,-1.2975707054138184,-0.6090854406356812,1.1228756572372158,-1.2975707054138184,-0.12533269410834436,unreviewed_scene_member
VAL_side,408244,15209,8,1979446,frame:971a20d523a5df063a108be0,1.6278140544891357,-1.332350492477417,-0.5833669304847717,1.2073383503415098,-1.332350492477417,-0.1379134377533131,unreviewed_scene_member
VAL_side,408245,15210,8,1979446,frame:971a20d523a5df063a108be0,1.5275598764419556,-1.2632585763931274,-0.6170183420181274,1.1024786841311391,-1.2632585763931274,-0.12421058708811739,unreviewed_scene_member
VAL_side,408248,15213,8,1979446,frame:971a20d523a5df063a108be0,1.6521128416061401,-1.3474303483963013,-0.571243941783905,1.234492323993874,-1.3474303483963013,-0.13766925485968673,unreviewed_scene_member
VAL_side,408249,15214,8,1979446,frame:971a20d523a5df063a108be0,1.554650068283081,-1.2815546989440918,-0.6121355891227722,1.1289676452572694,-1.2815546989440918,-0.1316975563203524,unreviewed_scene_member
VAL_side,408252,15217,8,1979446,frame:971a20d523a5df063a108be0,1.606137752532959,-1.2913678884506226,-0.5715382099151611,1.1930411889986627,-1.2913678884506226,-0.11777958878333505,unreviewed_scene_member
VAL_side,408253,15218,8,1979446,frame:971a20d523a5df063a108be0,1.5775787830352783,-1.2816064357757568,-0.6369633674621582,1.1386920559029747,-1.2816064357757568,-0.1640639026549484,unreviewed_scene_member
VAL_side,408256,15221,8,1979446,frame:971a20d523a5df063a108be0,1.6630102396011353,-1.332322359085083,-0.5749577879905701,1.2426587974113141,-1.332322359085083,-0.14578434257519102,unreviewed_scene_member
VAL_side,408257,15222,8,1979446,frame:971a20d523a5df063a108be0,1.5820863246917725,-1.2811481952667236,-0.6185125708580017,1.1508317043738132,-1.2811481952667236,-0.14945641272281263,unreviewed_scene_member
VAL_side,408260,15225,8,1979446,frame:971a20d523a5df063a108be0,1.5926748514175415,-1.2578188180923462,-0.566636323928833,1.183089659011467,-1.2578188180923462,-0.10747205544211247,unreviewed_scene_member
VAL_side,408261,15226,8,1979446,frame:971a20d523a5df063a108be0,1.6181682348251343,-1.28714919090271,-0.647965669631958,1.1703505216947492,-1.28714919090271,-0.19174595086940793,unreviewed_scene_member
VAL_side,408264,15229,8,1979446,frame:971a20d523a5df063a108be0,1.6347973346710205,-1.2864586114883423,-0.5613008737564087,1.223288003585752,-1.2864586114883423,-0.12114186588224274,unreviewed_scene_member
VAL_side,408265,15230,8,1979446,frame:971a20d523a5df063a108be0,1.6060670614242554,-1.277523398399353,-0.6274199485778809,1.16848071038889,-1.277523398399353,-0.1679747738478432,unreviewed_scene_member
VAL_side,408268,15233,8,1979446,frame:971a20d523a5df063a108be0,1.6563533544540405,-1.2847994565963745,-0.5852803587913513,1.2321505114744582,-1.2847994565963745,-0.15214402137745986,unreviewed_scene_member
VAL_side,408269,15234,8,1979446,frame:971a20d523a5df063a108be0,1.6108583211898804,-1.2585405111312866,-0.6445364356040955,1.165283692093824,-1.2585405111312866,-0.18545932051858327,unreviewed_scene_member
VAL_side,408272,15237,8,1979446,frame:971a20d523a5df063a108be0,1.6143497228622437,-1.247711181640625,-0.5505207777023315,1.209635494900709,-1.247711181640625,-0.10248913669259374,unreviewed_scene_member
VAL_side,408273,15238,8,1979446,frame:971a20d523a5df063a108be0,1.6233350038528442,-1.2682883739471436,-0.6298179030418396,1.1829498401872287,-1.2682883739471436,-0.17769980876845404,unreviewed_scene_member
VAL_side,408276,15241,8,1979446,frame:971a20d523a5df063a108be0,1.6701610088348389,-1.2723217010498047,-0.5862135887145996,1.2441516479536041,-1.2723217010498047,-0.15903568016168146,unreviewed_scene_member
VAL_side,408277,15242,8,1979446,frame:971a20d523a5df063a108be0,1.6663581132888794,-1.2786415815353394,-0.6622531414031982,1.2074000821647686,-1.2786415815353394,-0.22571249771984436,unreviewed_scene_member
VAL_side,408280,15245,8,1979446,frame:971a20d523a5df063a108be0,1.6520721912384033,-1.2539911270141602,-0.5635169744491577,1.2378430672171075,-1.2539911270141602,-0.13070648267494556,unreviewed_scene_member
VAL_side,408281,15246,8,1979446,frame:971a20d523a5df063a108be0,1.6561977863311768,-1.2708452939987183,-0.6382408142089844,1.2087943521959348,-1.2708452939987183,-0.19967636681969725,unreviewed_scene_member
VAL_side,408284,15249,8,1979446,frame:971a20d523a5df063a108be0,1.6791554689407349,-1.2561688423156738,-0.5894477963447571,1.2508180318386726,-1.2561688423156738,-0.16588547851553237,unreviewed_scene_member
VAL_side,408285,15250,8,1979446,frame:971a20d523a5df063a108be0,1.664888620376587,-1.254583716392517,-0.6572928428649902,1.2082537624427316,-1.254583716392517,-0.22061002763267634,unreviewed_scene_member
VAL_side,408288,15253,8,1979446,frame:971a20d523a5df063a108be0,1.6724517345428467,-1.2466070652008057,-0.5667359828948975,1.2547489589815544,-1.2466070652008057,-0.14253351207036968,unreviewed_scene_member
VAL_side,408289,15254,8,1979446,frame:971a20d523a5df063a108be0,1.6689928770065308,-1.2531152963638306,-0.64206463098526,1.2186182525714735,-1.2531152963638306,-0.20872218914497775,unreviewed_scene_member
VAL_side,408292,15257,8,1979446,frame:971a20d523a5df063a108be0,1.7110792398452759,-1.2569127082824707,-0.5967809557914734,1.2762962815468484,-1.2569127082824707,-0.18647093862805897,unreviewed_scene_member
VAL_side,408293,15258,8,1979446,frame:971a20d523a5df063a108be0,1.6792577505111694,-1.242585301399231,-0.6626701354980469,1.2188114011200188,-1.242585301399231,-0.23174211829193458,unreviewed_scene_member
VAL_side,408296,15261,8,1979446,frame:971a20d523a5df063a108be0,1.6864268779754639,-1.2342779636383057,-0.567799985408783,1.2668433066927693,-1.2342779636383057,-0.14961613084819558,unreviewed_scene_member
VAL_side,408297,15262,8,1979446,frame:971a20d523a5df063a108be0,1.692340612411499,-1.2477011680603027,-0.646833062171936,1.2375127155003394,-1.2477011680603027,-0.2232430002501533,unreviewed_scene_member
VAL_side,408300,15265,8,1979446,frame:971a20d523a5df063a108be0,1.7654012441635132,-1.2685694694519043,-0.6110602021217346,1.3188609660220374,-1.2685694694519043,-0.22311823954420396,unreviewed_scene_member
VAL_side,408301,15266,8,1979446,frame:971a20d523a5df063a108be0,1.668249249458313,-1.2120540142059326,-0.6541269421577454,1.2126621153768622,-1.2120540142059326,-0.2192377377503194,unreviewed_scene_member
VAL_side,408304,15269,8,1979446,frame:971a20d523a5df063a108be0,1.7656980752944946,-1.2687827348709106,-0.5948160886764526,1.3262487067149,-1.2687827348709106,-0.20864824929546733,unreviewed_scene_member
VAL_side,408305,15270,8,1979446,frame:971a20d523a5df063a108be0,1.720642328262329,-1.245537281036377,-0.6534709334373474,1.2600402779682596,-1.245537281036377,-0.24161573505723255,unreviewed_scene_member
VAL_side,408308,15273,8,1979446,frame:971a20d523a5df063a108be0,1.7827541828155518,-1.2575947046279907,-0.6173551678657532,1.3316981526160812,-1.2575947046279907,-0.23638314489363976,unreviewed_scene_member
VAL_side,408309,15274,8,1979446,frame:971a20d523a5df063a108be0,1.678462266921997,-1.1972354650497437,-0.6540098786354065,1.2218928319385058,-1.1972354650497437,-0.22360961393113454,unreviewed_scene_member
VAL_side,408312,15277,8,1979446,frame:971a20d523a5df063a108be0,1.7794660329818726,-1.2552751302719116,-0.5957410931587219,1.3382177698383368,-1.2552751302719116,-0.21551511321729033,unreviewed_scene_member
VAL_side,408313,15278,8,1979446,frame:971a20d523a5df063a108be0,1.6908082962036133,-1.2015949487686157,-0.6420989036560059,1.2382107973133534,-1.2015949487686157,-0.21831624354850443,unreviewed_scene_member
VAL_side,408316,15281,8,1979446,frame:971a20d523a5df063a108be0,1.7720532417297363,-1.2270278930664062,-0.6099180579185486,1.3253404248947045,-1.2270278930664062,-0.22500773093590865,unreviewed_scene_member
VAL_side,408317,15282,8,1979446,frame:971a20d523a5df063a108be0,1.660194993019104,-1.1624810695648193,-0.6468101739883423,1.2086304576951454,-1.1624810695648193,-0.20913071644971937,unreviewed_scene_member
VAL_side,408320,15285,8,1979446,frame:971a20d523a5df063a108be0,1.7836366891860962,-1.2350486516952515,-0.593506395816803,1.342945957640357,-1.2350486516952515,-0.21533487589420153,unreviewed_scene_member
VAL_side,408321,15286,8,1979446,frame:971a20d523a5df063a108be0,1.7085185050964355,-1.1918790340423584,-0.6448498964309692,1.2529226717673674,-1.1918790340423584,-0.22855246405827412,unreviewed_scene_member
VAL_side,408324,15289,8,1979446,frame:971a20d523a5df063a108be0,1.7936915159225464,-1.2189915180206299,-0.613680899143219,1.343139255888547,-1.2189915180206299,-0.23787534529825005,unreviewed_scene_member
VAL_side,408325,15290,8,1979446,frame:971a20d523a5df063a108be0,1.667088270187378,-1.1414791345596313,-0.6448031067848206,1.2157059345251708,-1.1414791345596313,-0.21034859021406294,unreviewed_scene_member
VAL_side,408328,15293,8,1979446,frame:971a20d523a5df063a108be0,1.7975164651870728,-1.2215908765792847,-0.5945549607276917,1.354961357071532,-1.2215908765792847,-0.22236181311599013,unreviewed_scene_member
VAL_side,408329,15294,8,1979446,frame:971a20d523a5df063a108be0,1.718183159828186,-1.176464557647705,-0.6445980668067932,1.2617196007409475,-1.176464557647705,-0.23256282686946084,unreviewed_scene_member
VAL_side,408332,15297,8,1979446,frame:971a20d523a5df063a108be0,1.7776024341583252,-1.1855134963989258,-0.6046136021614075,1.3326533263646385,-1.1855134963989258,-0.2226727235312067,unreviewed_scene_member
VAL_side,408333,15298,8,1979446,frame:971a20d523a5df063a108be0,1.684638500213623,-1.1320301294326782,-0.6477456092834473,1.230190068589188,-1.1320301294326782,-0.22068680840406607,unreviewed_scene_member
VAL_side,408336,15301,8,1979446,frame:971a20d523a5df063a108be0,1.7820734977722168,-1.1884952783584595,-0.5900142788887024,1.3430718138068294,-1.1884952783584595,-0.21151092397749105,unreviewed_scene_member
VAL_side,408337,15302,8,1979446,frame:971a20d523a5df063a108be0,1.7157676219940186,-1.152948021888733,-0.6434526443481445,1.2600506498737432,-1.152948021888733,-0.23047442589265388,unreviewed_scene_member
VAL_side,408340,15305,8,1979446,frame:971a20d523a5df063a108be0,1.791293978691101,-1.1721898317337036,-0.6098055243492126,1.3426832161918296,-1.1721898317337036,-0.2333411703606012,unreviewed_scene_member
VAL_side,408341,15306,8,1979446,frame:971a20d523a5df063a108be0,1.6909682750701904,-1.114988088607788,-0.6499207615852356,1.234925708535709,-1.114988088607788,-0.22541661300549753,unreviewed_scene_member
VAL_side,408344,15309,8,1979446,frame:971a20d523a5df063a108be0,1.8136928081512451,-1.1818803548812866,-0.596282958984375,1.3687430532411915,-1.1818803548812866,-0.23100616967716991,unreviewed_scene_member
VAL_side,408345,15310,8,1979446,frame:971a20d523a5df063a108be0,1.7148914337158203,-1.1307625770568848,-0.639398992061615,1.2610401412673915,-1.1307625770568848,-0.22644693169143704,unreviewed_scene_member
VAL_side,408348,15313,8,1979446,frame:971a20d523a5df063a108be0,1.6450947523117065,-1.068337082862854,-0.6639482975006104,1.1875455923917666,-1.068337082862854,-0.2179148499915926,unreviewed_scene_member
VAL_side,408349,15314,8,1979446,frame:971a20d523a5df063a108be0,1.7424718141555786,-1.1229465007781982,-0.6254726648330688,1.29193412303905,-1.1229465007781982,-0.22602047469386188,unreviewed_scene_member
VAL_side,408352,15317,8,1979446,frame:971a20d523a5df063a108be0,1.6838576793670654,-1.0935100317001343,-0.663617730140686,1.2225303916389132,-1.0935100317001343,-0.23461028680275087,unreviewed_scene_member
VAL_side,408353,15318,8,1979446,frame:971a20d523a5df063a108be0,1.7696338891983032,-1.136084794998169,-0.6189244389533997,1.3192177876608866,-1.136084794998169,-0.23204203824504321,unreviewed_scene_member
VAL_side,408356,15321,8,1979446,frame:971a20d523a5df063a108be0,1.6673572063446045,-1.0622237920761108,-0.6726294755935669,1.2037493755364546,-1.0622237920761108,-0.2354766586811452,unreviewed_scene_member
VAL_side,408357,15322,8,1979446,frame:971a20d523a5df063a108be0,1.7546635866165161,-1.1092523336410522,-0.6307011246681213,1.3006000096069423,-1.1092523336410522,-0.23606430454001393,unreviewed_scene_member
VAL_side,408360,15325,8,1979446,frame:971a20d523a5df063a108be0,1.6702882051467896,-1.0640910863876343,-0.6545853018760681,1.2142937849349698,-1.0640910863876343,-0.22054352807962085,unreviewed_scene_member
VAL_side,408361,15326,8,1979446,frame:971a20d523a5df063a108be0,1.7740532159805298,-1.1171808242797852,-0.6170367002487183,1.3240173824422117,-1.1171808242797852,-0.23228265528586722,unreviewed_scene_member
VAL_side,408364,15329,8,1979446,frame:971a20d523a5df063a108be0,1.6632293462753296,-1.0393010377883911,-0.6672799587249756,1.202384353326686,-1.0393010377883911,-0.2288590100167256,unreviewed_scene_member
VAL_side,408365,15330,8,1979446,frame:971a20d523a5df063a108be0,1.7479259967803955,-1.0837600231170654,-0.6248559951782227,1.2971066400934488,-1.0837600231170654,-0.22785717197159072,unreviewed_scene_member
VAL_side,408368,15333,8,1979446,frame:971a20d523a5df063a108be0,1.6813194751739502,-1.0465291738510132,-0.6545774936676025,1.2242120476517995,-1.0465291738510132,-0.22537230060068603,unreviewed_scene_member
VAL_side,408369,15334,8,1979446,frame:971a20d523a5df063a108be0,1.779176950454712,-1.0988420248031616,-0.6154600381851196,1.329313727639343,-1.0988420248031616,-0.23311165816736912,unreviewed_scene_member
VAL_side,408372,15337,8,1979446,frame:971a20d523a5df063a108be0,1.6725715398788452,-1.0249531269073486,-0.6674140691757202,1.210722271164811,-1.0249531269073486,-0.23307489581490004,unreviewed_scene_member
VAL_side,408373,15338,8,1979446,frame:971a20d523a5df063a108be0,1.7585341930389404,-1.0692055225372314,-0.6252887845039368,1.3064515013795708,-1.0692055225372314,-0.23289648760006632,unreviewed_scene_member
VAL_side,408376,15341,8,1979446,frame:971a20d523a5df063a108be0,1.6932682991027832,-1.033575415611267,-0.6599201560020447,1.2326095104448556,-1.033575415611267,-0.23541227334673276,unreviewed_scene_member
VAL_side,408377,15342,8,1979446,frame:971a20d523a5df063a108be0,1.7872323989868164,-1.0823863744735718,-0.6189203858375549,1.3350370002515808,-1.0823863744735718,-0.23975307424642223,unreviewed_scene_member
VAL_side,408380,15345,8,1979446,frame:971a20d523a5df063a108be0,1.6934171915054321,-1.0175076723098755,-0.6763980388641357,1.2255199056429846,-1.0175076723098755,-0.2502877664920926,unreviewed_scene_member
VAL_side,408381,15346,8,1979446,frame:971a20d523a5df063a108be0,1.7576017379760742,-1.043587565422058,-0.6249361634254456,1.3057679952271852,-1.043587565422058,-0.23217079247888073,unreviewed_scene_member
VAL_side,408384,15349,8,1979446,frame:971a20d523a5df063a108be0,1.6965818405151367,-1.0153833627700806,-0.6577330827713013,1.2365464515387175,-1.0153833627700806,-0.2348991058969867,unreviewed_scene_member
VAL_side,408385,15350,8,1979446,frame:971a20d523a5df063a108be0,1.791732907295227,-1.0638532638549805,-0.6172403693199158,1.3398185010919623,-1.0638532638549805,-0.24021597839097564,unreviewed_scene_member
VAL_side,408389,15354,8,1979446,frame:971a20d523a5df063a108be0,1.7748273611068726,-1.032974123954773,-0.627831757068634,1.3199809380349403,-1.032974123954773,-0.242324550971885,unreviewed_scene_member
VAL_side,408392,15357,8,1979446,frame:971a20d523a5df063a108be0,1.7230110168457031,-1.0108846426010132,-0.664533793926239,1.25731960232525,-1.0108846426010132,-0.25259733293036635,unreviewed_scene_member
VAL_side,408393,15358,8,1979446,frame:971a20d523a5df063a108be0,1.791067123413086,-1.0424258708953857,-0.6138536930084229,1.3407047196810444,-1.0424258708953857,-0.23688019344153544,unreviewed_scene_member
VAL_side,408397,15362,8,1979446,frame:971a20d523a5df063a108be0,1.7624534368515015,-1.005285620689392,-0.6203275322914124,1.3121489642062096,-1.005285620689392,-0.230155427053919,unreviewed_scene_member
VAL_side,408401,15366,8,1979446,frame:971a20d523a5df063a108be0,1.7935930490493774,-1.0230474472045898,-0.6116361618041992,1.3439471083013739,-1.0230474472045898,-0.2359943825155817,unreviewed_scene_member
VAL_side,408409,15374,8,1979446,frame:971a20d523a5df063a108be0,1.797613501548767,-1.0046522617340088,-0.6139057278633118,1.346565754795207,-1.0046522617340088,-0.23979670534996322,unreviewed_scene_member
VAL_side,408476,15441,8,1979446,frame:971a20d523a5df063a108be0,1.697601318359375,-1.0982275009155273,-0.6487619280815125,1.2413954475248377,-1.0982275009155273,-0.22728279514508065,unreviewed_scene_member
VAL_side,408477,15442,8,1979446,frame:971a20d523a5df063a108be0,1.803027868270874,-1.1575233936309814,-0.610338032245636,1.352996130188832,-1.1575233936309814,-0.23896358391889527,unreviewed_scene_member
VAL_side,408480,15445,8,1979446,frame:971a20d523a5df063a108be0,1.7107107639312744,-1.1067084074020386,-0.6342149972915649,1.2595550938877942,-1.1067084074020386,-0.21995490304827214,unreviewed_scene_member
VAL_side,408481,15446,8,1979446,frame:971a20d523a5df063a108be0,1.8150655031204224,-1.1603366136550903,-0.5933825373649597,1.3712482844583478,-1.1603366136550903,-0.229001037861712,unreviewed_scene_member
VAL_side,408484,15449,8,1979446,frame:971a20d523a5df063a108be0,1.7163294553756714,-1.0892157554626465,-0.6522616147994995,1.2566940238933932,-1.0892157554626465,-0.2386381676321765,unreviewed_scene_member
VAL_side,408485,15450,8,1979446,frame:971a20d523a5df063a108be0,1.7993496656417847,-1.1331108808517456,-0.6057224273681641,1.3517135315679871,-1.1331108808517456,-0.2332026878303175,unreviewed_scene_member
VAL_side,408488,15453,8,1979446,frame:971a20d523a5df063a108be0,1.7121905088424683,-1.082401990890503,-0.6305266618728638,1.2625019396312556,-1.082401990890503,-0.2172885266068647,unreviewed_scene_member
VAL_side,408489,15454,8,1979446,frame:971a20d523a5df063a108be0,1.819714069366455,-1.1410619020462036,-0.5956593751907349,1.3744282881153715,-1.1410619020462036,-0.23308524346010584,unreviewed_scene_member
VAL_side,408492,15457,8,1979446,frame:971a20d523a5df063a108be0,1.6963945627212524,-1.0559126138687134,-0.6453931927680969,1.2417875791045259,-1.0559126138687134,-0.223725989048847,unreviewed_scene_member
VAL_side,408493,15458,8,1979446,frame:971a20d523a5df063a108be0,1.8039664030075073,-1.1141523122787476,-0.607983410358429,1.3548718779193127,-1.1141523122787476,-0.23725869033418712,unreviewed_scene_member
VAL_side,408496,15461,8,1979446,frame:971a20d523a5df063a108be0,1.7163574695587158,-1.064186692237854,-0.6328727006912231,1.2652187433869655,-1.064186692237854,-0.22122380767699923,unreviewed_scene_member
VAL_side,408497,15462,8,1979446,frame:971a20d523a5df063a108be0,1.8233062028884888,-1.121705412864685,-0.5936733484268188,1.3785274931685387,-1.121705412864685,-0.23287490212038064,unreviewed_scene_member
VAL_side,408500,15465,8,1979446,frame:971a20d523a5df063a108be0,1.6884799003601074,-1.0306525230407715,-0.6389358043670654,1.2375046604544833,-1.0306525230407715,-0.21445256718365502,unreviewed_scene_member
VAL_side,408501,15466,8,1979446,frame:971a20d523a5df063a108be0,1.7992504835128784,-1.0896648168563843,-0.6031661629676819,1.3527449798177624,-1.0896648168563843,-0.23086165402280812,unreviewed_scene_member
VAL_side,408504,15469,8,1979446,frame:971a20d523a5df063a108be0,1.7262208461761475,-1.0495587587356567,-0.6331081986427307,1.2739806520600507,-1.0495587587356567,-0.225759291552726,unreviewed_scene_member
VAL_side,408505,15470,8,1979446,frame:971a20d523a5df063a108be0,1.8350059986114502,-1.106946349143982,-0.5943148136138916,1.3887620000775707,-1.106946349143982,-0.23858030007970243,unreviewed_scene_member
VAL_side,408508,15473,8,1979446,frame:971a20d523a5df063a108be0,1.7031790018081665,-1.019331693649292,-0.6411074995994568,1.2497641167924465,-1.019331693649292,-0.22284813588745944,unreviewed_scene_member
VAL_side,408509,15474,8,1979446,frame:971a20d523a5df063a108be0,1.809491515159607,-1.0701303482055664,-0.6028093695640564,1.3621059660233175,-1.0701303482055664,-0.23503034302315018,unreviewed_scene_member
VAL_side,408512,15477,8,1979446,frame:971a20d523a5df063a108be0,1.7396222352981567,-1.0370229482650757,-0.6346798539161682,1.2853367724904772,-1.0370229482650757,-0.2330466682733081,unreviewed_scene_member
VAL_side,408513,15478,8,1979446,frame:971a20d523a5df063a108be0,1.8546552658081055,-1.0968400239944458,-0.5975558757781982,1.405001856310284,-1.0968400239944458,-0.2501070192512296,unreviewed_scene_member
VAL_side,408517,15482,8,1979446,frame:971a20d523a5df063a108be0,1.8104227781295776,-1.0494654178619385,-0.6000457406044006,1.3641544748326098,-1.0494654178619385,-0.23295464858413983,unreviewed_scene_member
VAL_side,408520,15485,8,1979446,frame:971a20d523a5df063a108be0,1.736164927482605,-1.0145328044891357,-0.6340207457542419,1.2825182988104373,-1.0145328044891357,-0.23093868178959553,unreviewed_scene_member
VAL_side,408521,15486,8,1979446,frame:971a20d523a5df063a108be0,1.8444879055023193,-1.0692123174667358,-0.5952603220939636,1.3968697979019389,-1.0692123174667358,-0.24358671186981407,unreviewed_scene_member
VAL_side,408525,15490,8,1979446,frame:971a20d523a5df063a108be0,1.8077250719070435,-1.026930809020996,-0.6000875234603882,1.3617114761426365,-1.026930809020996,-0.23180960619586655,unreviewed_scene_member
VAL_side,408529,15494,8,1979446,frame:971a20d523a5df063a108be0,1.8376975059509277,-1.0439574718475342,-0.5901062488555908,1.393026024209296,-1.0439574718475342,-0.23597754629047518,unreviewed_scene_member
VAL_side,408533,15498,8,1979446,frame:971a20d523a5df063a108be0,1.8092120885849,-1.006994605064392,-0.5976411700248718,1.3641204086404202,-1.006994605064392,-0.2302627034992475,unreviewed_scene_member
VAL_side,408537,15502,8,1979446,frame:971a20d523a5df063a108be0,1.8292430639266968,-1.018143653869629,-0.5845160484313965,1.3878778046238707,-1.018143653869629,-0.22724692398596646,unreviewed_scene_member
VAL_side,408541,15506,8,1979446,frame:971a20d523a5df063a108be0,1.8356596231460571,-1.0008341073989868,-0.6034695506095886,1.3853363013624342,-1.0008341073989868,-0.24709505332367465,unreviewed_scene_member
VAL_side,408545,15510,8,1979446,frame:971a20d523a5df063a108be0,1.841109037399292,-1.003805160522461,-0.5854861736297607,1.398117596038847,-1.003805160522461,-0.23332056713737126,unreviewed_scene_member
VAL_side,409973,16938,8,1979446,frame:971a20d523a5df063a108be0,1.5702154636383057,-1.474530577659607,-0.5490536689758301,1.1706110236073102,-1.474530577659607,-0.08182332227525668,unreviewed_scene_member
VAL_side,409981,16946,8,1979446,frame:971a20d523a5df063a108be0,1.5749553442001343,-1.453326940536499,-0.5502405762672424,1.1743508941259821,-1.453326940536499,-0.08496793435981909,unreviewed_scene_member
VAL_side,409985,16950,8,1979446,frame:971a20d523a5df063a108be0,1.614930510520935,-1.4902149438858032,-0.5438113212585449,1.2130987355060991,-1.4902149438858032,-0.09671331773899627,unreviewed_scene_member
VAL_side,409989,16954,8,1979446,frame:971a20d523a5df063a108be0,1.634639859199524,-1.4822007417678833,-0.5665517449378967,1.2208446351480622,-1.4822007417678833,-0.12579228493501704,unreviewed_scene_member
VAL_side,409993,16958,8,1979446,frame:971a20d523a5df063a108be0,1.6260581016540527,-1.474419355392456,-0.5432049036026001,1.2233659841694664,-1.474419355392456,-0.10104628804628724,unreviewed_scene_member
VAL_side,409997,16962,8,1979446,frame:971a20d523a5df063a108be0,1.650054931640625,-1.4701452255249023,-0.5674262642860413,1.2343162464318587,-1.4701452255249023,-0.13333582070234495,unreviewed_scene_member
VAL_side,410001,16966,8,1979446,frame:971a20d523a5df063a108be0,1.654520869255066,-1.4741243124008179,-0.5525010824203491,1.2448729736613608,-1.4741243124008179,-0.12187889429505949,unreviewed_scene_member
VAL_side,410005,16970,8,1979446,frame:971a20d523a5df063a108be0,1.673226237297058,-1.464798927307129,-0.5751158595085144,1.2517715813248198,-1.464798927307129,-0.15040481493996527,unreviewed_scene_member
VAL_side,410009,16974,8,1979446,frame:971a20d523a5df063a108be0,1.6936876773834229,-1.4827114343643188,-0.5612379312515259,1.2762458851782241,-1.4827114343643188,-0.14690112060323268,unreviewed_scene_member
VAL_side,410117,17082,8,1979446,frame:971a20d523a5df063a108be0,1.6355880498886108,-1.4778672456741333,-0.5292220115661621,1.2380611413216676,-1.4778672456741333,-0.09265620227031635,unreviewed_scene_member
VAL_side,410125,17090,8,1979446,frame:971a20d523a5df063a108be0,1.6569223403930664,-1.471084475517273,-0.5319508910179138,1.2560400125943756,-1.471084475517273,-0.1044612402689884,unreviewed_scene_member
VAL_side,410129,17094,8,1979446,frame:971a20d523a5df063a108be0,1.6794370412826538,-1.4858404397964478,-0.5218162536621094,1.2807188243080987,-1.4858404397964478,-0.1052220838007718,unreviewed_scene_member
VAL_side,410133,17098,8,1979446,frame:971a20d523a5df063a108be0,1.6979188919067383,-1.4811888933181763,-0.5409421920776367,1.2889459420569842,-1.4811888933181763,-0.13051427343139665,unreviewed_scene_member
VAL_side,410137,17102,8,1979446,frame:971a20d523a5df063a108be0,1.7112764120101929,-1.4875898361206055,-0.527655303478241,1.3067761901918664,-1.4875898361206055,-0.12442764847042898,unreviewed_scene_member
VAL_side,410140,17105,8,1979446,frame:971a20d523a5df063a108be0,1.7402997016906738,-1.4863563776016235,-0.5157685279846191,1.338072969565462,-1.4863563776016235,-0.12646685820789094,unreviewed_scene_member
VAL_side,410141,17106,8,1979446,frame:971a20d523a5df063a108be0,1.669428825378418,-1.4359352588653564,-0.5694817304611206,1.250828329712664,-1.4359352588653564,-0.14367621747848158,unreviewed_scene_member
VAL_side,410145,17110,8,1979446,frame:971a20d523a5df063a108be0,1.7020279169082642,-1.4582990407943726,-0.5588249564170837,1.284799821353208,-1.4582990407943726,-0.14838847355316664,unreviewed_scene_member
VAL_side,410148,17113,8,1979446,frame:971a20d523a5df063a108be0,1.7682774066925049,-1.483760952949524,-0.5202028751373291,1.361275274403628,-1.483760952949524,-0.14271704165414945,unreviewed_scene_member
VAL_side,410149,17114,8,1979446,frame:971a20d523a5df063a108be0,1.6836497783660889,-1.4227943420410156,-0.5700755715370178,1.2633497147972315,-1.4227943420410156,-0.15044401377158478,unreviewed_scene_member
VAL_side,410153,17118,8,1979446,frame:971a20d523a5df063a108be0,1.7016758918762207,-1.4324365854263306,-0.5587092638015747,1.284534139654795,-1.4324365854263306,-0.14813017210215085,unreviewed_scene_member
VAL_side,410156,17121,8,1979446,frame:971a20d523a5df063a108be0,1.7763947248458862,-1.4643468856811523,-0.5188117027282715,1.3691809214761432,-1.4643468856811523,-0.1450250622432625,unreviewed_scene_member
VAL_side,410157,17122,8,1979446,frame:971a20d523a5df063a108be0,1.6706314086914062,-1.386984944343567,-0.5655927658081055,1.253614014329321,-1.386984944343567,-0.14070801702810787,unreviewed_scene_member
VAL_side,410160,17125,8,1979446,frame:971a20d523a5df063a108be0,1.8155633211135864,-1.4913204908370972,-0.512281060218811,1.4072482678495897,-1.4913204908370972,-0.15632574210124117,unreviewed_scene_member
VAL_side,410161,17126,8,1979446,frame:971a20d523a5df063a108be0,1.7289457321166992,-1.429800271987915,-0.563544511795044,1.3069244764985597,-1.429800271987915,-0.16443037535003446,unreviewed_scene_member
VAL_side,410164,17129,8,1979446,frame:971a20d523a5df063a108be0,1.7905412912368774,-1.4499516487121582,-0.519227921962738,1.3817133126208134,-1.4499516487121582,-0.1516006041451028,unreviewed_scene_member
VAL_side,410165,17130,8,1979446,frame:971a20d523a5df063a108be0,1.679714322090149,-1.3699415922164917,-0.5645988583564758,1.262213383164535,-1.3699415922164917,-0.14379638609080336,unreviewed_scene_member
VAL_side,410168,17133,8,1979446,frame:971a20d523a5df063a108be0,1.8403245210647583,-1.484954833984375,-0.5155916213989258,1.4280522324438838,-1.484954833984375,-0.17015585039830627,unreviewed_scene_member
VAL_side,410169,17134,8,1979446,frame:971a20d523a5df063a108be0,1.7051867246627808,-1.3852735757827759,-0.5518388748168945,1.290701435559008,-1.3852735757827759,-0.1434941551817901,unreviewed_scene_member
VAL_side,410172,17137,8,1979446,frame:971a20d523a5df063a108be0,1.8207926750183105,-1.4483239650726318,-0.5285837650299072,1.4048017446013428,-1.4483239650726318,-0.17327091399220707,unreviewed_scene_member
VAL_side,410173,17138,8,1979446,frame:971a20d523a5df063a108be0,1.663727879524231,-1.3328973054885864,-0.555294394493103,1.2519236722588287,-1.3328973054885864,-0.1284255942056991,unreviewed_scene_member
VAL_side,410176,17141,8,1979446,frame:971a20d523a5df063a108be0,1.8275667428970337,-1.4485114812850952,-0.5084564685821533,1.4197134625055312,-1.4485114812850952,-0.15815017568129042,unreviewed_scene_member
VAL_side,410177,17142,8,1979446,frame:971a20d523a5df063a108be0,1.6921101808547974,-1.3503104448318481,-0.5477913022041321,1.2807226548861912,-1.3503104448318481,-0.1341238415103323,unreviewed_scene_member
VAL_side,410180,17145,8,1979446,frame:971a20d523a5df063a108be0,1.8248324394226074,-1.425715446472168,-0.5261244773864746,1.409510741540912,-1.425715446472168,-0.17283143705482207,unreviewed_scene_member
VAL_side,410181,17146,8,1979446,frame:971a20d523a5df063a108be0,1.6431154012680054,-1.2930042743682861,-0.5446277856826782,1.2380732330592386,-1.2930042743682861,-0.10980259398134051,unreviewed_scene_member
VAL_side,410184,17149,8,1979446,frame:971a20d523a5df063a108be0,1.8289949893951416,-1.4238337278366089,-0.5053775310516357,1.4223468793308234,-1.4238337278366089,-0.1560089470152073,unreviewed_scene_member
VAL_side,410185,17150,8,1979446,frame:971a20d523a5df063a108be0,1.6743617057800293,-1.312395453453064,-0.5383172035217285,1.2689236026622988,-1.312395453453064,-0.11782815864825369,unreviewed_scene_member
VAL_side,410188,17153,8,1979446,frame:971a20d523a5df063a108be0,1.8597171306610107,-1.4270111322402954,-0.5325714945793152,1.4380387080127792,-1.4270111322402954,-0.1939184198276973,unreviewed_scene_member
VAL_side,410189,17154,8,1979446,frame:971a20d523a5df063a108be0,1.638482689857483,-1.2663633823394775,-0.5432698726654053,1.2345046495118606,-1.2663633823394775,-0.1065512628322498,unreviewed_scene_member
VAL_side,410192,17157,8,1979446,frame:971a20d523a5df063a108be0,1.8476660251617432,-1.4126473665237427,-0.5113648772239685,1.4365036153082948,-1.4126473665237427,-0.16957518146877693,unreviewed_scene_member
VAL_side,410193,17158,8,1979446,frame:971a20d523a5df063a108be0,1.6678056716918945,-1.2839195728302002,-0.5325867533683777,1.2655431422618908,-1.2839195728302002,-0.10980368798620388,unreviewed_scene_member
VAL_side,410196,17161,8,1979446,frame:971a20d523a5df063a108be0,1.8764559030532837,-1.408882975578308,-0.5331105589866638,1.4528471066988684,-1.408882975578308,-0.201740722557036,unreviewed_scene_member
VAL_side,410197,17162,8,1979446,frame:971a20d523a5df063a108be0,1.655367136001587,-1.256492018699646,-0.5452117323875427,1.248829033907943,-1.256492018699646,-0.11569824880834423,unreviewed_scene_member
VAL_side,410200,17165,8,1979446,frame:971a20d523a5df063a108be0,1.8916141986846924,-1.4202641248703003,-0.5200779438018799,1.4721844150286358,-1.4202641248703003,-0.19667204506055258,unreviewed_scene_member
VAL_side,410201,17166,8,1979446,frame:971a20d523a5df063a108be0,1.6436275243759155,-1.24261474609375,-0.5213831067085266,1.2487233228382433,-1.24261474609375,-0.0891349149053493,unreviewed_scene_member
VAL_side,410204,17169,8,1979446,frame:971a20d523a5df063a108be0,1.8742367029190063,-1.381806492805481,-0.5333095192909241,1.4507652843738896,-1.381806492805481,-0.20094671358613736,unreviewed_scene_member
VAL_side,410205,17170,8,1979446,frame:971a20d523a5df063a108be0,1.6992080211639404,-1.2614831924438477,-0.5551960468292236,1.2838561251046494,-1.2614831924438477,-0.1438906702897751,unreviewed_scene_member
VAL_side,410208,17173,8,1979446,frame:971a20d523a5df063a108be0,1.8986490964889526,-1.3998048305511475,-0.5186337232589722,1.4791404439070388,-1.3998048305511475,-0.1984578844530418,unreviewed_scene_member
VAL_side,410209,17174,8,1979446,frame:971a20d523a5df063a108be0,1.6813387870788574,-1.248217225074768,-0.5337606072425842,1.277192042130574,-1.248217225074768,-0.11679126817137786,unreviewed_scene_member
VAL_side,410212,17177,8,1979446,frame:971a20d523a5df063a108be0,1.896286964416504,-1.372682809829712,-0.5361547470092773,1.4693366623894095,-1.372682809829712,-0.2131701857394157,unreviewed_scene_member
VAL_side,410213,17178,8,1979446,frame:971a20d523a5df063a108be0,1.7012735605239868,-1.2401351928710938,-0.5562428832054138,1.2852537167211249,-1.2401351928710938,-0.14573703345014577,unreviewed_scene_member
VAL_side,410216,17181,8,1979446,frame:971a20d523a5df063a108be0,1.9139323234558105,-1.3854559659957886,-0.5194860100746155,1.4925032993643228,-1.3854559659957886,-0.2059236405007805,unreviewed_scene_member
VAL_side,410217,17182,8,1979446,frame:971a20d523a5df063a108be0,1.7160383462905884,-1.2508978843688965,-0.5412902235984802,1.305079032802467,-1.2508978843688965,-0.13877012808769584,unreviewed_scene_member
VAL_side,410220,17185,8,1979446,frame:971a20d523a5df063a108be0,1.8876374959945679,-1.341474175453186,-0.5303791165351868,1.4640944414224777,-1.341474175453186,-0.20418740606443908,unreviewed_scene_member
VAL_side,410221,17186,8,1979446,frame:971a20d523a5df063a108be0,1.7070717811584473,-1.2216928005218506,-0.5546317100524902,1.2911714147292297,-1.2216928005218506,-0.14683069324160547,unreviewed_scene_member
VAL_side,410224,17189,8,1979446,frame:971a20d523a5df063a108be0,1.926989197731018,-1.3694398403167725,-0.5240935683250427,1.5022189196320186,-1.3694398403167725,-0.2157886433737446,unreviewed_scene_member
VAL_side,410225,17190,8,1979446,frame:971a20d523a5df063a108be0,1.7104978561401367,-1.2241448163986206,-0.5361524820327759,1.3023515109037258,-1.2241448163986206,-0.13172356553599007,unreviewed_scene_member
VAL_side,410228,17193,8,1979446,frame:971a20d523a5df063a108be0,1.9214816093444824,-1.3404442071914673,-0.5365811586380005,1.4917945326946107,-1.3404442071914673,-0.22459804736260636,unreviewed_scene_member
VAL_side,410229,17194,8,1979446,frame:971a20d523a5df063a108be0,1.8076921701431274,-1.2699960470199585,-0.5837003588676453,1.3688655643682581,-1.2699960470199585,-0.21706649704020564,unreviewed_scene_member
VAL_side,410232,17197,8,1979446,frame:971a20d523a5df063a108be0,1.9444704055786133,-1.3564814329147339,-0.5256084203720093,1.517266857738511,-1.3564814329147339,-0.22481344050599072,unreviewed_scene_member
VAL_side,410233,17198,8,1979446,frame:971a20d523a5df063a108be0,1.7533905506134033,-1.2318463325500488,-0.5501914024353027,1.3347489516894908,-1.2318463325500488,-0.16314458327536863,unreviewed_scene_member
VAL_side,410236,17201,8,1979446,frame:971a20d523a5df063a108be0,1.9191721677780151,-1.3140846490859985,-0.5369877219200134,1.4895405947522158,-1.3140846490859985,-0.223951071471989,unreviewed_scene_member
VAL_side,410237,17202,8,1979446,frame:971a20d523a5df063a108be0,1.808266520500183,-1.2469738721847534,-0.5803499221801758,1.3708505218225997,-1.2469738721847534,-0.21430692311768684,unreviewed_scene_member
VAL_side,410240,17205,8,1979446,frame:971a20d523a5df063a108be0,1.9511996507644653,-1.3360142707824707,-0.5242558121681213,1.523908007657137,-1.3360142707824707,-0.22654763123450783,unreviewed_scene_member
VAL_side,410241,17206,8,1979446,frame:971a20d523a5df063a108be0,1.8171387910842896,-1.2530920505523682,-0.5667418241500854,1.3847902633398188,-1.2530920505523682,-0.20596539305736394,unreviewed_scene_member
VAL_side,410244,17209,8,1979446,frame:971a20d523a5df063a108be0,1.9075809717178345,-1.2818412780761719,-0.5305943489074707,1.4819251670031977,-1.2818412780761719,-0.21312349996298718,unreviewed_scene_member
VAL_side,410245,17210,8,1979446,frame:971a20d523a5df063a108be0,1.8275854587554932,-1.236903190612793,-0.5871859788894653,1.3852175384881271,-1.236903190612793,-0.22891999530588736,unreviewed_scene_member
VAL_side,410248,17213,8,1979446,frame:971a20d523a5df063a108be0,1.958363652229309,-1.3159657716751099,-0.5230751037597656,1.5308645580204114,-1.3159657716751099,-0.22862690908440442,unreviewed_scene_member
VAL_side,410249,17214,8,1979446,frame:971a20d523a5df063a108be0,1.8304859399795532,-1.2388663291931152,-0.5675110220909119,1.3964494071185223,-1.2388663291931152,-0.21250774855458565,unreviewed_scene_member
VAL_side,410252,17217,8,1979446,frame:971a20d523a5df063a108be0,1.9140044450759888,-1.262053370475769,-0.5292973518371582,1.488267112707163,-1.262053370475769,-0.21477363210050604,unreviewed_scene_member
VAL_side,410253,17218,8,1979446,frame:971a20d523a5df063a108be0,1.823909878730774,-1.2113440036773682,-0.5825864672660828,1.3839302422302255,-1.2113440036773682,-0.22317471341235606,unreviewed_scene_member
VAL_side,410256,17221,8,1979446,frame:971a20d523a5df063a108be0,1.9472039937973022,-1.2839444875717163,-0.5170819163322449,1.5234615639085156,-1.2839444875717163,-0.21834819564158048,unreviewed_scene_member
VAL_side,410257,17222,8,1979446,frame:971a20d523a5df063a108be0,1.830838918685913,-1.215945839881897,-0.5643091201782227,1.3981702836916405,-1.215945839881897,-0.20978463385892576,unreviewed_scene_member
VAL_side,410260,17225,8,1979446,frame:971a20d523a5df063a108be0,1.9269604682922363,-1.2466065883636475,-0.5298515558242798,1.4996689622002504,-1.2466065883636475,-0.22095129409969871,unreviewed_scene_member
VAL_side,410261,17226,8,1979446,frame:971a20d523a5df063a108be0,1.8143935203552246,-1.1823369264602661,-0.5762290954589844,1.3781638843494748,-1.1823369264602661,-0.2132890485476806,unreviewed_scene_member
VAL_side,410264,17229,8,1979446,frame:971a20d523a5df063a108be0,1.9427800178527832,-1.256840705871582,-0.5172135829925537,1.5194276018037374,-1.256840705871582,-0.21652719344379623,unreviewed_scene_member
VAL_side,410265,17230,8,1979446,frame:971a20d523a5df063a108be0,1.836717963218689,-1.1927785873413086,-0.5663816332817078,1.4025458039697172,-1.1927785873413086,-0.2142245997910721,unreviewed_scene_member
VAL_side,410269,17234,8,1979446,frame:971a20d523a5df063a108be0,1.7107042074203491,-1.4657330513000488,-0.54499751329422,1.2986595717083624,-1.4657330513000488,-0.13976388542045415,unreviewed_scene_member
VAL_side,410273,17238,8,1979446,frame:971a20d523a5df063a108be0,1.750076413154602,-1.494706392288208,-0.5355764627456665,1.3381769925449023,-1.494706392288208,-0.1485559402568708,unreviewed_scene_member
VAL_side,410277,17242,8,1979446,frame:971a20d523a5df063a108be0,1.7292612791061401,-1.4556574821472168,-0.5468416213989258,1.3145301534716354,-1.4556574821472168,-0.1495562436016431,unreviewed_scene_member
VAL_side,410281,17246,8,1979446,frame:971a20d523a5df063a108be0,1.7422059774398804,-1.4618844985961914,-0.529243528842926,1.3338792672802138,-1.4618844985961914,-0.1394137650394891,unreviewed_scene_member
VAL_side,410285,17250,8,1979446,frame:971a20d523a5df063a108be0,1.7396855354309082,-1.4386818408966064,-0.5461469888687134,1.3242039198522995,-1.4386818408966064,-0.1535016052186342,unreviewed_scene_member
VAL_side,410289,17254,8,1979446,frame:971a20d523a5df063a108be0,1.741567611694336,-1.4356377124786377,-0.5293779373168945,1.3332465871518855,-1.4356377124786377,-0.13925472945171902,unreviewed_scene_member
VAL_side,410292,17257,8,1979446,frame:971a20d523a5df063a108be0,1.8386019468307495,-1.483564853668213,-0.49355265498161316,1.4361652399604516,-1.483564853668213,-0.1495922317534466,unreviewed_scene_member
VAL_side,410293,17258,8,1979446,frame:971a20d523a5df063a108be0,1.7213488817214966,-1.398403525352478,-0.5406379103660583,1.3101380657301906,-1.398403525352478,-0.14051181834498427,unreviewed_scene_member
VAL_side,410297,17262,8,1979446,frame:971a20d523a5df063a108be0,1.7750025987625122,-1.4373687505722046,-0.5357077121734619,1.3605229638040617,-1.4373687505722046,-0.1596008270311704,unreviewed_scene_member
VAL_side,410300,17265,8,1979446,frame:971a20d523a5df063a108be0,1.8520336151123047,-1.467903733253479,-0.49370068311691284,1.4481726521803504,-1.467903733253479,-0.1556133343880146,unreviewed_scene_member
VAL_side,410301,17266,8,1979446,frame:971a20d523a5df063a108be0,1.727556586265564,-1.3785967826843262,-0.5387885570526123,1.3165282167484162,-1.3785967826843262,-0.1415709091572659,unreviewed_scene_member
VAL_side,410304,17269,8,1979446,frame:971a20d523a5df063a108be0,1.8963568210601807,-1.4976524114608765,-0.48723769187927246,1.4908432746797253,-1.4976524114608765,-0.16923445096307854,unreviewed_scene_member
VAL_side,410305,17270,8,1979446,frame:971a20d523a5df063a108be0,1.772685170173645,-1.410057544708252,-0.5312741994857788,1.360383596826868,-1.410057544708252,-0.1546001183951855,unreviewed_scene_member
VAL_side,410308,17273,8,1979446,frame:971a20d523a5df063a108be0,1.8423364162445068,-1.4342197179794312,-0.49201497435569763,1.440195833655001,-1.4342197179794312,-0.14984725720132186,unreviewed_scene_member
VAL_side,410309,17274,8,1979446,frame:971a20d523a5df063a108be0,1.7216495275497437,-1.3494606018066406,-0.533253014087677,1.3136456098611364,-1.3494606018066406,-0.1340061119939442,unreviewed_scene_member
VAL_side,410312,17277,8,1979446,frame:971a20d523a5df063a108be0,1.8765606880187988,-1.455609679222107,-0.47886934876441956,1.4767190683303677,-1.455609679222107,-0.1530349804507205,unreviewed_scene_member
VAL_side,410313,17278,8,1979446,frame:971a20d523a5df063a108be0,1.7897636890411377,-1.3983166217803955,-0.5368990302085876,1.3732679044101264,-1.3983166217803955,-0.16714241266168828,unreviewed_scene_member
VAL_side,410316,17281,8,1979446,frame:971a20d523a5df063a108be0,1.8605334758758545,-1.4224852323532104,-0.4935406446456909,1.4558824326771609,-1.4224852323532104,-0.1591955864733663,unreviewed_scene_member
VAL_side,410317,17282,8,1979446,frame:971a20d523a5df063a108be0,1.7363488674163818,-1.3366858959197998,-0.534172534942627,1.326454197606118,-1.3366858959197998,-0.14127633833820186,unreviewed_scene_member
VAL_side,410320,17285,8,1979446,frame:971a20d523a5df063a108be0,1.892107605934143,-1.4413996934890747,-0.4796085059642792,1.4903685204016213,-1.4413996934890747,-0.1605146507768187,unreviewed_scene_member
VAL_side,410321,17286,8,1979446,frame:971a20d523a5df063a108be0,1.7858376502990723,-1.37032151222229,-0.5321136713027954,1.3718369674345474,-1.37032151222229,-0.1611202984620601,unreviewed_scene_member
VAL_side,410324,17289,8,1979446,frame:971a20d523a5df063a108be0,1.8921788930892944,-1.4206881523132324,-0.49862733483314514,1.4820952870504187,-1.4206881523132324,-0.17763991116369326,unreviewed_scene_member
VAL_side,410325,17290,8,1979446,frame:971a20d523a5df063a108be0,1.7251521348953247,-1.2999954223632812,-0.5305774211883545,1.317966635217485,-1.2999954223632812,-0.13313674702454703,unreviewed_scene_member
VAL_side,410328,17293,8,1979446,frame:971a20d523a5df063a108be0,1.9193439483642578,-1.4358527660369873,-0.4833177328109741,1.513222364794287,-1.4358527660369873,-0.1757881084484305,unreviewed_scene_member
VAL_side,410329,17294,8,1979446,frame:971a20d523a5df063a108be0,1.804901361465454,-1.3600908517837524,-0.5342369675636292,1.3880405257144237,-1.3600908517837524,-0.17138568542588928,unreviewed_scene_member
VAL_side,410332,17297,8,1979446,frame:971a20d523a5df063a108be0,1.9430088996887207,-1.4325096607208252,-0.5087083578109741,1.5233617647517326,-1.4325096607208252,-0.2089830828810577,unreviewed_scene_member
VAL_side,410333,17298,8,1979446,frame:971a20d523a5df063a108be0,1.665969729423523,-1.2327526807785034,-0.5090475678443909,1.2742119080343604,-1.2327526807785034,-0.08784198406488852,unreviewed_scene_member
VAL_side,410336,17301,8,1979446,frame:971a20d523a5df063a108be0,1.9457799196243286,-1.4293174743652344,-0.49120181798934937,1.5335267029099475,-1.4293174743652344,-0.19446304430502992,unreviewed_scene_member
VAL_side,410337,17302,8,1979446,frame:971a20d523a5df063a108be0,1.781782865524292,-1.3184499740600586,-0.5239684581756592,1.3717631774393344,-1.3184499740600586,-0.15202192874584886,unreviewed_scene_member
VAL_side,410340,17305,8,1979446,frame:971a20d523a5df063a108be0,1.9503213167190552,-1.4066160917282104,-0.5111232399940491,1.5288755069706987,-1.4066160917282104,-0.21435911724910728,unreviewed_scene_member
VAL_side,410341,17306,8,1979446,frame:971a20d523a5df063a108be0,1.6975798606872559,-1.2333638668060303,-0.5153977870941162,1.2998391529220745,-1.2333638668060303,-0.10740649281147197,unreviewed_scene_member
VAL_side,410344,17309,8,1979446,frame:971a20d523a5df063a108be0,1.9707434177398682,-1.4213448762893677,-0.49435359239578247,1.5545820994300266,-1.4213448762893677,-0.20823911767358627,unreviewed_scene_member
VAL_side,410345,17310,8,1979446,frame:971a20d523a5df063a108be0,1.7584185600280762,-1.277565836906433,-0.5178066492080688,1.3534646380268387,-1.277565836906433,-0.13624149413703934,unreviewed_scene_member
VAL_side,410348,17313,8,1979446,frame:971a20d523a5df063a108be0,1.9570897817611694,-1.3856967687606812,-0.5097084641456604,1.5355791599642428,-1.3856967687606812,-0.21605462492224103,unreviewed_scene_member
VAL_side,410349,17314,8,1979446,frame:971a20d523a5df063a108be0,1.7172551155090332,-1.2249062061309814,-0.5220115780830383,1.3146238596748698,-1.2249062061309814,-0.12197599279537208,unreviewed_scene_member
VAL_side,410352,17317,8,1979446,frame:971a20d523a5df063a108be0,2.005702257156372,-1.4201161861419678,-0.49999499320983887,1.5835298688187542,-1.4201161861419678,-0.2286345216634753,unreviewed_scene_member
VAL_side,410353,17318,8,1979446,frame:971a20d523a5df063a108be0,1.7742427587509155,-1.2655550241470337,-0.5191944241523743,1.3670789731325612,-1.2655550241470337,-0.14442569013573348,unreviewed_scene_member
VAL_side,410356,17321,8,1979446,frame:971a20d523a5df063a108be0,1.9791446924209595,-1.3755414485931396,-0.5123066306114197,1.5542630211437782,-1.3755414485931396,-0.22805807795122246,unreviewed_scene_member
VAL_side,410357,17322,8,1979446,frame:971a20d523a5df063a108be0,1.7752461433410645,-1.243040680885315,-0.5363216400146484,1.3604727319694863,-1.243040680885315,-0.1602593846358804,unreviewed_scene_member
VAL_side,410360,17325,8,1979446,frame:971a20d523a5df063a108be0,1.992498755455017,-1.3848227262496948,-0.49367210268974304,1.5744344128675916,-1.3848227262496948,-0.21716351112615717,unreviewed_scene_member
VAL_side,410361,17326,8,1979446,frame:971a20d523a5df063a108be0,1.8556902408599854,-1.2993682622909546,-0.5396894812583923,1.4312990434511783,-1.2993682622909546,-0.19855075157641977,unreviewed_scene_member
VAL_side,410364,17329,8,1979446,frame:971a20d523a5df063a108be0,1.9692118167877197,-1.3433051109313965,-0.5066816806793213,1.5478012274143575,-1.3433051109313965,-0.21864812035926473,unreviewed_scene_member
VAL_side,410365,17330,8,1979446,frame:971a20d523a5df063a108be0,1.8624846935272217,-1.280050277709961,-0.5592812895774841,1.4288173735758398,-1.280050277709961,-0.2191382442573946,unreviewed_scene_member
VAL_side,410368,17333,8,1979446,frame:971a20d523a5df063a108be0,1.9903321266174316,-1.3577125072479248,-0.4945616126060486,1.5720971242857384,-1.3577125072479248,-0.21701320977485805,unreviewed_scene_member
VAL_side,410369,17334,8,1979446,frame:971a20d523a5df063a108be0,1.881657361984253,-1.2932273149490356,-0.5439385771751404,1.4527754562673578,-1.2932273149490356,-0.21375305035460324,unreviewed_scene_member
VAL_side,410372,17337,8,1979446,frame:971a20d523a5df063a108be0,2.0026187896728516,-1.3406364917755127,-0.5166453123092651,1.5734594471245893,-1.3406364917755127,-0.24224802616218333,unreviewed_scene_member
VAL_side,410373,17338,8,1979446,frame:971a20d523a5df063a108be0,1.8559006452560425,-1.2518208026885986,-0.5540026426315308,1.42521367670435,-1.2518208026885986,-0.21150757101870488,unreviewed_scene_member
VAL_side,410376,17341,8,1979446,frame:971a20d523a5df063a108be0,1.9910228252410889,-1.3328737020492554,-0.491824209690094,1.5739179185519594,-1.3328737020492554,-0.2148556306794145,unreviewed_scene_member
VAL_side,410377,17342,8,1979446,frame:971a20d523a5df063a108be0,1.866114616394043,-1.258710265159607,-0.5404031276702881,1.4403555681215914,-1.258710265159607,-0.20376191818001943,unreviewed_scene_member
VAL_side,410380,17345,8,1979446,frame:971a20d523a5df063a108be0,1.9671506881713867,-1.292176365852356,-0.5045667290687561,1.5468758310482673,-1.292176365852356,-0.21584367512825642,unreviewed_scene_member
VAL_side,410381,17346,8,1979446,frame:971a20d523a5df063a108be0,1.8631190061569214,-1.2331715822219849,-0.5570639967918396,1.4303594871721164,-1.2331715822219849,-0.21742341905765938,unreviewed_scene_member
VAL_side,410384,17349,8,1979446,frame:971a20d523a5df063a108be0,2.0026988983154297,-1.3155272006988525,-0.4918537735939026,1.5843993435529147,-1.3155272006988525,-0.22000065608373487,unreviewed_scene_member
VAL_side,410385,17350,8,1979446,frame:971a20d523a5df063a108be0,1.8986485004425049,-1.2566879987716675,-0.5466278195381165,1.466868104094828,-1.2566879987716675,-0.22361855023069754,unreviewed_scene_member
VAL_side,410388,17353,8,1979446,frame:971a20d523a5df063a108be0,1.9720053672790527,-1.2708708047866821,-0.5029480457305908,1.5519487717981704,-1.2708708047866821,-0.21651696342879023,unreviewed_scene_member
VAL_side,410389,17354,8,1979446,frame:971a20d523a5df063a108be0,1.8671928644180298,-1.212569236755371,-0.5550969839096069,1.4348833284156006,-1.212569236755371,-0.21744134150789307,unreviewed_scene_member
VAL_side,410392,17357,8,1979446,frame:971a20d523a5df063a108be0,1.9914368391036987,-1.2833936214447021,-0.4863187372684479,1.576703472005851,-1.2833936214447021,-0.21008883657651345,unreviewed_scene_member
VAL_side,410393,17358,8,1979446,frame:971a20d523a5df063a108be0,1.8828691244125366,-1.2227495908737183,-0.538992166519165,1.4560329448351779,-1.2227495908737183,-0.2098384475917845,unreviewed_scene_member
VAL_side,410396,17361,8,1979446,frame:971a20d523a5df063a108be0,1.8312065601348877,-1.1706552505493164,-0.5823659300804138,1.390585133172976,-1.1706552505493164,-0.22617515049776515,unreviewed_scene_member
VAL_side,410397,17362,8,1979446,frame:971a20d523a5df063a108be0,1.9142284393310547,-1.214806318283081,-0.5275852084159851,1.4892189916850285,-1.214806318283081,-0.2133329604056129,unreviewed_scene_member
VAL_side,410400,17365,8,1979446,frame:971a20d523a5df063a108be0,1.8430689573287964,-1.1741645336151123,-0.5651587843894958,1.4087901013351916,-1.1741645336151123,-0.21590960305852702,unreviewed_scene_member
VAL_side,410401,17366,8,1979446,frame:971a20d523a5df063a108be0,1.941027045249939,-1.2318131923675537,-0.5138654112815857,1.5193197823375595,-1.2318131923675537,-0.21274942403379216,unreviewed_scene_member
VAL_side,410404,17369,8,1979446,frame:971a20d523a5df063a108be0,1.8328825235366821,-1.1493192911148071,-0.5796871185302734,1.393265792791591,-1.1493192911148071,-0.22450214462376272,unreviewed_scene_member
VAL_side,410405,17370,8,1979446,frame:971a20d523a5df063a108be0,1.9217162132263184,-1.1961629390716553,-0.5267518162727356,1.4963142933516869,-1.1961629390716553,-0.2158663365383917,unreviewed_scene_member
VAL_side,410408,17373,8,1979446,frame:971a20d523a5df063a108be0,1.8479118347167969,-1.1547034978866577,-0.563532292842865,1.4138558576630227,-1.1547034978866577,-0.21657069985439592,unreviewed_scene_member
VAL_side,410409,17374,8,1979446,frame:971a20d523a5df063a108be0,1.9594674110412598,-1.219660997390747,-0.5159098505973816,1.5349976501149714,-1.219660997390747,-0.2226706782180008,unreviewed_scene_member
VAL_side,410412,17377,8,1979446,frame:971a20d523a5df063a108be0,1.8562899827957153,-1.141997218132019,-0.5839799046516418,1.4124224442376558,-1.141997218132019,-0.2386216299904853,unreviewed_scene_member
VAL_side,410413,17378,8,1979446,frame:971a20d523a5df063a108be0,1.917579174041748,-1.1704952716827393,-0.5227980613708496,1.4943291592337515,-1.1704952716827393,-0.21049916656039902,unreviewed_scene_member
VAL_side,410416,17381,8,1979446,frame:971a20d523a5df063a108be0,1.8509176969528198,-1.1342438459396362,-0.5614089965820312,1.4174883005615901,-1.1342438459396362,-0.2159799770921247,unreviewed_scene_member
VAL_side,410417,17382,8,1979446,frame:971a20d523a5df063a108be0,1.9576458930969238,-1.1902673244476318,-0.5121203064918518,1.5350217074267238,-1.1902673244476318,-0.21846615762760702,unreviewed_scene_member
VAL_side,410420,17385,8,1979446,frame:971a20d523a5df063a108be0,1.8515084981918335,-1.1169012784957886,-0.5793871879577637,1.4101381888271882,-1.1169012784957886,-0.23239765868053075,unreviewed_scene_member
VAL_side,410421,17386,8,1979446,frame:971a20d523a5df063a108be0,1.920405626296997,-1.1493390798568726,-0.5208141803741455,1.4977392338805366,-1.1493390798568726,-0.2099551012484735,unreviewed_scene_member
VAL_side,410424,17389,8,1979446,frame:971a20d523a5df063a108be0,1.868538737297058,-1.122731328010559,-0.5678213238716125,1.430515007445068,-1.122731328010559,-0.22946789434624226,unreviewed_scene_member
VAL_side,410425,17390,8,1979446,frame:971a20d523a5df063a108be0,1.9597902297973633,-1.1682695150375366,-0.5141774415969849,1.5360472358112025,-1.1682695150375366,-0.22125511375100726,unreviewed_scene_member
VAL_side,410428,17393,8,1979446,frame:971a20d523a5df063a108be0,1.857589840888977,-1.094204068183899,-0.5817075967788696,1.4145868631609582,-1.094204068183899,-0.23714911348608503,unreviewed_scene_member
VAL_side,410429,17394,8,1979446,frame:971a20d523a5df063a108be0,1.932125210762024,-1.1335711479187012,-0.525412917137146,1.5062567731142251,-1.1335711479187012,-0.21922594615338076,unreviewed_scene_member
VAL_side,410432,17397,8,1979446,frame:971a20d523a5df063a108be0,1.8683857917785645,-1.1005632877349854,-0.5648346543312073,1.4316868106751455,-1.1005632877349854,-0.22671644664272472,unreviewed_scene_member
VAL_side,410433,17398,8,1979446,frame:971a20d523a5df063a108be0,1.9567662477493286,-1.143441915512085,-0.5107465386390686,1.534833307614497,-1.143441915512085,-0.21684581212073528,unreviewed_scene_member
VAL_side,410436,17401,8,1979446,frame:971a20d523a5df063a108be0,1.8576031923294067,-1.072487711906433,-0.5787587761878967,1.415891541220266,-1.072487711906433,-0.2345045839815667,unreviewed_scene_member
VAL_side,410437,17402,8,1979446,frame:971a20d523a5df063a108be0,1.9509750604629517,-1.121860384941101,-0.5278564691543579,1.5221277230990293,-1.121860384941101,-0.22968542638847045,unreviewed_scene_member
VAL_side,410440,17405,8,1979446,frame:971a20d523a5df063a108be0,1.8759524822235107,-1.0830817222595215,-0.5642432570457458,1.4387469585034875,-1.0830817222595215,-0.22950192105130363,unreviewed_scene_member
VAL_side,410441,17406,8,1979446,frame:971a20d523a5df063a108be0,1.946588397026062,-1.1148217916488647,-0.505531370639801,1.52797169515684,-1.1148217916488647,-0.20769677407913734,unreviewed_scene_member
VAL_side,410444,17409,8,1979446,frame:971a20d523a5df063a108be0,1.8431957960128784,-1.042829990386963,-0.5714128017425537,1.406162522430186,-1.042829990386963,-0.22158627904030537,unreviewed_scene_member
VAL_side,410445,17410,8,1979446,frame:971a20d523a5df063a108be0,1.9495766162872314,-1.0985299348831177,-0.5248643159866333,1.5221824834153141,-1.0985299348831177,-0.22638305935867353,unreviewed_scene_member
VAL_side,410448,17413,8,1979446,frame:971a20d523a5df063a108be0,1.8698536157608032,-1.0579122304916382,-0.5596106648445129,1.435296128393493,-1.0579122304916382,-0.22266460767653307,unreviewed_scene_member
VAL_side,410449,17414,8,1979446,frame:971a20d523a5df063a108be0,1.9719070196151733,-1.106582522392273,-0.5095792412757874,1.5489534527076776,-1.106582522392273,-0.2224339297264597,unreviewed_scene_member
VAL_side,410452,17417,8,1979446,frame:971a20d523a5df063a108be0,1.8587157726287842,-1.0303030014038086,-0.5734149813652039,1.4192340872340055,-1.0303030014038086,-0.23018933611201908,unreviewed_scene_member
VAL_side,410453,17418,8,1979446,frame:971a20d523a5df063a108be0,1.9598634243011475,-1.0819028615951538,-0.525071918964386,1.53133719805821,-1.0819028615951538,-0.231079091504931,unreviewed_scene_member
VAL_side,410456,17421,8,1979446,frame:971a20d523a5df063a108be0,1.863742709159851,-1.0330893993377686,-0.5590358972549438,1.4300556434504437,-1.0330893993377686,-0.21946916485444223,unreviewed_scene_member
VAL_side,410457,17422,8,1979446,frame:971a20d523a5df063a108be0,1.9484766721725464,-1.0711841583251953,-0.5010896325111389,1.5316159954534732,-1.0711841583251953,-0.2045323316352936,unreviewed_scene_member
VAL_side,410460,17425,8,1979446,frame:971a20d523a5df063a108be0,1.842287540435791,-1.000280499458313,-0.5695592761039734,1.4061587198847694,-1.000280499458313,-0.21952218819278113,unreviewed_scene_member
VAL_side,410461,17426,8,1979446,frame:971a20d523a5df063a108be0,1.9371607303619385,-1.0474189519882202,-0.5165209770202637,1.5146806381368687,-1.0474189519882202,-0.21344134981797147,unreviewed_scene_member
VAL_side,410464,17429,8,1979446,frame:971a20d523a5df063a108be0,1.8770115375518799,-1.0191340446472168,-0.5603267550468445,1.4414157125999874,-1.0191340446472168,-0.2264460516711826,unreviewed_scene_member
VAL_side,410465,17430,8,1979446,frame:971a20d523a5df063a108be0,1.9661149978637695,-1.0586439371109009,-0.5073274970054626,1.5447347177595387,-1.0586439371109009,-0.2178710201651135,unreviewed_scene_member
VAL_side,410469,17434,8,1979446,frame:971a20d523a5df063a108be0,1.9554229974746704,-1.0309776067733765,-0.5225552320480347,1.5284494117931755,-1.0309776067733765,-0.22687055328795958,unreviewed_scene_member
VAL_side,410473,17438,8,1979446,frame:971a20d523a5df063a108be0,1.9785351753234863,-1.0431632995605469,-0.5081639289855957,1.5555312316679692,-1.0431632995605469,-0.22406744768533104,unreviewed_scene_member
VAL_side,410477,17442,8,1979446,frame:971a20d523a5df063a108be0,1.9860341548919678,-1.0250686407089233,-0.5283249020576477,1.5534332809714604,-1.0250686407089233,-0.2454753465232722,unreviewed_scene_member
VAL_side,410481,17446,8,1979446,frame:971a20d523a5df063a108be0,1.9815422296524048,-1.0227502584457397,-0.5066246390342712,1.5589087344969024,-1.0227502584457397,-0.22400214889617764,unreviewed_scene_member
VAL_side,410524,17489,8,1979446,frame:971a20d523a5df063a108be0,1.8769333362579346,-1.195738434791565,-0.5548693537712097,1.4437377929982647,-1.195738434791565,-0.22150669070546924,unreviewed_scene_member
VAL_side,410525,17490,8,1979446,frame:971a20d523a5df063a108be0,1.9807299375534058,-1.2521655559539795,-0.5023670792579651,1.5600450425561285,-1.2521655559539795,-0.21981939409850493,unreviewed_scene_member
VAL_side,410528,17493,8,1979446,frame:971a20d523a5df063a108be0,1.9121167659759521,-1.2134662866592407,-0.5436970591545105,1.4802580617605918,-1.2134662866592407,-0.22688849925394017,unreviewed_scene_member
VAL_side,410529,17494,8,1979446,frame:971a20d523a5df063a108be0,1.999939203262329,-1.2643091678619385,-0.4856821298599243,1.5846244166108243,-1.2643091678619385,-0.2132438487545396,unreviewed_scene_member
VAL_side,410532,17497,8,1979446,frame:971a20d523a5df063a108be0,1.8691853284835815,-1.1679966449737549,-0.549544632434845,1.439108133938551,-1.1679966449737549,-0.21332435981676867,unreviewed_scene_member
VAL_side,410533,17498,8,1979446,frame:971a20d523a5df063a108be0,1.9944204092025757,-1.2365930080413818,-0.5030831098556519,1.572036069811186,-1.2365930080413818,-0.2264644658936037,unreviewed_scene_member
VAL_side,410536,17501,8,1979446,frame:971a20d523a5df063a108be0,1.8882722854614258,-1.17534601688385,-0.5380876064300537,1.4612858068607184,-1.17534601688385,-0.21139402427445897,unreviewed_scene_member
VAL_side,410537,17502,8,1979446,frame:971a20d523a5df063a108be0,2.0131969451904297,-1.2482349872589111,-0.49054786562919617,1.5944073979540239,-1.2482349872589111,-0.2234289546276813,unreviewed_scene_member
VAL_side,410540,17505,8,1979446,frame:971a20d523a5df063a108be0,1.8877596855163574,-1.1568206548690796,-0.5561226010322571,1.452919063815855,-1.1568206548690796,-0.2273790610221933,unreviewed_scene_member
VAL_side,410541,17506,8,1979446,frame:971a20d523a5df063a108be0,1.9787684679031372,-1.2031100988388062,-0.5006968975067139,1.5590142448021127,-1.2031100988388062,-0.2174583929842624,unreviewed_scene_member
VAL_side,410544,17509,8,1979446,frame:971a20d523a5df063a108be0,1.8872123956680298,-1.1519593000411987,-0.534900426864624,1.4617303517858007,-1.1519593000411987,-0.20806478115236327,unreviewed_scene_member
VAL_side,410545,17510,8,1979446,frame:971a20d523a5df063a108be0,2.0010619163513184,-1.2166646718978882,-0.4849852919578552,1.5859389780811661,-1.2166646718978882,-0.21310970002125984,unreviewed_scene_member
VAL_side,410548,17513,8,1979446,frame:971a20d523a5df063a108be0,1.8882707357406616,-1.1345875263214111,-0.5533352494239807,1.4546002872358437,-1.1345875263214111,-0.22509783566462715,unreviewed_scene_member
VAL_side,410549,17514,8,1979446,frame:971a20d523a5df063a108be0,1.9849271774291992,-1.1832541227340698,-0.4996233880519867,1.565020251827781,-1.1832541227340698,-0.2191933296353885,unreviewed_scene_member
VAL_side,410552,17517,8,1979446,frame:971a20d523a5df063a108be0,1.899492621421814,-1.1368229389190674,-0.535548746585846,1.4724835409208339,-1.1368229389190674,-0.2140307837044111,unreviewed_scene_member
VAL_side,410553,17518,8,1979446,frame:971a20d523a5df063a108be0,2.0083281993865967,-1.1972038745880127,-0.4841957688331604,1.592815974169588,-1.1972038745880127,-0.21558541016443766,unreviewed_scene_member
VAL_side,410556,17521,8,1979446,frame:971a20d523a5df063a108be0,1.8775919675827026,-1.10598623752594,-0.5473567247390747,1.4476230867158904,-1.10598623752594,-0.21504310942848193,unreviewed_scene_member
VAL_side,410557,17522,8,1979446,frame:971a20d523a5df063a108be0,1.9823434352874756,-1.1583880186080933,-0.49640953540802,1.5641068600427743,-1.1583880186080933,-0.21517210000763387,unreviewed_scene_member
VAL_side,410560,17525,8,1979446,frame:971a20d523a5df063a108be0,1.8980743885040283,-1.1135936975479126,-0.5323886871337891,1.4725941205039823,-1.1135936975479126,-0.21056882869236726,unreviewed_scene_member
VAL_side,410564,17529,8,1979446,frame:971a20d523a5df063a108be0,1.9038413763046265,-1.0991833209991455,-0.5521915555000305,1.4690964486888174,-1.0991833209991455,-0.23089560993525793,unreviewed_scene_member
VAL_side,410565,17530,8,1979446,frame:971a20d523a5df063a108be0,1.9701881408691406,-1.1283373832702637,-0.49088120460510254,1.5556052145024657,-1.1283373832702637,-0.20487473884227492,unreviewed_scene_member
VAL_side,410568,17533,8,1979446,frame:971a20d523a5df063a108be0,1.9128535985946655,-1.0999395847320557,-0.5378996729850769,1.4834617293548842,-1.0999395847320557,-0.22200084924081298,unreviewed_scene_member
VAL_side,410572,17537,8,1979446,frame:971a20d523a5df063a108be0,1.8880139589309692,-1.0638412237167358,-0.5483624935150146,1.4565494104785803,-1.0638412237167358,-0.22051578871541566,unreviewed_scene_member
VAL_side,410573,17538,8,1979446,frame:971a20d523a5df063a108be0,1.9990941286087036,-1.1218392848968506,-0.4956251382827759,1.5795061405386086,-1.1218392848968506,-0.22181010918226907,unreviewed_scene_member
VAL_side,410576,17541,8,1979446,frame:971a20d523a5df063a108be0,1.9291244745254517,-1.087005853652954,-0.5397869944572449,1.4972585484914331,-1.087005853652954,-0.23082984508449167,unreviewed_scene_member
VAL_side,410577,17542,8,1979446,frame:971a20d523a5df063a108be0,2.012502908706665,-1.1293638944625854,-0.48211050033569336,1.597482299594093,-1.1293638944625854,-0.21554125536612823,unreviewed_scene_member
VAL_side,410580,17545,8,1979446,frame:971a20d523a5df063a108be0,1.9041657447814941,-1.0511560440063477,-0.5503684282302856,1.4701871955366137,-1.0511560440063477,-0.2293991877807524,unreviewed_scene_member
VAL_side,410581,17546,8,1979446,frame:971a20d523a5df063a108be0,1.9749327898025513,-1.0857285261154175,-0.49138617515563965,1.5596483121962612,-1.0857285261154175,-0.2074085205607048,unreviewed_scene_member
VAL_side,410584,17549,8,1979446,frame:971a20d523a5df063a108be0,1.9419753551483154,-1.0720280408859253,-0.5407444834709167,1.5083891079280032,-1.0720280408859253,-0.23732388578527108,unreviewed_scene_member
VAL_side,410588,17553,8,1979446,frame:971a20d523a5df063a108be0,1.891414999961853,-1.0226842164993286,-0.5440827012062073,1.4614823833707888,-1.0226842164993286,-0.21816005512584802,unreviewed_scene_member
VAL_side,410589,17554,8,1979446,frame:971a20d523a5df063a108be0,1.9961107969284058,-1.074794888496399,-0.494302898645401,1.5774043714923873,-1.074794888496399,-0.21931388153847142,unreviewed_scene_member
VAL_side,410592,17557,8,1979446,frame:971a20d523a5df063a108be0,1.9575178623199463,-1.058426022529602,-0.5424796342849731,1.5215979807862172,-1.058426022529602,-0.24569681569918145,unreviewed_scene_member
VAL_side,410596,17561,8,1979446,frame:971a20d523a5df063a108be0,1.920569896697998,-1.0168894529342651,-0.5498956441879272,1.4851384044965867,-1.0168894529342651,-0.23616535918603554,unreviewed_scene_member
VAL_side,410597,17562,8,1979446,frame:971a20d523a5df063a108be0,1.9864226579666138,-1.0473217964172363,-0.4896218478679657,1.5707487674712919,-1.0473217964172363,-0.21085958038235586,unreviewed_scene_member
VAL_side,410600,17565,8,1979446,frame:971a20d523a5df063a108be0,1.958728313446045,-1.0370932817459106,-0.5402863621711731,1.5236473942634379,-1.0370932817459106,-0.24425614262966389,unreviewed_scene_member
VAL_side,410604,17569,8,1979446,frame:971a20d523a5df063a108be0,1.9331340789794922,-1.0020415782928467,-0.5509682893753052,1.4959608000269227,-1.0020415782928467,-0.24263722128944787,unreviewed_scene_member
VAL_side,410605,17570,8,1979446,frame:971a20d523a5df063a108be0,1.993080973625183,-1.0287058353424072,-0.4890316128730774,1.5769919639351788,-1.0287058353424072,-0.2132478941539635,unreviewed_scene_member
VAL_side,410608,17573,8,1979446,frame:971a20d523a5df063a108be0,1.9536720514297485,-1.0126873254776,-0.5405041575431824,1.5190073808596691,-1.0126873254776,-0.24223537643478754,unreviewed_scene_member
VAL_side,410613,17578,8,1979446,frame:971a20d523a5df063a108be0,1.9937626123428345,-1.0071219205856323,-0.4870237708091736,1.5784847967844555,-1.0071219205856323,-0.2117420684073703,unreviewed_scene_member
VAL_side,412229,19194,8,1979446,frame:971a20d523a5df063a108be0,1.9265167713165283,-1.4943596124649048,-0.46951374411582947,1.5257205257135,-1.4943596124649048,-0.16652552421735534,unreviewed_scene_member
VAL_side,412237,19202,8,1979446,frame:971a20d523a5df063a108be0,1.9368922710418701,-1.4755165576934814,-0.4732951521873474,1.5333883029012272,-1.4755165576934814,-0.17447255099177106,unreviewed_scene_member
VAL_side,412241,19206,8,1979446,frame:971a20d523a5df063a108be0,1.9749218225479126,-1.4990472793579102,-0.45953091979026794,1.5736028797188646,-1.4990472793579102,-0.17877239896697605,unreviewed_scene_member
VAL_side,412245,19210,8,1979446,frame:971a20d523a5df063a108be0,1.929770827293396,-1.4436529874801636,-0.46845853328704834,1.5291078258329498,-1.4436529874801636,-0.1670035912571517,unreviewed_scene_member
VAL_side,412249,19214,8,1979446,frame:971a20d523a5df063a108be0,1.977783441543579,-1.4741942882537842,-0.45718589425086975,1.5772028773699018,-1.4741942882537842,-0.17791915517454915,unreviewed_scene_member
VAL_side,412253,19218,8,1979446,frame:971a20d523a5df063a108be0,1.9406801462173462,-1.4255712032318115,-0.4680689573287964,1.5390838355905556,-1.4255712032318115,-0.17143577335267346,unreviewed_scene_member
VAL_side,412257,19222,8,1979446,frame:971a20d523a5df063a108be0,1.9889236688613892,-1.4556721448898315,-0.45680713653564453,1.5873816838115475,-1.4556721448898315,-0.18246228421991417,unreviewed_scene_member
VAL_side,412261,19226,8,1979446,frame:971a20d523a5df063a108be0,2.007249355316162,-1.4476739168167114,-0.4810592532157898,1.5932212734903048,-1.4476739168167114,-0.21229339448905749,unreviewed_scene_member
VAL_side,412265,19230,8,1979446,frame:971a20d523a5df063a108be0,1.9960525035858154,-1.4343092441558838,-0.459990918636322,1.592393359808312,-1.4343092441558838,-0.1884489240701337,unreviewed_scene_member
VAL_side,412293,19258,8,1979446,frame:971a20d523a5df063a108be0,2.0020742416381836,-1.3402718305587769,-0.4726818799972534,1.5922423108325061,-1.3402718305587769,-0.20249524079883163,unreviewed_scene_member
VAL_side,412301,19266,8,1979446,frame:971a20d523a5df063a108be0,2.0056264400482178,-1.3174502849578857,-0.47078821063041687,1.5962651356266977,-1.3174502849578857,-0.2023504033368888,unreviewed_scene_member
VAL_side,416032,22997,8,1979446,frame:971a20d523a5df063a108be0,1.3394845724105835,-1.4772456884384155,-0.038637030869722366,1.1869833992613328,-1.4772456884384155,0.478081878573712,unreviewed_scene_member
VAL_side,416160,23125,8,1979446,frame:971a20d523a5df063a108be0,1.2274000644683838,-1.3536337614059448,-0.007016162853688002,1.1001041870151669,-1.3536337614059448,0.555637140769247,unreviewed_scene_member
VAL_side,416164,23129,8,1979446,frame:971a20d523a5df063a108be0,1.2436480522155762,-1.3477286100387573,-0.02112545445561409,1.1085226753267674,-1.3477286100387573,0.5358331444581853,unreviewed_scene_member
VAL_side,416168,23133,8,1979446,frame:971a20d523a5df063a108be0,1.2273260354995728,-1.330040454864502,-0.006949125789105892,1.100067037333624,-1.330040454864502,0.5557298454477281,unreviewed_scene_member
VAL_side,416176,23141,8,1979446,frame:971a20d523a5df063a108be0,1.233572244644165,-1.313620924949646,-0.006919320207089186,1.1056941588318927,-1.313620924949646,0.5530184766615919,unreviewed_scene_member
VAL_side,416184,23149,8,1979446,frame:971a20d523a5df063a108be0,1.4006109237670898,-1.4656556844711304,-0.0077842287719249725,1.2554483781698196,-1.4656556844711304,0.47901616466767505,unreviewed_scene_member
VAL_side,417932,24897,8,1979446,frame:971a20d523a5df063a108be0,1.2689419984817505,-1.4495007991790771,0.06693699210882187,1.1698607593277195,-1.4495007991790771,0.6038950109013148,unreviewed_scene_member
VAL_side,417940,24905,8,1979446,frame:971a20d523a5df063a108be0,1.2193756103515625,-1.368597149848938,0.06368990242481232,1.1238873543512469,-1.368597149848938,0.6227050204323507,unreviewed_scene_member
VAL_side,418041,25006,8,1979446,frame:971a20d523a5df063a108be0,1.2146044969558716,-1.4629982709884644,0.05078832432627678,1.1139434264505377,-1.4629982709884644,0.613200677300253,unreviewed_scene_member
VAL_side,418049,25014,8,1979446,frame:971a20d523a5df063a108be0,1.2124598026275635,-1.4347524642944336,0.0505012683570385,1.1118899509026952,-1.4347524642944336,0.6138828452163594,unreviewed_scene_member
VAL_side,418057,25022,8,1979446,frame:971a20d523a5df063a108be0,1.2102230787277222,-1.4070141315460205,0.04989476129412651,1.1096137215815984,-1.4070141315460205,0.6143182355001996,unreviewed_scene_member
VAL_side,418080,25045,8,1979446,frame:971a20d523a5df063a108be0,1.277255654335022,-1.4086167812347412,0.08102499693632126,1.1835087985438213,-1.4086167812347412,0.6129127589140968,unreviewed_scene_member
VAL_side,418084,25049,8,1979446,frame:971a20d523a5df063a108be0,1.1965652704238892,-1.2967053651809692,0.06161525472998619,1.1024760909410294,-1.2967053651809692,0.6308397343088155,unreviewed_scene_member
VAL_side,418088,25053,8,1979446,frame:971a20d523a5df063a108be0,1.2287685871124268,-1.331603765487671,0.07752582430839539,1.1383949748839284,-1.331603765487671,0.6310230546519522,unreviewed_scene_member
VAL_side,418092,25057,8,1979446,frame:971a20d523a5df063a108be0,1.1944684982299805,-1.271979808807373,0.061238281428813934,1.100426270358355,-1.271979808807373,0.6314200773813072,unreviewed_scene_member
VAL_side,418093,25058,8,1979446,frame:971a20d523a5df063a108be0,1.257452368736267,-1.3390507698059082,0.007053268142044544,1.1332826517689807,-1.3390507698059082,0.5551085984974621,unreviewed_scene_member
VAL_side,418096,25061,8,1979446,frame:971a20d523a5df063a108be0,1.229996681213379,-1.309813380241394,0.07687920331954956,1.1392153185657412,-1.309813380241394,0.6299035145375662,unreviewed_scene_member
VAL_side,418097,25062,8,1979446,frame:971a20d523a5df063a108be0,1.2381535768508911,-1.3184995651245117,0.021151594817638397,1.1221173121542252,-1.3184995651245117,0.5762401241067027,unreviewed_scene_member
VAL_side,418101,25066,8,1979446,frame:971a20d523a5df063a108be0,1.2735600471496582,-1.3327044248580933,0.007078112568706274,1.1477710283064453,-1.3327044248580933,0.5480697870620415,unreviewed_scene_member
VAL_side,418104,25069,8,1979446,frame:971a20d523a5df063a108be0,1.2496304512023926,-1.3076636791229248,0.07770641893148422,1.1572246615947195,-1.3076636791229248,0.622040132738702,unreviewed_scene_member
VAL_side,418105,25070,8,1979446,frame:971a20d523a5df063a108be0,1.287994623184204,-1.3478094339370728,0.02180127613246441,1.1671989494029555,-1.3478094339370728,0.554975177166158,unreviewed_scene_member
VAL_side,418108,25073,8,1979446,frame:971a20d523a5df063a108be0,1.2138779163360596,-1.2482579946517944,0.06141126528382301,1.1179471709251265,-1.2482579946517944,0.6230670253666248,unreviewed_scene_member
VAL_side,418109,25074,8,1979446,frame:971a20d523a5df063a108be0,1.2840971946716309,-1.3204660415649414,0.007072361186146736,1.1572392325240022,-1.3204660415649414,0.5434454363105461,unreviewed_scene_member
VAL_side,418112,25077,8,1979446,frame:971a20d523a5df063a108be0,1.2530759572982788,-1.2885662317276,0.07753275334835052,1.1602453319793533,-1.2885662317276,0.6203736326880118,unreviewed_scene_member
VAL_side,418113,25078,8,1979446,frame:971a20d523a5df063a108be0,1.291074275970459,-1.3276407718658447,0.0216564629226923,1.169903441059072,-1.3276407718658447,0.5534949889917666,unreviewed_scene_member
VAL_side,418116,25081,8,1979446,frame:971a20d523a5df063a108be0,1.2947728633880615,-1.3084031343460083,0.06492369621992111,1.192194816088627,-1.3084031343460083,0.590761966671399,unreviewed_scene_member
VAL_side,418120,25085,8,1979446,frame:971a20d523a5df063a108be0,1.2486135959625244,-1.2617579698562622,0.07657243311405182,1.1558136114959474,-1.2617579698562622,0.6214666730350256,unreviewed_scene_member
VAL_side,418121,25086,8,1979446,frame:971a20d523a5df063a108be0,1.3040745258331299,-1.3178026676177979,0.021680798381567,1.1815986561990568,-1.3178026676177979,0.5478179271164736,unreviewed_scene_member
VAL_side,418124,25089,8,1979446,frame:971a20d523a5df063a108be0,1.3215709924697876,-1.3123767375946045,0.06601611524820328,1.2167596999414412,-1.3123767375946045,0.5799962998127249,unreviewed_scene_member
VAL_side,418128,25093,8,1979446,frame:971a20d523a5df063a108be0,1.2816166877746582,-1.272700309753418,0.07822810858488083,1.1862023942810158,-1.272700309753418,0.6084871810855399,unreviewed_scene_member
VAL_side,418129,25094,8,1979446,frame:971a20d523a5df063a108be0,1.3319346904754639,-1.322668194770813,0.02195124700665474,1.2067577631824284,-1.322668194770813,0.5358479124065398,unreviewed_scene_member
VAL_side,418132,25097,8,1979446,frame:971a20d523a5df063a108be0,1.3651691675186157,-1.3322128057479858,0.06761063635349274,1.256644472150342,-1.3322128057479858,0.5623172638947918,unreviewed_scene_member
VAL_side,418136,25101,8,1979446,frame:971a20d523a5df063a108be0,1.3455452919006348,-1.3130625486373901,0.08175643533468246,1.2452077597012172,-1.3130625486373901,0.5836339646583304,unreviewed_scene_member
VAL_side,418140,25105,8,1979446,frame:971a20d523a5df063a108be0,1.3840471506118774,-1.3272535800933838,0.06830445677042007,1.273916041812536,-1.3272535800933838,0.5546653024570688,unreviewed_scene_member
VAL_side,418144,25109,8,1979446,frame:971a20d523a5df063a108be0,1.3796815872192383,-1.3230671882629395,0.08312587440013885,1.27648958126987,-1.3230671882629395,0.5699004414111852,unreviewed_scene_member
VAL_side,418148,25113,8,1979446,frame:971a20d523a5df063a108be0,1.3849371671676636,-1.3050987720489502,0.06778371334075928,1.274487704499541,-1.3050987720489502,0.5538071037846191,unreviewed_scene_member
VAL_side,418152,25117,8,1979446,frame:971a20d523a5df063a108be0,1.397482991218567,-1.316921353340149,0.0838385671377182,1.2928018011329137,-1.316921353340149,0.5627373835149209,unreviewed_scene_member
VAL_side,418156,25121,8,1979446,frame:971a20d523a5df063a108be0,1.419033408164978,-1.3140394687652588,0.06922660768032074,1.3057657261554378,-1.3140394687652588,0.5401571603592661,unreviewed_scene_member
VAL_side,418160,25125,8,1979446,frame:971a20d523a5df063a108be0,1.3851218223571777,-1.2826370000839233,0.08242233097553253,1.2810708190844569,-1.2826370000839233,0.5668832586536153,unreviewed_scene_member
VAL_side,418164,25129,8,1979446,frame:971a20d523a5df063a108be0,1.5534636974334717,-1.4135431051254272,0.0751800388097763,1.429200682223784,-1.4135431051254272,0.486577708743656,unreviewed_scene_member
VAL_side,418168,25133,8,1979446,frame:971a20d523a5df063a108be0,1.423203945159912,-1.2950159311294556,0.08434920758008957,1.316143491436849,-1.2950159311294556,0.5519210200285473,unreviewed_scene_member
VAL_side,418176,25141,8,1979446,frame:971a20d523a5df063a108be0,1.478456735610962,-1.3218928575515747,0.08693686127662659,1.366938723254112,-1.3218928575515747,0.5300255586515555,unreviewed_scene_member
VAL_side,418220,25185,8,1979446,frame:971a20d523a5df063a108be0,1.2810043096542358,-1.364130973815918,0.0947967991232872,1.1929152283444109,-1.364130973815918,0.623647470395351,unreviewed_scene_member
VAL_side,418228,25193,8,1979446,frame:971a20d523a5df063a108be0,1.2515813112258911,-1.309705138206482,0.09208714216947556,1.1652821771064976,-1.309705138206482,0.6341102404207586,unreviewed_scene_member
VAL_side,418229,25194,8,1979446,frame:971a20d523a5df063a108be0,1.2686538696289062,-1.3275705575942993,0.03589961305260658,1.1559958993800157,-1.3275705575942993,0.5761251067685025,unreviewed_scene_member
VAL_side,418232,25197,8,1979446,frame:971a20d523a5df063a108be0,1.4136731624603271,-1.4793245792388916,0.12013228982686996,1.32326355149006,-1.4793245792388916,0.5882606614520015,unreviewed_scene_member
VAL_side,418233,25198,8,1979446,frame:971a20d523a5df063a108be0,1.214174509048462,-1.2705610990524292,0.04816845431923866,1.1124084804599537,-1.2705610990524292,0.611034448027926,unreviewed_scene_member
VAL_side,418236,25201,8,1979446,frame:971a20d523a5df063a108be0,1.2539772987365723,-1.289493203163147,0.09174671024084091,1.1672864408811456,-1.289493203163147,0.632753930437382,unreviewed_scene_member
VAL_side,418237,25202,8,1979446,frame:971a20d523a5df063a108be0,1.2930959463119507,-1.3297196626663208,0.03626150265336037,1.1781229343412174,-1.3297196626663208,0.5657356698016247,unreviewed_scene_member
VAL_side,418240,25205,8,1979446,frame:971a20d523a5df063a108be0,1.296404480934143,-1.3331218957901,0.10917413234710693,1.2130594186558736,-1.3331218957901,0.6298187411538582,unreviewed_scene_member
VAL_side,418241,25206,8,1979446,frame:971a20d523a5df063a108be0,1.2484195232391357,-1.2837778329849243,0.049080684781074524,1.1435875908436526,-1.2837778329849243,0.5968423291933028,unreviewed_scene_member
VAL_side,418244,25209,8,1979446,frame:971a20d523a5df063a108be0,1.279953956604004,-1.2934281826019287,0.09281789511442184,1.1911036828565986,-1.2934281826019287,0.6223292877251487,unreviewed_scene_member
VAL_side,418245,25210,8,1979446,frame:971a20d523a5df063a108be0,1.3051053285598755,-1.3188444375991821,0.03627414628863335,1.1889224382102772,-1.3188444375991821,0.5604824671574805,unreviewed_scene_member
VAL_side,418248,25213,8,1979446,frame:971a20d523a5df063a108be0,1.2867487668991089,-1.3002945184707642,0.10772167891263962,1.2037442066906923,-1.3002945184707642,0.6327460710890376,unreviewed_scene_member
VAL_side,418249,25214,8,1979446,frame:971a20d523a5df063a108be0,1.310985803604126,-1.32478666305542,0.05108396336436272,1.2006999706646844,-1.32478666305542,0.5712156119831131,unreviewed_scene_member
VAL_side,418252,25217,8,1979446,frame:971a20d523a5df063a108be0,1.2958455085754395,-1.286830186843872,0.093471959233284,1.2056736379928377,-1.286830186843872,0.6159507587991035,unreviewed_scene_member
VAL_side,418253,25218,8,1979446,frame:971a20d523a5df063a108be0,1.3438212871551514,-1.3344720602035522,0.03735578805208206,1.2241942718327343,-1.3344720602035522,0.5444826811662472,unreviewed_scene_member
VAL_side,418256,25221,8,1979446,frame:971a20d523a5df063a108be0,1.3132991790771484,-1.3041623830795288,0.10931158810853958,1.2283045294006003,-1.3041623830795288,0.6225361373742588,unreviewed_scene_member
VAL_side,418257,25222,8,1979446,frame:971a20d523a5df063a108be0,1.342428207397461,-1.3330888748168945,0.05218430981040001,1.2294425761288827,-1.3330888748168945,0.5584211542089884,unreviewed_scene_member
VAL_side,418260,25225,8,1979446,frame:971a20d523a5df063a108be0,1.3099805116653442,-1.2783563137054443,0.09400355815887451,1.2186111322451074,-1.2783563137054443,0.6102321792340546,unreviewed_scene_member
VAL_side,418261,25226,8,1979446,frame:971a20d523a5df063a108be0,1.3228729963302612,-1.2909376621246338,0.03645890951156616,1.2049729070848432,-1.2909376621246338,0.5528596983459563,unreviewed_scene_member
VAL_side,418264,25229,8,1979446,frame:971a20d523a5df063a108be0,1.3421794176101685,-1.3097779750823975,0.11108827590942383,1.2550407645185382,-1.3097779750823975,0.6114727505065638,unreviewed_scene_member
VAL_side,418265,25230,8,1979446,frame:971a20d523a5df063a108be0,1.357592225074768,-1.3248186111450195,0.052322354167699814,1.243132419598439,-1.3248186111450195,0.5518977598363237,unreviewed_scene_member
VAL_side,418268,25233,8,1979446,frame:971a20d523a5df063a108be0,1.3642555475234985,-1.3082740306854248,0.09707532823085785,1.268739786706218,-1.3082740306854248,0.5892004581751958,unreviewed_scene_member
VAL_side,418269,25234,8,1979446,frame:971a20d523a5df063a108be0,1.5430625677108765,-1.4797439575195312,0.04216991364955902,1.4053815223321946,-1.4797439575195312,0.4614679599464584,unreviewed_scene_member
VAL_side,418272,25237,8,1979446,frame:971a20d523a5df063a108be0,1.3699471950531006,-1.3137321472167969,0.11276578158140182,1.2807336476483762,-1.3137321472167969,0.6008078901757288,unreviewed_scene_member
VAL_side,418273,25238,8,1979446,frame:971a20d523a5df063a108be0,1.3559855222702026,-1.30034339427948,0.05214925482869148,1.241612442927774,-1.30034339427948,0.5524465113319913,unreviewed_scene_member
VAL_side,418276,25241,8,1979446,frame:971a20d523a5df063a108be0,1.3999830484390259,-1.319277286529541,0.09913120418787003,1.3017526885191737,-1.319277286529541,0.5753863616970405,unreviewed_scene_member
VAL_side,418280,25245,8,1979446,frame:971a20d523a5df063a108be0,1.3882278203964233,-1.3081997632980347,0.11332648247480392,1.2974099599632267,-1.3081997632980347,0.5932981461046992,unreviewed_scene_member
VAL_side,418281,25246,8,1979446,frame:971a20d523a5df063a108be0,1.4112167358398438,-1.329863429069519,0.05382498353719711,1.2919885199697003,-1.329863429069519,0.5297408758873327,unreviewed_scene_member
VAL_side,418284,25249,8,1979446,frame:971a20d523a5df063a108be0,1.4121578931808472,-1.3076726198196411,0.09951825439929962,1.3128650381327887,-1.3076726198196411,0.570397139471241,unreviewed_scene_member
VAL_side,418288,25253,8,1979446,frame:971a20d523a5df063a108be0,1.4172033071517944,-1.3123446702957153,0.11509088426828384,1.3242264177851792,-1.3123446702957153,0.5821819625742348,unreviewed_scene_member
VAL_side,418292,25257,8,1979446,frame:971a20d523a5df063a108be0,1.4170989990234375,-1.2894607782363892,0.09906966984272003,1.3171094281197433,-1.2894607782363892,0.567827916107903,unreviewed_scene_member
VAL_side,418296,25261,8,1979446,frame:971a20d523a5df063a108be0,1.450879454612732,-1.320198655128479,0.11722921580076218,1.3554317214714702,-1.320198655128479,0.5693412308427509,unreviewed_scene_member
VAL_side,418300,25265,8,1979446,frame:971a20d523a5df063a108be0,1.4277805089950562,-1.2765830755233765,0.09936898201704025,1.326841115508824,-1.2765830755233765,0.5634144703324694,unreviewed_scene_member
VAL_side,418304,25269,8,1979446,frame:971a20d523a5df063a108be0,1.4347337484359741,-1.2828000783920288,0.11535286158323288,1.340097517336384,-1.2828000783920288,0.574732586575712,unreviewed_scene_member
VAL_side,418308,25273,8,1979446,frame:971a20d523a5df063a108be0,1.4800035953521729,-1.3002148866653442,0.10255470126867294,1.3751754420076538,-1.3002148866653442,0.5433846815737833,unreviewed_scene_member
VAL_side,418312,25277,8,1979446,frame:971a20d523a5df063a108be0,1.4575755596160889,-1.2805113792419434,0.1166263073682785,1.361185843120925,-1.2805113792419434,0.5658639611038294,unreviewed_scene_member
VAL_side,418316,25281,8,1979446,frame:971a20d523a5df063a108be0,1.554522156715393,-1.3418275117874146,0.10690286755561829,1.4440583919413332,-1.3418275117874146,0.5146260003429414,unreviewed_scene_member
VAL_side,418320,25285,8,1979446,frame:971a20d523a5df063a108be0,1.518155813217163,-1.3104369640350342,0.12055394053459167,1.4173567754361476,-1.3104369640350342,0.5428374591658828,unreviewed_scene_member
VAL_side,418328,25293,8,1979446,frame:971a20d523a5df063a108be0,1.5361632108688354,-1.302761197090149,0.12142927944660187,1.4339254405574995,-1.302761197090149,0.5357302850092409,unreviewed_scene_member
VAL_side,420057,27022,8,1979446,frame:971a20d523a5df063a108be0,1.1475772857666016,-1.4901593923568726,0.16388948261737823,1.103280052556828,-1.4901593923568726,0.7442381204369485,unreviewed_scene_member
VAL_side,420157,27122,8,1979446,frame:971a20d523a5df063a108be0,1.404107689857483,-1.4438755512237549,0.13412442803382874,1.3207999113364015,-1.4438755512237549,0.6050299391618994,unreviewed_scene_member
VAL_side,420161,27126,8,1979446,frame:971a20d523a5df063a108be0,1.4321142435073853,-1.4778273105621338,0.1532890349626541,1.354373245731443,-1.4778273105621338,0.609977708728074,unreviewed_scene_member
VAL_side,420165,27130,8,1979446,frame:971a20d523a5df063a108be0,1.359695553779602,-1.3740092515945435,0.12907063961029053,1.2786671128193179,-1.3740092515945435,0.6199566232393808,unreviewed_scene_member
VAL_side,420169,27134,8,1979446,frame:971a20d523a5df063a108be0,1.4065018892288208,-1.426278829574585,0.14956118166446686,1.3297188308687766,-1.426278829574585,0.6178548534952489,unreviewed_scene_member
VAL_side,420173,27138,8,1979446,frame:971a20d523a5df063a108be0,1.329656720161438,-1.3204060792922974,0.12544909119606018,1.2500808056740427,-1.3204060792922974,0.6298697550276873,unreviewed_scene_member
VAL_side,420177,27142,8,1979446,frame:971a20d523a5df063a108be0,1.4092580080032349,-1.4043474197387695,0.1488945633172989,1.3319037877647948,-1.4043474197387695,0.6160474979458339,unreviewed_scene_member
VAL_side,420181,27146,8,1979446,frame:971a20d523a5df063a108be0,1.3156845569610596,-1.283922791481018,0.12339134514331818,1.2366206520786809,-1.283922791481018,0.6341452583319612,unreviewed_scene_member
VAL_side,420185,27150,8,1979446,frame:971a20d523a5df063a108be0,1.3764747381210327,-1.347943663597107,0.14452065527439117,1.300520984891733,-1.347943663597107,0.6264874950515651,unreviewed_scene_member
VAL_side,420188,27153,8,1979446,frame:971a20d523a5df063a108be0,1.5032685995101929,-1.4466276168823242,0.20676714181900024,1.4417696163057432,-1.4466276168823242,0.6268514961379195,unreviewed_scene_member
VAL_side,420189,27154,8,1979446,frame:971a20d523a5df063a108be0,1.3449541330337524,-1.2897647619247437,0.12540271878242493,1.2638097009593143,-1.2897647619247437,0.6231221313546569,unreviewed_scene_member
VAL_side,420193,27158,8,1979446,frame:971a20d523a5df063a108be0,1.3759056329727173,-1.3240635395050049,0.14357741177082062,1.2995959858363475,-1.3240635395050049,0.625889192682856,unreviewed_scene_member
VAL_side,420196,27161,8,1979446,frame:971a20d523a5df063a108be0,1.5191129446029663,-1.4365538358688354,0.2075827270746231,1.4563679483864491,-1.4365538358688354,0.6206388355814817,unreviewed_scene_member
VAL_side,420197,27162,8,1979446,frame:971a20d523a5df063a108be0,1.4047785997390747,-1.3237965106964111,0.13023704290390015,1.3196988036661619,-1.3237965106964111,0.6012418730172622,unreviewed_scene_member
VAL_side,420200,27165,8,1979446,frame:971a20d523a5df063a108be0,1.5734835863113403,-1.4879696369171143,0.23258480429649353,1.5161961467112612,-1.4879696369171143,0.6192760331762529,unreviewed_scene_member
VAL_side,420201,27166,8,1979446,frame:971a20d523a5df063a108be0,1.3599637746810913,-1.2860538959503174,0.14106588065624237,1.284166555741995,-1.2860538959503174,0.6306202941712271,unreviewed_scene_member
VAL_side,420204,27169,8,1979446,frame:971a20d523a5df063a108be0,1.5357023477554321,-1.427062749862671,0.20887893438339233,1.4718466250559636,-1.427062749862671,0.6145315433088803,unreviewed_scene_member
VAL_side,420205,27170,8,1979446,frame:971a20d523a5df063a108be0,1.4112919569015503,-1.3068708181381226,0.1301158368587494,1.3254998370722044,-1.3068708181381226,0.5982776658967439,unreviewed_scene_member
VAL_side,420208,27173,8,1979446,frame:971a20d523a5df063a108be0,1.573144555091858,-1.4618562459945679,0.2310192883014679,1.515205150427625,-1.4618562459945679,0.6180175782250196,unreviewed_scene_member
VAL_side,420209,27174,8,1979446,frame:971a20d523a5df063a108be0,1.3712117671966553,-1.274208664894104,0.14140236377716064,1.2944236889393934,-1.274208664894104,0.6259919278188659,unreviewed_scene_member
VAL_side,420212,27177,8,1979446,frame:971a20d523a5df063a108be0,1.5134258270263672,-1.3819477558135986,0.20456211268901825,1.4499322507757733,-1.3819477558135986,0.6204169936095125,unreviewed_scene_member
VAL_side,420213,27178,8,1979446,frame:971a20d523a5df063a108be0,1.4293898344039917,-1.3006446361541748,0.1310717761516571,1.342185157826143,-1.3006446361541748,0.5912032711266393,unreviewed_scene_member
VAL_side,420216,27181,8,1979446,frame:971a20d523a5df063a108be0,1.5757510662078857,-1.4388585090637207,0.22992609441280365,1.5170686424416866,-1.4388585090637207,0.615892402799386,unreviewed_scene_member
VAL_side,420217,27182,8,1979446,frame:971a20d523a5df063a108be0,1.4468001127243042,-1.3211101293563843,0.14834654331207275,1.3654061718154773,-1.3211101293563843,0.599097565328433,unreviewed_scene_member
VAL_side,420220,27185,8,1979446,frame:971a20d523a5df063a108be0,1.4775742292404175,-1.3257514238357544,0.1984947919845581,1.415049309800298,-1.3257514238357544,0.6306800279190037,unreviewed_scene_member
VAL_side,420221,27186,8,1979446,frame:971a20d523a5df063a108be0,1.444618821144104,-1.2916382551193237,0.13176938891410828,1.3561786937460154,-1.2916382551193237,0.5851543329424541,unreviewed_scene_member
VAL_side,420224,27189,8,1979446,frame:971a20d523a5df063a108be0,1.5738003253936768,-1.4170563220977783,0.2289401888847351,1.5148831356750379,-1.4170563220977783,0.6158614252683574,unreviewed_scene_member
VAL_side,420225,27190,8,1979446,frame:971a20d523a5df063a108be0,1.4671493768692017,-1.3163979053497314,0.1495954543352127,1.3842434558329315,-1.3163979053497314,0.591299548860876,unreviewed_scene_member
VAL_side,420228,27193,8,1979446,frame:971a20d523a5df063a108be0,1.477046012878418,-1.3021912574768066,0.1972368359565735,1.4140231004523771,-1.3021912574768066,0.6297809393429074,unreviewed_scene_member
VAL_side,420229,27194,8,1979446,frame:971a20d523a5df063a108be0,1.4357105493545532,-1.2613024711608887,0.12994787096977234,1.3473734911885968,-1.2613024711608887,0.587422292779152,unreviewed_scene_member
VAL_side,420232,27197,8,1979446,frame:971a20d523a5df063a108be0,1.5504002571105957,-1.371678352355957,0.2241518497467041,1.491752223900057,-1.371678352355957,0.6218156093276309,unreviewed_scene_member
VAL_side,420233,27198,8,1979446,frame:971a20d523a5df063a108be0,1.466329574584961,-1.292743444442749,0.1486990749835968,1.3831136755763878,-1.292743444442749,0.590853266103901,unreviewed_scene_member
VAL_side,420236,27201,8,1979446,frame:971a20d523a5df063a108be0,1.4729148149490356,-1.2758787870407104,0.19587795436382294,1.4097143098672003,-1.2758787870407104,0.6303705826316336,unreviewed_scene_member
VAL_side,420237,27202,8,1979446,frame:971a20d523a5df063a108be0,1.4897724390029907,-1.2904813289642334,0.13436797261238098,1.3979016407622897,-1.2904813289642334,0.5676958812567958,unreviewed_scene_member
VAL_side,420240,27205,8,1979446,frame:971a20d523a5df063a108be0,1.5446052551269531,-1.3427048921585083,0.22233431041240692,1.4857469538165569,-1.3427048921585083,0.6227223774602644,unreviewed_scene_member
VAL_side,420241,27206,8,1979446,frame:971a20d523a5df063a108be0,1.4302165508270264,-1.2388924360275269,0.14426715672016144,1.348712679737278,-1.2388924360275269,0.6027007919938276,unreviewed_scene_member
VAL_side,420244,27209,8,1979446,frame:971a20d523a5df063a108be0,1.5117629766464233,-1.2866111993789673,0.19989345967769623,1.44639108797986,-1.2866111993789673,0.6169497817066942,unreviewed_scene_member
VAL_side,420245,27210,8,1979446,frame:971a20d523a5df063a108be0,1.5300320386886597,-1.302159309387207,0.13732126355171204,1.4353813668020334,-1.302159309387207,0.55270163468658,unreviewed_scene_member
VAL_side,420248,27213,8,1979446,frame:971a20d523a5df063a108be0,1.576111078262329,-1.3461259603500366,0.2255358099937439,1.5154676451173028,-1.3461259603500366,0.6117886224048108,unreviewed_scene_member
VAL_side,420249,27214,8,1979446,frame:971a20d523a5df063a108be0,1.5165470838546753,-1.2906826734542847,0.15218301117420197,1.4297761310311956,-1.2906826734542847,0.5719707000822473,unreviewed_scene_member
VAL_side,420293,27258,8,1979446,frame:971a20d523a5df063a108be0,1.4714552164077759,-1.4921455383300781,0.17266064882278442,1.3982246345329514,-1.4921455383300781,0.6101428525266233,unreviewed_scene_member
VAL_side,420301,27266,8,1979446,frame:971a20d523a5df063a108be0,1.4366834163665771,-1.4316773414611816,0.16782093048095703,1.364850354797174,-1.4316773414611816,0.6210358963552047,unreviewed_scene_member
VAL_side,420305,27270,8,1979446,frame:971a20d523a5df063a108be0,1.4734877347946167,-1.4683533906936646,0.18858081102371216,1.4070303897191265,-1.4683533906936646,0.6235608021128248,unreviewed_scene_member
VAL_side,420309,27274,8,1979446,frame:971a20d523a5df063a108be0,1.4296752214431763,-1.4000414609909058,0.1655687838792801,1.357564154836203,-1.4000414609909058,0.6220838708437171,unreviewed_scene_member
VAL_side,420313,27278,8,1979446,frame:971a20d523a5df063a108be0,1.4527508020401,-1.4226387739181519,0.18468870222568512,1.386685969823642,-1.4226387739181519,0.629153070890095,unreviewed_scene_member
VAL_side,420317,27282,8,1979446,frame:971a20d523a5df063a108be0,1.4120029211044312,-1.3588006496429443,0.16283145546913147,1.340480430713033,-1.3588006496429443,0.6273706029318067,unreviewed_scene_member
VAL_side,420321,27286,8,1979446,frame:971a20d523a5df063a108be0,1.4574207067489624,-1.4025071859359741,0.1844312697649002,1.3907704014096967,-1.4025071859359741,0.6268745406443976,unreviewed_scene_member
VAL_side,420325,27290,8,1979446,frame:971a20d523a5df063a108be0,1.4274760484695435,-1.3498971462249756,0.1639416664838791,1.3548742699421372,-1.3498971462249756,0.6215854813945398,unreviewed_scene_member
VAL_side,420328,27293,8,1979446,frame:971a20d523a5df063a108be0,1.5708202123641968,-1.4906525611877441,0.26704472303390503,1.5289085561596778,-1.4906525611877441,0.651415949264929,unreviewed_scene_member
VAL_side,420329,27294,8,1979446,frame:971a20d523a5df063a108be0,1.4633275270462036,-1.3838001489639282,0.1839980036020279,1.3958894849407328,-1.3838001489639282,0.6238957440091665,unreviewed_scene_member
VAL_side,420332,27297,8,1979446,frame:971a20d523a5df063a108be0,1.597092866897583,-1.4893132448196411,0.25228214263916016,1.54605077233755,-1.4893132448196411,0.6266302562011257,unreviewed_scene_member
VAL_side,420333,27298,8,1979446,frame:971a20d523a5df063a108be0,1.4198800325393677,-1.3194339275360107,0.16208136081695557,1.3472315117199143,-1.3194339275360107,0.6232433239511517,unreviewed_scene_member
VAL_side,420337,27302,8,1979446,frame:971a20d523a5df063a108be0,1.5055519342422485,-1.3990452289581299,0.18812662363052368,1.4356503986335978,-1.3990452289581299,0.6090965613051909,unreviewed_scene_member
VAL_side,420340,27305,8,1979446,frame:971a20d523a5df063a108be0,1.6094316244125366,-1.4747724533081055,0.25296077132225037,1.5574382653647696,-1.4747724533081055,0.6218312483393523,unreviewed_scene_member
VAL_side,420341,27306,8,1979446,frame:971a20d523a5df063a108be0,1.4129966497421265,-1.2902432680130005,0.16034050285816193,1.3402816263435624,-1.2902432680130005,0.6246961275929502,unreviewed_scene_member
VAL_side,420344,27309,8,1979446,frame:971a20d523a5df063a108be0,1.6314446926116943,-1.494943618774414,0.2744418680667877,1.5866401730171398,-1.494943618774414,0.6314884362505081,unreviewed_scene_member
VAL_side,420345,27310,8,1979446,frame:971a20d523a5df063a108be0,1.435452938079834,-1.3107486963272095,0.17827340960502625,1.368326473499356,-1.3107486963272095,0.6309699285386432,unreviewed_scene_member
VAL_side,420348,27313,8,1979446,frame:971a20d523a5df063a108be0,1.6170780658721924,-1.4560236930847168,0.25254079699516296,1.564126736796696,-1.4560236930847168,0.6181017986030429,unreviewed_scene_member
VAL_side,420349,27314,8,1979446,frame:971a20d523a5df063a108be0,1.3878735303878784,-1.245267629623413,0.15657824277877808,1.3160518499779827,-1.245267629623413,0.6323278812752116,unreviewed_scene_member
VAL_side,420353,27318,8,1979446,frame:971a20d523a5df063a108be0,1.4459725618362427,-1.2973968982696533,0.17885078489780426,1.3780345533701461,-1.2973968982696533,0.6268773704843856,unreviewed_scene_member
VAL_side,420356,27321,8,1979446,frame:971a20d523a5df063a108be0,1.6410789489746094,-1.451904058456421,0.25507575273513794,1.5868098390898628,-1.451904058456421,0.6098589070802072,unreviewed_scene_member
VAL_side,420357,27322,8,1979446,frame:971a20d523a5df063a108be0,1.4481900930404663,-1.2767513990402222,0.16245922446250916,1.3728420700683022,-1.2767513990402222,0.6111726318585534,unreviewed_scene_member
VAL_side,420361,27326,8,1979446,frame:971a20d523a5df063a108be0,1.4521280527114868,-1.2802231311798096,0.17856425046920776,1.383441463494806,-1.2802231311798096,0.6239214454518729,unreviewed_scene_member
VAL_side,420365,27330,8,1979446,frame:971a20d523a5df063a108be0,1.4614707231521606,-1.2659655809402466,0.16304334998130798,1.3850346851173392,-1.2659655809402466,0.6058757953449962,unreviewed_scene_member
VAL_side,420369,27334,8,1979446,frame:971a20d523a5df063a108be0,1.464181661605835,-1.2683138847351074,0.17901955544948578,1.394474767971808,-1.2683138847351074,0.6190467165034348,unreviewed_scene_member
VAL_side,420373,27338,8,1979446,frame:971a20d523a5df063a108be0,1.4506053924560547,-1.2345619201660156,0.1609579622745514,1.3743548167760968,-1.2345619201660156,0.6087645087674324,unreviewed_scene_member
VAL_side,420377,27342,8,1979446,frame:971a20d523a5df063a108be0,1.4704395532608032,-1.2514421939849854,0.17878247797489166,1.399995395809263,-1.2514421939849854,0.6160903535394877,unreviewed_scene_member
VAL_side,420380,27345,8,1979446,frame:971a20d523a5df063a108be0,1.5292706489562988,-1.278668761253357,0.20107674598693848,1.462645598192895,-1.278668761253357,0.610338454008421,unreviewed_scene_member
VAL_side,420381,27346,8,1979446,frame:971a20d523a5df063a108be0,1.5508918762207031,-1.2967469692230225,0.1385270208120346,1.4546586337755587,-1.2967469692230225,0.5446410112326842,unreviewed_scene_member
VAL_side,420384,27349,8,1979446,frame:971a20d523a5df063a108be0,1.5753791332244873,-1.3219001293182373,0.22413498163223267,1.514195694539782,-1.3219001293182373,0.6108504297992228,unreviewed_scene_member
VAL_side,420385,27350,8,1979446,frame:971a20d523a5df063a108be0,1.573425054550171,-1.3155875205993652,0.1570926308631897,1.4830499480712456,-1.3155875205993652,0.5514497757874827,unreviewed_scene_member
VAL_side,420388,27353,8,1979446,frame:971a20d523a5df063a108be0,1.541642665863037,-1.2663196325302124,0.20194631814956665,1.4741466886755312,-1.2663196325302124,0.6056964850515179,unreviewed_scene_member
VAL_side,420389,27354,8,1979446,frame:971a20d523a5df063a108be0,1.613383412361145,-1.3252480030059814,0.143436461687088,1.5129778116291674,-1.3252480030059814,0.5216591010993432,unreviewed_scene_member
VAL_side,420392,27357,8,1979446,frame:971a20d523a5df063a108be0,1.5543025732040405,-1.2812682390213013,0.22024866938591003,1.4935485607207366,-1.2812682390213013,0.6165967912767004,unreviewed_scene_member
VAL_side,420393,27358,8,1979446,frame:971a20d523a5df063a108be0,1.5832152366638184,-1.300467610359192,0.15729071199893951,1.4919361385218124,-1.300467610359192,0.5473360765725452,unreviewed_scene_member
VAL_side,420396,27361,8,1979446,frame:971a20d523a5df063a108be0,1.5626580715179443,-1.2609062194824219,0.2036040872335434,1.493761928293178,-1.2609062194824219,0.5979739305571556,unreviewed_scene_member
VAL_side,420400,27365,8,1979446,frame:971a20d523a5df063a108be0,1.59360933303833,-1.290479302406311,0.22457635402679443,1.5307743745180733,-1.290479302406311,0.6032555390810674,unreviewed_scene_member
VAL_side,420401,27366,8,1979446,frame:971a20d523a5df063a108be0,1.5933433771133423,-1.2856661081314087,0.15753573179244995,1.5011466604657933,-1.2856661081314087,0.5431164143604793,unreviewed_scene_member
VAL_side,420404,27369,8,1979446,frame:971a20d523a5df063a108be0,1.6295615434646606,-1.2915745973587036,0.2112112045288086,1.5572291112881145,-1.2915745973587036,0.5754826105701866,unreviewed_scene_member
VAL_side,420408,27373,8,1979446,frame:971a20d523a5df063a108be0,1.6288588047027588,-1.2956528663635254,0.22830936312675476,1.5640928332653765,-1.2956528663635254,0.5911583941176476,unreviewed_scene_member
VAL_side,420412,27377,8,1979446,frame:971a20d523a5df063a108be0,1.6707735061645508,-1.300661563873291,0.21544675529003143,1.5961269212435598,-1.300661563873291,0.561223363026992,unreviewed_scene_member
VAL_side,420416,27381,8,1979446,frame:971a20d523a5df063a108be0,1.6620674133300781,-1.2985494136810303,0.23211196064949036,1.5956074820223092,-1.2985494136810303,0.5800184502843266,unreviewed_scene_member
VAL_side,420420,27385,8,1979446,frame:971a20d523a5df063a108be0,1.659195065498352,-1.2685503959655762,0.21288637816905975,1.5845978922526192,-1.2685503959655762,0.5639977656272529,unreviewed_scene_member
VAL_side,420509,27474,8,1979446,frame:971a20d523a5df063a108be0,1.5615360736846924,-1.3056468963623047,0.17235369980335236,1.4790542151453148,-1.3056468963623047,0.5703781198672152,unreviewed_scene_member
VAL_side,420513,27478,8,1979446,frame:971a20d523a5df063a108be0,1.5326921939849854,-1.2815296649932861,0.18533632159233093,1.4588207146010121,-1.2815296649932861,0.5946911476583098,unreviewed_scene_member
VAL_side,420516,27481,8,1979446,frame:971a20d523a5df063a108be0,1.6182167530059814,-1.3339550495147705,0.24635915458202362,1.562440328339455,-1.3339550495147705,0.6120466076210898,unreviewed_scene_member
VAL_side,420517,27482,8,1979446,frame:971a20d523a5df063a108be0,1.583146095275879,-1.3004108667373657,0.17383986711502075,1.4991286667606063,-1.3004108667373657,0.5622406682516821,unreviewed_scene_member
VAL_side,420521,27486,8,1979446,frame:971a20d523a5df063a108be0,1.5723865032196045,-1.2915728092193604,0.18912427127361298,1.4961582512588087,-1.2915728092193604,0.5806948944193466,unreviewed_scene_member
VAL_side,420524,27489,8,1979446,frame:971a20d523a5df063a108be0,1.5846883058547974,-1.2832552194595337,0.23990149796009064,1.5294743093193879,-1.2832552194595337,0.6209404081239736,unreviewed_scene_member
VAL_side,420525,27490,8,1979446,frame:971a20d523a5df063a108be0,1.6112143993377686,-1.300086259841919,0.1760333776473999,1.5253178630687203,-1.300086259841919,0.5519078478186439,unreviewed_scene_member
VAL_side,420529,27494,8,1979446,frame:971a20d523a5df063a108be0,1.6086009740829468,-1.2979774475097656,0.19247424602508545,1.530176134334173,-1.2979774475097656,0.5678304526584997,unreviewed_scene_member
VAL_side,420532,27497,8,1979446,frame:971a20d523a5df063a108be0,1.5890841484069824,-1.2640146017074585,0.239606574177742,1.5332959803570765,-1.2640146017074585,0.618748321843581,unreviewed_scene_member
VAL_side,420533,27498,8,1979446,frame:971a20d523a5df063a108be0,1.6186240911483765,-1.2829055786132812,0.17597611248493195,1.5319525465580643,-1.2829055786132812,0.5486081831351874,unreviewed_scene_member
VAL_side,420536,27501,8,1979446,frame:971a20d523a5df063a108be0,1.6076728105545044,-1.2788007259368896,0.25914788246154785,1.558569704946067,-1.2788007259368896,0.6281632002430784,unreviewed_scene_member
VAL_side,420537,27502,8,1979446,frame:971a20d523a5df063a108be0,1.6323741674423218,-1.2938038110733032,0.19469381868839264,1.5525163356008937,-1.2938038110733032,0.5594039093178208,unreviewed_scene_member
VAL_side,420540,27505,8,1979446,frame:971a20d523a5df063a108be0,1.6398133039474487,-1.2811626195907593,0.24592871963977814,1.5816624894869922,-1.2811626195907593,0.6021924304547807,unreviewed_scene_member
VAL_side,420541,27506,8,1979446,frame:971a20d523a5df063a108be0,1.655598759651184,-1.2888484001159668,0.17913521826267242,1.5665700192948893,-1.2888484001159668,0.5352389407661281,unreviewed_scene_member
VAL_side,420544,27509,8,1979446,frame:971a20d523a5df063a108be0,1.6185708045959473,-1.26456618309021,0.25984424352645874,1.568670021705724,-1.26456618309021,0.624011719276647,unreviewed_scene_member
VAL_side,420545,27510,8,1979446,frame:971a20d523a5df063a108be0,1.6367396116256714,-1.2741669416427612,0.1942460536956787,1.5562436835889917,-1.2741669416427612,0.5570877760353297,unreviewed_scene_member
VAL_side,420552,27517,8,1979446,frame:971a20d523a5df063a108be0,1.626322865486145,-1.2479214668273926,0.25969403982162476,1.5755716829100423,-1.2479214668273926,0.6204784372585953,unreviewed_scene_member
VAL_side,420553,27518,8,1979446,frame:971a20d523a5df063a108be0,1.6631664037704468,-1.2715867757797241,0.19642654061317444,1.5809517895820826,-1.2715867757797241,0.5474628415163463,unreviewed_scene_member
VAL_side,422085,29050,8,1979446,frame:971a20d523a5df063a108be0,1.0993611812591553,-1.491137146949768,0.25904563069343567,1.1016574146459295,-1.491137146949768,0.8509004488231021,unreviewed_scene_member
VAL_side,422224,29189,8,1979446,frame:971a20d523a5df063a108be0,1.483734130859375,-1.494128942489624,0.3591740131378174,1.4910229271433355,-1.494128942489624,0.7723972321187299,unreviewed_scene_member
VAL_side,422228,29193,8,1979446,frame:971a20d523a5df063a108be0,1.5017337799072266,-1.4860894680023193,0.34408143162727356,1.5005847522782343,-1.4860894680023193,0.7509415829188606,unreviewed_scene_member
VAL_side,422232,29197,8,1979446,frame:971a20d523a5df063a108be0,1.4922316074371338,-1.4766862392425537,0.3588520288467407,1.4985192598770645,-1.4766862392425537,0.7683827860027028,unreviewed_scene_member
VAL_side,422236,29201,8,1979446,frame:971a20d523a5df063a108be0,1.5047943592071533,-1.463348627090454,0.34259578585624695,1.5026843184908676,-1.463348627090454,0.7482646236874045,unreviewed_scene_member
VAL_side,422237,29202,8,1979446,frame:971a20d523a5df063a108be0,1.5505963563919067,-1.4973936080932617,0.2826397120952606,1.517567868057561,-1.4973936080932617,0.6742981875204459,unreviewed_scene_member
VAL_side,422240,29205,8,1979446,frame:971a20d523a5df063a108be0,1.5393059253692627,-1.4969096183776855,0.3677884340286255,1.5447468387558108,-1.4969096183776855,0.7557787510392769,unreviewed_scene_member
VAL_side,422241,29206,8,1979446,frame:971a20d523a5df063a108be0,1.5461853742599487,-1.498357892036438,0.2995310425758362,1.5210079754925885,-1.498357892036438,0.6914136620861113,unreviewed_scene_member
VAL_side,422244,29209,8,1979446,frame:971a20d523a5df063a108be0,1.5420093536376953,-1.4735760688781738,0.3492741286754608,1.5390605267184048,-1.4735760688781738,0.737953098666193,unreviewed_scene_member
VAL_side,422245,29210,8,1979446,frame:971a20d523a5df063a108be0,1.5476034879684448,-1.468620777130127,0.28050491213798523,1.5139420610317607,-1.468620777130127,0.6736914291917888,unreviewed_scene_member
VAL_side,422248,29213,8,1979446,frame:971a20d523a5df063a108be0,1.5267060995101929,-1.4589520692825317,0.3628603219985962,1.5312618481671636,-1.4589520692825317,0.7568727933983744,unreviewed_scene_member
VAL_side,422249,29214,8,1979446,frame:971a20d523a5df063a108be0,1.559644103050232,-1.4852288961410522,0.3003822863101959,1.5334777614920785,-1.4852288961410522,0.6862788365123837,unreviewed_scene_member
VAL_side,422252,29217,8,1979446,frame:971a20d523a5df063a108be0,1.567708969116211,-1.4721767902374268,0.35294264554977417,1.5637673600518804,-1.4721767902374268,0.7299843698822186,unreviewed_scene_member
VAL_side,422253,29218,8,1979446,frame:971a20d523a5df063a108be0,1.5718815326690674,-1.4658032655715942,0.28295761346817017,1.5368382165593097,-1.4658032655715942,0.6652531082475007,unreviewed_scene_member
VAL_side,422256,29221,8,1979446,frame:971a20d523a5df063a108be0,1.556041955947876,-1.4612207412719727,0.36755508184432983,1.5596867885339138,-1.4612207412719727,0.7482324225678973,unreviewed_scene_member
VAL_side,422257,29222,8,1979446,frame:971a20d523a5df063a108be0,1.6021573543548584,-1.4992724657058716,0.30681952834129333,1.574510319824828,-1.4992724657058716,0.6734280085963795,unreviewed_scene_member
VAL_side,422260,29225,8,1979446,frame:971a20d523a5df063a108be0,1.5759145021438599,-1.4542120695114136,0.352688193321228,1.5710308997686118,-1.4542120695114136,0.7261586008107876,unreviewed_scene_member
VAL_side,422264,29229,8,1979446,frame:971a20d523a5df063a108be0,1.5808875560760498,-1.458801031112671,0.3711758553981781,1.5836051086609102,-1.458801031112671,0.7405951580602432,unreviewed_scene_member
VAL_side,422357,29322,8,1979446,frame:971a20d523a5df063a108be0,1.5027719736099243,-1.4819344282150269,0.3097783029079437,1.4864803727219784,-1.4819344282150269,0.7196550208924521,unreviewed_scene_member
VAL_side,422361,29326,8,1979446,frame:971a20d523a5df063a108be0,1.5174427032470703,-1.4964016675949097,0.32992127537727356,1.508496435115831,-1.4964016675949097,0.7313281800473856,unreviewed_scene_member
VAL_side,422364,29329,8,1979446,frame:971a20d523a5df063a108be0,1.5080102682113647,-1.4716055393218994,0.3791206181049347,1.5215861909564288,-1.4716055393218994,0.7796831637364554,unreviewed_scene_member
VAL_side,422365,29330,8,1979446,frame:971a20d523a5df063a108be0,1.5248597860336304,-1.477691888809204,0.31241849064826965,1.5074901491516433,-1.477691888809204,0.7123453462523271,unreviewed_scene_member
VAL_side,422368,29333,8,1979446,frame:971a20d523a5df063a108be0,1.5335170030593872,-1.496496558189392,0.40099596977233887,1.5541010153752173,-1.496496558189392,0.7881631829696463,unreviewed_scene_member
VAL_side,422369,29334,8,1979446,frame:971a20d523a5df063a108be0,1.537857174873352,-1.4902873039245605,0.33228495717048645,1.5278810105702114,-1.4902873039245605,0.7245035278325649,unreviewed_scene_member
VAL_side,422372,29337,8,1979446,frame:971a20d523a5df063a108be0,1.5163697004318237,-1.454146385192871,0.37801748514175415,1.5286160172044885,-1.454146385192871,0.7750271405078841,unreviewed_scene_member
VAL_side,422373,29338,8,1979446,frame:971a20d523a5df063a108be0,1.5170613527297974,-1.4446779489517212,0.3089730441570282,1.4989705793981312,-1.4446779489517212,0.7126672076097164,unreviewed_scene_member
VAL_side,422377,29342,8,1979446,frame:971a20d523a5df063a108be0,1.4819942712783813,-1.4112839698791504,0.31827297806739807,1.471529318061862,-1.4112839698791504,0.7363983295497358,unreviewed_scene_member
VAL_side,422380,29345,8,1979446,frame:971a20d523a5df063a108be0,1.558099389076233,-1.4682786464691162,0.38521137833595276,1.5692760081214203,-1.4682786464691162,0.7631998774143413,unreviewed_scene_member
VAL_side,422384,29349,8,1979446,frame:971a20d523a5df063a108be0,1.5657620429992676,-1.4754995107650757,0.40651947259902954,1.5855040095642896,-1.4754995107650757,0.7789923792882876,unreviewed_scene_member
VAL_side,422385,29350,8,1979446,frame:971a20d523a5df063a108be0,1.5767806768417358,-1.4755252599716187,0.33623719215393066,1.564597768182581,-1.4755252599716187,0.7109928329103326,unreviewed_scene_member
VAL_side,422388,29353,8,1979446,frame:971a20d523a5df063a108be0,1.5796819925308228,-1.4628015756607056,0.38737642765045166,1.5896234187608933,-1.4628015756607056,0.7556846202210745,unreviewed_scene_member
VAL_side,422392,29357,8,1979446,frame:971a20d523a5df063a108be0,1.578935980796814,-1.4621108770370483,0.4066115915775299,1.597385048725286,-1.4621108770370483,0.7733001010576764,unreviewed_scene_member
VAL_side,426448,33413,8,1979446,frame:971a20d523a5df063a108be0,1.4175835847854614,-1.4730873107910156,0.5823597311973572,1.5294053893453676,-1.4730873107910156,1.001993717472794,unreviewed_scene_member
VAL_side,430112,37077,8,1979446,frame:971a20d523a5df063a108be0,0.8956979513168335,-1.4673888683319092,0.6980777382850647,1.1110651246058802,-1.4673888683319092,1.3347799769292168,unreviewed_scene_member
VAL_side,430236,37201,8,1979446,frame:971a20d523a5df063a108be0,0.8739321231842041,-1.4895811080932617,0.7402031421661377,1.1099686894758012,-1.4895811080932617,1.382183550174788,unreviewed_scene_member
VAL_side,430245,37210,8,1979446,frame:971a20d523a5df063a108be0,0.8978278040885925,-1.465121865272522,0.6838087439537048,1.106724308188066,-1.465121865272522,1.321021423775466,unreviewed_scene_member
VAL_side,432148,39113,8,1979446,frame:971a20d523a5df063a108be0,0.8692618012428284,-1.4875632524490356,0.7527261972427368,1.111260777935824,-1.4875632524490356,1.3954865319044267,unreviewed_scene_member
