role,region_id,frame_group,source_index,x,y,z,residual_m
fit_support,,fit,0,-4.428700,-3.316061,-1.220199,0.020536
fit_support,,fit,1,-5.035810,-3.505876,-1.190289,0.009373
fit_support,,fit,2,-1.362210,-0.158754,-1.226963,0.027082
fit_support,,fit,3,-0.216582,3.205771,-1.203167,0.002994
fit_support,,fit,4,3.773589,-2.431689,-1.203317,0.003799
fit_support,,fit,5,-2.865762,-5.048716,-1.171483,0.027969
fit_support,,fit,6,4.117292,-0.719190,-1.180417,0.019257
fit_support,,fit,7,2.759198,4.578532,-1.208321,0.008098
fit_support,,fit,8,2.428570,-1.007896,-1.237287,0.037594
fit_support,,fit,9,-0.919324,1.510188,-1.178241,0.021789
fit_support,,fit,10,2.837629,1.214633,-1.184420,0.015476
fit_support,,fit,11,2.943821,-2.577066,-1.203988,0.004460
fit_support,,fit,12,4.252740,-2.054879,-1.177952,0.021590
fit_support,,fit,13,-5.606234,-3.977129,-1.201400,0.001768
fit_support,,fit,14,3.715366,5.529972,-1.184109,0.016179
fit_support,,fit,15,3.541110,-5.688828,-1.199876,0.000664
fit_support,,fit,16,-3.365439,2.402326,-1.204971,0.004787
fit_support,,fit,17,-0.932090,-5.723880,-1.227803,0.028470
fit_support,,fit,18,-0.195462,-5.951837,-1.177322,0.021969
fit_support,,fit,19,-5.831309,1.682761,-1.206196,0.006012
fit_support,,fit,20,-3.634836,-2.879142,-1.233321,0.033639
fit_support,,fit,21,-5.082891,4.456018,-1.192160,0.008270
fit_support,,fit,22,0.358221,-5.996973,-1.204693,0.005422
fit_support,,fit,23,1.199015,5.766070,-1.180861,0.019520
fit_support,,fit,24,-0.570472,3.734050,-1.222597,0.022363
fit_support,,fit,25,0.210414,3.266763,-1.191882,0.008285
fit_support,,fit,26,4.930394,-5.665039,-1.234315,0.035140
fit_support,,fit,27,2.981201,-4.673661,-1.197585,0.001740
fit_support,,fit,28,-1.570647,5.563872,-1.224663,0.024225
fit_support,,fit,29,-0.797959,3.802685,-1.189594,0.010653
fit_support,,fit,30,-3.774273,1.602288,-1.207656,0.007537
fit_support,,fit,32,4.867408,3.888071,-1.209523,0.009426
fit_support,,fit,33,5.586956,-1.690823,-1.194225,0.005314
fit_support,,fit,34,-3.583436,0.532267,-1.206340,0.006330
fit_support,,fit,35,3.722771,-5.412197,-1.168576,0.030657
fit_support,,fit,36,3.102562,-1.584866,-1.193295,0.006324
fit_support,,fit,37,1.782076,3.517075,-1.173515,0.026633
fit_support,,fit,38,0.087024,1.675549,-1.193325,0.006692
fit_support,,fit,40,4.653329,5.342607,-1.217498,0.017255
fit_support,,fit,41,1.812458,4.154502,-1.211397,0.011189
fit_support,,fit,42,1.437699,-4.784469,-1.210350,0.010993
fit_support,,fit,43,-5.527184,0.109580,-1.224017,0.023993
fit_support,,fit,44,5.848413,-1.533839,-1.176281,0.023266
fit_support,,fit,45,4.690774,4.338371,-1.172331,0.027814
fit_support,,fit,46,-4.249954,-0.233650,-1.233999,0.034044
fit_support,,fit,47,0.647042,0.154970,-1.195522,0.004334
fit_support,,fit,48,5.749033,3.601122,-1.210351,0.010306
fit_support,,fit,49,1.068122,0.883602,-1.198712,0.001201
fit_support,,fit,50,-3.637419,5.847376,-1.184133,0.016391
fit_support,,fit,51,3.737549,-5.391398,-1.173848,0.025387
fit_support,,fit,52,-2.451164,-0.561077,-1.204514,0.004641
fit_support,,fit,53,1.693356,-1.990942,-1.217353,0.017733
fit_support,,fit,54,-5.433315,5.075789,-1.214064,0.013565
fit_support,,fit,55,-4.740088,-1.116300,-1.190338,0.009545
fit_support,,fit,56,4.995894,-2.072611,-1.192726,0.006793
fit_support,,fit,57,-1.925681,0.287793,-1.178136,0.021804
fit_support,,fit,58,-5.569195,4.739388,-1.189940,0.010531
fit_support,,fit,59,-3.095147,3.248672,-1.219863,0.019605
fit_support,,fit,60,-2.400876,2.514033,-1.211892,0.011724
fit_support,,fit,61,-5.697177,3.229441,-1.186616,0.013712
fit_support,,fit,62,4.971471,-1.486092,-1.195451,0.004125
fit_support,,fit,63,3.335671,-3.096206,-1.190976,0.008491
fit_support,,fit,64,-3.743215,-1.674273,-1.192962,0.006840
fit_support,,fit,65,0.647149,-5.291296,-1.169314,0.030016
fit_support,,fit,66,2.818549,3.740676,-1.227173,0.027033
fit_support,,fit,67,3.082005,-5.247599,-1.214949,0.015682
fit_support,,fit,68,-3.684409,-5.004236,-1.247127,0.047647
fit_support,,fit,69,3.673591,-3.949001,-1.181539,0.017836
fit_support,,fit,70,-3.738870,3.765821,-1.168267,0.032059
fit_support,,fit,71,-4.978747,1.106822,-1.230012,0.029907
fit_support,,fit,72,-5.593864,-5.275215,-1.191739,0.007768
fit_support,,fit,73,2.384619,0.840174,-1.201871,0.001998
fit_support,,fit,74,-1.922683,3.874854,-1.184248,0.016037
fit_support,,fit,75,4.691829,5.823449,-1.169953,0.030335
fit_support,,fit,76,0.296540,0.976891,-1.205746,0.005801
fit_support,,fit,77,3.111936,1.788186,-1.197965,0.001979
fit_support,,fit,78,-0.527235,-5.590389,-1.219132,0.019797
fit_support,,fit,79,-4.682780,-1.578131,-1.240012,0.040174
fit_support,,fit,80,0.948987,-0.473839,-1.189801,0.009985
fit_support,,fit,81,-0.294619,1.595877,-1.184346,0.015674
fit_support,,fit,82,-3.487548,5.518873,-1.198182,0.002306
fit_support,,fit,83,3.515264,-0.040900,-1.198414,0.001343
fit_support,,fit,84,-2.982414,1.278575,-1.218676,0.018611
fit_support,,fit,85,-5.939846,3.056609,-1.232210,0.031891
fit_support,,fit,86,0.898730,-3.383501,-1.237174,0.037667
fit_support,,fit,87,2.158843,-0.917631,-1.196208,0.003501
fit_support,,fit,88,0.252979,-1.580704,-1.214052,0.014353
fit_support,,fit,89,2.832539,0.466623,-1.171635,0.028189
fit_support,,fit,90,2.356839,-4.365888,-1.192341,0.007031
fit_support,,fit,91,2.177933,-4.372295,-1.184506,0.014870
fit_support,,fit,92,-1.218717,2.152181,-1.207229,0.007129
fit_support,,fit,93,-0.760155,5.985688,-1.181225,0.019231
fit_support,,fit,94,-1.709139,0.610841,-1.192006,0.007959
fit_support,,fit,95,-1.390584,2.719254,-1.225390,0.025231
fit_support,,fit,96,-1.266766,1.046579,-1.178621,0.021374
fit_support,,fit,97,-3.342274,-1.761933,-1.224800,0.025018
fit_support,,fit,98,2.275360,1.235726,-1.188360,0.011554
fit_support,,fit,99,5.182445,-3.081435,-1.230878,0.031461
fit_support,,fit,100,5.839540,-1.810450,-1.196180,0.003341
fit_support,,fit,101,5.265706,-4.013066,-1.227273,0.027949
fit_support,,fit,102,1.816921,-2.678383,-1.181430,0.018120
fit_support,,fit,103,-3.285761,1.113877,-1.183186,0.016872
fit_support,,fit,104,4.091521,1.472672,-1.233386,0.033500
fit_support,,fit,105,-2.755670,4.752630,-1.177361,0.023033
fit_support,,fit,106,-1.718110,0.000116,-1.186022,0.013885
fit_support,,fit,107,3.976227,0.107890,-1.214032,0.014275
fit_support,,fit,108,-5.839138,1.696318,-1.202757,0.002571
fit_support,,fit,109,3.792918,3.268177,-1.171151,0.028916
fit_support,,fit,110,-5.146258,-4.562267,-1.204525,0.004962
fit_support,,fit,111,-3.016851,4.922256,-1.193522,0.006895
fit_support,,fit,112,4.320455,3.121094,-1.215282,0.015244
fit_support,,fit,113,3.708563,3.735760,-1.180808,0.019307
fit_support,,fit,114,1.104901,-4.178017,-1.183965,0.015460
fit_support,,fit,115,-4.161059,-6.015114,-1.193641,0.005754
fit_support,,fit,116,-2.887886,-4.079790,-1.179843,0.019704
fit_support,,fit,117,-3.256276,0.974961,-1.194842,0.005201
fit_support,,fit,118,-5.543747,1.201808,-1.195950,0.004180
fit_support,,fit,119,0.078441,-1.426342,-1.190826,0.008893
fit_support,,fit,120,-2.918257,-1.940524,-1.155480,0.044273
fit_support,,fit,121,-3.568826,-2.410547,-1.232211,0.032485
fit_support,,fit,122,3.197252,-4.952482,-1.213780,0.014488
fit_support,,fit,123,4.492723,-0.735452,-1.181169,0.018493
fit_support,,fit,124,-4.128900,-3.569870,-1.182109,0.017521
fit_support,,fit,125,3.362843,-1.551420,-1.217704,0.018089
fit_support,,fit,126,-0.902234,4.185646,-1.204440,0.004153
fit_support,,fit,127,-4.672456,1.618876,-1.206966,0.006821
fit_support,,fit,128,2.800901,2.566436,-1.190951,0.009077
fit_support,,fit,129,-0.591946,-5.901709,-1.220983,0.021676
fit_support,,fit,130,-3.652488,2.520714,-1.207548,0.007345
fit_support,,fit,131,-1.639163,-3.719445,-1.198920,0.000626
fit_support,,fit,132,2.911015,5.252466,-1.220014,0.019731
fit_support,,fit,133,0.894665,-2.495462,-1.219308,0.019715
fit_support,,fit,134,-5.862397,0.824704,-1.222293,0.022192
fit_support,,fit,135,-4.666822,1.066225,-1.228387,0.028296
fit_support,,fit,136,0.343018,1.844243,-1.225547,0.025520
fit_support,,fit,137,1.792033,-2.328360,-1.215468,0.015884
fit_support,,fit,138,3.858513,3.351998,-1.195673,0.004401
fit_support,,fit,139,3.438943,-4.378449,-1.207215,0.007874
fit_support,,fit,140,1.512092,2.028504,-1.198327,0.001685
fit_support,,fit,141,2.030154,-3.493323,-1.192825,0.006640
fit_support,,fit,142,0.772534,-5.057582,-1.199143,0.000207
fit_support,,fit,143,0.633561,3.699461,-1.205203,0.005005
fit_support,,fit,144,5.697252,-0.631797,-1.222849,0.023211
fit_support,,fit,145,5.089165,-2.696922,-1.220138,0.020682
fit_support,,fit,146,-4.340515,-5.413178,-1.227974,0.028515
fit_support,,fit,147,-3.979036,2.612248,-1.153607,0.046614
fit_support,,fit,148,1.634703,-4.389723,-1.181963,0.017427
fit_support,,fit,149,0.825853,4.927319,-1.175961,0.024349
fit_support,,fit,150,-5.570433,5.101348,-1.212902,0.012396
fit_support,,fit,151,0.801343,-5.934643,-1.225503,0.026239
fit_support,,fit,152,1.812178,0.994250,-1.204882,0.004978
fit_support,,fit,153,1.732791,-1.494441,-1.222004,0.022338
fit_support,,fit,154,5.658136,-3.214132,-1.168731,0.030659
fit_support,,fit,155,-5.949677,2.740524,-1.211605,0.011316
fit_support,,fit,156,-4.312328,-5.568239,-1.172682,0.026761
fit_support,,fit,157,5.759827,0.530216,-1.182785,0.016964
fit_support,,fit,158,-0.314714,-5.171807,-1.204592,0.005223
fit_support,,fit,160,-5.657259,-2.700972,-1.194858,0.004899
fit_support,,fit,161,2.567201,-0.362824,-1.204306,0.004554
fit_support,,fit,162,-5.609512,5.219670,-1.228952,0.028434
fit_support,,fit,163,4.369317,2.637469,-1.204642,0.004651
fit_support,,fit,164,0.729343,4.668988,-1.168173,0.032115
fit_support,,fit,165,-2.648865,3.447468,-1.209899,0.009634
fit_support,,fit,166,-3.226602,1.846026,-1.218080,0.017954
fit_support,,fit,167,0.472878,3.692617,-1.216230,0.016029
fit_support,,fit,168,4.850898,-0.194770,-1.213648,0.013944
fit_support,,fit,169,-4.665464,-1.554526,-1.173574,0.026265
fit_support,,fit,170,-2.997602,-3.313047,-1.224719,0.025096
fit_support,,fit,171,3.642768,3.691167,-1.180813,0.019299
fit_support,,fit,172,-1.920006,3.185489,-1.230017,0.029798
fit_support,,fit,173,1.338215,5.703841,-1.194847,0.005523
fit_support,,fit,174,-4.137915,3.098056,-1.179961,0.020311
fit_support,,fit,175,3.289670,-1.443926,-1.194978,0.004649
fit_support,,fit,176,-1.797642,-1.561508,-1.202382,0.002624
fit_support,,fit,177,-4.320277,-2.876093,-1.192420,0.007282
fit_support,,fit,178,-3.150990,-2.439571,-1.168460,0.031252
fit_support,,fit,179,-0.075870,-2.124975,-1.219129,0.019473
fit_support,,fit,180,0.180894,4.486645,-1.239724,0.039439
fit_support,,fit,181,1.890195,1.504625,-1.193958,0.005993
fit_support,,fit,182,5.306643,-0.362171,-1.195256,0.004420
fit_support,,fit,183,0.623590,0.231282,-1.211047,0.011184
fit_support,,fit,184,3.922910,-2.430536,-1.226181,0.026666
fit_support,,fit,185,2.457651,-1.930024,-1.230758,0.031154
fit_support,,fit,186,-3.698835,-1.627180,-1.223164,0.023358
fit_support,,fit,187,-4.974734,4.733256,-1.199080,0.001373
fit_support,,fit,188,-4.802283,-0.968942,-1.174167,0.025732
fit_support,,fit,189,-5.926790,1.075078,-1.202784,0.002656
fit_support,,fit,190,-3.075194,-4.493806,-1.216298,0.016787
fit_support,,fit,191,-0.171666,1.075741,-1.230342,0.030375
fit_support,,fit,192,-4.013926,3.078027,-1.184487,0.015781
fit_support,,fit,193,1.858778,3.975333,-1.210163,0.009974
fit_support,,fit,194,-1.158914,-1.427515,-1.182259,0.017494
fit_support,,fit,195,-3.780271,-5.471441,-1.242843,0.043406
fit_support,,fit,196,0.677628,1.062689,-1.191928,0.008014
fit_support,,fit,197,-5.464305,1.697807,-1.212689,0.012514
fit_support,,fit,198,-1.855798,3.672846,-1.189361,0.010903
fit_support,,fit,199,-5.643988,-3.479751,-1.223918,0.024237
fit_support,,fit,200,-4.880095,-1.355307,-1.188196,0.011669
fit_support,,fit,201,-2.068092,-0.004993,-1.224107,0.024191
fit_support,,fit,202,5.288152,4.624341,-1.196939,0.003217
fit_support,,fit,203,3.879866,-2.486612,-1.188636,0.010874
fit_support,,fit,204,1.885455,-5.450386,-1.191680,0.007601
fit_support,,fit,205,2.966766,4.989829,-1.234307,0.034051
fit_support,,fit,206,-5.285236,-4.642651,-1.199016,0.000543
fit_support,,fit,207,0.352947,-0.077866,-1.191229,0.008613
fit_support,,fit,208,-3.830738,2.302387,-1.218873,0.018685
fit_support,,fit,209,3.632290,-3.241281,-1.180720,0.018725
fit_support,,fit,210,-4.154617,-0.929374,-1.197136,0.002749
fit_support,,fit,211,3.730640,5.170462,-1.201612,0.001360
fit_support,,fit,212,0.627933,2.280421,-1.202796,0.002736
fit_support,,fit,213,2.430480,4.536719,-1.178179,0.022049
fit_support,,fit,214,5.755031,-2.762753,-1.196262,0.003169
fit_support,,fit,215,4.007835,4.455843,-1.176038,0.024138
fit_support,,fit,216,3.076462,-2.658731,-1.162861,0.036655
fit_support,,fit,217,4.995425,5.087647,-1.231632,0.031423
fit_support,,fit,218,-2.153144,-1.945254,-1.205460,0.005729
fit_support,,fit,219,-0.957890,-4.047096,-1.205637,0.006141
fit_support,,fit,220,5.839975,-0.909290,-1.227372,0.027765
fit_support,,fit,221,1.854454,1.293900,-1.189928,0.010004
fit_support,,fit,222,-5.693079,-3.448651,-1.192419,0.007267
fit_support,,fit,223,0.622077,4.055467,-1.177667,0.022565
fit_support,,fit,224,5.830213,-2.120747,-1.197589,0.001902
fit_support,,fit,225,2.808745,2.700958,-1.200300,0.000260
fit_support,,fit,226,-1.488237,0.126927,-1.177409,0.022504
fit_support,,fit,227,4.090683,3.059417,-1.207390,0.007351
fit_support,,fit,228,-3.283634,-4.929244,-1.242444,0.042968
fit_support,,fit,229,1.121828,-5.408135,-1.183439,0.015867
fit_support,,fit,230,3.501623,-5.548778,-1.182810,0.016416
fit_support,,fit,231,-4.048995,-3.743478,-1.176360,0.023251
fit_support,,fit,232,3.055626,2.927143,-1.191593,0.008462
fit_support,,fit,233,0.025371,1.049638,-1.187828,0.012131
fit_support,,fit,234,1.698173,-4.867279,-1.209600,0.010258
fit_support,,fit,235,4.464537,2.987325,-1.205208,0.005187
fit_support,,fit,236,1.723752,-3.137681,-1.208186,0.008678
fit_support,,fit,237,-3.303180,-5.996272,-1.191840,0.007533
fit_support,,fit,238,-1.654115,-1.223757,-1.202735,0.002948
fit_support,,fit,239,-3.367597,0.309808,-1.213925,0.013943
fit_support,,fit,240,1.243777,1.920752,-1.192639,0.007370
fit_support,,fit,241,0.938621,-4.531946,-1.211101,0.011706
fit_support,,fit,242,5.065866,-5.941381,-1.179161,0.019984
fit_support,,fit,243,-0.187592,3.975788,-1.189540,0.010707
fit_support,,fit,244,-2.870700,3.482207,-1.208108,0.007834
fit_support,,fit,245,-2.769851,0.342984,-1.175338,0.024631
fit_support,,fit,246,-5.370240,5.318470,-1.175871,0.024650
fit_support,,fit,247,-4.897858,-2.965031,-1.204303,0.004593
fit_support,,fit,248,3.495620,-0.392336,-1.189991,0.009732
fit_support,,fit,249,-1.013944,-1.111396,-1.190952,0.008827
fit_support,,fit,250,-4.861955,4.687847,-1.230629,0.030183
fit_support,,fit,251,-3.670992,0.742457,-1.227824,0.027791
fit_support,,fit,252,4.858287,0.338112,-1.203800,0.004045
fit_support,,fit,253,-2.400353,-0.743194,-1.171930,0.027924
fit_support,,fit,254,-2.138413,3.070124,-1.208980,0.008766
fit_support,,fit,255,-2.191965,-5.994670,-1.227963,0.028621
fit_support,,fit,256,3.452822,5.773976,-1.182706,0.017612
fit_support,,fit,257,3.625001,2.558058,-1.204394,0.004391
fit_support,,fit,258,-5.240232,3.186884,-1.175614,0.024698
fit_support,,fit,259,-3.939020,-3.494341,-1.219296,0.019664
fit_support,,fit,260,-4.542859,-2.411331,-1.200797,0.001043
fit_support,,fit,261,-3.078226,-5.623963,-1.206580,0.007178
fit_support,,fit,262,1.582408,-3.432028,-1.164948,0.034536
fit_support,,fit,263,-3.671150,-4.125201,-1.169876,0.029688
fit_support,,fit,264,1.755687,-3.565007,-1.194527,0.004939
fit_support,,fit,265,2.812864,-1.601021,-1.192518,0.007108
fit_support,,fit,266,-2.985021,-3.306869,-1.161375,0.038249
fit_support,,fit,267,-3.279477,0.941399,-1.211505,0.011464
fit_support,,fit,268,-0.538830,-4.098897,-1.214858,0.015380
fit_support,,fit,269,4.837206,-5.019519,-1.224402,0.025162
fit_support,,fit,270,-1.103606,-0.841434,-1.206283,0.006475
fit_support,,fit,271,-0.827481,2.581315,-1.203297,0.003167
fit_support,,fit,272,1.463659,-5.066510,-1.198686,0.000644
fit_support,,fit,273,-5.410391,2.837364,-1.156400,0.043883
fit_support,,fit,274,0.111612,4.878851,-1.194446,0.005879
fit_support,,fit,275,2.974671,5.225062,-1.213521,0.013242
fit_support,,fit,276,-3.169003,1.389012,-1.205434,0.005353
fit_support,,fit,277,5.033383,-6.014283,-1.222473,0.023335
fit_support,,fit,278,3.374860,-2.175390,-1.210413,0.010858
fit_support,,fit,279,-0.602875,-3.896574,-1.167485,0.032015
fit_support,,fit,280,0.164598,1.652249,-1.218415,0.018401
fit_support,,fit,281,2.181786,2.415721,-1.167521,0.032509
fit_support,,fit,282,4.411069,-1.611450,-1.207747,0.008167
fit_support,,fit,283,0.129360,-3.384799,-1.170446,0.029083
fit_support,,fit,284,0.281925,3.926711,-1.208127,0.007898
fit_support,,fit,285,-5.253081,4.585976,-1.225846,0.025398
fit_support,,fit,286,-3.317010,3.240430,-1.210478,0.010214
fit_support,,fit,287,-2.341425,-5.795585,-1.198117,0.001248
fit_support,,fit,288,-3.052848,-5.595191,-1.227894,0.028489
fit_support,,fit,289,4.991953,-0.914461,-1.191743,0.007888
fit_support,,fit,290,3.758055,5.143814,-1.241302,0.041053
fit_support,,fit,291,-3.388187,5.510908,-1.171340,0.029145
fit_support,,fit,292,-1.507861,5.073078,-1.188987,0.011403
fit_support,,fit,293,-2.435728,-1.744394,-1.164881,0.034878
fit_support,,fit,294,-2.806221,-0.482027,-1.198072,0.001819
fit_support,,fit,295,5.329215,5.465930,-1.219979,0.019743
fit_support,,fit,296,0.816056,-4.029497,-1.170023,0.029424
fit_support,,fit,297,1.664564,-5.683066,-1.182380,0.016885
fit_support,,fit,298,3.921564,-0.904396,-1.181608,0.018054
fit_support,,fit,299,-1.615818,-5.480144,-1.160531,0.038845
fit_support,,fit,300,-2.394482,-3.164940,-1.229370,0.029749
fit_support,,fit,301,-4.782304,-0.990250,-1.224727,0.024831
fit_support,,fit,302,-0.450773,-2.411028,-1.216562,0.016923
fit_support,,fit,303,-5.394476,-2.591024,-1.200783,0.001023
fit_support,,fit,304,-2.118355,-2.672438,-1.207025,0.007365
fit_support,,fit,305,-2.210446,-1.754154,-1.207642,0.007891
fit_support,,fit,306,-3.271487,1.447147,-1.172539,0.027550
fit_support,,fit,307,0.558544,1.496353,-1.206318,0.006330
fit_support,,fit,308,4.129086,-0.582261,-1.187146,0.012541
fit_support,,fit,309,4.170543,-4.607757,-1.188817,0.010481
fit_support,,fit,310,-2.032181,5.177368,-1.187890,0.012524
fit_support,,fit,311,-1.377269,4.835632,-1.184865,0.015498
fit_support,,fit,312,5.858000,-3.488336,-1.189665,0.009694
fit_support,,fit,313,-5.653100,0.422201,-1.212540,0.012483
fit_support,,fit,314,5.160572,3.541976,-1.188960,0.011095
fit_support,,fit,315,4.423104,-1.660493,-1.186658,0.012916
fit_support,,fit,316,-2.140740,-2.752052,-1.195732,0.003921
fit_support,,fit,317,-0.117531,-2.108154,-1.218406,0.018747
fit_support,,fit,318,1.102020,-2.539395,-1.188621,0.010962
fit_support,,fit,319,-1.007539,-1.446342,-1.205523,0.005776
fit_support,,fit,320,-5.923335,-5.041829,-1.204193,0.004655
fit_support,,fit,321,5.358469,-4.361462,-1.193848,0.005441
fit_support,,fit,322,1.620311,4.929643,-1.221154,0.020866
fit_support,,fit,323,2.964514,-5.958861,-1.201702,0.002500
fit_support,,fit,324,-2.881764,3.713277,-1.212241,0.011944
fit_support,,fit,325,-3.885626,1.772670,-1.202177,0.002039
fit_support,,fit,326,-5.055228,-0.308102,-1.223627,0.023657
fit_support,,fit,327,0.027185,-2.777791,-1.168899,0.030691
fit_support,,fit,328,-0.536519,3.913978,-1.171409,0.028841
fit_support,,fit,329,1.965296,-3.122925,-1.208434,0.008931
fit_support,,fit,330,-0.356815,4.312471,-1.207730,0.007446
fit_support,,fit,331,-1.485579,-1.820295,-1.158995,0.040730
fit_support,,fit,332,-2.916419,-4.222010,-1.203081,0.003547
fit_support,,fit,333,-0.215043,-1.656089,-1.200589,0.000884
fit_support,,fit,334,-4.273355,-1.833594,-1.213067,0.013266
fit_support,,fit,335,-4.421093,-3.917085,-1.239311,0.039706
fit_support,,fit,336,3.801609,1.942742,-1.177321,0.022618
fit_support,,fit,337,2.885641,-4.162728,-1.168214,0.031163
fit_support,,fit,338,-5.309127,-0.684715,-1.218892,0.018951
fit_support,,fit,339,2.532356,3.393147,-1.200683,0.000569
fit_support,,fit,340,5.488591,-0.295562,-1.199999,0.000322
fit_support,,fit,341,-2.581059,3.319027,-1.179878,0.020372
fit_support,,fit,342,-1.224351,1.706382,-1.160795,0.039262
fit_support,,fit,343,-0.321714,-5.121917,-1.182916,0.016458
fit_support,,fit,344,-1.425330,1.211055,-1.192971,0.007044
fit_support,,fit,345,2.059520,4.777514,-1.200565,0.000304
fit_support,,fit,346,0.748882,-3.089582,-1.205403,0.005863
fit_support,,fit,347,-4.240770,1.382208,-1.227941,0.027831
fit_support,,fit,348,-0.223656,2.908582,-1.214208,0.014063
fit_support,,fit,349,-2.944589,-1.311842,-1.221136,0.021322
fit_support,,fit,350,0.900533,-1.538072,-1.194421,0.005264
fit_support,,fit,351,-0.101085,-5.773454,-1.202156,0.002851
fit_support,,fit,352,-5.597896,-3.524522,-1.188784,0.010892
fit_support,,fit,353,5.473942,-4.908910,-1.223672,0.024440
fit_support,,fit,354,-5.820605,0.199905,-1.182251,0.017789
fit_support,,fit,355,4.424507,-2.681071,-1.169547,0.029930
fit_support,,fit,356,5.950803,-4.923796,-1.198151,0.001067
fit_support,,fit,357,1.782673,1.407830,-1.195531,0.004413
fit_support,,fit,358,3.333551,3.829032,-1.184255,0.015879
fit_support,,fit,359,5.369119,0.556306,-1.223260,0.023498
fit_support,,fit,360,-4.867810,-2.138946,-1.188323,0.011466
fit_support,,fit,361,0.459909,1.221489,-1.227303,0.027340
fit_support,,fit,362,1.822406,5.193148,-1.227715,0.027408
fit_support,,fit,363,0.530445,-5.154336,-1.186809,0.012538
fit_support,,fit,364,-3.587610,1.108505,-1.215388,0.015322
fit_support,,fit,365,-0.212831,-1.595556,-1.198006,0.001705
fit_support,,fit,366,-1.596852,4.647181,-1.163524,0.036827
fit_support,,fit,367,-5.175062,-2.730859,-1.231019,0.031279
fit_support,,fit,368,-4.092116,0.823410,-1.208723,0.008671
fit_support,,fit,369,-2.094387,3.654674,-1.192247,0.008022
fit_support,,fit,370,-1.829684,-2.418410,-1.200620,0.000943
fit_support,,fit,371,-2.017412,-4.610812,-1.218675,0.019204
fit_support,,fit,372,2.138995,0.321777,-1.206758,0.006928
fit_support,,fit,373,2.542187,-0.688971,-1.242461,0.042740
fit_support,,fit,374,0.902162,-0.360060,-1.183103,0.016695
fit_support,,fit,375,5.649368,-0.085992,-1.209643,0.009951
fit_support,,fit,376,-4.262385,-4.682936,-1.190187,0.009339
fit_support,,fit,377,2.307413,-3.876042,-1.203016,0.003596
fit_support,,fit,378,1.373840,2.353539,-1.199543,0.000504
fit_support,,fit,379,5.531074,-1.160777,-1.190203,0.009389
fit_support,,fit,380,-0.858443,-0.748249,-1.180264,0.019546
fit_support,,fit,381,1.429963,-0.687086,-1.193979,0.005774
fit_support,,fit,382,1.360638,-3.926522,-1.192902,0.006540
fit_support,,fit,383,2.594199,-5.395054,-1.179997,0.019269
fit_support,,fit,384,4.060645,-5.940420,-1.182267,0.016905
fit_support,,fit,385,-5.140479,-5.222080,-1.183849,0.015650
fit_support,,fit,386,3.241081,0.385201,-1.199709,0.000096
fit_support,,fit,387,2.859089,1.396391,-1.207525,0.007612
fit_support,,fit,388,-0.197247,1.768326,-1.197126,0.002908
fit_support,,fit,389,-4.836283,-1.262779,-1.222598,0.022726
fit_support,,fit,390,-5.365590,2.224759,-1.188532,0.011691
fit_support,,fit,391,1.384219,-2.732364,-1.213651,0.014094
fit_support,,fit,392,-1.459291,2.034437,-1.206896,0.006800
fit_support,,fit,393,4.906138,-2.698718,-1.189052,0.010410
fit_support,,fit,394,1.915717,3.953548,-1.196344,0.003842
fit_support,,fit,395,-2.297298,-5.994240,-1.213477,0.014131
fit_support,,fit,396,-2.779883,-2.020328,-1.211676,0.011934
fit_support,,fit,397,2.910440,-4.565248,-1.180357,0.018980
fit_support,,fit,398,-1.334209,4.954373,-1.210641,0.010267
fit_support,,fit,399,-4.267334,-1.123189,-1.191495,0.008374
fit_support,,fit,400,3.837587,2.070943,-1.156887,0.043064
fit_support,,fit,401,-4.571327,-2.733188,-1.187724,0.011999
fit_support,,fit,402,-2.432738,5.227209,-1.187727,0.012703
fit_support,,fit,403,-4.894308,0.427919,-1.217650,0.017614
fit_support,,fit,404,-5.257106,1.937057,-1.188984,0.011208
fit_support,,fit,405,3.411385,2.457425,-1.218126,0.018127
fit_support,,fit,406,-0.443307,4.512965,-1.194868,0.005438
fit_support,,fit,407,3.181143,-1.904757,-1.197643,0.001943
fit_support,,fit,408,-0.489742,-2.779178,-1.216848,0.017244
fit_support,,fit,409,1.655436,-5.434743,-1.213807,0.014518
fit_support,,fit,410,4.864039,-2.943556,-1.192099,0.007340
fit_support,,fit,411,1.746887,0.014444,-1.205547,0.005736
fit_support,,fit,412,-0.319373,4.541722,-1.195225,0.005079
fit_support,,fit,413,5.093253,-4.243093,-1.173554,0.025753
fit_support,,fit,414,-3.362205,0.797009,-1.181402,0.018627
fit_support,,fit,415,-0.409399,-1.085818,-1.237125,0.037359
fit_support,,fit,416,-1.838672,3.687037,-1.193208,0.007057
fit_support,,fit,417,-4.691984,1.275270,-1.203590,0.003478
fit_support,,fit,418,3.924699,-3.978173,-1.203504,0.004138
fit_support,,fit,419,-3.679836,5.328532,-1.193133,0.007342
fit_support,,fit,420,-0.311930,5.708492,-1.202102,0.001685
fit_support,,fit,421,-5.432491,-0.908298,-1.225697,0.025775
fit_support,,fit,422,1.046672,1.406691,-1.202321,0.002356
fit_support,,fit,423,0.229622,-0.811540,-1.189818,0.009956
fit_support,,fit,424,4.096229,-5.269559,-1.172931,0.026305
fit_support,,fit,425,-2.280294,1.627634,-1.177615,0.022464
fit_support,,fit,426,-0.895256,4.564958,-1.190684,0.009639
fit_support,,fit,427,-2.278081,-4.266931,-1.160363,0.039148
fit_support,,fit,428,-0.405703,-4.073601,-1.213930,0.014453
fit_support,,fit,429,2.679151,-3.596982,-1.204048,0.004611
fit_support,,fit,430,-0.657183,4.439524,-1.153857,0.046447
fit_support,,fit,431,4.207786,2.993034,-1.198661,0.001368
fit_support,,fit,432,1.331326,-0.658057,-1.178656,0.021102
fit_support,,fit,433,-2.867101,5.723409,-1.218663,0.018173
fit_support,,fit,434,-2.162487,3.869176,-1.241892,0.041600
fit_support,,fit,435,-3.409867,-5.211610,-1.177908,0.021543
fit_support,,fit,436,-2.379799,2.739332,-1.179287,0.020902
fit_support,,fit,437,2.694234,-0.837410,-1.185498,0.014204
fit_support,,fit,438,1.127935,-0.054945,-1.178055,0.021766
fit_support,,fit,439,-3.227805,-4.752135,-1.188479,0.011012
fit_support,,fit,440,4.170914,1.974255,-1.205912,0.005980
fit_support,,fit,441,-5.383384,1.348809,-1.200270,0.000131
fit_support,,fit,442,5.443879,0.377649,-1.181691,0.018052
fit_support,,fit,443,-1.786439,5.607797,-1.232910,0.032461
fit_support,,fit,444,-5.435649,-0.219039,-1.191506,0.008483
fit_support,,fit,445,3.424934,-0.642756,-1.205763,0.006062
fit_support,,fit,446,-3.552065,-5.973512,-1.156351,0.043031
fit_support,,fit,447,-3.604561,-4.202822,-1.172660,0.026894
fit_support,,fit,448,-1.605422,-5.009740,-1.193393,0.006028
fit_support,,fit,449,-2.653472,-5.720136,-1.211149,0.011767
fit_support,,fit,450,-4.801888,-5.799327,-1.173032,0.026402
fit_support,,fit,451,-3.546453,1.038118,-1.208139,0.008081
fit_support,,fit,452,-0.909005,5.094315,-1.210115,0.009740
fit_support,,fit,453,-5.121286,0.601636,-1.195089,0.004971
fit_support,,fit,454,-3.512944,2.294572,-1.216950,0.016772
fit_support,,fit,455,-5.947683,0.027529,-1.185531,0.014497
fit_support,,fit,456,4.316731,0.765536,-1.230361,0.030550
fit_support,,fit,457,-4.052727,-5.498787,-1.198710,0.000732
fit_support,,fit,458,-1.035054,-4.869731,-1.207350,0.007932
fit_support,,fit,459,-3.813389,-0.028679,-1.156802,0.043160
fit_support,,fit,460,4.009244,-1.556178,-1.213820,0.014223
fit_support,,fit,461,4.586684,-3.843317,-1.219537,0.020177
fit_support,,fit,462,5.121096,0.247031,-1.228897,0.029158
fit_support,,fit,463,3.219972,-0.957459,-1.197179,0.002497
fit_support,,fit,464,-2.746446,-4.326182,-1.208058,0.008539
fit_support,,fit,465,-2.890597,3.606082,-1.207073,0.006786
fit_support,,fit,466,0.315644,-1.234481,-1.177913,0.021818
fit_support,,fit,467,-1.705357,2.623696,-1.219162,0.019004
fit_support,,fit,468,3.128163,0.438634,-1.201260,0.001446
fit_support,,fit,469,-0.618741,-2.979556,-1.218017,0.018428
fit_support,,fit,470,1.514038,3.440040,-1.211112,0.010964
fit_support,,fit,471,-5.874152,0.768047,-1.154309,0.045788
fit_support,,fit,472,-3.512646,-1.754073,-1.175637,0.024151
fit_support,,fit,473,1.339729,1.063677,-1.190646,0.009278
fit_support,,fit,474,5.202494,0.110231,-1.189430,0.010293
fit_support,,fit,475,-3.975649,1.023486,-1.188844,0.011224
fit_support,,fit,476,-1.767551,-5.154876,-1.178917,0.020495
fit_support,,fit,477,4.687114,-5.394679,-1.192953,0.006255
fit_support,,fit,478,-0.467176,1.483446,-1.175781,0.024234
fit_support,,fit,479,1.838616,-3.744012,-1.216389,0.016943
fit_support,,fit,480,-2.290517,-4.610108,-1.179464,0.020014
fit_support,,fit,481,-5.532079,2.183678,-1.174118,0.026106
fit_support,,fit,482,-5.019060,2.283799,-1.181586,0.018633
fit_support,,fit,483,-0.993662,3.635886,-1.210346,0.010109
fit_support,,fit,484,4.790907,0.492299,-1.236752,0.036980
fit_support,,fit,485,-1.269492,-3.938553,-1.206294,0.006779
fit_support,,fit,486,4.576171,-1.479895,-1.176534,0.023054
fit_support,,fit,487,1.570541,3.726150,-1.179789,0.020385
fit_support,,fit,488,4.720522,-5.141620,-1.215509,0.016278
fit_support,,fit,489,3.395627,-5.273732,-1.193154,0.006101
fit_support,,fit,490,-0.045524,0.641425,-1.214079,0.014158
fit_support,,fit,491,4.433720,-3.600994,-1.185318,0.014070
fit_support,,fit,492,-1.453258,-0.312544,-1.232917,0.033048
fit_support,,fit,493,-0.121301,-0.111484,-1.217148,0.017297
fit_support,,fit,494,-4.075699,5.013989,-1.188354,0.012102
fit_support,,fit,495,1.257657,2.988702,-1.215226,0.015114
fit_support,,fit,496,-2.714074,0.852450,-1.210168,0.010151
fit_support,,fit,497,5.425800,-0.755202,-1.202898,0.003264
fit_support,,fit,498,-4.448132,1.994466,-1.195719,0.004456
fit_support,,fit,499,-3.492897,-2.274209,-1.188503,0.011234
fit_support,,fit,500,-1.737529,2.606678,-1.170489,0.029669
fit_support,,fit,501,5.820829,-5.641111,-1.197007,0.002146
fit_support,,fit,502,-0.428627,0.082669,-1.182985,0.016893
fit_support,,fit,503,-5.634325,-4.670500,-1.206451,0.006885
fit_support,,fit,504,-3.131552,-3.172240,-1.177172,0.022469
fit_support,,fit,505,0.580888,-1.024522,-1.220333,0.020589
fit_support,,fit,506,-5.663102,3.853660,-1.218531,0.018143
fit_support,,fit,507,-2.908280,-5.522402,-1.206306,0.006898
fit_support,,fit,508,-0.419902,1.805393,-1.155771,0.044273
fit_support,,fit,509,0.019669,-1.395633,-1.183131,0.016592
fit_support,,fit,510,-5.193232,-2.707360,-1.214956,0.015213
fit_support,,fit,511,4.171457,-4.394298,-1.194926,0.004392
fit_support,,fit,512,0.435692,2.510996,-1.208439,0.008351
fit_support,,fit,513,-1.338048,1.626743,-1.245909,0.045856
fit_support,,fit,514,4.296745,2.600863,-1.164325,0.035664
fit_support,,fit,515,2.047916,2.435063,-1.195600,0.004436
fit_support,,fit,516,1.826302,2.311990,-1.216649,0.016619
fit_support,,fit,517,-4.169527,3.894555,-1.211618,0.011268
fit_support,,fit,518,2.785284,1.613914,-1.222386,0.022450
fit_support,,fit,519,1.606537,-1.149384,-1.221627,0.021924
fit_support,,fit,520,5.186389,-3.816343,-1.239741,0.040395
fit_support,,fit,521,0.614806,1.437899,-1.203615,0.003635
fit_support,,fit,522,-1.575352,-5.195375,-1.198568,0.000834
fit_support,,fit,523,-0.297816,1.157035,-1.232721,0.032742
fit_support,,fit,524,0.415772,-4.690788,-1.221916,0.022521
fit_support,,fit,525,4.559221,0.073919,-1.228674,0.028935
fit_support,,fit,526,-5.969114,-2.985405,-1.193248,0.006490
fit_support,,fit,527,-4.753786,5.658688,-1.228259,0.027722
fit_support,,fit,528,-2.816063,-0.102066,-1.235527,0.035600
fit_support,,fit,529,0.844378,-4.706845,-1.188641,0.010741
fit_support,,fit,530,2.269127,2.376165,-1.160573,0.039451
fit_support,,fit,531,-3.553826,4.116728,-1.190903,0.009451
fit_support,,fit,532,5.461223,-2.570763,-1.193690,0.005768
fit_support,,fit,534,-0.733200,3.007221,-1.174396,0.025772
fit_support,,fit,535,5.117973,4.385747,-1.210066,0.009928
fit_support,,fit,536,-4.297896,-0.685652,-1.225292,0.025379
fit_support,,fit,537,-3.997715,3.869352,-1.186920,0.013423
fit_support,,fit,538,0.268373,-5.096780,-1.158044,0.041316
fit_support,,fit,539,-0.461593,1.133234,-1.195758,0.004223
fit_support,,fit,540,-3.255037,-5.849280,-1.219794,0.020408
fit_support,,fit,541,0.071837,2.899126,-1.211162,0.011026
fit_support,,fit,542,3.968182,-4.216756,-1.196817,0.002524
fit_support,,fit,543,-0.601490,-5.901740,-1.202455,0.003149
fit_support,,fit,544,-2.039932,2.409328,-1.214936,0.014788
fit_support,,fit,545,0.954587,0.359245,-1.212305,0.012439
fit_support,,fit,546,-0.592968,2.443650,-1.192694,0.007417
fit_support,,fit,547,4.896424,1.069707,-1.163625,0.036200
fit_support,,fit,548,5.761791,5.732524,-1.185491,0.014759
fit_support,,fit,549,-2.568343,1.937569,-1.177116,0.023001
fit_support,,fit,550,-2.485422,-1.165258,-1.201519,0.001703
fit_support,,fit,551,-2.827775,5.525556,-1.209005,0.008535
fit_support,,fit,552,3.386202,3.560864,-1.177127,0.022980
fit_support,,fit,553,3.421087,1.320619,-1.200342,0.000452
fit_support,,fit,554,-4.162022,1.660321,-1.206124,0.005989
fit_support,,fit,555,3.400041,-1.355306,-1.241680,0.042047
fit_support,,fit,556,2.791178,4.870437,-1.210906,0.010656
fit_support,,fit,557,-5.853977,-2.423975,-1.190703,0.009086
fit_support,,fit,558,-4.078399,5.355769,-1.228250,0.027761
fit_support,,fit,559,-3.378698,-4.483535,-1.212453,0.012932
fit_support,,fit,560,0.936754,-0.996183,-1.182088,0.017648
fit_support,,fit,561,2.544540,-2.624071,-1.204293,0.004758
fit_support,,fit,562,2.044715,-3.549059,-1.174185,0.025274
fit_support,,fit,563,1.215437,-5.304818,-1.207136,0.007823
fit_support,,fit,564,-5.916981,0.117770,-1.206089,0.006054
fit_support,,fit,565,-2.279012,-3.670886,-1.176825,0.022743
fit_support,,fit,566,2.214120,-2.832094,-1.193049,0.006475
fit_support,,fit,567,-0.681418,5.208055,-1.177730,0.022650
fit_support,,fit,568,-5.569114,4.124145,-1.196841,0.003570
fit_support,,fit,569,-4.219835,0.618451,-1.215241,0.015204
fit_support,,fit,570,0.949542,5.090973,-1.201129,0.000807
fit_support,,fit,571,0.238398,-4.673535,-1.202317,0.002916
fit_support,,fit,572,-4.370648,-2.405790,-1.217879,0.018130
fit_support,,fit,573,5.442040,5.355531,-1.170932,0.029290
fit_support,,fit,574,3.413755,-0.421855,-1.205522,0.005799
fit_support,,fit,575,5.030850,-0.243553,-1.221365,0.021671
fit_support,,fit,576,4.668657,-2.142996,-1.193327,0.006195
fit_support,,fit,577,5.330002,-1.070743,-1.173101,0.026505
fit_support,,fit,578,-5.067556,2.111605,-1.210508,0.010304
fit_support,,fit,579,-0.011219,4.598170,-1.179008,0.021293
fit_support,,fit,580,-3.809102,-4.748544,-1.159881,0.039627
fit_support,,fit,581,3.722317,0.473854,-1.178735,0.021065
fit_support,,fit,582,-3.556069,1.679095,-1.199074,0.001046
fit_support,,fit,583,-2.751499,-2.235515,-1.215593,0.015873
fit_support,,fit,584,-3.236900,-1.979794,-1.242334,0.042575
fit_support,,fit,585,-4.160810,0.918064,-1.194911,0.005152
fit_support,,fit,586,-3.158721,-2.856486,-1.198708,0.000964
fit_support,,fit,587,0.315853,-2.527956,-1.222350,0.022744
fit_support,,fit,588,-2.209161,4.576402,-1.190802,0.009559
fit_support,,fit,589,-1.290791,3.918075,-1.223647,0.023375
fit_support,,fit,590,-5.196554,1.366618,-1.181445,0.018691
fit_support,,fit,591,-3.912170,-3.324660,-1.209472,0.009824
fit_support,,fit,592,-4.398880,1.456541,-1.211503,0.011381
fit_support,,fit,593,2.594736,5.762713,-1.185292,0.015049
fit_support,,fit,594,3.651459,4.814713,-1.199896,0.000324
fit_support,,fit,595,-5.604615,-1.249061,-1.213765,0.013870
fit_support,,fit,596,2.308197,-3.945838,-1.203148,0.003734
fit_support,,fit,597,1.429600,4.910119,-1.180230,0.020062
fit_support,,fit,598,2.837003,0.283170,-1.235993,0.036187
fit_support,,fit,599,-0.221925,0.008243,-1.179866,0.019999
fit_support,,fit,600,0.750558,5.602988,-1.223006,0.022629
fit_support,,fit,601,0.947871,5.838448,-1.193859,0.006535
fit_support,,fit,602,-1.499362,-4.684129,-1.176131,0.023318
fit_support,,fit,603,-3.604550,0.922631,-1.204580,0.004532
fit_support,,fit,604,-3.878391,0.929263,-1.188677,0.011379
fit_support,,fit,605,-4.131369,0.671103,-1.171610,0.028429
fit_support,,fit,606,-0.288643,0.110137,-1.176097,0.023780
fit_support,,fit,607,-3.510018,0.227951,-1.211150,0.011171
fit_support,,fit,608,3.677281,-0.430406,-1.189659,0.010055
fit_support,,fit,609,-4.801995,2.138611,-1.180572,0.019627
fit_support,,fit,610,3.022168,-4.338434,-1.215519,0.016163
fit_support,,fit,611,4.239770,-1.202131,-1.223575,0.023951
fit_support,,fit,612,-3.074439,3.186659,-1.191765,0.008486
fit_support,,fit,613,-5.152874,-0.395448,-1.201015,0.001050
fit_support,,fit,614,-3.776821,4.827953,-1.162335,0.038094
fit_support,,fit,615,-5.492447,1.927261,-1.201024,0.000826
fit_support,,fit,616,-4.303468,3.183242,-1.204285,0.003999
fit_support,,fit,617,-5.308968,-0.141226,-1.201771,0.001777
fit_support,,fit,618,-0.057731,3.462130,-1.206911,0.006717
fit_support,,fit,619,4.307575,4.433689,-1.226997,0.026832
fit_support,,fit,620,-0.791594,-1.147675,-1.227830,0.028060
fit_support,,fit,621,-3.937045,3.854307,-1.202835,0.002496
fit_support,,fit,622,-0.631900,-1.566779,-1.195056,0.004669
fit_support,,fit,623,2.837551,-0.736133,-1.206189,0.006481
fit_support,,fit,624,-0.397258,-4.339943,-1.166261,0.033191
fit_support,,fit,625,-2.586746,2.279100,-1.167572,0.032578
fit_support,,fit,626,-2.823392,3.672737,-1.211916,0.011625
fit_support,,fit,627,4.199819,-0.586724,-1.180476,0.019208
fit_support,,fit,628,1.150145,0.454666,-1.217940,0.018069
fit_support,,fit,629,-4.962032,-5.783551,-1.188615,0.010826
fit_support,,fit,630,-4.080637,1.356549,-1.210540,0.010437
fit_support,,fit,631,4.625561,0.027653,-1.206799,0.007067
fit_support,,fit,632,-1.987825,-2.639221,-1.171011,0.028649
fit_support,,fit,633,-1.533633,5.070842,-1.228821,0.028432
fit_support,,fit,634,-4.660726,4.944538,-1.207542,0.007077
fit_support,,fit,635,3.830572,-2.829944,-1.193175,0.006304
fit_support,,fit,636,-3.147015,2.012155,-1.195711,0.004429
fit_support,,fit,637,-3.570921,0.674179,-1.218656,0.018632
fit_support,,fit,638,3.954135,5.609846,-1.231343,0.031055
fit_support,,fit,639,4.787049,-0.227695,-1.168705,0.030998
fit_support,,fit,640,4.950383,-2.035347,-1.194671,0.004853
fit_support,,fit,641,-0.986099,3.093570,-1.170079,0.030105
fit_support,,fit,642,-0.211218,2.549127,-1.177553,0.022557
fit_support,,fit,643,3.504807,-5.767015,-1.175054,0.024151
fit_support,,fit,644,3.930936,-0.542692,-1.197157,0.002539
fit_support,,fit,645,5.885260,3.867365,-1.207863,0.007796
fit_support,,fit,646,-0.031917,-2.074801,-1.205039,0.005379
fit_support,,fit,647,3.099947,-0.630068,-1.203163,0.003452
fit_support,,fit,648,-1.638893,5.417436,-1.197152,0.003274
fit_support,,fit,649,-5.478029,-4.520463,-1.197027,0.002549
fit_support,,fit,650,-2.243360,-5.427923,-1.204472,0.005074
fit_support,,fit,651,-2.216177,5.823808,-1.218803,0.018321
fit_support,,fit,652,3.882411,0.212025,-1.210541,0.010770
fit_support,,fit,653,-2.816834,0.812333,-1.186067,0.013949
fit_support,,fit,654,-3.601330,-4.850376,-1.207860,0.008369
fit_support,,fit,655,5.169561,1.380442,-1.227093,0.027246
fit_support,,fit,656,-1.256579,3.575614,-1.221265,0.021027
fit_support,,fit,657,3.625620,3.829605,-1.188926,0.011200
fit_support,,fit,658,-4.970676,-2.174892,-1.229903,0.030115
fit_support,,fit,659,-5.673373,5.217173,-1.184508,0.016011
fit_support,,fit,660,0.888124,-5.745714,-1.218367,0.019087
fit_support,,fit,661,-1.915181,5.521341,-1.188378,0.012066
fit_support,,fit,662,4.262986,-0.390733,-1.213882,0.014180
fit_support,,fit,663,-3.301668,0.063514,-1.195482,0.004475
fit_support,,fit,664,1.233592,0.983062,-1.197639,0.002280
fit_support,,fit,665,4.460867,5.961426,-1.206698,0.006390
fit_support,,fit,666,3.882250,4.411134,-1.207248,0.007073
fit_support,,fit,667,-4.562072,-2.813293,-1.207981,0.008266
fit_support,,fit,668,3.492430,-2.463603,-1.224846,0.025322
fit_support,,fit,669,-5.531257,-3.158065,-1.175838,0.023871
fit_support,,fit,670,-2.831787,5.337583,-1.224184,0.023732
fit_support,,fit,671,-5.814224,0.639434,-1.186033,0.014050
fit_support,,fit,672,0.187331,1.868372,-1.175589,0.024444
fit_support,,fit,673,-1.271122,4.372299,-1.181832,0.018484
fit_support,,fit,674,-1.877035,0.169039,-1.204108,0.004181
fit_support,,fit,675,4.999671,-2.886453,-1.187830,0.011611
fit_support,,fit,676,-0.229952,2.561630,-1.186797,0.013314
fit_support,,fit,677,-4.367792,-0.557661,-1.186314,0.013613
fit_support,,fit,678,2.528126,4.044717,-1.169084,0.031094
fit_support,,fit,679,-2.239537,-0.621002,-1.201808,0.001946
fit_support,,fit,680,-2.844602,0.675366,-1.196491,0.003512
fit_support,,fit,681,-2.862364,-5.252406,-1.198437,0.000996
fit_support,,fit,682,4.444830,-2.917686,-1.207639,0.008186
fit_support,,fit,683,-1.823718,-1.790508,-1.213527,0.013790
fit_support,,fit,684,5.769770,0.583631,-1.188454,0.011300
fit_support,,fit,685,4.084624,-1.545227,-1.198148,0.001447
fit_support,,fit,686,3.119583,1.565648,-1.215687,0.015765
fit_support,,fit,687,-1.685910,-3.071110,-1.168010,0.031599
fit_support,,fit,688,-2.360421,-1.557682,-1.215100,0.015326
fit_support,,fit,689,0.941573,-0.857092,-1.205389,0.005639
fit_support,,fit,690,-0.305952,-1.509943,-1.205446,0.005725
fit_support,,fit,691,1.487593,5.694798,-1.176681,0.023684
fit_support,,fit,692,3.989081,-5.363269,-1.230231,0.031000
fit_support,,fit,693,-4.400282,-1.322997,-1.179584,0.020270
fit_support,,fit,694,-3.912024,-1.294969,-1.187872,0.011971
fit_support,,fit,695,-2.721084,-2.766282,-1.195810,0.003859
fit_support,,fit,696,-4.198245,-3.886133,-1.184020,0.015582
fit_support,,fit,697,-0.160598,1.724718,-1.175053,0.024976
fit_support,,fit,698,-1.846966,5.932355,-1.205738,0.005256
fit_support,,fit,699,-1.545674,5.798999,-1.174283,0.026177
fit_support,,fit,700,-2.295433,5.324121,-1.213309,0.012873
fit_support,,fit,701,1.551450,0.533327,-1.191253,0.008614
fit_support,,fit,702,0.829574,-1.223835,-1.180365,0.019352
fit_support,,fit,703,-0.398818,-4.132540,-1.226203,0.026731
fit_support,,fit,704,-2.040860,5.986481,-1.215014,0.014522
fit_support,,fit,705,2.931890,-5.536453,-1.186508,0.012735
fit_support,,fit,706,-0.932127,4.257566,-1.219578,0.019284
fit_support,,fit,707,-0.188133,-4.713271,-1.219038,0.019628
fit_support,,fit,708,-5.276108,-3.369605,-1.180900,0.018781
fit_support,,fit,709,-0.097402,2.140703,-1.218042,0.017974
fit_support,,fit,710,-0.131521,2.733822,-1.167250,0.032876
fit_support,,fit,711,-1.984880,-1.543261,-1.213533,0.013768
fit_support,,fit,712,-1.823550,-2.628003,-1.216344,0.016688
fit_support,,fit,713,-3.596329,3.614430,-1.219694,0.019387
fit_support,,fit,714,0.342672,-3.264913,-1.191428,0.008107
fit_support,,fit,715,4.305805,5.038192,-1.194474,0.005750
fit_support,,fit,716,4.184476,-3.794862,-1.189568,0.009808
fit_support,,fit,717,2.375873,-5.726084,-1.186667,0.012574
fit_support,,fit,718,-5.631003,-0.710766,-1.196770,0.003178
fit_support,,fit,719,-4.733656,-2.809461,-1.205965,0.006245
fit_support,,fit,720,3.190745,-0.058325,-1.221050,0.021286
fit_support,,fit,721,-2.647709,-1.604922,-1.197711,0.002067
fit_support,,fit,722,0.865929,-1.629000,-1.205797,0.006119
fit_support,,fit,723,-1.677697,-0.938676,-1.177163,0.022652
fit_support,,fit,724,5.945662,4.850942,-1.229781,0.029621
fit_support,,fit,725,-4.463357,0.710608,-1.218133,0.018081
fit_support,,fit,726,5.612890,-4.391904,-1.224669,0.025390
fit_support,,fit,727,-3.547744,5.468197,-1.181058,0.019427
fit_support,,fit,728,5.118036,3.067680,-1.201310,0.001299
fit_support,,fit,729,-0.868671,0.833165,-1.178039,0.021924
fit_support,,fit,730,-4.105806,-3.370388,-1.211694,0.012045
fit_support,,fit,731,-2.829712,1.336948,-1.163908,0.036159
fit_support,,fit,732,-1.314173,5.436612,-1.236650,0.036231
fit_support,,fit,733,3.233304,3.220645,-1.202667,0.002589
fit_support,,fit,734,4.481626,-3.769036,-1.191494,0.007876
fit_support,,fit,735,4.307421,0.415311,-1.180630,0.019148
fit_support,,fit,736,-0.955587,-3.217243,-1.217596,0.018021
fit_support,,fit,737,-5.423606,3.067019,-1.197573,0.002732
fit_support,,fit,738,-3.261047,4.512419,-1.204509,0.004124
fit_support,,fit,739,-2.140685,1.876673,-1.170540,0.029559
fit_support,,fit,740,5.948060,1.054728,-1.206947,0.007153
fit_support,,fit,741,1.599606,3.425075,-1.222963,0.022820
fit_support,,fit,742,-5.837846,3.574533,-1.209928,0.009562
fit_support,,fit,743,-5.210448,-1.994983,-1.168909,0.030903
fit_support,,fit,744,2.740190,3.247049,-1.183577,0.016518
fit_support,,fit,745,-4.205625,-2.224132,-1.195159,0.004603
fit_support,,fit,746,-3.633490,-4.277874,-1.185979,0.013569
fit_support,,fit,747,2.743105,-3.224529,-1.176071,0.023401
fit_support,,fit,748,-4.731857,2.410044,-1.189895,0.010328
fit_support,,fit,749,-4.815805,3.046203,-1.193840,0.006446
fit_support,,fit,750,-0.386798,4.769632,-1.193945,0.006384
fit_support,,fit,751,2.372332,1.241488,-1.221816,0.021904
fit_support,,fit,752,4.316743,-0.705295,-1.204915,0.005245
fit_support,,fit,753,-5.785309,1.372185,-1.206252,0.006099
fit_support,,fit,754,-2.199984,-4.189256,-1.210668,0.011151
fit_support,,fit,755,-1.886336,1.204311,-1.190971,0.009056
fit_support,,fit,756,-2.896741,3.970783,-1.193260,0.007062
fit_support,,fit,757,0.608742,-2.703314,-1.210881,0.011300
fit_support,,fit,758,3.065797,0.947438,-1.204063,0.004199
fit_support,,fit,759,0.544056,0.288802,-1.183520,0.016352
fit_support,,fit,760,5.313724,2.800506,-1.192870,0.007110
fit_support,,fit,761,5.360256,-3.431271,-1.210424,0.011046
fit_support,,fit,762,-1.921820,-4.188254,-1.208826,0.009317
fit_support,,fit,763,0.946086,-2.828356,-1.170519,0.029041
fit_support,,fit,764,1.692763,5.501963,-1.188098,0.012244
fit_support,,fit,765,-1.915187,-2.037442,-1.183595,0.016120
fit_support,,fit,766,-5.518383,-3.187318,-1.168295,0.031410
fit_support,,fit,767,-4.378150,0.899502,-1.198214,0.001854
fit_support,,fit,768,5.629033,1.963737,-1.216688,0.016798
fit_support,,fit,769,5.760859,4.844586,-1.195845,0.004319
fit_support,,fit,770,-0.529619,2.490169,-1.197925,0.002188
fit_support,,fit,771,-2.569587,1.445020,-1.190269,0.009800
fit_support,,fit,772,4.974985,-1.520064,-1.211237,0.011664
fit_support,,fit,773,-4.432406,1.845665,-1.195052,0.005109
fit_support,,fit,774,0.870676,2.067062,-1.204678,0.004645
fit_support,,fit,775,-1.368789,0.315526,-1.224531,0.024604
fit_support,,fit,776,5.812937,0.218806,-1.216400,0.016683
fit_support,,fit,777,5.132364,-3.974568,-1.207071,0.007739
fit_support,,fit,778,2.146713,-2.541926,-1.190351,0.009203
fit_support,,fit,779,-4.819975,-3.127970,-1.200479,0.000787
fit_support,,fit,780,5.841244,2.956852,-1.216546,0.016566
fit_support,,fit,781,-5.348690,-3.679534,-1.205835,0.006181
fit_support,,fit,782,-0.200524,0.589455,-1.220957,0.021036
fit_support,,fit,783,-5.659218,0.250888,-1.197467,0.002574
fit_support,,fit,784,-2.106062,5.230680,-1.177117,0.023305
fit_support,,fit,785,-3.356157,0.492516,-1.226211,0.026211
fit_support,,fit,786,-2.653584,-2.819382,-1.225181,0.025520
fit_support,,fit,787,4.854305,-0.732123,-1.174162,0.025490
fit_support,,fit,788,-2.994188,-2.616613,-1.178729,0.020962
fit_support,,fit,789,-2.696715,-1.715146,-1.188056,0.011713
fit_support,,fit,790,-5.896697,0.701626,-1.233454,0.033363
fit_support,,fit,791,-2.236610,-1.226164,-1.183257,0.016546
fit_support,,fit,792,4.952512,-1.229994,-1.232017,0.032416
fit_support,,fit,793,5.896510,4.176709,-1.204182,0.004086
fit_support,,fit,794,-3.245663,3.020510,-1.178469,0.021771
fit_support,,fit,795,3.231212,-2.046814,-1.202400,0.002829
fit_support,,fit,797,-2.838447,4.064252,-1.232249,0.031919
fit_support,,fit,798,2.019654,0.300810,-1.169643,0.030188
fit_support,,fit,799,0.706502,4.498595,-1.224283,0.024011
fit_support,,fit,800,1.359938,1.362349,-1.187919,0.012033
fit_support,,fit,801,-3.322119,3.083207,-1.218560,0.018312
fit_support,,fit,802,0.679003,1.383871,-1.209231,0.009259
fit_support,,fit,803,-3.559460,4.094274,-1.202682,0.002329
fit_support,,fit,804,-4.956082,-3.258644,-1.161256,0.038427
fit_support,,fit,805,-3.980319,4.040187,-1.213507,0.013148
fit_support,,fit,806,-3.076239,1.792305,-1.194324,0.005793
fit_support,,fit,807,4.472463,3.001901,-1.205575,0.005552
fit_support,,fit,808,-3.791460,-1.535475,-1.226157,0.026340
fit_support,,fit,809,-0.286194,3.985976,-1.216923,0.016672
fit_support,,fit,810,-4.676217,-2.553462,-1.172803,0.026940
fit_support,,fit,811,5.257197,-4.590119,-1.201487,0.002217
fit_support,,fit,812,-2.137432,3.080967,-1.195699,0.004516
fit_support,,fit,813,-4.464971,1.808802,-1.181045,0.019113
fit_support,,fit,814,-1.257739,-0.745716,-1.221004,0.021182
fit_support,,fit,815,-2.529261,4.059040,-1.196888,0.003432
fit_support,,fit,816,-3.546691,5.832807,-1.191052,0.009467
fit_support,,fit,817,3.693200,-2.990506,-1.211360,0.011893
fit_support,,fit,818,-4.177254,5.493173,-1.200345,0.000159
fit_support,,fit,819,3.133726,5.295757,-1.179005,0.021276
fit_support,,fit,820,4.843272,2.455376,-1.218306,0.018347
fit_support,,fit,821,-0.267690,5.352835,-1.194374,0.006008
fit_support,,fit,822,-3.312367,-1.179360,-1.217450,0.017613
fit_support,,fit,823,-2.157312,5.110915,-1.199205,0.001206
fit_support,,fit,824,5.620332,-4.348067,-1.230932,0.031650
fit_support,,fit,825,-2.342886,5.549482,-1.241504,0.041045
fit_support,,fit,826,2.505992,-0.191844,-1.222762,0.022992
fit_support,,fit,827,2.483764,-1.122921,-1.243932,0.044251
fit_support,,fit,828,2.290370,2.779291,-1.191950,0.008112
fit_support,,fit,829,3.406893,-3.646128,-1.223998,0.024586
fit_support,,fit,830,-5.108107,-0.883655,-1.204001,0.004084
fit_support,,fit,831,2.130687,1.760506,-1.192151,0.007818
fit_support,,fit,832,-4.361529,-1.456831,-1.218047,0.018206
fit_support,,fit,833,2.458657,-1.041754,-1.234226,0.034537
fit_support,,fit,834,1.325795,2.263738,-1.203989,0.003950
fit_support,,fit,835,3.202588,3.261654,-1.186652,0.013432
fit_support,,fit,836,-3.978035,0.870965,-1.217946,0.017892
fit_support,,fit,837,5.124605,3.982197,-1.227698,0.027599
fit_support,,fit,838,5.540196,-5.993012,-1.204274,0.005148
fit_support,,fit,839,-0.932286,3.886936,-1.214843,0.014584
fit_support,,fit,840,-1.254594,-2.524071,-1.194693,0.004957
fit_support,,fit,841,-5.833312,-1.792667,-1.182171,0.017678
fit_support,,fit,842,-0.525982,-1.208118,-1.227606,0.027849
fit_support,,fit,843,3.063709,3.393881,-1.188610,0.011490
fit_support,,fit,844,1.677772,0.880895,-1.180347,0.019549
fit_support,,fit,845,-1.868188,-0.238897,-1.205396,0.005509
fit_support,,fit,846,1.005709,0.841981,-1.198364,0.001548
fit_support,,fit,847,1.826340,-2.359273,-1.174810,0.024770
fit_support,,fit,848,3.364083,-1.761350,-1.210768,0.011173
fit_support,,fit,849,0.880317,2.073871,-1.202698,0.002664
fit_support,,fit,850,1.044446,-1.777865,-1.196268,0.003390
fit_support,,fit,851,2.554704,-0.864765,-1.206282,0.006578
fit_support,,fit,852,-1.350316,-1.315182,-1.220670,0.020900
fit_support,,fit,853,2.533311,4.705857,-1.184520,0.015721
fit_support,,fit,854,4.086374,-3.658445,-1.171706,0.027686
fit_support,,fit,855,-4.806421,-5.640418,-1.193860,0.005589
fit_support,,fit,856,5.046479,2.258279,-1.191244,0.008691
fit_support,,fit,857,1.720619,2.707379,-1.154197,0.045874
fit_support,,fit,858,1.875169,0.796695,-1.206845,0.006963
fit_support,,fit,859,-4.782442,-0.343393,-1.211517,0.011558
fit_support,,fit,860,1.441311,3.902020,-1.205713,0.005519
fit_support,,fit,861,4.175943,-1.302959,-1.225683,0.026067
fit_support,,fit,862,4.633942,0.809397,-1.172537,0.027269
fit_support,,fit,863,-4.410440,4.577339,-1.205811,0.005388
fit_support,,fit,864,5.657792,3.892032,-1.198740,0.001336
fit_support,,fit,865,3.280436,-2.379984,-1.217841,0.018304
fit_support,,fit,866,-5.407942,-1.093181,-1.177137,0.022767
fit_support,,fit,867,-0.351614,3.331305,-1.228695,0.028505
fit_support,,fit,868,5.259250,5.940661,-1.195586,0.004698
fit_support,,fit,869,1.770209,-0.554807,-1.180874,0.018882
fit_support,,fit,870,0.161006,3.821892,-1.191621,0.008601
fit_support,,fit,871,4.170928,-0.723025,-1.183109,0.016563
fit_support,,fit,872,-5.586249,3.548188,-1.231050,0.030694
fit_support,,fit,873,-5.694733,3.440203,-1.223022,0.022673
fit_support,,fit,874,-1.555885,-3.787323,-1.227606,0.028068
fit_support,,fit,875,5.563715,-0.723639,-1.213115,0.013482
fit_support,,fit,876,3.926670,3.359985,-1.217093,0.017020
fit_support,,fit,877,3.295896,5.093997,-1.189068,0.011189
fit_support,,fit,878,-5.639131,-2.861043,-1.207268,0.007527
fit_support,,fit,879,-4.151711,-2.360473,-1.212634,0.012887
fit_support,,fit,880,-4.359170,2.887175,-1.174854,0.025404
fit_support,,fit,881,0.346848,-5.125868,-1.185277,0.014078
fit_support,,fit,882,-1.909496,-1.385575,-1.175548,0.024230
fit_support,,fit,883,-1.248711,4.879769,-1.198840,0.001523
fit_support,,fit,884,-4.627786,3.991141,-1.200774,0.000401
fit_support,,fit,885,0.992376,-0.261509,-1.205420,0.005615
fit_support,,fit,886,2.324412,-0.319323,-1.208395,0.008633
fit_support,,fit,887,-2.996000,-3.788671,-1.198803,0.000774
fit_support,,fit,888,-0.208676,5.378687,-1.243956,0.043574
fit_support,,fit,889,4.576640,-1.976325,-1.223560,0.024020
fit_support,,fit,890,3.855847,1.698447,-1.202988,0.003073
fit_support,,fit,891,0.770415,3.465973,-1.210915,0.010744
fit_support,,fit,892,-1.774597,-1.978984,-1.182298,0.017419
fit_support,,fit,893,-3.787283,4.502719,-1.187955,0.012444
fit_support,,fit,894,-2.152232,5.385812,-1.201264,0.000827
fit_support,,fit,895,1.206495,4.578720,-1.210308,0.010042
fit_support,,fit,896,-4.424050,2.740215,-1.209739,0.009493
fit_support,,fit,897,-2.892795,-5.429565,-1.197365,0.002052
fit_support,,fit,898,1.823086,3.571497,-1.202561,0.002409
fit_support,,fit,899,-5.788650,-2.109095,-1.171697,0.028120
fit_support,,fit,900,2.302398,1.674506,-1.221395,0.021440
fit_support,,fit,901,-2.657591,-3.731270,-1.189461,0.010112
fit_support,,fit,902,4.580943,-4.837985,-1.185510,0.013755
fit_support,,fit,903,-0.242760,1.449835,-1.182726,0.017279
fit_support,,fit,904,-0.297516,-5.456618,-1.185035,0.014306
fit_support,,fit,905,-1.651469,5.217602,-1.171836,0.028572
fit_support,,fit,906,-4.844365,3.655674,-1.186193,0.014153
fit_support,,fit,907,-2.694780,-0.322474,-1.225518,0.025615
fit_support,,fit,908,-4.557201,1.021823,-1.198828,0.001256
fit_support,,fit,909,-3.728040,1.301627,-1.221137,0.021049
fit_support,,fit,910,3.247942,2.471611,-1.241367,0.041361
fit_support,,fit,911,-4.291548,-0.732283,-1.174655,0.025253
fit_support,,fit,912,1.521486,-0.670862,-1.202708,0.002956
fit_support,,fit,913,-0.268681,5.292079,-1.219850,0.019474
fit_support,,fit,914,1.963098,3.906597,-1.200249,0.000069
fit_support,,fit,915,1.256714,-3.343474,-1.225873,0.026372
fit_support,,fit,916,-2.732170,-4.294137,-1.199401,0.000120
fit_support,,fit,917,-2.214990,1.861557,-1.205208,0.005109
fit_support,,fit,918,-5.954442,-4.549386,-1.199316,0.000270
fit_support,,fit,919,-5.819016,3.580412,-1.187300,0.013066
fit_support,,fit,920,2.834584,-4.387850,-1.198481,0.000876
fit_support,,fit,921,-0.814967,4.222231,-1.229072,0.028784
fit_support,,fit,922,-4.235948,-4.121470,-1.178023,0.021557
fit_support,,fit,923,-3.390449,2.124807,-1.207609,0.007451
fit_support,,fit,924,3.468489,-3.364871,-1.177222,0.022216
fit_support,,fit,925,5.191635,5.597182,-1.189457,0.010796
fit_support,,fit,926,1.736083,-0.266399,-1.166112,0.033672
fit_support,,fit,927,3.519165,4.212953,-1.188034,0.012132
fit_support,,fit,928,4.286285,-2.709680,-1.188307,0.011171
fit_support,,fit,929,3.238950,-4.272873,-1.230003,0.030647
fit_support,,fit,930,3.526894,-5.833672,-1.195837,0.003361
fit_support,,fit,931,2.488234,-4.713332,-1.186485,0.012850
fit_support,,fit,932,-4.245614,-0.659671,-1.200748,0.000834
fit_support,,fit,933,-4.182609,3.760216,-1.185263,0.015075
fit_support,,fit,934,0.763291,-1.434041,-1.214264,0.014565
fit_support,,fit,935,-4.288094,-4.586580,-1.183358,0.016178
fit_support,,fit,936,3.238584,5.123852,-1.197477,0.002784
fit_support,,fit,937,5.308836,-3.680134,-1.213206,0.013850
fit_support,,fit,938,-5.485871,-3.435274,-1.211932,0.012251
fit_support,,fit,939,3.865809,4.700269,-1.191622,0.008581
fit_support,,fit,940,3.844897,-1.276894,-1.191522,0.008106
fit_support,,fit,941,0.117205,-3.643275,-1.216105,0.016601
fit_support,,fit,942,-3.768556,-5.436458,-1.175026,0.024414
fit_support,,fit,943,-4.397078,-2.995623,-1.180043,0.019650
fit_support,,fit,944,-2.460067,-3.241516,-1.221030,0.021415
fit_support,,fit,945,0.648304,0.142631,-1.208929,0.009075
fit_support,,fit,946,-0.314147,1.755751,-1.177823,0.022213
fit_support,,fit,947,-0.479438,5.871225,-1.201716,0.001279
fit_support,,fit,948,-0.249338,-0.321504,-1.209552,0.009717
fit_support,,fit,949,-4.421713,-4.253007,-1.181615,0.017958
fit_support,,fit,950,5.502233,-4.846149,-1.209194,0.009956
fit_support,,fit,951,0.719794,-1.002309,-1.193464,0.006278
fit_support,,fit,952,2.956048,5.776046,-1.207721,0.007389
fit_support,,fit,953,-3.474015,-4.577826,-1.231398,0.031883
fit_support,,fit,954,-0.716569,-2.740880,-1.209258,0.009643
fit_support,,fit,955,4.930829,-0.931154,-1.207215,0.007584
fit_support,,fit,956,3.294516,-4.523388,-1.210853,0.011522
fit_support,,fit,957,-2.952478,-2.802992,-1.184648,0.015023
fit_support,,fit,958,3.379567,-3.534153,-1.194525,0.004898
fit_support,,fit,959,-1.492893,-3.739581,-1.185219,0.014321
fit_support,,fit,960,2.195567,-2.060097,-1.208243,0.008645
fit_support,,fit,961,5.196931,-3.830424,-1.182714,0.016630
fit_support,,fit,962,-5.589673,-5.444600,-1.182600,0.016891
fit_support,,fit,963,2.997204,-5.291592,-1.211510,0.012245
fit_support,,fit,964,4.692667,3.827566,-1.172071,0.028025
fit_support,,fit,965,2.517759,-0.523760,-1.219037,0.019299
fit_support,,fit,966,0.477248,-1.291693,-1.204463,0.004743
fit_support,,fit,967,5.026941,-1.070984,-1.195891,0.003724
fit_support,,fit,968,-3.579744,-0.781639,-1.211816,0.011932
fit_support,,fit,969,-4.343779,-0.054223,-1.248186,0.048211
fit_support,,fit,970,3.870551,-5.326396,-1.208127,0.008890
fit_support,,fit,971,4.647357,-5.476426,-1.187473,0.011728
fit_support,,fit,972,-1.646531,-2.123616,-1.214564,0.014864
fit_support,,fit,973,-5.872061,-5.566633,-1.214601,0.015114
fit_support,,fit,974,3.005193,-0.814335,-1.195027,0.004669
fit_support,,fit,975,5.278108,-1.751563,-1.195511,0.004031
fit_support,,fit,976,-0.697383,-3.638439,-1.192050,0.007477
fit_support,,fit,977,-0.110015,-5.226812,-1.230967,0.031609
fit_support,,fit,978,-2.621119,-0.552909,-1.156509,0.043369
fit_support,,fit,979,-5.082237,4.551601,-1.205241,0.004802
fit_support,,fit,980,1.066542,2.700177,-1.196113,0.003976
fit_support,,fit,981,1.191551,1.061872,-1.203858,0.003930
fit_support,,fit,982,-1.849517,-5.144872,-1.173185,0.026229
fit_support,,fit,983,5.415392,-1.088612,-1.191804,0.007798
fit_support,,fit,984,-0.959490,-4.815723,-1.179648,0.019773
fit_support,,fit,985,-4.601170,4.747821,-1.222363,0.021918
fit_support,,fit,986,-2.028767,5.056289,-1.214446,0.014044
fit_support,,fit,987,0.331587,3.676656,-1.207903,0.007700
fit_support,,fit,988,-5.828816,3.675919,-1.190913,0.009462
fit_support,,fit,989,4.585142,-0.025491,-1.212400,0.012673
fit_support,,fit,990,-4.507418,1.832379,-1.232964,0.032803
fit_support,,fit,991,-2.690290,1.663616,-1.188658,0.011436
fit_support,,fit,992,5.775847,1.789962,-1.208020,0.008151
fit_support,,fit,993,-4.716911,-4.810693,-1.222829,0.023302
fit_support,,fit,994,-3.869025,5.964872,-1.206974,0.006433
fit_support,,fit,995,1.804797,2.044806,-1.209131,0.009126
fit_support,,fit,996,-5.717335,-3.471484,-1.190989,0.008695
fit_support,,fit,997,2.160739,3.466316,-1.181210,0.018922
fit_support,,fit,998,0.128609,4.528361,-1.207925,0.007634
fit_support,,fit,999,1.141405,0.315723,-1.203735,0.003878
fit_support,,fit,1000,0.517310,3.440976,-1.177799,0.022376
fit_support,,fit,1001,-1.609804,1.401215,-1.207899,0.007860
fit_support,,fit,1002,5.916143,0.870735,-1.149836,0.049941
fit_support,,fit,1003,4.937938,-0.490228,-1.213144,0.013470
fit_support,,fit,1004,-0.986876,5.497987,-1.193205,0.007211
fit_support,,fit,1005,-2.624671,-1.639964,-1.198505,0.001269
fit_support,,fit,1006,-1.479368,5.234348,-1.213397,0.012993
fit_support,,fit,1007,0.306087,-2.915229,-1.190758,0.008811
fit_support,,fit,1008,5.625761,-3.193694,-1.204709,0.005316
fit_support,,fit,1009,3.068520,-4.114667,-1.199250,0.000126
fit_support,,fit,1010,4.183362,0.598846,-1.192720,0.007079
fit_support,,fit,1011,4.604038,-3.191562,-1.198244,0.001178
fit_support,,fit,1012,-5.080220,-5.524409,-1.212751,0.013282
fit_support,,fit,1013,-2.732757,-5.286448,-1.202641,0.003215
fit_support,,fit,1014,-3.765453,3.761443,-1.203969,0.003643
fit_support,,fit,1015,3.907470,-4.678500,-1.149917,0.049382
fit_support,,fit,1016,-4.317006,-5.824170,-1.189899,0.009519
fit_support,,fit,1017,-5.310643,4.611404,-1.174523,0.025928
fit_support,,fit,1018,-2.453951,5.213811,-1.191265,0.009164
fit_support,,fit,1019,-5.343787,-3.353201,-1.180864,0.018821
fit_support,,fit,1020,-4.421279,-2.652159,-1.189769,0.009958
fit_support,,fit,1021,-1.961600,2.537988,-1.209813,0.009655
fit_support,,fit,1022,0.542909,3.861764,-1.234617,0.034402
fit_support,,fit,1023,-4.048936,3.468713,-1.199169,0.001137
fit_support,,fit,1024,-1.466729,-1.062320,-1.171125,0.028672
fit_support,,fit,1025,-3.429317,-2.936149,-1.214553,0.014881
fit_support,,fit,1026,-0.094919,-1.736283,-1.180674,0.019020
fit_support,,fit,1027,-5.822465,-1.591387,-1.179493,0.020375
fit_support,,fit,1028,2.848270,-5.834033,-1.213076,0.013859
fit_support,,fit,1029,-2.138479,3.066066,-1.221847,0.021634
fit_support,,fit,1030,1.491691,2.090843,-1.181463,0.018555
fit_support,,fit,1031,5.064986,-1.758276,-1.221146,0.021599
fit_support,,fit,1032,3.914266,1.005788,-1.190736,0.009110
fit_support,,fit,1033,4.537471,-3.031049,-1.196306,0.003134
fit_support,,fit,1034,0.289019,-4.052480,-1.177850,0.021610
fit_support,,fit,1035,-3.006535,-4.650084,-1.219304,0.019809
fit_support,,fit,1036,-4.170983,-1.075749,-1.213584,0.013712
fit_support,,fit,1037,-4.753369,3.383761,-1.204482,0.004165
fit_support,,fit,1038,-2.104872,2.593564,-1.195457,0.004710
fit_support,,fit,1039,6.000060,0.991247,-1.161920,0.037866
fit_support,,fit,1040,0.608442,-4.050959,-1.171340,0.028111
fit_support,,fit,1041,-3.156711,-5.329955,-1.203602,0.004169
fit_support,,fit,1042,2.217028,-4.752556,-1.195725,0.003614
fit_support,,fit,1043,-3.005623,-4.426408,-1.189676,0.009841
fit_support,,fit,1044,-4.190911,-4.280309,-1.216499,0.016935
fit_support,,fit,1045,0.038789,-4.132849,-1.208590,0.009131
fit_support,,fit,1046,-3.278909,-2.978854,-1.219904,0.020241
fit_support,,fit,1047,1.709690,-0.921662,-1.154017,0.045705
fit_support,,fit,1048,-5.322918,3.556443,-1.198531,0.001819
fit_support,,fit,1049,3.267894,-3.547185,-1.214769,0.015343
fit_support,,fit,1050,-0.596209,-5.026365,-1.199156,0.000235
fit_support,,fit,1051,0.375896,5.361954,-1.238922,0.038558
fit_support,,fit,1052,2.888422,-2.254042,-1.206927,0.007366
fit_support,,fit,1053,-4.029029,-4.969903,-1.207142,0.007649
fit_support,,fit,1054,-4.033926,0.862135,-1.202359,0.002304
fit_support,,fit,1056,3.138908,-4.902064,-1.202903,0.003604
fit_support,,fit,1057,2.739927,2.665286,-1.208709,0.008670
fit_support,,fit,1058,-5.586895,-5.549209,-1.192993,0.006488
fit_support,,fit,1059,-3.467473,5.397930,-1.200104,0.000371
fit_support,,fit,1060,2.835198,-1.767043,-1.177512,0.022097
fit_support,,fit,1061,1.201104,1.567013,-1.241960,0.041984
fit_support,,fit,1062,3.858049,-4.930890,-1.171797,0.027479
fit_support,,fit,1063,2.579093,2.501797,-1.216211,0.016184
fit_support,,fit,1064,0.939479,1.142071,-1.180934,0.019009
fit_support,,fit,1065,-1.497321,-0.098611,-1.196588,0.003303
fit_support,,fit,1066,-1.652539,-1.654380,-1.245927,0.046182
fit_support,,fit,1067,1.762306,3.579366,-1.216229,0.016075
fit_support,,fit,1068,0.207006,-5.493671,-1.198276,0.001047
fit_support,,fit,1069,0.350693,-5.405102,-1.195891,0.003437
fit_support,,fit,1070,3.076254,3.077534,-1.213448,0.013379
fit_support,,fit,1071,1.835984,-0.641055,-1.192220,0.007525
fit_support,,fit,1072,4.404811,-4.722312,-1.234676,0.035395
fit_support,,fit,1073,0.747056,5.057429,-1.222542,0.022217
fit_support,,fit,1074,-0.467055,-5.533973,-1.188234,0.011105
fit_support,,fit,1075,0.130036,0.140786,-1.187021,0.012848
fit_support,,fit,1076,-5.917224,-4.731309,-1.183257,0.016311
fit_support,,fit,1077,3.853636,2.476691,-1.229595,0.029605
fit_support,,fit,1078,2.756067,1.662689,-1.217373,0.017431
fit_support,,fit,1079,2.755595,-1.243093,-1.189107,0.010554
fit_support,,fit,1080,0.041897,-3.881048,-1.200719,0.001235
fit_support,,fit,1081,-5.328494,-0.373228,-1.199336,0.000635
fit_support,,fit,1082,-3.125966,2.335778,-1.219583,0.019412
fit_support,,fit,1083,1.391783,-3.631308,-1.166993,0.032477
fit_support,,fit,1084,1.761460,4.162729,-1.184663,0.015548
fit_support,,fit,1085,2.003945,1.213527,-1.185722,0.014197
fit_support,,fit,1086,2.799030,0.807022,-1.208726,0.008868
fit_support,,fit,1087,5.518290,3.283399,-1.168863,0.031157
fit_support,,fit,1088,-1.931296,-4.159174,-1.170288,0.029224
fit_support,,fit,1089,3.448341,-0.204803,-1.199028,0.000714
fit_support,,fit,1090,-1.164549,-3.474781,-1.165651,0.033905
fit_support,,fit,1091,-5.173034,2.542129,-1.182943,0.017305
fit_support,,fit,1092,0.887564,-1.260508,-1.234963,0.035250
fit_support,,fit,1093,-2.660915,-5.423854,-1.183952,0.015458
fit_support,,fit,1094,-2.276715,5.655166,-1.213421,0.012954
fit_support,,fit,1095,4.505718,-4.872452,-1.243448,0.044185
fit_support,,fit,1096,-4.133392,4.887139,-1.189799,0.010646
fit_support,,fit,1097,2.567243,-5.614947,-1.180910,0.018336
fit_support,,fit,1098,1.091614,-5.640397,-1.206392,0.007107
fit_support,,fit,1099,-1.767125,-5.975338,-1.213614,0.014282
fit_support,,fit,1100,2.315303,-1.434057,-1.200893,0.001238
fit_support,,fit,1101,-1.832804,0.510363,-1.217032,0.017074
fit_support,,fit,1102,-2.256419,-4.208030,-1.193384,0.006132
fit_support,,fit,1103,0.310743,4.538629,-1.169471,0.030816
fit_support,,fit,1104,3.472326,-2.362695,-1.165088,0.034446
fit_support,,fit,1105,3.201503,-4.142353,-1.212358,0.012989
fit_support,,fit,1106,-2.432090,-4.083391,-1.239153,0.039620
fit_support,,fit,1107,-2.501065,5.374346,-1.183310,0.017137
fit_support,,fit,1108,-4.741378,3.498655,-1.150811,0.049517
fit_support,,fit,1109,-3.069073,-5.613601,-1.207402,0.007999
fit_support,,fit,1110,-5.566951,-4.710670,-1.200910,0.001349
fit_support,,fit,1111,1.609564,-1.535562,-1.210844,0.011179
fit_support,,fit,1112,2.582766,0.172167,-1.214500,0.014697
fit_support,,fit,1113,-4.066806,3.502949,-1.189758,0.010552
fit_support,,fit,1114,-3.291421,-0.639869,-1.166054,0.033835
fit_support,,fit,1115,-4.465796,0.650019,-1.185644,0.014402
fit_support,,fit,1116,-3.370025,-2.883575,-1.173740,0.025935
fit_support,,fit,1117,0.596315,-4.976419,-1.223886,0.024524
fit_support,,fit,1118,0.592907,-1.202653,-1.199839,0.000113
fit_support,,fit,1119,4.746886,-4.409615,-1.199136,0.000165
fit_support,,fit,1120,-4.349569,1.525171,-1.189923,0.010204
fit_support,,fit,1121,4.522506,4.364816,-1.198609,0.001543
fit_support,,fit,1122,3.981309,-4.882186,-1.228406,0.029129
fit_support,,fit,1123,-0.755303,0.004352,-1.160930,0.038950
fit_support,,fit,1124,-1.583723,-4.188204,-1.230076,0.030577
fit_support,,fit,1125,-3.413543,-2.017564,-1.233543,0.033783
fit_support,,fit,1126,-0.284876,0.329134,-1.222919,0.023021
fit_support,,fit,1127,1.993911,-0.702856,-1.189931,0.009804
fit_support,,fit,1128,2.825041,-1.774231,-1.206869,0.007261
fit_support,,fit,1129,3.759066,1.159431,-1.188669,0.011196
fit_support,,fit,1130,-3.915378,-5.382055,-1.179598,0.019851
fit_support,,fit,1131,-3.894677,0.424141,-1.204314,0.004306
fit_support,,fit,1132,-3.178228,1.155785,-1.204973,0.004914
fit_support,,fit,1133,-1.411829,1.981258,-1.188770,0.011319
fit_support,,fit,1134,1.000914,2.169091,-1.229773,0.029734
fit_support,,fit,1135,2.743484,-3.001459,-1.225224,0.025732
fit_support,,fit,1136,-2.902514,-2.850971,-1.226267,0.026602
fit_support,,fit,1137,4.956318,5.638789,-1.184098,0.016165
fit_support,,fit,1138,3.032479,2.419271,-1.237338,0.037331
fit_support,,fit,1139,-1.805625,-5.912384,-1.231313,0.031974
fit_support,,fit,1140,2.239987,-4.952392,-1.233593,0.034274
fit_support,,fit,1141,2.611291,-3.257503,-1.227201,0.027730
fit_support,,fit,1142,-4.916415,-3.231283,-1.214111,0.014426
fit_support,,fit,1143,0.529312,1.703646,-1.169026,0.030981
fit_support,,fit,1144,-1.656131,-3.209599,-1.204468,0.004873
fit_support,,fit,1145,-2.170782,-4.736671,-1.192246,0.007217
fit_support,,fit,1146,5.997795,1.079707,-1.187874,0.011921
fit_support,,fit,1147,0.572070,2.157488,-1.233345,0.033295
fit_support,,fit,1148,5.017987,-3.957751,-1.193932,0.005405
fit_support,,fit,1149,-3.714888,0.880457,-1.210247,0.010200
fit_support,,fit,1150,-1.564344,-2.030567,-1.192489,0.007218
fit_support,,fit,1151,-5.645674,-2.452834,-1.198146,0.001634
fit_support,,fit,1152,-2.993028,3.337881,-1.174667,0.025597
fit_support,,fit,1153,1.037003,-2.384924,-1.233937,0.034337
fit_support,,fit,1154,-4.855622,2.329898,-1.209811,0.009593
fit_support,,fit,1155,-1.619117,-5.869653,-1.187494,0.011845
fit_support,,fit,1156,4.867038,3.496119,-1.201025,0.000966
fit_support,,fit,1157,-0.513217,4.832633,-1.175692,0.024647
fit_support,,fit,1158,-3.151662,-0.955352,-1.231296,0.031441
fit_support,,fit,1159,-3.512790,-1.255382,-1.190797,0.009039
fit_support,,fit,1160,-5.636613,4.230581,-1.170455,0.029969
fit_support,,fit,1161,4.785657,-1.789521,-1.155858,0.043695
fit_support,,fit,1162,5.789416,3.203065,-1.178713,0.021293
fit_support,,fit,1163,-4.046721,3.161999,-1.179311,0.020966
fit_support,,fit,1164,5.606187,5.049937,-1.187426,0.012762
fit_support,,fit,1165,-5.909345,4.680258,-1.191566,0.008909
fit_support,,fit,1166,0.204386,-4.519165,-1.205303,0.005885
fit_support,,fit,1167,-4.366215,-1.594097,-1.186080,0.013747
fit_support,,fit,1168,0.350209,-4.990807,-1.206961,0.007593
fit_support,,fit,1169,-5.176581,-5.657768,-1.185705,0.013753
fit_support,,fit,1170,-2.649956,-0.664026,-1.210496,0.010627
fit_support,,fit,1171,3.596803,-5.648367,-1.204797,0.005583
fit_support,,fit,1172,2.761602,1.564025,-1.224139,0.024207
fit_support,,fit,1173,-5.311595,4.861529,-1.196490,0.003985
fit_support,,fit,1174,-5.663203,-4.044263,-1.186795,0.012832
fit_support,,fit,1175,0.397797,5.025180,-1.207374,0.007042
fit_support,,fit,1176,-0.945147,-2.124947,-1.169467,0.030213
fit_support,,fit,1177,5.870365,1.480111,-1.187576,0.012261
fit_support,,fit,1178,0.195796,1.544177,-1.180060,0.019942
fit_support,,fit,1179,-3.747122,3.779035,-1.215130,0.014803
fit_support,,fit,1180,-1.996307,2.458107,-1.224985,0.024834
fit_support,,fit,1181,-0.179081,4.951464,-1.187652,0.012689
fit_support,,fit,1182,-4.877276,1.535331,-1.194956,0.005187
fit_support,,fit,1183,0.088093,5.216536,-1.222623,0.022264
fit_support,,fit,1184,-1.704833,-4.340888,-1.188455,0.011033
fit_support,,fit,1185,3.935135,-0.149372,-1.196901,0.002833
fit_support,,fit,1186,5.257769,-3.290159,-1.233395,0.034001
fit_support,,fit,1187,0.212169,3.610626,-1.184732,0.015469
fit_support,,fit,1188,2.739647,-5.343705,-1.158783,0.040484
fit_support,,fit,1189,5.403218,5.365472,-1.171112,0.029112
fit_support,,fit,1190,5.166538,2.385514,-1.196405,0.003539
fit_support,,fit,1191,-1.397161,4.064387,-1.246966,0.046677
fit_support,,fit,1192,3.773351,3.706616,-1.200136,0.000026
fit_support,,fit,1193,-1.066265,-2.061334,-1.189688,0.010001
fit_support,,fit,1194,-1.339394,-4.525335,-1.210491,0.011031
fit_support,,fit,1195,4.837505,-2.480276,-1.199431,0.000053
fit_support,,fit,1196,1.658347,-4.488611,-1.198484,0.000895
fit_support,,fit,1197,-1.538422,5.412974,-1.206833,0.006410
fit_support,,fit,1198,1.151266,-4.130023,-1.176105,0.023324
fit_support,,fit,1199,-4.099836,5.900339,-1.166219,0.034322
fit_support,,fit,1200,0.838741,2.828599,-1.170587,0.029520
fit_support,,fit,1201,-3.712421,-3.568925,-1.186974,0.012645
fit_support,,fit,1202,4.341603,0.821335,-1.191764,0.008052
fit_support,,fit,1203,-0.169736,1.821044,-1.192160,0.007879
fit_support,,fit,1204,-4.848949,-3.753751,-1.161355,0.038278
fit_support,,fit,1205,2.959036,0.728882,-1.184069,0.015777
fit_support,,fit,1206,-2.434014,2.604451,-1.171295,0.028882
fit_support,,fit,1207,3.285894,0.974040,-1.187930,0.011930
fit_support,,fit,1208,-1.510055,5.633928,-1.183392,0.017052
fit_support,,fit,1209,-5.842221,2.901315,-1.200838,0.000537
fit_support,,fit,1210,-2.464547,-4.407395,-1.183968,0.015535
fit_support,,fit,1211,-2.205494,-4.077877,-1.194945,0.004582
fit_support,,fit,1212,2.816530,-1.128284,-1.205279,0.005608
fit_support,,fit,1213,-0.326452,3.052141,-1.210595,0.010433
fit_support,,fit,1214,4.912388,-4.315546,-1.225464,0.026158
fit_support,,fit,1215,0.976936,3.265299,-1.192369,0.007777
fit_support,,fit,1216,3.520229,-2.674612,-1.183449,0.016054
fit_support,,fit,1217,3.413444,-0.302889,-1.197673,0.002060
fit_support,,fit,1218,0.631421,5.153587,-1.199417,0.000921
fit_support,,fit,1219,5.956889,0.668530,-1.227893,0.028137
fit_support,,fit,1220,5.547096,1.105454,-1.221446,0.021637
fit_support,,fit,1221,3.725497,-0.869353,-1.203976,0.004305
fit_support,,fit,1222,-1.887328,-1.298357,-1.170093,0.029693
fit_support,,fit,1223,0.417721,5.079299,-1.222206,0.021870
fit_support,,fit,1224,-3.433874,-5.934984,-1.220332,0.020949
fit_support,,fit,1225,-4.843159,-2.469946,-1.213581,0.013825
fit_support,,fit,1226,-5.690009,-2.031907,-1.234734,0.034913
fit_support,,fit,1227,1.463188,-3.201290,-1.173209,0.026301
fit_support,,fit,1228,-1.155855,-1.693767,-1.180954,0.018773
fit_support,,fit,1229,4.554416,5.464248,-1.240913,0.040656
fit_support,,fit,1230,1.259062,-3.529022,-1.210042,0.010559
fit_support,,fit,1231,1.434755,-2.884204,-1.245117,0.045577
fit_support,,fit,1232,1.799333,5.002689,-1.155689,0.044601
fit_support,,fit,1233,5.004047,-1.350339,-1.192335,0.007253
fit_support,,fit,1234,0.000168,-5.569483,-1.227853,0.028531
fit_support,,fit,1235,-1.974302,-1.326416,-1.203393,0.003607
fit_support,,fit,1236,2.992111,3.453579,-1.212600,0.012492
fit_support,,fit,1237,-5.990847,-1.678746,-1.211616,0.011751
fit_support,,fit,1238,-1.507793,-5.703490,-1.212078,0.012727
fit_support,,fit,1239,-0.566565,-1.190265,-1.211767,0.012008
fit_support,,fit,1240,-5.123664,-4.521066,-1.208957,0.009390
fit_support,,fit,1241,-0.774649,4.011056,-1.203443,0.003177
fit_support,,fit,1243,4.083000,5.182037,-1.229302,0.029058
fit_support,,fit,1244,-4.502932,-5.201699,-1.174018,0.025465
fit_support,,fit,1245,-3.765089,4.207248,-1.240900,0.040531
fit_support,,fit,1246,-5.541396,0.832887,-1.167373,0.032721
fit_support,,fit,1247,-1.018179,-0.562315,-1.215039,0.015206
fit_support,,fit,1248,5.363439,4.555309,-1.211135,0.010987
fit_support,,fit,1249,3.509164,5.427918,-1.224134,0.023851
fit_support,,fit,1250,3.863910,2.329604,-1.231759,0.031784
fit_support,,fit,1251,-1.961887,-3.592279,-1.193125,0.006443
fit_support,,fit,1252,-2.079742,-2.318135,-1.219981,0.020288
fit_support,,fit,1253,-5.670216,3.475354,-1.189292,0.011059
fit_support,,fit,1254,3.949318,-3.057267,-1.211140,0.011687
fit_support,,fit,1255,-1.908700,-5.612552,-1.176202,0.023170
fit_support,,fit,1256,-2.064924,4.901041,-1.203202,0.002814
fit_support,,fit,1257,-2.349836,-3.356740,-1.193440,0.006160
fit_support,,fit,1258,1.357742,3.054216,-1.223611,0.023496
fit_support,,fit,1259,2.337879,-5.663668,-1.192111,0.007136
fit_support,,fit,1260,-3.144697,3.631965,-1.187041,0.013255
fit_support,,fit,1261,0.059697,-0.214618,-1.160006,0.039830
fit_support,,fit,1262,-0.234228,1.525055,-1.183786,0.016226
fit_support,,fit,1263,2.023460,0.274672,-1.186721,0.013107
fit_support,,fit,1265,-0.110007,-1.952205,-1.191268,0.008405
fit_support,,fit,1266,-4.013096,0.649735,-1.189261,0.010772
fit_support,,fit,1267,3.928610,2.669403,-1.239131,0.039125
fit_support,,fit,1268,5.628786,-5.089356,-1.176389,0.022822
fit_support,,fit,1269,1.271415,4.509873,-1.199556,0.000701
fit_support,,fit,1270,-2.740373,-0.458671,-1.235708,0.035817
fit_support,,fit,1271,-0.799538,2.372975,-1.213549,0.013440
fit_support,,fit,1272,3.907719,0.054610,-1.211934,0.012180
fit_support,,fit,1273,3.653652,-5.529442,-1.206578,0.007355
fit_support,,fit,1274,2.397695,5.969421,-1.215798,0.015431
fit_support,,fit,1275,3.206848,2.293603,-1.201662,0.001672
fit_support,,fit,1276,4.025127,1.186262,-1.193972,0.005889
fit_support,,fit,1277,4.888604,2.576346,-1.177523,0.022447
fit_support,,fit,1278,0.347813,-1.625114,-1.186280,0.013412
fit_support,,fit,1279,1.651032,1.088059,-1.220653,0.020736
fit_support,,fit,1280,-3.780981,-1.162214,-1.188830,0.011022
fit_support,,fit,1281,-0.822444,-4.131068,-1.225305,0.025822
fit_support,,fit,1282,1.165615,-1.879093,-1.195898,0.003747
fit_support,,fit,1283,0.668099,2.723836,-1.222458,0.022356
fit_support,,fit,1284,2.825757,1.797162,-1.217585,0.017632
fit_support,,fit,1285,-3.372731,4.027685,-1.190937,0.009403
fit_support,,fit,1286,1.582356,-1.119493,-1.222361,0.022655
fit_support,,fit,1287,-0.889911,-1.737526,-1.181636,0.018080
fit_support,,fit,1288,2.579059,-5.049918,-1.204470,0.005170
fit_support,,fit,1289,1.105057,4.998206,-1.207026,0.006717
fit_support,,fit,1290,2.261395,3.747449,-1.215375,0.015219
fit_support,,fit,1291,-0.987769,-2.092185,-1.194878,0.004806
fit_support,,fit,1292,-0.027763,-5.682385,-1.197482,0.001830
fit_support,,fit,1293,0.173034,-4.991717,-1.162840,0.036533
fit_support,,fit,1294,0.485342,3.869785,-1.235225,0.035007
fit_support,,fit,1295,-0.247269,-4.088222,-1.191257,0.008214
fit_support,,fit,1296,-0.869657,5.410397,-1.194482,0.005922
fit_support,,fit,1297,-2.964777,5.573001,-1.185529,0.014949
fit_support,,fit,1298,2.713732,-0.937936,-1.211174,0.011482
fit_support,,fit,1299,2.871443,3.974663,-1.194711,0.005451
fit_support,,fit,1300,-5.510888,-2.985740,-1.182039,0.017686
fit_support,,fit,1301,4.859026,-3.016316,-1.185347,0.014085
fit_support,,fit,1302,4.483742,-4.867719,-1.189771,0.009493
fit_support,,fit,1303,-3.028048,4.240863,-1.221704,0.021353
fit_support,,fit,1304,0.349826,1.955123,-1.176794,0.023243
fit_support,,fit,1305,-2.293290,3.907000,-1.211595,0.011296
fit_support,,fit,1306,1.609147,5.940512,-1.228932,0.028546
fit_support,,fit,1307,3.240722,-4.838111,-1.203202,0.003901
fit_support,,fit,1308,0.558020,-1.169144,-1.171159,0.028571
fit_support,,fit,1309,-4.094094,4.523402,-1.186494,0.013914
fit_support,,fit,1310,-4.049261,-0.166801,-1.207857,0.007901
fit_support,,fit,1311,4.279551,-1.177166,-1.159669,0.039957
fit_support,,fit,1312,-5.054480,0.774690,-1.195374,0.004700
fit_support,,fit,1313,-1.428999,-1.958408,-1.221995,0.022286
fit_support,,fit,1314,0.544155,-5.913153,-1.202799,0.003525
fit_support,,fit,1315,4.921157,4.673447,-1.195293,0.004878
fit_support,,fit,1316,4.428304,-4.144746,-1.205242,0.005907
fit_support,,fit,1317,-3.245308,1.188546,-1.209951,0.009887
fit_support,,fit,1318,2.280909,-5.826690,-1.185228,0.014005
fit_support,,fit,1319,-1.587507,3.100140,-1.227795,0.027593
fit_support,,fit,1320,-1.223462,-2.768485,-1.218346,0.018720
fit_support,,fit,1321,-2.969531,1.350816,-1.175371,0.024701
fit_support,,fit,1322,1.489854,5.488130,-1.206569,0.006223
fit_support,,fit,1323,-2.262843,1.102893,-1.190064,0.009964
fit_support,,fit,1324,0.640176,5.425768,-1.194869,0.005495
fit_support,,fit,1325,-5.645627,2.589005,-1.198555,0.001710
fit_support,,fit,1326,4.117256,2.592596,-1.204337,0.004344
fit_support,,fit,1327,0.173598,5.747164,-1.194683,0.005725
fit_support,,fit,1328,1.175922,-0.963245,-1.179700,0.020032
fit_support,,fit,1329,-3.652352,5.879405,-1.216402,0.015875
fit_support,,fit,1331,1.192972,5.409171,-1.213515,0.013169
fit_support,,fit,1332,3.104827,4.796127,-1.202921,0.002687
fit_support,,fit,1333,2.764817,0.025871,-1.189921,0.009862
fit_support,,fit,1334,0.027941,-2.651003,-1.219799,0.020197
fit_support,,fit,1335,2.410538,1.424868,-1.171323,0.028605
fit_support,,fit,1336,-5.064775,-3.475618,-1.219262,0.019597
fit_support,,fit,1337,3.258174,-2.883987,-1.186636,0.012853
fit_support,,fit,1338,-4.178503,-3.626885,-1.211928,0.012302
fit_support,,fit,1339,1.712420,-0.285748,-1.192628,0.007155
fit_support,,fit,1340,3.763417,-4.197768,-1.207482,0.008133
fit_support,,fit,1341,-3.834503,1.294180,-1.196092,0.003999
fit_support,,fit,1342,0.269738,0.930608,-1.212283,0.012343
fit_support,,fit,1343,0.143527,-3.322790,-1.184988,0.014546
fit_support,,fit,1344,1.485193,-3.418193,-1.178677,0.020811
fit_support,,fit,1345,4.883169,-0.336101,-1.205873,0.006183
fit_support,,fit,1346,2.367780,2.461731,-1.219267,0.019237
fit_support,,fit,1347,5.852817,3.689105,-1.209052,0.009002
fit_support,,fit,1348,-2.386170,-5.052588,-1.195939,0.003500
fit_support,,fit,1349,5.573604,-1.277997,-1.212993,0.013413
fit_support,,fit,1350,0.317129,-5.091622,-1.180896,0.018463
fit_support,,fit,1351,5.376747,-4.735883,-1.200184,0.000932
fit_support,,fit,1352,-0.923146,-2.198436,-1.223771,0.024099
fit_support,,fit,1353,5.811228,-2.481023,-1.203412,0.003955
fit_support,,fit,1354,-2.778189,5.061420,-1.184248,0.016176
fit_support,,fit,1355,3.734601,-4.738014,-1.215640,0.016343
fit_support,,fit,1356,-1.290409,4.519701,-1.211539,0.011209
fit_support,,fit,1357,3.448558,2.813230,-1.201283,0.001250
fit_support,,fit,1358,1.577257,-0.821697,-1.196398,0.003337
fit_support,,fit,1359,3.114778,1.558947,-1.211918,0.011996
fit_support,,fit,1360,5.829445,-3.027222,-1.198190,0.001214
fit_support,,fit,1361,1.203264,0.478198,-1.217499,0.017628
fit_support,,fit,1362,0.223150,-5.415458,-1.192028,0.007302
fit_support,,fit,1363,3.389702,-0.840449,-1.192905,0.006777
fit_support,,fit,1364,-0.332743,-0.334878,-1.190233,0.009603
fit_support,,fit,1365,-2.713216,-5.739670,-1.198780,0.000601
fit_support,,fit,1366,4.382845,2.729263,-1.215613,0.015614
fit_support,,fit,1367,-2.095804,5.664014,-1.168773,0.031690
fit_support,,fit,1368,-4.424066,3.720998,-1.225875,0.025535
fit_support,,fit,1369,5.307823,-1.438391,-1.210468,0.010896
fit_support,,fit,1370,4.348633,5.720113,-1.194388,0.005900
fit_support,,fit,1371,2.747239,1.996921,-1.209405,0.009431
fit_support,,fit,1372,3.380321,-3.081767,-1.184768,0.014699
fit_support,,fit,1373,-5.631250,-5.464181,-1.169533,0.029957
fit_support,,fit,1374,-4.696589,3.763604,-1.211369,0.011017
fit_support,,fit,1375,-4.545808,-2.550358,-1.221545,0.021805
fit_support,,fit,1376,-3.590569,-2.673350,-1.164146,0.035556
fit_support,,fit,1377,4.137961,-2.209842,-1.218097,0.018567
fit_support,,fit,1378,-1.661455,-5.896533,-1.195424,0.003913
fit_support,,fit,1379,3.495659,-3.818692,-1.195050,0.004343
fit_support,,fit,1380,-4.971668,3.134152,-1.217877,0.017578
fit_support,,fit,1381,1.895344,5.237722,-1.223566,0.023256
fit_support,,fit,1382,-2.031134,4.553598,-1.214940,0.014586
fit_support,,fit,1383,3.211798,-4.584754,-1.172456,0.026871
fit_support,,fit,1384,0.149262,2.800760,-1.198509,0.001615
fit_support,,fit,1385,-3.433692,0.453634,-1.244801,0.044803
fit_support,,fit,1386,3.547314,2.746824,-1.207666,0.007642
fit_support,,fit,1387,-1.012620,1.307716,-1.185940,0.014073
fit_support,,fit,1388,-5.422305,-2.793618,-1.199162,0.000579
fit_support,,fit,1389,-3.363757,-5.291590,-1.188465,0.010977
fit_support,,fit,1390,-4.812247,3.994737,-1.206043,0.005665
fit_support,,fit,1391,-1.844674,-3.368357,-1.210667,0.011081
fit_support,,fit,1392,3.559677,-2.010203,-1.227892,0.028326
fit_support,,fit,1393,-3.811739,-1.581102,-1.210292,0.010479
fit_support,,fit,1394,-1.011268,-3.005494,-1.209697,0.010099
fit_support,,fit,1395,-4.174927,2.492579,-1.170779,0.029437
fit_support,,fit,1396,4.811449,-1.730189,-1.207008,0.007451
fit_support,,fit,1397,5.244708,1.857286,-1.219060,0.019169
fit_support,,fit,1398,2.175593,-4.174537,-1.181471,0.017925
fit_support,,fit,1399,-4.816227,-5.157020,-1.182389,0.017107
fit_support,,fit,1400,5.464508,3.560951,-1.203027,0.002979
fit_support,,fit,1401,2.047332,-4.718141,-1.200728,0.001381
fit_support,,fit,1402,-3.219723,-4.580401,-1.185116,0.014391
fit_support,,fit,1403,2.957512,-2.935235,-1.192127,0.007366
fit_support,,fit,1404,5.328051,-1.357535,-1.186048,0.013531
fit_support,,fit,1405,-5.635072,-4.004674,-1.242473,0.042842
fit_support,,fit,1406,-5.222584,-3.925789,-1.218029,0.018403
fit_support,,fit,1407,0.779965,-4.273393,-1.189557,0.009868
fit_support,,fit,1408,5.381184,-1.527097,-1.202296,0.002735
fit_support,,fit,1409,-1.861455,3.287356,-1.184059,0.016168
fit_support,,fit,1410,-0.278684,4.079584,-1.196910,0.003349
fit_support,,fit,1411,-2.849977,0.868510,-1.214698,0.014677
fit_support,,fit,1413,-1.089999,-0.882686,-1.186474,0.013329
fit_support,,fit,1414,-3.169989,-5.633449,-1.202790,0.003386
fit_support,,fit,1415,-3.933164,-4.268263,-1.192550,0.007007
fit_support,,fit,1416,-5.340719,-5.517896,-1.248793,0.049317
fit_support,,fit,1417,2.013343,-4.165324,-1.204280,0.004879
fit_support,,fit,1418,4.641621,0.985731,-1.191295,0.008528
fit_support,,fit,1419,-3.988331,5.306716,-1.180286,0.020195
fit_support,,fit,1420,5.056291,-0.534475,-1.185638,0.014027
fit_support,,fit,1421,0.522112,1.303523,-1.187615,0.012355
fit_support,,fit,1422,-0.643311,-4.567919,-1.196075,0.003362
fit_support,,fit,1423,0.319596,-0.467412,-1.199435,0.000370
fit_support,,fit,1424,3.333035,2.363253,-1.164185,0.035808
fit_support,,fit,1425,3.608452,-3.140383,-1.212193,0.012738
fit_support,,fit,1426,-4.316396,-1.808041,-1.194214,0.005591
fit_support,,fit,1427,-1.443604,-5.658068,-1.162764,0.036590
fit_support,,fit,1428,-5.559939,-0.832848,-1.200198,0.000264
fit_support,,fit,1429,3.704959,-2.680281,-1.215101,0.015604
fit_support,,fit,1430,-3.654405,2.292136,-1.224645,0.024463
fit_support,,fit,1431,-0.945593,2.701488,-1.167619,0.032526
fit_support,,fit,1432,2.801863,3.679013,-1.206109,0.005975
fit_support,,fit,1433,2.555855,0.316456,-1.233850,0.034032
fit_support,,fit,1434,5.504331,-0.848860,-1.213740,0.014117
fit_support,,fit,1435,0.749221,2.354144,-1.220622,0.020558
fit_support,,fit,1436,-5.881049,-1.279790,-1.206350,0.006451
fit_support,,fit,1437,-0.078186,4.510446,-1.185703,0.014592
fit_support,,fit,1438,5.073660,2.170584,-1.186567,0.013359
fit_support,,fit,1439,1.736957,-4.830986,-1.167743,0.031601
fit_support,,fit,1440,1.622207,5.146745,-1.162243,0.038066
fit_support,,fit,1441,-3.252068,0.269059,-1.207871,0.007895
fit_support,,fit,1442,4.931698,3.573962,-1.204608,0.004543
fit_support,,fit,1443,5.825997,-2.288163,-1.208256,0.008781
fit_support,,fit,1444,2.080418,2.032721,-1.219844,0.019848
fit_support,,fit,1445,2.510742,4.406963,-1.228005,0.027792
fit_support,,fit,1446,4.515301,0.508499,-1.177077,0.022705
fit_support,,fit,1447,-5.609318,1.091030,-1.163414,0.036707
fit_support,,fit,1448,-5.886920,4.930026,-1.192944,0.007554
fit_support,,fit,1449,-5.480559,2.642490,-1.214365,0.014099
fit_support,,fit,1450,-3.025650,-2.489320,-1.183671,0.016032
fit_support,,fit,1451,4.269256,5.831862,-1.191464,0.008836
fit_support,,fit,1452,-1.841512,-1.829827,-1.199633,0.000100
fit_support,,fit,1453,-1.774701,1.279473,-1.167945,0.032087
fit_support,,fit,1454,1.582667,5.850004,-1.201026,0.000648
fit_support,,fit,1455,-1.270682,-2.829521,-1.220422,0.020801
fit_support,,fit,1456,-3.805368,-3.282144,-1.205714,0.006066
fit_support,,fit,1457,5.470132,0.999227,-1.207396,0.007594
fit_support,,fit,1458,-2.741430,-0.428985,-1.160088,0.039806
fit_support,,fit,1459,2.003998,-1.342079,-1.190626,0.009047
fit_support,,fit,1460,-2.840734,-4.127727,-1.171296,0.028244
fit_support,,fit,1461,0.568778,2.646399,-1.200916,0.000819
fit_support,,fit,1462,3.158028,-4.878737,-1.230880,0.031580
fit_support,,fit,1463,1.592727,-1.695127,-1.185678,0.013973
fit_support,,fit,1464,4.361534,0.532940,-1.194960,0.004828
fit_support,,fit,1465,-2.447836,-1.178896,-1.183350,0.016463
fit_support,,fit,1466,-0.861166,5.556360,-1.199716,0.000701
fit_support,,fit,1467,3.390672,-0.857220,-1.175050,0.024631
fit_support,,fit,1468,4.591675,0.286873,-1.202222,0.002464
fit_support,,fit,1469,3.086317,-2.804881,-1.240624,0.041122
fit_support,,fit,1470,2.019148,-0.154138,-1.163182,0.036605
fit_support,,fit,1471,-0.873247,5.399036,-1.209178,0.008775
fit_support,,fit,1472,0.480317,3.219052,-1.194798,0.005357
fit_support,,fit,1473,2.682911,-1.098235,-1.190363,0.009315
fit_support,,fit,1474,2.976451,1.135496,-1.202563,0.002678
fit_support,,fit,1475,5.966937,4.592021,-1.229630,0.029496
fit_support,,fit,1476,-3.595510,0.541872,-1.206451,0.006440
fit_support,,fit,1477,-2.477857,2.211873,-1.208513,0.008372
fit_support,,fit,1478,3.238993,-1.771683,-1.191607,0.007990
fit_support,,fit,1479,-4.491538,5.407415,-1.221376,0.020871
fit_support,,fit,1480,2.723956,-4.513348,-1.231635,0.032287
fit_support,,fit,1481,1.856082,-5.913608,-1.171341,0.027895
fit_support,,fit,1482,1.564637,-1.414899,-1.222247,0.022568
fit_support,,fit,1483,-0.799811,0.646049,-1.173060,0.026883
fit_support,,fit,1484,5.574669,2.157836,-1.194991,0.004920
fit_support,,fit,1485,0.483834,-0.303167,-1.162784,0.037032
fit_support,,fit,1486,2.882696,-1.025718,-1.179908,0.019771
fit_support,,fit,1487,-5.548457,2.358336,-1.187969,0.012272
fit_support,,fit,1488,-0.421288,4.267006,-1.197693,0.002588
fit_support,,fit,1489,4.143597,-1.505352,-1.183420,0.016178
fit_support,,fit,1490,2.907644,-0.870683,-1.203191,0.003498
fit_support,,fit,1491,2.032549,1.103481,-1.183643,0.016265
fit_support,,fit,1492,-3.869715,-4.314204,-1.204959,0.005408
fit_support,,fit,1493,5.257490,0.556808,-1.163981,0.035784
fit_support,,fit,1494,0.759111,-4.235860,-1.180405,0.019024
fit_support,,fit,1495,3.711586,-5.752027,-1.171387,0.027813
fit_support,,fit,1496,3.868384,2.470518,-1.218638,0.018650
fit_support,,fit,1497,5.392648,3.155211,-1.198968,0.001043
fit_support,,fit,1498,0.904296,-2.392919,-1.190748,0.008854
fit_support,,fit,1499,-0.745221,2.774086,-1.201113,0.000967
fit_support,,fit,1500,-0.943772,-4.299594,-1.229571,0.030100
fit_support,,fit,1501,5.498979,-5.349604,-1.196148,0.003041
fit_support,,fit,1502,3.723320,3.391709,-1.187873,0.012208
fit_support,,fit,1503,-4.988186,2.001881,-1.197907,0.002283
fit_support,,fit,1504,-1.300234,5.451539,-1.234675,0.034254
fit_support,,fit,1505,-1.633360,-4.233563,-1.198350,0.001146
fit_support,,fit,1506,1.656920,-0.026488,-1.186902,0.012908
fit_support,,fit,1507,-1.005384,3.592542,-1.227245,0.027013
fit_support,,fit,1508,3.839453,-2.901503,-1.219575,0.020103
fit_support,,fit,1509,4.874249,3.572176,-1.227916,0.027850
fit_support,,fit,1510,2.228281,-1.679569,-1.201545,0.001911
fit_support,,fit,1511,-0.342812,0.914327,-1.164048,0.035908
fit_support,,fit,1512,-1.176872,5.440734,-1.195786,0.004630
fit_support,,fit,1513,-3.192198,-2.255896,-1.194387,0.005343
fit_support,,fit,1514,-0.854553,3.555302,-1.195208,0.005017
fit_support,,fit,1515,1.998601,1.570379,-1.198955,0.000999
fit_support,,fit,1516,-1.408027,1.232456,-1.217050,0.017034
fit_support,,fit,1518,-0.481191,-1.221535,-1.177893,0.021861
fit_support,,fit,1519,3.746313,1.302560,-1.184098,0.015782
fit_support,,fit,1520,-3.231274,4.947082,-1.161592,0.038834
fit_support,,fit,1521,-1.505364,5.658585,-1.198186,0.002259
fit_support,,fit,1522,1.640091,1.970217,-1.173887,0.026116
fit_support,,fit,1523,0.192298,-5.610569,-1.211630,0.012317
fit_support,,fit,1524,-2.250348,-5.273412,-1.204490,0.005077
fit_support,,fit,1525,-1.645158,-4.340316,-1.190676,0.008810
fit_support,,fit,1526,0.789822,-1.692416,-1.193927,0.005746
fit_support,,fit,1527,3.095952,-1.635696,-1.214517,0.014903
fit_support,,fit,1529,-2.943305,5.679765,-1.200215,0.000273
fit_support,,fit,1530,-3.796409,-4.257209,-1.183241,0.016313
fit_support,,fit,1531,-1.759870,2.824151,-1.172250,0.027930
fit_support,,fit,1532,-4.630193,5.586475,-1.177492,0.023034
fit_support,,fit,1533,-1.696922,-3.647196,-1.216936,0.017381
fit_support,,fit,1534,5.545646,3.746517,-1.217508,0.017444
fit_support,,fit,1535,3.017911,3.350506,-1.227822,0.027725
fit_support,,fit,1536,2.067652,-1.196318,-1.229070,0.029384
fit_support,,fit,1537,2.644730,-1.161847,-1.180661,0.019011
fit_support,,fit,1538,3.207598,-1.720575,-1.193774,0.005829
fit_support,,fit,1539,5.467828,-4.680279,-1.205539,0.006285
fit_support,,fit,1540,-0.455134,-2.715407,-1.175280,0.024330
fit_support,,fit,1541,-1.224202,0.200117,-1.223131,0.023219
fit_support,,fit,1542,1.499028,3.787955,-1.187028,0.013154
fit_support,,fit,1543,-4.700062,3.031161,-1.216886,0.016604
fit_support,,fit,1544,-5.978119,-0.530389,-1.212369,0.012395
fit_support,,fit,1545,5.601274,-1.240283,-1.193121,0.006462
fit_support,,fit,1546,-5.287189,1.876045,-1.224568,0.024381
fit_support,,fit,1547,-5.421759,-0.266191,-1.200128,0.000144
fit_support,,fit,1548,5.499974,-3.203675,-1.214085,0.014689
fit_support,,fit,1549,-3.022037,3.462567,-1.210343,0.010066
fit_support,,fit,1550,2.089322,-4.517026,-1.177666,0.021699
fit_support,,fit,1551,-5.564554,2.965447,-1.235504,0.035204
fit_support,,fit,1552,-3.976258,-0.880276,-1.209884,0.010000
fit_support,,fit,1553,-5.521819,-1.598768,-1.221710,0.021852
fit_support,,fit,1554,2.262044,-2.356344,-1.193752,0.005816
fit_support,,fit,1555,-0.124395,-5.341620,-1.157083,0.042264
fit_support,,fit,1556,4.481434,-2.567767,-1.210414,0.010928
fit_support,,fit,1557,-2.214924,1.086263,-1.208095,0.008070
fit_support,,fit,1558,-4.718358,0.906540,-1.198236,0.001842
fit_support,,fit,1559,2.103315,0.831877,-1.225980,0.026100
fit_support,,fit,1560,-3.904840,5.704309,-1.193268,0.007250
fit_support,,fit,1561,-1.329812,0.349714,-1.181908,0.018021
fit_support,,fit,1562,-1.788496,-1.848800,-1.179284,0.020447
fit_support,,fit,1563,-3.657903,4.288739,-1.203403,0.003029
fit_support,,fit,1564,-4.583824,-0.769610,-1.175291,0.024621
fit_support,,fit,1565,-1.059886,-3.015028,-1.157581,0.042017
fit_support,,fit,1566,4.340608,-2.182581,-1.182658,0.016869
fit_support,,fit,1567,-3.139674,4.416855,-1.201833,0.001461
fit_support,,fit,1568,3.420665,0.922001,-1.237370,0.037518
fit_support,,fit,1569,-2.554496,0.232716,-1.207491,0.007539
fit_support,,fit,1570,-1.780702,1.488764,-1.187292,0.012760
fit_support,,fit,1571,-4.007455,1.133841,-1.180571,0.019509
fit_support,,fit,1572,3.760388,-1.902402,-1.194350,0.005220
fit_support,,fit,1573,-1.415658,2.264168,-1.233651,0.033535
fit_support,,fit,1574,2.497572,-5.596184,-1.214222,0.014972
fit_support,,fit,1575,0.038693,3.921182,-1.229247,0.029012
fit_support,,fit,1576,2.069698,-0.365291,-1.192915,0.006850
fit_support,,fit,1577,-4.139681,3.170804,-1.199466,0.000814
fit_support,,fit,1578,1.790895,-4.539376,-1.174985,0.024386
fit_support,,fit,1579,5.567908,0.202705,-1.205688,0.005966
fit_support,,fit,1580,-4.090980,-1.540691,-1.195472,0.004353
fit_support,,fit,1581,4.716602,1.536749,-1.197363,0.002511
fit_support,,fit,1582,-1.978099,-0.441645,-1.205686,0.005814
fit_support,,fit,1583,3.930323,0.460632,-1.176216,0.023577
fit_support,,fit,1584,-5.565015,-0.387241,-1.228052,0.028076
fit_support,,fit,1585,-4.611877,2.061684,-1.185358,0.014828
fit_support,,fit,1586,-0.548574,3.190563,-1.242716,0.042535
fit_support,,fit,1587,-1.582734,1.314337,-1.195555,0.004474
fit_support,,fit,1588,-4.918594,0.222174,-1.170175,0.029843
fit_support,,fit,1589,2.505708,5.892657,-1.166720,0.033636
fit_support,,fit,1590,-5.073746,5.591139,-1.211999,0.011460
fit_support,,fit,1591,-4.320236,3.750614,-1.201459,0.001118
fit_support,,fit,1592,-5.585396,-4.607131,-1.206210,0.006639
fit_support,,fit,1593,2.527953,4.838709,-1.198010,0.002244
fit_support,,fit,1594,2.570576,4.042336,-1.236382,0.036206
fit_support,,fit,1595,-3.752379,4.564740,-1.171847,0.028556
fit_support,,fit,1596,0.274110,-4.399992,-1.207412,0.007985
fit_support,,fit,1597,0.414803,-3.915304,-1.217299,0.017829
fit_support,,fit,1598,-4.356786,5.736789,-1.205310,0.004777
fit_support,,fit,1599,-5.307586,0.698645,-1.216913,0.016839
fit_support,,fit,1600,-2.809338,5.962939,-1.190374,0.010138
fit_support,,fit,1601,4.523080,-4.939753,-1.217005,0.017749
fit_support,,fit,1602,-2.111773,3.619554,-1.200763,0.000496
fit_support,,fit,1603,-1.424253,-0.878439,-1.214959,0.015145
fit_support,,fit,1604,-5.586369,2.109091,-1.198570,0.001648
fit_support,,fit,1605,-3.770032,-5.341382,-1.203324,0.003875
fit_support,,fit,1606,-1.246911,2.954309,-1.214269,0.014091
fit_support,,fit,1607,0.167409,2.870586,-1.203451,0.003321
fit_support,,fit,1608,-0.925932,-1.633865,-1.233037,0.033310
fit_support,,fit,1609,3.102623,-0.801951,-1.202093,0.002398
fit_support,,fit,1610,-1.583438,4.861551,-1.194387,0.005984
fit_support,,fit,1612,2.697672,-5.371768,-1.189973,0.009292
fit_support,,fit,1613,-1.964522,-2.016016,-1.223643,0.023924
fit_support,,fit,1614,-5.020929,0.983332,-1.202871,0.002778
fit_support,,fit,1615,5.338002,4.809498,-1.216204,0.016031
fit_support,,fit,1616,-0.656108,5.501896,-1.202274,0.001867
fit_support,,fit,1617,2.704929,3.753471,-1.202276,0.002132
fit_support,,fit,1618,-0.357231,-4.724490,-1.200310,0.000897
fit_support,,fit,1619,-0.497405,-5.499716,-1.203002,0.003659
fit_support,,fit,1620,0.159440,3.106596,-1.176446,0.023707
fit_support,,fit,1621,-1.229702,3.308245,-1.168835,0.031377
fit_support,,fit,1622,-0.750553,-2.264907,-1.207356,0.007694
fit_support,,fit,1623,-2.515931,0.196872,-1.209934,0.009986
fit_support,,fit,1624,0.039018,-0.586253,-1.162411,0.037390
fit_support,,fit,1625,-5.175628,4.518084,-1.189341,0.011097
fit_support,,fit,1626,5.932664,-5.003284,-1.182123,0.017087
fit_support,,fit,1627,-0.478544,-2.398394,-1.223107,0.023466
fit_support,,fit,1628,-3.005650,-1.806034,-1.213397,0.013628
fit_support,,fit,1629,5.359385,3.731984,-1.235073,0.035005
fit_support,,fit,1630,-2.571705,5.684680,-1.233487,0.033009
fit_support,,fit,1631,-3.843266,-4.351060,-1.197193,0.002354
fit_support,,fit,1632,5.581964,-0.705544,-1.217681,0.018046
fit_support,,fit,1633,-2.024183,-0.938005,-1.215576,0.015751
fit_support,,fit,1634,0.816418,3.472271,-1.200306,0.000136
fit_support,,fit,1636,2.753036,-3.136048,-1.218202,0.018723
fit_support,,fit,1637,-3.147353,3.187251,-1.160465,0.039788
fit_support,,fit,1638,-2.892388,-5.487249,-1.197177,0.002234
fit_support,,fit,1639,4.397071,-5.828923,-1.198576,0.000598
fit_support,,fit,1640,1.714120,-5.689313,-1.181314,0.017948
fit_support,,fit,1641,1.177112,-1.292117,-1.227834,0.028133
fit_support,,fit,1642,5.073681,3.495031,-1.196214,0.003839
fit_support,,fit,1643,4.531063,-4.123609,-1.218399,0.019064
fit_support,,fit,1644,4.836252,0.798451,-1.225672,0.025871
fit_support,,fit,1645,-2.502698,2.144814,-1.199152,0.000983
fit_support,,fit,1646,1.984219,-0.094439,-1.209595,0.009801
fit_support,,fit,1647,-2.136819,-3.780268,-1.193876,0.005678
fit_support,,fit,1648,-0.871905,-2.399772,-1.182150,0.017502
fit_support,,fit,1649,2.672739,-3.268651,-1.190589,0.008880
fit_support,,fit,1650,-2.997530,4.016641,-1.199034,0.001295
fit_support,,fit,1651,3.707776,0.815270,-1.190611,0.009223
fit_support,,fit,1652,-5.333357,-0.005257,-1.202136,0.002129
fit_support,,fit,1653,5.582545,-2.418216,-1.219782,0.020312
fit_support,,fit,1654,0.904748,-3.030349,-1.204776,0.005234
fit_support,,fit,1656,-2.915295,-0.891576,-1.213423,0.013569
fit_support,,fit,1657,0.185029,-1.683714,-1.228922,0.029231
fit_support,,fit,1658,-2.755435,-3.065970,-1.201427,0.001786
fit_support,,fit,1659,-2.781806,-0.640209,-1.165813,0.034061
fit_support,,fit,1660,-2.071199,2.536752,-1.216619,0.016459
fit_support,,fit,1661,-4.246343,-1.093188,-1.233793,0.033921
fit_support,,fit,1662,5.671531,4.979417,-1.215650,0.015470
fit_support,,fit,1663,-5.266968,2.124648,-1.216335,0.016124
fit_support,,fit,1664,-5.909261,-4.131674,-1.194906,0.004720
fit_support,,fit,1665,1.143438,-2.530995,-1.231825,0.032242
fit_support,,fit,1666,2.817015,-1.607963,-1.215556,0.015931
fit_support,,fit,1667,-2.416325,-4.194261,-1.197127,0.002395
fit_support,,fit,1668,-3.727611,4.491351,-1.196596,0.003799
fit_support,,fit,1669,4.309616,3.315720,-1.243281,0.043223
fit_support,,fit,1670,5.679925,3.526045,-1.213031,0.012992
fit_support,,fit,1671,-5.858615,3.239027,-1.225777,0.025442
fit_support,,fit,1672,1.898798,-5.668474,-1.200458,0.001198
fit_support,,fit,1673,1.630799,-5.470293,-1.210122,0.010836
fit_support,,fit,1674,5.546767,2.213408,-1.153720,0.046197
fit_support,,fit,1675,2.064429,1.481887,-1.191869,0.008075
fit_support,,fit,1676,2.043213,0.373689,-1.196659,0.003178
fit_support,,fit,1677,-1.476449,2.685098,-1.195742,0.004416
fit_support,,fit,1678,-1.596752,3.054909,-1.196237,0.003961
fit_support,,fit,1679,-2.295691,-3.205370,-1.203156,0.003542
fit_support,,fit,1681,5.063861,5.284187,-1.213379,0.013153
fit_support,,fit,1682,1.985012,-0.532832,-1.193384,0.006368
fit_support,,fit,1683,-3.297575,-1.985906,-1.227149,0.027390
fit_support,,fit,1684,-5.626448,2.349311,-1.198151,0.002091
fit_support,,fit,1685,-0.166137,-3.269999,-1.181155,0.018393
fit_support,,fit,1686,-0.509429,2.622219,-1.189990,0.010135
fit_support,,fit,1687,-0.253950,0.302036,-1.169523,0.030371
fit_support,,fit,1688,-0.294570,5.286864,-1.180178,0.020198
fit_support,,fit,1689,-3.621270,-5.821968,-1.237749,0.038350
fit_support,,fit,1690,4.266980,0.685895,-1.175296,0.024509
fit_support,,fit,1691,-4.557105,-1.046770,-1.200848,0.000963
fit_support,,fit,1692,0.051673,-4.004867,-1.181784,0.017687
fit_support,,fit,1693,-3.388352,3.708352,-1.173054,0.027257
fit_support,,fit,1694,2.159204,1.600985,-1.222085,0.022132
fit_support,,fit,1695,-1.083082,-5.382138,-1.224560,0.025189
fit_support,,fit,1696,-3.436879,0.589785,-1.190633,0.009378
fit_support,,fit,1697,-1.527667,-0.484223,-1.202021,0.002167
fit_support,,fit,1698,5.662530,-1.847108,-1.169319,0.030203
fit_support,,fit,1699,-3.731125,-5.370298,-1.196921,0.002525
fit_support,,fit,1700,0.903730,0.472638,-1.207261,0.007382
fit_support,,fit,1701,1.702539,-5.361670,-1.226866,0.027571
fit_support,,fit,1702,-4.773673,3.164698,-1.178561,0.021736
fit_support,,fit,1703,0.860206,-4.504286,-1.211773,0.012372
fit_support,,fit,1704,-5.487982,1.466381,-1.194454,0.005699
fit_support,,fit,1705,-4.723041,4.523682,-1.177256,0.023171
fit_support,,fit,1706,5.851866,-5.388907,-1.181825,0.017351
fit_support,,fit,1707,-5.614231,-0.821036,-1.186064,0.013872
fit_support,,fit,1708,1.818174,-0.241596,-1.211977,0.012192
fit_support,,fit,1709,0.527002,-1.277798,-1.199932,0.000211
fit_support,,fit,1710,2.913968,3.204432,-1.193314,0.006771
fit_support,,fit,1711,1.684470,-1.325102,-1.203561,0.003877
fit_support,,fit,1712,-0.141134,-1.124099,-1.203171,0.003417
fit_support,,fit,1713,-4.017822,3.614737,-1.206408,0.006089
fit_support,,fit,1714,2.142468,0.537193,-1.194469,0.005382
fit_support,,fit,1715,5.858127,-5.683189,-1.184462,0.014686
fit_support,,fit,1716,1.119978,-2.943392,-1.196092,0.003451
fit_support,,fit,1717,5.882921,2.100285,-1.197254,0.002642
fit_support,,fit,1718,-0.857061,-0.375686,-1.213608,0.013761
fit_support,,fit,1719,3.526599,0.855160,-1.203528,0.003686
fit_support,,fit,1720,-3.493370,-1.965158,-1.195769,0.003997
fit_support,,fit,1721,-0.498793,3.607586,-1.206407,0.006187
fit_support,,fit,1722,-1.715920,4.308479,-1.215132,0.014811
fit_support,,fit,1723,3.033630,-0.618495,-1.202134,0.002420
fit_support,,fit,1724,-2.192613,-2.964157,-1.225618,0.025983
fit_support,,fit,1725,4.135128,-3.419758,-1.215220,0.015807
fit_support,,fit,1726,-1.781937,-0.063975,-1.183329,0.016574
fit_support,,fit,1727,0.760254,5.220530,-1.188619,0.011721
fit_support,,fit,1728,-5.574716,-3.778240,-1.197392,0.002259
fit_support,,fit,1730,0.815459,2.705180,-1.209460,0.009363
fit_support,,fit,1731,-4.864154,-4.133132,-1.177209,0.022388
fit_support,,fit,1732,-3.664268,3.612337,-1.194730,0.005579
fit_support,,fit,1733,-5.478479,-1.581473,-1.191291,0.008568
fit_support,,fit,1734,2.363133,4.032127,-1.199771,0.000410
fit_support,,fit,1735,-5.695306,0.669530,-1.213672,0.013590
fit_support,,fit,1736,5.366709,-2.036256,-1.187461,0.012051
fit_support,,fit,1737,-4.261638,0.681057,-1.188354,0.011689
fit_support,,fit,1738,1.041885,2.658423,-1.213764,0.013678
fit_support,,fit,1739,1.756246,1.224215,-1.176593,0.023335
fit_support,,fit,1740,1.675446,1.856579,-1.210109,0.010118
fit_support,,fit,1741,-3.303293,-1.737726,-1.201114,0.001330
fit_support,,fit,1742,-1.542678,3.690524,-1.208864,0.008607
fit_support,,fit,1743,1.176683,-1.429457,-1.202457,0.002769
fit_support,,fit,1744,-4.232531,-4.981654,-1.171957,0.027540
fit_support,,fit,1745,-5.834873,4.232892,-1.193027,0.007403
fit_support,,fit,1746,-2.613511,-1.822920,-1.212322,0.012566
fit_support,,fit,1747,1.323747,4.095829,-1.190235,0.009981
fit_support,,fit,1748,4.084528,-0.088072,-1.172160,0.027576
fit_support,,fit,1749,-2.309702,-2.746469,-1.203823,0.004165
fit_support,,fit,1750,5.944460,-2.433005,-1.178818,0.020640
fit_support,,fit,1751,-4.149648,4.159819,-1.215006,0.014631
fit_support,,fit,1752,0.658812,-5.555700,-1.211773,0.012468
fit_support,,fit,1753,-2.863997,-5.098999,-1.203216,0.003769
fit_support,,fit,1754,-3.070712,-3.103412,-1.224768,0.025122
fit_support,,fit,1755,-3.523480,-0.603991,-1.182352,0.017547
fit_support,,fit,1756,-1.176491,1.191727,-1.176273,0.023733
fit_support,,fit,1757,2.384933,3.885951,-1.178113,0.022053
fit_support,,fit,1758,3.630868,-5.972200,-1.223553,0.024372
fit_support,,fit,1759,-4.678716,3.166229,-1.199987,0.000307
fit_support,,fit,1760,-4.844042,1.110705,-1.193053,0.007048
fit_support,,fit,1761,3.478454,-1.845222,-1.232764,0.033180
fit_support,,fit,1762,-5.421940,4.295589,-1.213627,0.013203
fit_support,,fit,1763,-0.363523,4.044030,-1.175510,0.024748
fit_support,,fit,1764,2.866040,2.878521,-1.200230,0.000174
fit_support,,fit,1765,-1.691640,-1.540618,-1.182168,0.017589
fit_support,,fit,1766,2.547861,2.204286,-1.217176,0.017176
fit_support,,fit,1767,-0.202641,-1.990209,-1.209227,0.009555
fit_support,,fit,1768,-2.501445,0.614701,-1.192660,0.007328
fit_support,,fit,1769,5.811395,5.763999,-1.176635,0.023616
fit_support,,fit,1770,1.974268,-0.996699,-1.175902,0.023805
fit_support,,fit,1771,-0.299569,-5.911244,-1.187324,0.011973
fit_support,,fit,1772,-5.199259,-1.732236,-1.203173,0.003336
fit_support,,fit,1773,1.705565,-5.304295,-1.206813,0.007513
fit_support,,fit,1774,5.003102,2.620099,-1.218643,0.018672
fit_support,,fit,1775,3.033769,3.346033,-1.204046,0.003949
fit_support,,fit,1776,-0.028399,-1.997101,-1.208286,0.008619
fit_support,,fit,1777,-2.851674,4.084841,-1.180180,0.020152
fit_support,,fit,1779,-1.270270,0.242782,-1.203554,0.003637
fit_support,,fit,1780,1.071889,-3.171909,-1.193421,0.006102
fit_support,,fit,1781,3.240526,4.250590,-1.180699,0.019478
fit_support,,fit,1782,-2.647136,-2.685492,-1.223697,0.024023
fit_support,,fit,1783,3.314462,1.336336,-1.200214,0.000320
fit_support,,fit,1784,4.808506,-4.317733,-1.186057,0.013251
fit_support,,fit,1785,5.577894,5.942390,-1.158389,0.041886
fit_support,,fit,1786,5.466339,-3.293443,-1.193925,0.005463
fit_support,,fit,1787,1.617260,-1.440145,-1.182205,0.017470
fit_support,,fit,1788,-5.054893,2.699566,-1.186479,0.013781
fit_support,,fit,1789,3.742115,-5.099336,-1.212073,0.012810
fit_support,,fit,1790,-2.690086,5.314112,-1.198875,0.001570
fit_support,,fit,1791,1.341032,-0.161970,-1.194145,0.005660
fit_support,,fit,1792,4.695147,3.043014,-1.223424,0.023403
fit_support,,fit,1793,4.283554,-0.636978,-1.166852,0.032825
fit_support,,fit,1794,0.152775,-1.327640,-1.204484,0.004757
fit_support,,fit,1795,1.173437,0.332032,-1.189731,0.010127
fit_support,,fit,1796,-2.996472,4.170894,-1.178353,0.021991
fit_support,,fit,1797,5.833536,2.043113,-1.221143,0.021251
fit_support,,fit,1798,-4.810713,3.871964,-1.226276,0.025910
fit_support,,fit,1799,-4.601179,-3.280981,-1.197718,0.001953
fit_support,,fit,1800,-4.616467,-5.800219,-1.216682,0.017253
fit_support,,fit,1801,-4.167961,-2.984547,-1.222048,0.022361
fit_support,,fit,1802,-3.617510,5.470175,-1.188192,0.012295
fit_support,,fit,1803,0.369700,-5.273015,-1.200361,0.001021
fit_support,,fit,1804,0.996182,-0.716458,-1.207087,0.007325
fit_support,,fit,1805,0.123858,4.553485,-1.178083,0.022210
fit_support,,fit,1806,5.281879,2.133636,-1.214066,0.014150
fit_support,,fit,1807,0.907453,-2.395972,-1.188833,0.010769
fit_support,,fit,1808,5.415338,2.258876,-1.178659,0.021266
fit_support,,fit,1809,2.576763,-4.908843,-1.208126,0.008812
fit_support,,fit,1810,-3.481950,-5.175702,-1.176934,0.022523
fit_support,,fit,1811,-3.074013,5.729022,-1.174443,0.026054
fit_support,,fit,1812,-4.157962,-5.038099,-1.209880,0.010391
fit_support,,fit,1813,-5.117021,2.832618,-1.182018,0.018256
fit_support,,fit,1814,2.822114,-5.534920,-1.191233,0.008014
fit_support,,fit,1815,5.731004,-3.939901,-1.167291,0.032028
fit_support,,fit,1816,-4.782391,2.734126,-1.153093,0.047163
fit_support,,fit,1817,-5.706233,-1.871747,-1.226861,0.027023
fit_support,,fit,1818,1.311354,-3.782668,-1.234570,0.035112
fit_support,,fit,1819,3.916799,-5.064505,-1.199884,0.000623
fit_support,,fit,1820,-3.928198,-2.776997,-1.194401,0.005300
fit_support,,fit,1821,-4.707881,1.428941,-1.228244,0.028116
fit_support,,fit,1822,-4.726142,-5.059988,-1.217034,0.017531
fit_support,,fit,1823,-0.318412,-4.795106,-1.203008,0.003603
fit_support,,fit,1824,0.972785,0.908801,-1.180174,0.019745
fit_support,,fit,1825,3.769617,-1.017337,-1.211427,0.011772
fit_support,,fit,1826,-2.149613,5.748760,-1.211954,0.011482
fit_support,,fit,1827,2.798502,-4.795688,-1.172085,0.027233
fit_support,,fit,1828,2.317230,-3.529805,-1.211936,0.012482
fit_support,,fit,1829,5.473021,-2.851456,-1.197403,0.002028
fit_support,,fit,1830,4.218763,-5.360588,-1.191054,0.008170
fit_support,,fit,1831,-5.466160,5.757172,-1.163061,0.037504
fit_support,,fit,1832,-5.093302,2.545177,-1.202276,0.002030
fit_support,,fit,1833,-3.993788,4.884670,-1.173751,0.026690
fit_support,,fit,1834,4.680020,3.721103,-1.180839,0.019247
fit_support,,fit,1835,4.872897,1.952922,-1.185805,0.014105
fit_support,,fit,1836,1.705566,3.311435,-1.221394,0.021264
fit_support,,fit,1837,-3.596392,1.059542,-1.226068,0.026007
fit_support,,fit,1838,2.514493,-2.651746,-1.213979,0.014446
fit_support,,fit,1839,4.919031,-5.852527,-1.184591,0.014566
fit_support,,fit,1840,4.328854,-4.265812,-1.185148,0.014179
fit_support,,fit,1841,-0.523715,3.410996,-1.204489,0.004288
fit_support,,fit,1842,5.320302,1.528430,-1.212837,0.012980
fit_support,,fit,1843,-2.410800,-2.148100,-1.211942,0.012223
fit_support,,fit,1844,-1.398911,2.176159,-1.185045,0.015062
fit_support,,fit,1845,-4.644977,-4.770816,-1.173985,0.025544
fit_support,,fit,1846,0.545709,-4.813004,-1.220662,0.021282
fit_support,,fit,1847,3.364593,1.857116,-1.201869,0.001926
fit_support,,fit,1848,0.849444,3.715659,-1.218628,0.018435
fit_support,,fit,1849,-2.950340,1.899477,-1.227193,0.027069
fit_support,,fit,1850,4.707230,-3.958222,-1.206678,0.007333
fit_support,,fit,1851,-4.749026,3.299231,-1.217263,0.016954
fit_support,,fit,1852,-0.595276,2.095348,-1.190125,0.009952
fit_support,,fit,1853,2.137717,2.636072,-1.204424,0.004372
fit_support,,fit,1854,2.280416,4.620165,-1.191323,0.008917
fit_support,,fit,1855,1.696506,1.594487,-1.209907,0.009942
fit_support,,fit,1856,-5.436464,-4.107770,-1.158559,0.041056
fit_support,,fit,1857,4.782381,-1.495356,-1.192454,0.007127
fit_support,,fit,1858,3.554368,-0.442781,-1.224163,0.024447
fit_support,,fit,1859,5.225383,0.050728,-1.194174,0.005544
fit_support,,fit,1860,-3.051380,0.522565,-1.182555,0.017439
fit_support,,fit,1861,0.265997,-0.386354,-1.216702,0.016889
fit_support,,fit,1862,-4.541386,-4.656329,-1.212308,0.012771
fit_support,,fit,1863,-2.648537,-5.974641,-1.230364,0.031007
fit_support,,fit,1864,0.399097,-3.585838,-1.214576,0.015074
fit_support,,fit,1865,-4.646977,-2.133091,-1.216162,0.016379
fit_support,,fit,1866,-0.795321,3.226231,-1.187066,0.013126
fit_support,,fit,1867,-4.608104,-0.759555,-1.172855,0.027059
fit_support,,fit,1868,1.332374,2.777605,-1.191755,0.008334
fit_support,,fit,1869,-1.622102,5.098488,-1.180254,0.020141
fit_support,,fit,1870,-0.504113,3.917255,-1.213332,0.013082
fit_support,,fit,1871,3.928889,-5.882905,-1.192066,0.007116
fit_support,,fit,1872,-3.438675,-4.787625,-1.199725,0.000232
fit_support,,fit,1873,-4.167831,0.411237,-1.207992,0.007978
fit_support,,fit,1874,-2.195109,2.363294,-1.193079,0.007069
fit_support,,fit,1875,1.226066,3.859659,-1.203226,0.003030
fit_support,,fit,1876,-1.449278,2.453099,-1.200080,0.000055
fit_support,,fit,1877,-0.405681,5.691838,-1.217362,0.016943
fit_support,,fit,1878,-1.098921,3.574281,-1.202814,0.002581
fit_support,,fit,1879,3.372972,-1.125378,-1.175176,0.024480
fit_support,,fit,1880,4.045915,-5.219066,-1.232161,0.032918
fit_support,,fit,1881,-1.733292,5.323190,-1.192180,0.008240
fit_support,,fit,1882,-2.745869,2.607992,-1.238073,0.037886
fit_support,,fit,1883,3.817056,-0.226938,-1.181706,0.018024
fit_support,,fit,1884,-0.682057,-0.831800,-1.199763,0.000035
fit_support,,fit,1885,-3.615880,-2.716068,-1.197484,0.002214
fit_support,,fit,1886,1.768319,5.209642,-1.219858,0.019547
fit_support,,fit,1887,-5.554700,-4.715133,-1.167818,0.031741
fit_support,,fit,1888,5.975316,-4.798280,-1.197325,0.001904
fit_support,,fit,1889,2.320687,5.827878,-1.181801,0.018554
fit_support,,fit,1890,-2.899568,0.922488,-1.200549,0.000521
fit_support,,fit,1891,4.910872,-4.808567,-1.192668,0.006590
fit_support,,fit,1892,-1.865328,0.966828,-1.228199,0.028195
fit_support,,fit,1893,-0.838349,2.880325,-1.202576,0.002417
fit_support,,fit,1894,-5.765103,-4.546529,-1.201705,0.002124
fit_support,,fit,1895,-2.720921,0.644093,-1.239965,0.039968
fit_support,,fit,1896,3.181465,-5.825610,-1.190041,0.009168
fit_support,,fit,1897,1.113411,0.708134,-1.223637,0.023741
fit_support,,fit,1898,0.624265,-0.499561,-1.189913,0.009880
fit_support,,fit,1899,3.027311,-2.965869,-1.190890,0.008599
fit_support,,fit,1900,-1.477992,1.333412,-1.193462,0.006566
fit_support,,fit,1901,-3.530034,2.468819,-1.207332,0.007137
fit_support,,fit,1902,1.329162,-1.130800,-1.214833,0.015120
fit_support,,fit,1903,-2.404857,4.251497,-1.215860,0.015524
fit_support,,fit,1904,-3.956844,-5.239717,-1.223801,0.024337
fit_support,,fit,1905,0.012133,-5.155380,-1.211381,0.012020
fit_support,,fit,1906,-4.488399,3.780388,-1.204091,0.003743
fit_support,,fit,1907,-1.087709,-5.276418,-1.224137,0.024757
fit_support,,fit,1908,0.032013,4.965079,-1.217118,0.016782
fit_support,,fit,1909,-0.492726,-1.118147,-1.192751,0.007014
fit_support,,fit,1910,1.806960,5.254627,-1.219653,0.019339
fit_support,,fit,1911,-2.173580,-2.515194,-1.183674,0.016003
fit_support,,fit,1912,1.605747,-1.413535,-1.201468,0.001791
fit_support,,fit,1913,2.349883,-2.913085,-1.187269,0.012243
fit_support,,fit,1914,4.609551,-5.635676,-1.183330,0.015857
fit_support,,fit,1915,3.709002,-0.284738,-1.209401,0.009674
fit_support,,fit,1916,5.962762,-0.336739,-1.195958,0.003701
fit_support,,fit,1917,4.780978,-4.772285,-1.235203,0.035938
fit_support,,fit,1918,5.304716,4.713985,-1.206530,0.006366
fit_support,,fit,1919,-3.577638,-2.747240,-1.219195,0.019501
fit_support,,fit,1920,1.140618,1.909401,-1.232707,0.032696
fit_support,,fit,1921,5.605757,-3.370104,-1.224000,0.024623
fit_support,,fit,1922,3.272160,-2.618018,-1.180821,0.018694
fit_support,,fit,1923,2.082308,5.588830,-1.218445,0.018106
fit_support,,fit,1924,-1.052220,-2.978249,-1.172270,0.027331
fit_support,,fit,1925,-4.753226,-4.101201,-1.209078,0.009481
fit_support,,fit,1926,1.211744,-4.936306,-1.209266,0.009917
fit_support,,fit,1927,4.765706,5.088114,-1.208491,0.008275
fit_support,,fit,1928,0.863406,1.068491,-1.170452,0.029485
fit_support,,fit,1929,-3.553482,-5.185276,-1.204619,0.005160
fit_support,,fit,1930,4.418932,-4.179058,-1.223023,0.023691
fit_support,,fit,1931,0.004843,5.542464,-1.223214,0.022822
fit_support,,fit,1932,-1.207395,-5.318709,-1.190944,0.008436
fit_support,,fit,1933,0.224938,1.740723,-1.201536,0.001516
fit_support,,fit,1934,-3.636422,4.710108,-1.191534,0.008880
fit_support,,fit,1935,-5.099554,-2.156412,-1.213862,0.014068
fit_support,,fit,1936,0.509104,-3.674660,-1.180964,0.018527
fit_support,,fit,1937,-3.416712,-0.385285,-1.223703,0.023787
fit_support,,fit,1938,-2.228881,4.412826,-1.190712,0.009634
fit_support,,fit,1940,-5.385744,-2.615788,-1.206762,0.007005
fit_support,,fit,1941,-1.466948,-2.599148,-1.218823,0.019174
fit_support,,fit,1942,2.346560,-0.202629,-1.205386,0.005613
fit_support,,fit,1943,5.652072,-1.334142,-1.158100,0.041472
fit_support,,fit,1944,2.970739,-1.527330,-1.209176,0.009547
fit_support,,fit,1945,-2.321439,-0.041055,-1.230900,0.030980
fit_support,,fit,1946,5.039968,-3.908113,-1.176705,0.022636
fit_support,,fit,1947,4.638508,1.605316,-1.206912,0.007028
fit_support,,fit,1948,-0.823212,-3.012259,-1.201409,0.001818
fit_support,,fit,1949,0.348245,5.286079,-1.180614,0.019744
fit_support,,fit,1950,-3.731322,-5.355918,-1.195217,0.004230
fit_support,,fit,1951,0.577911,-0.797484,-1.182602,0.017163
fit_support,,fit,1952,0.182294,4.978758,-1.198793,0.001540
fit_support,,fit,1953,-1.097658,0.595775,-1.188035,0.011912
fit_support,,fit,1954,-1.495977,-0.364765,-1.179191,0.020674
fit_support,,fit,1955,-1.095561,-3.394789,-1.235358,0.035796
fit_support,,fit,1956,0.034490,3.155751,-1.240804,0.040642
fit_support,,fit,1957,0.456356,-5.845271,-1.216544,0.017261
fit_support,,fit,1958,-3.975878,-2.164432,-1.162300,0.037461
fit_support,,fit,1959,-1.839805,4.892298,-1.226639,0.026258
fit_support,,fit,1960,1.511434,1.651626,-1.206002,0.006027
fit_support,,fit,1961,-3.609587,1.138591,-1.215324,0.015255
fit_support,,fit,1962,-5.723053,0.876425,-1.200280,0.000177
fit_support,,fit,1964,-1.512921,0.889092,-1.197258,0.002729
fit_support,,fit,1965,-5.607427,-2.156028,-1.230137,0.030330
fit_support,,fit,1966,-1.807685,-2.791598,-1.187454,0.012187
fit_support,,fit,1967,-3.866717,1.757896,-1.202791,0.002655
fit_support,,fit,1968,0.642135,-0.620317,-1.193855,0.005926
fit_support,,fit,1969,1.265004,-5.741946,-1.223678,0.024408
fit_support,,fit,1970,1.129261,2.100839,-1.175161,0.024868
fit_support,,fit,1971,-4.840718,-5.871962,-1.184822,0.014606
fit_support,,fit,1972,0.388710,5.040062,-1.192446,0.007887
fit_support,,fit,1973,5.606910,4.544444,-1.185572,0.014567
fit_support,,fit,1974,3.298479,2.131992,-1.201811,0.001839
fit_support,,fit,1975,-2.763108,-2.334836,-1.235464,0.035753
fit_support,,fit,1976,-5.120413,4.607174,-1.208626,0.008181
fit_support,,fit,1977,-3.334618,-0.369638,-1.213768,0.013852
fit_support,,fit,1978,-2.922519,3.833761,-1.199214,0.001096
fit_support,,fit,1979,1.494895,2.002608,-1.201818,0.001809
fit_support,,fit,1980,4.570098,5.038356,-1.193318,0.006898
fit_support,,fit,1981,1.321583,0.453148,-1.206974,0.007108
fit_support,,fit,1982,3.524246,-4.237808,-1.228215,0.028863
fit_support,,fit,1983,3.857599,-0.314954,-1.207370,0.007650
fit_support,,fit,1984,-0.406062,0.323432,-1.203968,0.004067
fit_support,,fit,1985,-5.451256,-3.184791,-1.206720,0.007016
fit_support,,fit,1986,-0.299434,-2.137391,-1.186869,0.012792
fit_support,,fit,1987,2.207626,-2.816271,-1.208672,0.009146
fit_support,,fit,1988,4.441137,5.572556,-1.167689,0.032583
fit_support,,fit,1990,4.919441,-1.238484,-1.224694,0.025092
fit_support,,fit,1991,-2.398946,2.444322,-1.206347,0.006186
fit_support,,fit,1992,2.177957,-1.022296,-1.205710,0.006011
fit_support,,fit,1993,3.740433,5.666619,-1.195073,0.005227
fit_support,,fit,1994,-0.597112,2.441948,-1.186236,0.013874
fit_support,,fit,1995,-2.429382,2.288148,-1.221824,0.021677
fit_support,,fit,1996,-0.771998,1.364324,-1.226059,0.026047
fit_support,,fit,1997,-1.862630,4.860760,-1.185314,0.015065
fit_support,,fit,1998,0.929227,-4.054145,-1.202016,0.002574
fit_support,,fit,1999,3.777771,3.028753,-1.180650,0.019394
fit_support,,fit,2000,4.082329,-0.173223,-1.189662,0.010065
fit_support,,fit,2001,4.302054,-1.011216,-1.217056,0.017416
fit_support,,fit,2002,-3.228170,-0.788126,-1.208817,0.008944
fit_support,,fit,2003,5.380807,-5.530563,-1.199971,0.000796
fit_support,,fit,2004,1.547068,1.315016,-1.195390,0.004552
fit_support,,fit,2005,-0.682444,5.714502,-1.200927,0.000499
fit_support,,fit,2006,1.656230,1.918815,-1.212650,0.012653
fit_support,,fit,2007,2.229131,-1.887792,-1.182628,0.016987
fit_support,,fit,2008,-2.288057,-2.241350,-1.203022,0.003316
fit_support,,fit,2009,3.453970,2.010152,-1.199526,0.000429
fit_support,,fit,2010,3.227503,1.411486,-1.206192,0.006288
fit_support,,fit,2011,3.936465,5.234289,-1.180215,0.020037
fit_support,,fit,2012,-5.257819,-4.141885,-1.194948,0.004658
fit_support,,fit,2013,-2.682445,0.705141,-1.215173,0.015171
fit_support,,fit,2014,-5.798974,2.784876,-1.182835,0.017454
fit_support,,fit,2015,-4.578536,-0.902256,-1.170353,0.029547
fit_support,,fit,2016,-3.096872,0.451013,-1.171375,0.028614
fit_support,,fit,2018,-1.361057,2.929568,-1.175332,0.024846
fit_support,,fit,2019,5.176894,2.971235,-1.213540,0.013540
fit_support,,fit,2020,1.800175,-0.587868,-1.206026,0.006274
fit_support,,fit,2021,5.299436,4.272275,-1.209100,0.008978
fit_support,,fit,2022,-2.296336,-2.121081,-1.169781,0.029937
fit_support,,fit,2023,-3.031806,-5.771777,-1.218057,0.018670
fit_support,,fit,2024,2.539434,-1.879005,-1.203383,0.003776
fit_support,,fit,2025,-5.435650,0.225993,-1.202718,0.002686
fit_support,,fit,2026,0.002161,-0.844258,-1.185943,0.013835
fit_support,,fit,2027,2.145114,5.032909,-1.226939,0.026655
fit_support,,fit,2028,3.586435,4.442208,-1.227016,0.026830
fit_support,,fit,2029,-5.354090,2.881184,-1.185332,0.014954
fit_support,,fit,2030,-2.845057,-4.810590,-1.164194,0.035281
fit_support,,fit,2031,4.070024,-2.815659,-1.183407,0.016067
fit_support,,fit,2032,-2.593920,1.582900,-1.175812,0.024272
fit_support,,fit,2033,-1.671627,-3.486640,-1.237211,0.037642
fit_support,,fit,2034,4.850487,-0.213197,-1.229533,0.029831
fit_support,,fit,2035,1.173616,-2.582649,-1.191073,0.008504
fit_support,,fit,2036,-2.310732,5.679558,-1.186402,0.014069
fit_support,,fit,2037,4.226372,-4.850030,-1.237593,0.038320
fit_support,,fit,2038,3.496818,-1.993175,-1.177631,0.021938
fit_support,,fit,2039,-2.743831,5.260561,-1.204000,0.003558
fit_support,,fit,2040,3.711718,1.704545,-1.197511,0.002408
fit_support,,fit,2041,2.291134,0.384528,-1.218008,0.018177
fit_support,,fit,2042,-3.729204,-4.604358,-1.203076,0.003557
fit_support,,fit,2043,4.395759,-2.046856,-1.208771,0.009232
fit_support,,fit,2044,-5.392133,-3.193395,-1.156914,0.042788
fit_support,,fit,2045,0.448619,5.910897,-1.176261,0.024155
fit_support,,fit,2046,2.743107,-4.503461,-1.188544,0.010804
fit_support,,fit,2047,2.907942,0.101605,-1.176227,0.023560
fit_support,,fit,2048,-2.028841,2.053799,-1.217366,0.017253
fit_support,,fit,2049,-3.233859,3.579265,-1.234403,0.034109
fit_support,,fit,2050,-4.159778,4.937363,-1.204916,0.004465
fit_support,,fit,2051,-1.995977,3.853561,-1.182237,0.018048
fit_support,,fit,2052,-2.782832,-4.072207,-1.169234,0.030310
fit_support,,fit,2053,-1.242342,3.737957,-1.214452,0.014199
fit_support,,fit,2054,3.315933,-0.660954,-1.212641,0.012939
fit_support,,fit,2055,-3.557518,3.895927,-1.167587,0.032746
fit_support,,fit,2056,-5.578306,-0.992773,-1.212077,0.012158
fit_support,,fit,2057,-4.591484,-3.932809,-1.207035,0.007427
fit_support,,fit,2058,5.472193,-3.815289,-1.164552,0.034786
fit_support,,fit,2059,-5.721915,2.983819,-1.196176,0.004130
fit_support,,fit,2060,4.948730,4.782292,-1.208422,0.008242
fit_support,,fit,2061,1.422691,4.062118,-1.219395,0.019185
fit_support,,fit,2062,-3.247680,4.256163,-1.207539,0.007180
fit_support,,fit,2063,2.795766,2.701781,-1.215986,0.015945
fit_support,,fit,2064,-1.863188,-2.898306,-1.181686,0.017946
fit_support,,fit,2065,4.116502,-2.249952,-1.222492,0.022965
fit_support,,fit,2066,2.648631,4.480733,-1.194791,0.005425
fit_support,,fit,2067,3.782688,4.961840,-1.206457,0.006226
fit_support,,fit,2068,-1.252345,0.654713,-1.168492,0.031465
fit_support,,fit,2069,4.253996,-1.611208,-1.176864,0.022720
fit_support,,fit,2070,3.716790,-3.011079,-1.183400,0.016065
fit_support,,fit,2071,4.557159,-2.363774,-1.192212,0.007292
fit_support,,fit,2072,5.958394,-4.635089,-1.216243,0.016998
fit_support,,fit,2073,5.540660,-0.327355,-1.212148,0.012476
fit_support,,fit,2074,0.068263,2.009284,-1.171701,0.028349
fit_support,,fit,2075,-0.220726,3.917515,-1.194570,0.005672
fit_support,,fit,2076,-0.743348,-0.324296,-1.189995,0.009853
fit_support,,fit,2077,-5.300965,5.604117,-1.218247,0.017701
fit_support,,fit,2078,-4.767379,-4.273397,-1.183963,0.015618
fit_support,,fit,2079,-4.826824,3.883289,-1.200055,0.000313
fit_support,,fit,2080,-5.380650,-0.339468,-1.187027,0.012949
fit_support,,fit,2081,-0.964178,-1.891840,-1.186701,0.013002
fit_support,,fit,2082,5.273087,-3.624917,-1.179529,0.019833
fit_support,,fit,2083,5.248779,0.427228,-1.204647,0.004894
fit_support,,fit,2084,2.496092,0.925982,-1.202920,0.003042
fit_support,,fit,2085,-1.477403,-0.011253,-1.219304,0.019405
fit_support,,fit,2086,-2.902547,-1.817761,-1.207623,0.007858
fit_support,,fit,2087,-1.731677,3.414832,-1.165881,0.034355
fit_support,,fit,2088,-4.057111,2.798377,-1.203241,0.003000
fit_support,,fit,2089,2.004455,5.109152,-1.207095,0.006800
fit_support,,fit,2090,1.250440,-0.287820,-1.206407,0.006611
fit_support,,fit,2091,-4.559911,3.332054,-1.207881,0.007574
fit_support,,fit,2092,-3.425515,-1.309676,-1.185560,0.014268
fit_support,,fit,2093,-1.346798,0.769258,-1.213870,0.013900
fit_support,,fit,2094,-2.849585,-3.905129,-1.192322,0.007240
fit_support,,fit,2095,3.487701,2.625027,-1.199940,0.000074
fit_support,,fit,2096,3.713707,-0.224089,-1.188983,0.010750
fit_support,,fit,2097,-0.948050,5.832940,-1.219395,0.018948
fit_support,,fit,2098,0.808738,3.984713,-1.241640,0.041420
fit_support,,fit,2099,-2.918253,-5.770253,-1.196033,0.003351
fit_support,,fit,2100,-5.790509,2.142954,-1.211448,0.011221
fit_support,,fit,2101,0.832977,1.553730,-1.193975,0.006010
fit_support,,fit,2102,4.265938,5.942721,-1.201640,0.001329
fit_support,,fit,2103,-1.506000,1.344996,-1.195834,0.004197
fit_support,,fit,2104,4.412166,1.631403,-1.204755,0.004862
fit_support,,fit,2105,-3.831755,1.794017,-1.204081,0.003943
fit_support,,fit,2106,-1.041615,-5.763894,-1.219932,0.020600
fit_support,,fit,2107,-4.240227,5.235952,-1.218540,0.018059
fit_support,,fit,2108,-5.024851,5.914665,-1.188733,0.011835
fit_support,,fit,2109,-5.519468,4.120865,-1.197416,0.002994
fit_support,,fit,2110,3.985363,-1.890748,-1.210524,0.010959
fit_support,,fit,2111,-2.886306,2.023411,-1.184911,0.015223
fit_support,,fit,2112,0.722274,-3.132266,-1.198719,0.000818
fit_support,,fit,2113,3.662345,-2.865806,-1.179330,0.020150
fit_support,,fit,2114,0.034409,0.208983,-1.178256,0.021621
fit_support,,fit,2115,-3.614475,1.126838,-1.186314,0.013754
fit_support,,fit,2116,2.094302,5.572216,-1.198115,0.002221
fit_support,,fit,2117,-2.856954,-5.776578,-1.191451,0.007931
fit_support,,fit,2118,-2.622669,4.691927,-1.229746,0.029362
fit_support,,fit,2119,0.963247,1.511128,-1.177066,0.022911
fit_support,,fit,2120,4.330916,4.920751,-1.186503,0.013708
fit_support,,fit,2121,-3.724301,-5.025175,-1.212737,0.013258
fit_support,,fit,2122,2.684776,-0.490931,-1.184916,0.014820
fit_support,,fit,2123,-2.514815,-3.013149,-1.247639,0.048001
fit_support,,fit,2124,1.393177,-0.921680,-1.167764,0.031966
fit_support,,fit,2125,-4.689292,-5.941576,-1.196405,0.003012
fit_support,,fit,2126,5.663610,-0.302383,-1.216195,0.016524
fit_support,,fit,2127,-1.233352,0.463091,-1.151238,0.048700
fit_support,,fit,2128,-3.471074,1.835558,-1.185202,0.014931
fit_support,,fit,2129,2.627103,3.980873,-1.180109,0.020059
fit_support,,fit,2130,-4.458554,-1.067381,-1.201497,0.001616
fit_support,,fit,2131,-2.100300,3.129547,-1.195158,0.005060
fit_support,,fit,2132,0.925916,-0.324411,-1.215027,0.015225
fit_support,,fit,2133,0.041920,-1.107198,-1.177146,0.022604
fit_support,,fit,2134,-0.293884,3.811999,-1.209577,0.009343
fit_support,,fit,2135,0.980565,-2.996117,-1.220638,0.021095
fit_support,,fit,2136,0.648563,2.792847,-1.186272,0.013838
fit_support,,fit,2137,3.903566,-3.823100,-1.211179,0.011798
fit_support,,fit,2138,-0.837524,4.958213,-1.190473,0.009886
fit_support,,fit,2139,5.042703,-1.264940,-1.205584,0.005988
fit_support,,fit,2140,-4.194943,2.301465,-1.218238,0.018041
fit_support,,fit,2141,-2.778011,-1.414960,-1.209686,0.009887
fit_support,,fit,2142,-5.922551,4.578946,-1.194205,0.006261
fit_support,,fit,2143,4.412071,-4.560540,-1.187148,0.012148
fit_support,,fit,2144,2.184244,-5.975510,-1.192707,0.006515
fit_support,,fit,2145,5.764237,1.767850,-1.193148,0.006720
fit_support,,fit,2146,-0.563402,0.830090,-1.200211,0.000256
fit_support,,fit,2147,-2.695928,-0.062487,-1.185575,0.014353
fit_support,,fit,2148,-0.521691,1.222052,-1.168724,0.031267
fit_support,,fit,2149,4.468010,-0.502984,-1.163731,0.035954
fit_support,,fit,2150,2.974657,3.939348,-1.186311,0.013844
fit_support,,fit,2151,-4.773225,-5.420208,-1.212176,0.012706
fit_support,,fit,2152,-5.449119,3.171377,-1.209733,0.009417
fit_support,,fit,2154,-2.525343,4.093480,-1.227736,0.027413
fit_support,,fit,2155,-2.981272,-4.429054,-1.199275,0.000240
fit_support,,fit,2156,4.503946,5.979736,-1.188331,0.011977
fit_support,,fit,2157,-0.976052,1.507735,-1.220723,0.020692
fit_support,,fit,2158,-1.091927,-5.878602,-1.223311,0.023989
fit_support,,fit,2159,-3.017692,-0.617111,-1.206566,0.006682
fit_support,,fit,2160,-3.907761,-1.232367,-1.227588,0.027739
fit_support,,fit,2161,5.772528,-1.179481,-1.169026,0.030558
fit_support,,fit,2162,1.201224,-5.286968,-1.213007,0.013691
fit_support,,fit,2163,4.856102,5.518168,-1.217857,0.017603
fit_support,,fit,2164,0.770274,0.594809,-1.225147,0.025253
fit_support,,fit,2165,-2.006667,0.552227,-1.228535,0.028567
fit_support,,fit,2166,1.520787,1.592563,-1.236376,0.036407
fit_support,,fit,2167,-0.676992,2.206842,-1.209812,0.009722
fit_support,,fit,2168,0.532970,5.823742,-1.170412,0.029992
fit_support,,fit,2169,-1.105176,-4.296879,-1.204020,0.004545
fit_support,,fit,2170,-3.527889,5.831259,-1.204010,0.003491
fit_support,,fit,2171,1.728860,-4.633958,-1.215384,0.016020
fit_support,,fit,2172,1.371167,-4.675697,-1.211614,0.012245
fit_support,,fit,2173,1.505750,3.846026,-1.180476,0.019711
fit_support,,fit,2174,-2.576855,-4.819044,-1.196177,0.003289
fit_support,,fit,2175,-1.778353,3.118443,-1.227564,0.027356
fit_support,,fit,2176,2.075849,-3.815364,-1.200976,0.001543
fit_support,,fit,2177,2.554768,0.654317,-1.193901,0.005949
fit_support,,fit,2178,-0.260127,-1.796747,-1.205127,0.005434
fit_support,,fit,2179,-4.662319,4.248048,-1.162012,0.038386
fit_support,,fit,2180,-0.944888,1.610031,-1.185050,0.014990
fit_support,,fit,2181,-0.598572,1.473881,-1.222790,0.022772
fit_support,,fit,2182,5.701651,-5.748771,-1.192884,0.006262
fit_support,,fit,2183,0.302712,-3.393087,-1.209030,0.009507
fit_support,,fit,2184,-4.286812,-3.140203,-1.218186,0.018511
fit_support,,fit,2185,-2.966248,-5.131934,-1.230831,0.031384
fit_support,,fit,2186,0.845787,-0.287159,-1.163018,0.036789
fit_support,,fit,2187,5.454144,0.508783,-1.192221,0.007534
fit_support,,fit,2188,-5.449906,-4.633718,-1.168316,0.031249
fit_support,,fit,2189,-1.772822,2.845140,-1.205293,0.005111
fit_support,,fit,2190,-4.619336,3.201461,-1.214565,0.014269
fit_support,,fit,2191,1.029436,-4.504354,-1.199155,0.000241
fit_support,,fit,2192,4.579933,3.844700,-1.230187,0.030086
fit_support,,fit,2193,2.777583,-3.482683,-1.190765,0.008680
fit_support,,fit,2194,-5.648839,-0.419520,-1.190935,0.009041
fit_support,,fit,2196,-4.656546,-5.018386,-1.203310,0.003805
fit_support,,fit,2197,3.575265,-2.462710,-1.206376,0.006855
fit_support,,fit,2198,-2.689708,0.258506,-1.186401,0.013557
fit_support,,fit,2199,3.645164,1.918312,-1.222286,0.022344
fit_support,,fit,2200,3.645347,-2.131113,-1.200104,0.000553
fit_support,,fit,2201,2.841923,4.816094,-1.224433,0.024190
fit_support,,fit,2202,2.251131,1.989897,-1.208538,0.008551
fit_support,,fit,2203,-5.603137,-5.705368,-1.198214,0.001251
fit_support,,fit,2204,2.158588,-4.428190,-1.225762,0.026390
fit_support,,fit,2205,-4.060659,5.333003,-1.222718,0.022233
fit_support,,fit,2206,-0.623962,4.931652,-1.170828,0.029523
fit_support,,fit,2207,-1.030326,-0.685266,-1.183562,0.016260
fit_support,,fit,2208,-5.184425,-4.978592,-1.187612,0.011912
fit_support,,fit,2209,-5.162867,5.781512,-1.185022,0.015538
fit_support,,fit,2210,0.351191,-5.587072,-1.202107,0.002797
fit_support,,fit,2211,-5.735834,4.163446,-1.188339,0.012081
fit_support,,fit,2212,-2.040367,2.890249,-1.196446,0.003748
fit_support,,fit,2213,-0.002952,3.807072,-1.218642,0.018416
fit_support,,fit,2214,-0.371490,3.003507,-1.224281,0.024122
fit_support,,fit,2215,0.821559,2.442059,-1.230564,0.030493
fit_support,,fit,2216,0.459442,-0.293588,-1.183441,0.016376
fit_support,,fit,2217,5.021240,-3.687529,-1.166582,0.032781
fit_support,,fit,2218,-3.212263,5.767128,-1.185876,0.014628
fit_support,,fit,2219,-1.943697,3.455037,-1.219335,0.019089
fit_support,,fit,2220,3.257187,-1.280270,-1.204933,0.005289
fit_support,,fit,2221,5.359006,3.633137,-1.207195,0.007136
fit_support,,fit,2223,-2.322252,-2.232291,-1.198077,0.001632
fit_support,,fit,2224,-1.336464,1.555550,-1.215307,0.015261
fit_support,,fit,2225,-1.498446,-4.388308,-1.182788,0.016689
fit_support,,fit,2226,1.252511,-4.644824,-1.181223,0.018153
fit_support,,fit,2227,0.483235,-1.199398,-1.208919,0.009189
fit_support,,fit,2228,-2.360107,-0.724786,-1.174912,0.024942
fit_support,,fit,2229,2.001633,-3.533102,-1.192081,0.007381
fit_support,,fit,2230,5.225398,-2.772623,-1.214823,0.015377
fit_support,,fit,2231,0.544660,0.228319,-1.196850,0.003015
fit_support,,fit,2232,4.908720,4.629176,-1.201390,0.001223
fit_support,,fit,2233,-4.405496,4.044736,-1.224308,0.023937
fit_support,,fit,2234,-5.225282,3.051907,-1.211008,0.010710
fit_support,,fit,2235,3.334753,-0.497880,-1.212147,0.012430
fit_support,,fit,2236,-5.716055,-5.308241,-1.209735,0.010228
fit_support,,fit,2237,0.981570,2.977567,-1.196825,0.003293
fit_support,,fit,2238,4.904424,0.982765,-1.215731,0.015915
fit_support,,fit,2239,3.536418,-3.855001,-1.207706,0.008317
fit_support,,fit,2240,0.631960,-2.846771,-1.166230,0.033337
fit_support,,fit,2241,-1.494958,5.061381,-1.234161,0.033773
fit_support,,fit,2242,-3.848992,3.642338,-1.162983,0.037334
fit_support,,fit,2243,3.107973,4.504310,-1.197208,0.002998
fit_support,,fit,2244,3.836490,4.555789,-1.165168,0.035023
fit_support,,fit,2245,-3.947471,2.012857,-1.196508,0.003655
fit_support,,fit,2246,-0.718190,-3.409552,-1.205588,0.006038
fit_support,,fit,2247,1.308963,-0.098328,-1.163225,0.036588
fit_support,,fit,2248,-5.993847,0.550098,-1.210741,0.010662
fit_support,,fit,2249,-0.772043,-4.778454,-1.205102,0.005682
fit_support,,fit,2250,0.542947,0.090213,-1.213318,0.013465
fit_support,,fit,2251,-3.339978,3.837380,-1.222729,0.022407
fit_support,,fit,2252,-1.055376,1.250871,-1.206311,0.006303
fit_support,,fit,2253,-5.218467,-3.997460,-1.161427,0.038193
fit_support,,fit,2254,-1.494856,2.994401,-1.204349,0.004160
fit_support,,fit,2255,4.304546,6.013947,-1.211976,0.011659
fit_support,,fit,2256,-2.845522,-3.582690,-1.168641,0.030952
fit_support,,fit,2257,1.203357,-3.979392,-1.194009,0.005433
fit_support,,fit,2258,5.269284,1.294721,-1.210970,0.011134
fit_support,,fit,2259,5.523214,2.240670,-1.174640,0.025280
fit_support,,fit,2260,2.072731,-1.451178,-1.208744,0.009083
fit_support,,fit,2261,3.614841,-5.779656,-1.200834,0.001633
fit_support,,fit,2262,-0.638653,4.949119,-1.222935,0.022582
fit_support,,fit,2263,-0.659028,-0.521634,-1.189100,0.010726
fit_support,,fit,2264,3.682525,1.743811,-1.216469,0.016546
fit_support,,fit,2265,3.015853,4.817736,-1.185884,0.014355
fit_support,,fit,2266,-2.549358,-2.284753,-1.221566,0.021856
fit_support,,fit,2267,4.535362,-1.291039,-1.185091,0.014516
fit_support,,fit,2268,4.974419,5.775160,-1.207280,0.007005
fit_support,,fit,2269,-2.698983,4.789329,-1.215568,0.015172
fit_support,,fit,2270,-4.194099,-2.317155,-1.170892,0.028860
fit_support,,fit,2271,-5.560015,0.806543,-1.212917,0.012825
fit_support,,fit,2272,-1.356999,1.095800,-1.188206,0.011796
fit_support,,fit,2273,-4.921985,-1.298612,-1.187347,0.012524
fit_support,,fit,2274,0.686633,0.452728,-1.187418,0.012465
fit_support,,fit,2275,2.333100,-1.951828,-1.234861,0.035256
fit_support,,fit,2276,-1.161578,3.155847,-1.209146,0.008951
fit_support,,fit,2277,2.128473,-5.219229,-1.194936,0.004360
fit_support,,fit,2278,4.537955,2.782746,-1.189412,0.010588
fit_support,,fit,2279,-2.588039,4.897621,-1.240567,0.040165
fit_support,,fit,2280,-5.759214,-3.345325,-1.199870,0.000172
fit_support,,fit,2281,1.661244,1.176901,-1.230326,0.030401
fit_support,,fit,2282,-5.918633,5.878545,-1.190312,0.010278
fit_support,,fit,2283,3.081083,5.491525,-1.208153,0.007851
fit_support,,fit,2284,3.882553,-1.979057,-1.155879,0.043680
fit_support,,fit,2285,-1.836630,4.670803,-1.194549,0.005811
fit_support,,fit,2286,5.267560,-4.435057,-1.186269,0.013015
fit_support,,fit,2287,0.479045,-3.408032,-1.238284,0.038767
fit_support,,fit,2288,-4.721201,-3.740494,-1.174708,0.024922
fit_support,,fit,2289,-5.234468,0.027745,-1.187367,0.012641
fit_support,,fit,2290,-3.538025,-4.570577,-1.163733,0.035784
fit_support,,fit,2291,-1.559452,4.064487,-1.154672,0.045621
fit_support,,fit,2292,-3.144551,4.704270,-1.184566,0.015834
fit_support,,fit,2293,-3.146535,5.135224,-1.200251,0.000190
fit_support,,fit,2294,5.213885,0.844795,-1.171457,0.028337
fit_support,,fit,2295,0.713262,-1.647566,-1.215679,0.016000
fit_support,,fit,2296,0.857561,-5.265906,-1.209432,0.010105
fit_support,,fit,2297,1.881250,-2.496095,-1.209789,0.010224
fit_support,,fit,2298,-1.410952,-5.220319,-1.210321,0.010926
fit_support,,fit,2299,-0.928484,-1.939864,-1.198321,0.001376
fit_support,,fit,2300,-4.710988,-4.773477,-1.215218,0.015687
fit_support,,fit,2301,-3.857307,-1.933213,-1.209000,0.009220
fit_support,,fit,2302,-3.330549,-4.611498,-1.200155,0.000648
fit_support,,fit,2303,-0.085794,4.598002,-1.170522,0.029782
fit_support,,fit,2304,-3.206066,-3.532794,-1.194609,0.004998
fit_support,,fit,2305,3.414185,-4.993111,-1.208092,0.008810
fit_support,,fit,2306,-2.906038,-4.581461,-1.205435,0.005937
fit_support,,fit,2307,2.336087,-0.386491,-1.221266,0.021510
fit_support,,fit,2308,-5.508949,3.514730,-1.192337,0.008015
fit_support,,fit,2309,-0.803905,2.329367,-1.197130,0.002975
fit_support,,fit,2310,0.568890,-5.960566,-1.228838,0.029570
fit_support,,fit,2311,-2.172364,-0.995165,-1.210008,0.010184
fit_support,,fit,2312,1.069304,-1.697425,-1.186040,0.013626
fit_support,,fit,2313,5.245327,-5.525705,-1.204722,0.005543
fit_support,,fit,2314,1.024462,-2.933335,-1.210380,0.010832
fit_support,,fit,2315,-2.504562,-0.085785,-1.187530,0.012390
fit_support,,fit,2316,-4.899658,4.915292,-1.216192,0.015723
fit_support,,fit,2317,-2.878845,2.069924,-1.174902,0.025236
fit_support,,fit,2318,-1.719590,4.327132,-1.222053,0.021729
fit_support,,fit,2319,-1.139386,0.898984,-1.227609,0.027632
fit_support,,fit,2320,-2.240768,-0.468100,-1.226236,0.026360
fit_support,,fit,2321,2.991765,5.116634,-1.203631,0.003363
fit_support,,fit,2322,-3.034278,-2.019374,-1.196691,0.003057
fit_support,,fit,2323,5.729355,1.941438,-1.211906,0.012021
fit_support,,fit,2324,-5.314197,1.804906,-1.209560,0.009379
fit_support,,fit,2325,3.672637,4.597912,-1.202012,0.001813
fit_support,,fit,2326,-2.571271,-5.496095,-1.237693,0.038292
fit_support,,fit,2327,5.745302,0.921664,-1.192111,0.007676
fit_support,,fit,2328,0.980221,-4.648053,-1.186607,0.012776
fit_support,,fit,2329,-1.659973,-1.269792,-1.177188,0.022595
fit_support,,fit,2330,-5.319689,0.912488,-1.240040,0.039945
fit_support,,fit,2331,-3.076982,1.792585,-1.180877,0.019240
fit_support,,fit,2332,-0.278839,3.382062,-1.176000,0.024192
fit_support,,fit,2333,0.648576,-5.708444,-1.182916,0.016375
fit_support,,fit,2334,-4.737712,3.189386,-1.177435,0.022863
fit_support,,fit,2335,1.014925,3.447821,-1.192939,0.007223
fit_support,,fit,2336,-5.591868,3.931131,-1.219018,0.018624
fit_support,,fit,2337,-0.922323,0.252810,-1.173996,0.025912
fit_support,,fit,2338,2.329571,-2.425679,-1.187404,0.012156
fit_support,,fit,2339,5.698593,1.044955,-1.180159,0.019641
fit_support,,fit,2340,3.639989,2.670585,-1.218839,0.018825
fit_support,,fit,2341,4.081709,3.247322,-1.186752,0.013305
fit_support,,fit,2342,0.127528,4.247571,-1.199598,0.000666
fit_support,,fit,2343,0.739891,1.775379,-1.225536,0.025527
fit_support,,fit,2344,4.328882,3.461565,-1.227855,0.027784
fit_support,,fit,2345,3.911105,-4.438865,-1.200895,0.001574
fit_support,,fit,2346,4.876986,-1.209572,-1.200816,0.001210
fit_support,,fit,2347,-3.529136,-3.062798,-1.211365,0.011703
fit_support,,fit,2348,-4.695095,-4.269975,-1.190893,0.008686
fit_support,,fit,2349,-2.718706,4.598682,-1.189968,0.010410
fit_support,,fit,2350,0.066852,-2.219876,-1.192626,0.007017
fit_support,,fit,2351,-5.095197,4.230797,-1.207834,0.007426
fit_support,,fit,2352,2.469797,2.369426,-1.194307,0.005710
fit_support,,fit,2353,-4.849849,2.389418,-1.183801,0.016424
fit_support,,fit,2354,-3.920144,-2.698886,-1.195876,0.003832
fit_support,,fit,2355,-2.581411,1.806677,-1.228952,0.028847
fit_support,,fit,2356,4.636064,3.175724,-1.188644,0.011391
fit_support,,fit,2357,5.770975,-1.418368,-1.193197,0.006363
fit_support,,fit,2358,-4.060258,-0.294346,-1.210120,0.010177
fit_support,,fit,2359,1.172263,1.586916,-1.204173,0.004195
fit_support,,fit,2360,-0.421218,1.474681,-1.224349,0.024336
fit_support,,fit,2361,-0.129977,-5.309667,-1.222356,0.023005
fit_support,,fit,2362,0.354775,3.036296,-1.216279,0.016138
fit_support,,fit,2363,-1.321893,1.057653,-1.200851,0.000854
fit_support,,fit,2364,-3.030302,2.372289,-1.174257,0.025915
fit_support,,fit,2365,4.378257,5.382214,-1.198617,0.001637
fit_support,,fit,2366,-3.508675,-1.173271,-1.212123,0.012280
fit_support,,fit,2367,-5.592646,0.847753,-1.201688,0.001592
fit_support,,fit,2368,-0.983882,1.533752,-1.185435,0.014599
fit_support,,fit,2369,0.046024,-0.693692,-1.189597,0.010194
fit_support,,fit,2370,-5.204792,4.277287,-1.201620,0.001204
fit_support,,fit,2371,-5.881631,2.676987,-1.176472,0.023809
fit_support,,fit,2372,-2.122765,5.971486,-1.205677,0.005184
fit_support,,fit,2373,1.387283,-4.134881,-1.230683,0.031261
fit_support,,fit,2374,-3.054055,-5.844364,-1.216791,0.017410
fit_support,,fit,2375,1.661599,3.783593,-1.196699,0.003477
fit_support,,fit,2376,0.758815,-2.163541,-1.206129,0.006500
fit_support,,fit,2377,-3.392767,2.611882,-1.199515,0.000690
fit_support,,fit,2378,-1.894819,0.288333,-1.223609,0.023670
fit_support,,fit,2379,1.118639,3.096452,-1.177219,0.022906
fit_support,,fit,2380,5.244960,-1.422670,-1.177780,0.021795
fit_support,,fit,2381,-0.721372,-4.245620,-1.179350,0.020119
fit_support,,fit,2382,-0.235321,-0.117004,-1.179193,0.020661
fit_support,,fit,2383,2.130103,1.453126,-1.157639,0.042300
fit_support,,fit,2384,-3.190764,2.008891,-1.181385,0.018757
fit_support,,fit,2385,-0.293369,2.270385,-1.180024,0.020061
fit_support,,fit,2386,1.642443,2.920895,-1.196583,0.003511
fit_support,,fit,2387,-3.093955,1.171028,-1.194736,0.005322
fit_support,,fit,2388,3.593435,4.047117,-1.204835,0.004687
fit_support,,fit,2389,4.793741,-5.330634,-1.161054,0.038156
fit_support,,fit,2390,3.736655,2.288212,-1.201063,0.001089
fit_support,,fit,2391,-2.618548,-4.898469,-1.213446,0.013986
fit_support,,fit,2392,0.410595,-5.625015,-1.200409,0.001104
fit_support,,fit,2393,1.514284,-5.924835,-1.198842,0.000404
fit_support,,fit,2394,-1.639404,1.017260,-1.191904,0.008098
fit_support,,fit,2395,5.871739,-4.476463,-1.182853,0.016410
fit_support,,fit,2396,2.373043,-0.454195,-1.181548,0.018200
fit_support,,fit,2397,5.795253,-2.822576,-1.210116,0.010692
fit_support,,fit,2398,5.631699,2.835395,-1.195222,0.004752
fit_support,,fit,2399,-4.536851,0.487278,-1.225956,0.025924
fit_support,,fit,2400,5.693041,4.994831,-1.191097,0.009083
fit_support,,fit,2401,-3.677000,-5.028623,-1.196690,0.002787
fit_support,,fit,2402,-5.045205,-1.008486,-1.227552,0.027650
fit_support,,fit,2403,2.184759,3.941061,-1.200008,0.000169
fit_support,,fit,2404,5.862042,4.457907,-1.217311,0.017186
fit_support,,fit,2405,1.846986,-1.698773,-1.194688,0.004955
fit_support,,fit,2406,-0.598948,-0.007865,-1.209460,0.009585
fit_support,,fit,2407,5.344983,4.186463,-1.183257,0.016855
fit_support,,fit,2408,-3.817799,0.497508,-1.206575,0.006562
fit_support,,fit,2409,-4.469250,0.189281,-1.164973,0.035029
fit_support,,fit,2410,2.278442,4.576074,-1.207419,0.007184
fit_support,,fit,2411,3.599692,4.519302,-1.167695,0.032498
fit_support,,fit,2412,2.467933,3.491230,-1.213624,0.013498
fit_support,,fit,2413,-4.904699,3.898463,-1.218009,0.017638
fit_support,,fit,2414,5.807660,3.217400,-1.215584,0.015578
fit_support,,fit,2415,-5.958927,-5.448617,-1.199955,0.000455
fit_support,,fit,2416,2.564337,-1.148260,-1.197916,0.001761
fit_support,,fit,2417,4.525143,-0.545783,-1.181723,0.017957
fit_support,,fit,2418,-3.161381,2.337472,-1.185216,0.014956
fit_support,,fit,2419,1.631683,4.971835,-1.206241,0.005950
fit_support,,fit,2420,1.975348,-4.242981,-1.179120,0.020274
fit_support,,fit,2421,1.517387,-2.567236,-1.170381,0.029188
fit_support,,fit,2422,-4.975760,4.511890,-1.235399,0.034966
fit_support,,fit,2423,5.888986,-2.224927,-1.199052,0.000428
fit_support,,fit,2424,-4.770838,5.991374,-1.203178,0.002609
fit_support,,fit,2425,2.504707,3.258183,-1.208465,0.008363
fit_support,,fit,2426,2.631671,0.982862,-1.158079,0.041801
fit_support,,fit,2427,-1.915712,4.465435,-1.201907,0.001565
fit_support,,fit,2428,1.464427,-3.886699,-1.173208,0.026235
fit_support,,fit,2429,0.284678,-4.823221,-1.193440,0.005945
fit_support,,fit,2430,-4.622517,1.751662,-1.225245,0.025088
fit_support,,fit,2431,2.316836,-5.532142,-1.214276,0.015015
fit_support,,fit,2432,0.905924,2.202564,-1.217779,0.017733
fit_support,,fit,2433,3.104497,-1.635685,-1.193154,0.006460
fit_support,,fit,2434,3.699707,-2.266221,-1.195534,0.004003
fit_support,,fit,2435,-5.152971,4.372298,-1.163428,0.036995
fit_support,,fit,2436,-2.737379,-5.670719,-1.206579,0.007190
fit_support,,fit,2437,-2.201372,3.179328,-1.213701,0.013474
fit_support,,fit,2438,-5.242530,3.614351,-1.176174,0.024179
fit_support,,fit,2439,-2.507359,-4.583776,-1.184557,0.014930
fit_support,,fit,2440,0.565052,0.162530,-1.189991,0.009867
fit_support,,fit,2441,0.350504,5.801164,-1.208384,0.007977
fit_support,,fit,2442,-1.936818,3.357222,-1.191937,0.008299
fit_support,,fit,2443,-0.596570,4.820196,-1.178861,0.021479
fit_support,,fit,2444,-2.268560,-5.578839,-1.214839,0.015455
fit_support,,fit,2445,3.004149,2.127895,-1.223650,0.023671
fit_support,,fit,2446,4.888600,1.885903,-1.149971,0.049932
fit_support,,fit,2447,-0.525669,5.840358,-1.187863,0.012573
fit_support,,fit,2448,-2.538465,0.890875,-1.187528,0.012488
fit_support,,fit,2449,1.773828,-5.268936,-1.189426,0.009875
fit_support,,fit,2450,3.671491,1.269342,-1.180328,0.019550
fit_support,,fit,2451,3.037557,2.412446,-1.200962,0.000956
fit_support,,fit,2452,5.763004,-3.672221,-1.222104,0.022761
fit_support,,fit,2453,-3.229587,-4.531013,-1.209950,0.010437
fit_support,,fit,2454,-3.592433,-3.435530,-1.181204,0.018424
fit_support,,fit,2455,-5.534299,5.188066,-1.220264,0.019751
fit_support,,fit,2456,-5.435592,-2.618661,-1.208696,0.008938
fit_support,,fit,2457,5.265288,2.060646,-1.195842,0.004068
fit_support,,fit,2458,-5.854773,-5.836788,-1.183877,0.015583
fit_support,,fit,2459,2.154971,5.682856,-1.165662,0.034684
fit_support,,fit,2460,0.443824,3.730764,-1.187706,0.012499
fit_support,,fit,2461,-3.423547,-3.268981,-1.186729,0.012911
fit_support,,fit,2462,-3.752586,-5.216715,-1.186576,0.012885
fit_support,,fit,2463,-2.830541,0.539150,-1.213624,0.013635
fit_support,,fit,2464,-4.810247,1.492151,-1.172633,0.027504
fit_support,,fit,2465,-2.847907,1.490199,-1.166476,0.033606
fit_support,,fit,2466,-3.882914,0.618228,-1.200110,0.000083
fit_support,,fit,2467,1.107685,5.069421,-1.216004,0.015688
fit_support,,fit,2468,5.360433,4.199121,-1.214965,0.014852
fit_support,,fit,2469,-5.620606,5.247978,-1.224195,0.023674
fit_support,,fit,2470,1.086268,-1.765488,-1.232402,0.032744
fit_support,,fit,2471,4.433451,3.830331,-1.205393,0.005290
fit_support,,fit,2472,-5.904389,1.769155,-1.168761,0.031433
fit_support,,fit,2473,-3.160853,2.768283,-1.206685,0.006472
fit_support,,fit,2474,-0.046458,3.210750,-1.209035,0.008866
fit_support,,fit,2475,-2.807794,2.908121,-1.194866,0.005351
fit_support,,fit,2476,-2.599268,-5.426849,-1.218649,0.019240
fit_support,,fit,2477,-5.455931,-3.622692,-1.216257,0.016595
fit_support,,fit,2478,-2.073460,0.153856,-1.175222,0.024709
fit_support,,fit,2479,-1.788969,-1.927285,-1.182602,0.017121
fit_support,,fit,2480,3.413956,1.274313,-1.186355,0.013531
fit_support,,fit,2481,3.580919,4.675505,-1.205960,0.005751
fit_support,,fit,2482,-2.833000,-5.004460,-1.179921,0.019535
fit_support,,fit,2483,-4.978573,-5.022018,-1.178959,0.020555
fit_support,,fit,2484,4.737233,2.030084,-1.157878,0.042044
fit_support,,fit,2485,5.304364,5.925428,-1.209654,0.009373
fit_support,,fit,2486,4.321349,-1.694300,-1.241687,0.042113
fit_support,,fit,2487,-0.140224,-5.101618,-1.166251,0.033120
fit_support,,fit,2488,2.746158,3.575889,-1.189010,0.011116
fit_support,,fit,2489,-4.230922,1.357693,-1.193742,0.006365
fit_support,,fit,2490,-4.813159,5.864699,-1.210440,0.009882
fit_support,,fit,2491,-0.067957,2.478466,-1.198717,0.001383
fit_support,,fit,2492,3.920463,2.494569,-1.167571,0.032419
fit_support,,fit,2493,-3.386836,-0.176952,-1.185755,0.014181
fit_support,,fit,2494,5.576640,-2.954716,-1.196969,0.002449
fit_support,,fit,2495,-0.163206,0.216037,-1.227695,0.027811
fit_support,,fit,2496,-5.166522,-3.203448,-1.172699,0.026995
fit_support,,fit,2497,4.875435,2.511817,-1.227531,0.027567
fit_support,,fit,2498,-0.435936,-3.118693,-1.214789,0.015219
fit_support,,fit,2499,-0.250950,0.084699,-1.157830,0.042043
fit_support,,fit,2500,0.324005,-0.750432,-1.206435,0.006657
fit_support,,fit,2501,3.335010,1.336733,-1.202255,0.002361
fit_support,,fit,2502,5.468224,4.370647,-1.175587,0.024540
fit_support,,fit,2503,-3.891850,1.093755,-1.248684,0.048611
fit_support,,fit,2504,-0.779335,5.622700,-1.194496,0.005926
fit_support,,fit,2505,0.472366,-3.252288,-1.209543,0.010011
fit_support,,fit,2506,2.701344,0.264962,-1.187152,0.012656
fit_support,,fit,2507,3.479069,-3.180087,-1.205557,0.006102
fit_support,,fit,2508,-0.888068,5.915531,-1.209827,0.009374
fit_support,,fit,2509,-4.393455,-2.589950,-1.219533,0.019802
fit_support,,fit,2510,0.005178,-0.219391,-1.171276,0.028561
fit_support,,fit,2511,1.838792,3.928500,-1.215506,0.015320
fit_support,,fit,2512,4.366133,5.850872,-1.199421,0.000879
fit_support,,fit,2513,5.603799,-3.329987,-1.230936,0.031555
fit_support,,fit,2514,-4.374236,3.634109,-1.196429,0.003902
fit_support,,fit,2515,-1.631318,5.558073,-1.194255,0.006185
fit_support,,fit,2516,-2.190934,-2.508966,-1.233353,0.033675
fit_support,,fit,2517,-4.960944,3.232044,-1.191747,0.008561
fit_support,,fit,2518,-0.597692,2.841012,-1.214162,0.014013
fit_support,,fit,2519,5.835817,4.374951,-1.202261,0.002144
fit_support,,fit,2520,2.513141,-2.902603,-1.206152,0.006643
fit_support,,fit,2521,-1.803245,-0.867556,-1.208978,0.009153
fit_support,,fit,2522,-0.552870,-5.028087,-1.200504,0.001114
fit_support,,fit,2523,2.071961,3.413321,-1.189190,0.010939
fit_support,,fit,2524,5.076894,5.172848,-1.206552,0.006337
fit_support,,fit,2525,0.976747,5.001418,-1.221616,0.021303
fit_support,,fit,2527,-0.934447,5.306183,-1.191569,0.008826
fit_support,,fit,2528,4.204686,-2.962045,-1.200124,0.000668
fit_support,,fit,2529,-2.013374,0.386921,-1.186417,0.013535
fit_support,,fit,2530,0.426480,4.112856,-1.179748,0.020495
fit_support,,fit,2531,-5.934335,2.624420,-1.203306,0.003028
fit_support,,fit,2532,0.901914,4.834696,-1.218752,0.018453
fit_support,,fit,2533,5.284657,1.305831,-1.198480,0.001356
fit_support,,fit,2534,-3.799458,-3.687963,-1.171662,0.027947
fit_support,,fit,2535,0.873173,2.376680,-1.204412,0.004349
fit_support,,fit,2536,-1.620894,-1.725831,-1.184417,0.015321
fit_support,,fit,2537,-1.879479,-0.009950,-1.180795,0.019116
fit_support,,fit,2538,0.782388,-4.066787,-1.201642,0.002197
fit_support,,fit,2539,-2.078109,3.368497,-1.192243,0.007998
fit_support,,fit,2540,2.500348,-5.602963,-1.231663,0.032414
fit_support,,fit,2541,0.220385,5.317579,-1.194475,0.005890
fit_support,,fit,2542,3.235681,0.478985,-1.195911,0.003903
fit_support,,fit,2543,4.701190,-2.980957,-1.204473,0.005033
fit_support,,fit,2544,-2.440713,3.692529,-1.194599,0.005683
fit_support,,fit,2545,-0.341848,3.987809,-1.167066,0.033186
fit_support,,fit,2546,-0.821118,2.819618,-1.192286,0.007867
fit_support,,fit,2547,3.203761,-5.549967,-1.178853,0.020381
fit_support,,fit,2548,-0.275034,3.507184,-1.202257,0.002053
fit_support,,fit,2549,3.100092,2.139793,-1.195896,0.004082
fit_support,,fit,2550,-5.556975,4.659167,-1.195287,0.005176
fit_support,,fit,2551,1.809598,-4.983806,-1.207458,0.008130
fit_support,,fit,2552,0.096901,-0.059162,-1.187705,0.012145
fit_support,,fit,2553,-3.256997,-2.069559,-1.203773,0.004023
fit_support,,fit,2554,-2.076283,2.587960,-1.186354,0.013811
fit_support,,fit,2555,3.392456,-4.435664,-1.202692,0.003356
fit_support,,fit,2556,2.475834,5.047884,-1.198683,0.001592
fit_support,,fit,2557,3.937085,3.746090,-1.204246,0.004137
fit_support,,fit,2558,0.518749,1.261048,-1.194216,0.005750
fit_support,,fit,2559,-5.714037,2.149133,-1.216321,0.016096
fit_support,,fit,2560,-1.567727,-3.317742,-1.198579,0.001003
fit_support,,fit,2561,-2.621427,4.550862,-1.199557,0.000813
fit_support,,fit,2562,-0.553175,-3.190651,-1.207909,0.008343
fit_support,,fit,2563,-5.563752,-3.886192,-1.220723,0.021083
fit_support,,fit,2564,1.428625,5.016381,-1.212256,0.011954
fit_support,,fit,2565,-2.483819,1.035961,-1.180680,0.019348
fit_support,,fit,2566,-1.912246,-0.727813,-1.203507,0.003666
fit_support,,fit,2567,-1.880435,4.953531,-1.218781,0.018392
fit_support,,fit,2568,-1.593227,-0.536665,-1.197632,0.002219
fit_support,,fit,2569,4.826074,1.532275,-1.199575,0.000296
fit_support,,fit,2570,-3.535984,-4.363808,-1.215971,0.016434
fit_support,,fit,2571,4.943241,-1.251252,-1.196260,0.003340
fit_support,,fit,2572,-0.188209,-2.035173,-1.249368,0.049701
fit_support,,fit,2573,0.635747,1.837757,-1.197527,0.002491
fit_support,,fit,2574,-2.772472,-3.085498,-1.175465,0.024174
fit_support,,fit,2575,-1.337428,-1.964338,-1.207521,0.007814
fit_support,,fit,2576,5.421781,-0.274510,-1.152954,0.046727
fit_support,,fit,2577,-5.989352,-3.269460,-1.181704,0.018007
fit_support,,fit,2578,3.841029,1.862410,-1.214876,0.014945
fit_support,,fit,2579,3.874113,3.690939,-1.189312,0.010794
fit_support,,fit,2580,3.425868,-1.962551,-1.178791,0.020783
fit_support,,fit,2581,-1.479451,-0.738963,-1.179927,0.019901
fit_support,,fit,2582,3.460026,0.492611,-1.189275,0.010534
fit_support,,fit,2583,3.333341,3.458556,-1.188668,0.011431
fit_support,,fit,2584,-5.101468,1.883294,-1.217852,0.017669
fit_support,,fit,2585,0.839769,5.847160,-1.224286,0.023888
fit_support,,fit,2586,4.178379,0.527162,-1.216421,0.016629
fit_support,,fit,2587,-4.154035,0.516484,-1.175763,0.024261
fit_support,,fit,2588,-1.941786,3.933037,-1.194428,0.005864
fit_support,,fit,2589,3.528803,0.567771,-1.217749,0.017934
fit_support,,fit,2590,3.879244,1.040941,-1.221295,0.021444
fit_support,,fit,2591,4.738139,0.338911,-1.186045,0.013714
fit_support,,fit,2592,3.945075,0.805277,-1.205434,0.005608
fit_support,,fit,2593,-3.947153,0.900814,-1.220682,0.020626
fit_support,,fit,2594,-5.712598,-3.638224,-1.191288,0.008380
fit_support,,fit,2595,-5.234241,-4.398152,-1.208897,0.009315
fit_support,,fit,2596,-3.730254,-3.632890,-1.217044,0.017432
fit_support,,fit,2597,1.031615,0.776515,-1.198872,0.001033
fit_support,,fit,2598,-3.637231,0.566518,-1.196073,0.003942
fit_support,,fit,2599,2.516271,-0.600780,-1.177359,0.022372
fit_support,,fit,2600,4.678706,-4.052534,-1.197070,0.002268
fit_support,,fit,2601,0.115281,2.839789,-1.194697,0.005432
fit_support,,fit,2602,-5.556716,-3.850156,-1.230703,0.031060
fit_support,,fit,2603,1.093817,-1.264024,-1.202428,0.002721
fit_support,,fit,2604,4.357904,1.251581,-1.226173,0.026316
fit_support,,fit,2605,0.605404,-3.264193,-1.212189,0.012662
fit_support,,fit,2606,3.125414,2.307414,-1.178888,0.021106
fit_support,,fit,2607,3.409920,5.538178,-1.168862,0.031434
fit_support,,fit,2608,5.787968,5.790750,-1.200064,0.000190
fit_support,,fit,2609,-4.086126,0.583233,-1.181246,0.018783
fit_support,,fit,2610,-2.993486,-2.266297,-1.224329,0.024605
fit_support,,fit,2611,1.813204,-1.774155,-1.207238,0.007601
fit_support,,fit,2612,-0.792966,-1.998110,-1.207010,0.007322
fit_support,,fit,2614,-5.444435,-1.075138,-1.229561,0.029654
fit_support,,fit,2615,-3.350952,-2.576133,-1.199695,0.000009
fit_support,,fit,2616,-3.765618,-0.444958,-1.209214,0.009293
fit_support,,fit,2617,-1.510092,2.301970,-1.162520,0.037603
fit_support,,fit,2618,-2.708673,-4.324712,-1.203274,0.003756
fit_support,,fit,2619,-0.124038,-4.912902,-1.190788,0.008601
fit_support,,fit,2620,-3.496473,5.334905,-1.234712,0.034241
fit_support,,fit,2621,5.213377,1.943188,-1.187203,0.012697
fit_support,,fit,2622,-0.329188,5.484925,-1.214876,0.014480
fit_support,,fit,2623,-3.624279,4.953254,-1.205538,0.005101
fit_support,,fit,2624,4.051718,4.159476,-1.195997,0.004149
fit_support,,fit,2625,4.041216,0.863574,-1.185516,0.014312
fit_support,,fit,2626,3.831647,-3.462888,-1.210029,0.010611
fit_support,,fit,2627,0.958188,-2.209366,-1.217934,0.018315
fit_support,,fit,2628,3.950241,4.465494,-1.199696,0.000482
fit_support,,fit,2629,-4.628761,2.996462,-1.233089,0.032813
fit_support,,fit,2630,-5.398115,4.746952,-1.211377,0.010910
fit_support,,fit,2631,1.174679,1.843863,-1.206938,0.006935
fit_support,,fit,2632,4.278108,5.638101,-1.217062,0.016780
fit_support,,fit,2633,-4.920824,4.664563,-1.202903,0.002457
fit_support,,fit,2634,-2.285317,-3.793680,-1.182065,0.017492
fit_support,,fit,2635,-3.570810,1.853569,-1.199741,0.000396
fit_support,,fit,2636,1.669796,-3.032322,-1.175340,0.024179
fit_support,,fit,2637,1.561450,1.496021,-1.185274,0.014685
fit_support,,fit,2638,0.045651,4.563352,-1.199670,0.000626
fit_support,,fit,2639,-0.127864,3.711449,-1.184652,0.015567
fit_support,,fit,2640,3.230636,1.154272,-1.223954,0.024074
fit_support,,fit,2641,2.842046,-1.460744,-1.205419,0.005781
fit_support,,fit,2642,-1.212813,-1.211292,-1.177711,0.022065
fit_support,,fit,2643,-4.335051,2.238185,-1.178152,0.022043
fit_support,,fit,2644,2.894152,5.840743,-1.225716,0.025375
fit_support,,fit,2645,4.113205,-0.047032,-1.187467,0.012272
fit_support,,fit,2646,3.949277,3.301185,-1.188239,0.011827
fit_support,,fit,2647,3.190777,-4.105801,-1.200504,0.001130
fit_support,,fit,2648,3.082505,5.131561,-1.191458,0.008809
fit_support,,fit,2649,3.922526,5.595480,-1.221355,0.021067
fit_support,,fit,2650,-5.977275,5.363239,-1.219329,0.018787
fit_support,,fit,2651,-0.798947,-5.150645,-1.166885,0.032500
fit_support,,fit,2652,-5.169065,-1.365524,-1.208400,0.008528
fit_support,,fit,2653,-3.036964,-3.902766,-1.199218,0.000349
fit_support,,fit,2654,-0.524087,2.002410,-1.174018,0.026048
fit_support,,fit,2655,-4.185033,-4.141540,-1.189896,0.009681
fit_support,,fit,2656,2.642104,-3.505652,-1.167381,0.032066
fit_support,,fit,2657,-1.033467,-4.077052,-1.194019,0.005476
fit_support,,fit,2658,4.092671,2.291857,-1.207566,0.007602
fit_support,,fit,2659,-2.108236,5.399084,-1.222227,0.021789
fit_support,,fit,2660,-0.447920,0.064883,-1.203719,0.003842
fit_support,,fit,2661,4.558983,2.399101,-1.175250,0.024712
fit_support,,fit,2662,1.856228,-4.996719,-1.213971,0.014646
fit_support,,fit,2663,-0.033203,-3.563128,-1.210051,0.010535
fit_support,,fit,2664,1.220489,-2.102080,-1.191780,0.007841
fit_support,,fit,2665,-2.602683,4.935538,-1.218841,0.018435
fit_support,,fit,2666,-1.077824,4.125443,-1.182986,0.017300
fit_support,,fit,2667,3.343153,1.728075,-1.212113,0.012182
fit_support,,fit,2668,-0.399494,-0.345333,-1.193748,0.006088
fit_support,,fit,2669,1.911759,5.638312,-1.195639,0.004709
fit_support,,fit,2670,5.155533,0.806003,-1.172033,0.027759
fit_support,,fit,2671,-1.702665,-5.448070,-1.204860,0.005479
fit_support,,fit,2672,-3.529576,0.295601,-1.220638,0.020653
fit_support,,fit,2673,-3.996700,3.473392,-1.204451,0.004146
fit_support,,fit,2674,0.113009,-0.628961,-1.208799,0.009004
fit_support,,fit,2675,4.042953,-2.305567,-1.217020,0.017497
fit_support,,fit,2676,-3.838154,-2.318512,-1.153073,0.046669
fit_support,,fit,2677,-3.615622,-0.143432,-1.215745,0.015799
fit_support,,fit,2678,0.504858,5.743339,-1.227652,0.027255
fit_support,,fit,2679,-2.815985,-1.551525,-1.199918,0.000130
fit_support,,fit,2680,-1.778847,-0.665125,-1.185102,0.014743
fit_support,,fit,2681,2.796469,-0.039044,-1.206593,0.006816
fit_support,,fit,2682,-3.561353,-3.028086,-1.197568,0.002098
fit_support,,fit,2683,-3.196763,-4.659695,-1.214872,0.015373
fit_support,,fit,2684,-1.411461,4.889494,-1.181507,0.018862
fit_support,,fit,2685,0.742755,4.711200,-1.201413,0.001122
fit_support,,fit,2686,0.265638,5.176027,-1.181305,0.019045
fit_support,,fit,2687,-2.517734,-5.574850,-1.189152,0.010240
fit_support,,fit,2688,-0.441326,-2.564524,-1.181895,0.017729
fit_support,,fit,2689,2.499253,-0.513914,-1.183383,0.016357
fit_support,,fit,2690,1.502726,-0.132214,-1.243735,0.043932
fit_support,,fit,2691,2.916601,3.660644,-1.211432,0.011302
fit_support,,fit,2692,-4.260312,4.242765,-1.183653,0.016733
fit_support,,fit,2693,-1.459750,-3.030401,-1.169804,0.029804
fit_support,,fit,2694,1.501443,-1.861720,-1.189419,0.010218
fit_support,,fit,2695,1.788884,-2.624539,-1.177379,0.022177
fit_support,,fit,2696,-4.005300,-3.817690,-1.217877,0.018274
fit_support,,fit,2697,-5.803103,-0.880421,-1.208697,0.008761
fit_support,,fit,2698,5.812264,3.768829,-1.227213,0.027154
fit_support,,fit,2699,-2.746319,3.320637,-1.214852,0.014596
fit_support,,fit,2700,4.197335,-4.575002,-1.174793,0.024507
fit_support,,fit,2701,1.216087,-1.844855,-1.223309,0.023662
fit_support,,fit,2702,1.591156,2.978038,-1.191775,0.008326
fit_support,,fit,2703,1.694211,-5.437188,-1.193790,0.005497
fit_support,,fit,2704,-1.114614,-2.158414,-1.187527,0.012155
fit_support,,fit,2705,-1.358920,-1.672195,-1.249684,0.049949
fit_support,,fit,2706,2.644200,-5.298978,-1.173291,0.025983
fit_support,,fit,2707,3.828780,-0.294611,-1.224871,0.025148
fit_support,,fit,2708,4.483452,-0.073798,-1.209456,0.009730
fit_support,,fit,2709,-2.578548,-2.701769,-1.223670,0.024000
fit_support,,fit,2710,-3.184636,0.095990,-1.182486,0.017471
fit_support,,fit,2711,-3.987222,2.725685,-1.202552,0.002320
fit_support,,fit,2712,1.733012,4.680233,-1.177303,0.022958
fit_support,,fit,2713,-3.491114,-2.269753,-1.194328,0.005410
fit_support,,fit,2714,5.993335,3.779552,-1.207883,0.007828
fit_support,,fit,2715,-3.789583,-5.764263,-1.217279,0.017870
fit_support,,fit,2716,-3.323005,2.267610,-1.171488,0.028682
fit_support,,fit,2717,-5.793028,4.488354,-1.177591,0.022862
fit_support,,fit,2718,-0.710683,3.016271,-1.208692,0.008524
fit_support,,fit,2719,4.351850,2.692456,-1.176903,0.023093
fit_support,,fit,2720,-3.903571,5.380612,-1.206743,0.006257
fit_support,,fit,2721,4.858995,-1.474767,-1.235507,0.035927
fit_support,,fit,2722,-1.797327,-1.182541,-1.223956,0.024161
fit_support,,fit,2723,-1.646701,4.650937,-1.208845,0.008492
fit_support,,fit,2724,-2.962967,1.815826,-1.200754,0.000638
fit_support,,fit,2725,-2.785784,5.691725,-1.191369,0.009115
fit_support,,fit,2726,5.256192,1.275786,-1.206254,0.006419
fit_support,,fit,2727,-1.526162,0.069392,-1.230383,0.030476
fit_support,,fit,2728,2.944977,-0.489057,-1.215156,0.015427
fit_support,,fit,2729,-3.285582,-2.716039,-1.176754,0.022934
fit_support,,fit,2730,4.281722,2.684524,-1.242929,0.042932
fit_support,,fit,2731,2.729247,-4.855519,-1.223362,0.024047
fit_support,,fit,2732,4.574766,1.505271,-1.201034,0.001158
fit_support,,fit,2733,-0.664395,3.117632,-1.161979,0.038199
fit_support,,fit,2734,-0.376821,-3.110151,-1.224491,0.024922
fit_support,,fit,2735,1.545598,3.160826,-1.200823,0.000703
fit_support,,fit,2736,-2.606567,-5.181915,-1.176964,0.022468
fit_support,,fit,2737,-4.211145,-4.411878,-1.197886,0.001665
fit_support,,fit,2738,-5.245236,-2.597160,-1.223403,0.023649
fit_support,,fit,2739,-5.155217,-5.541837,-1.203137,0.003668
fit_support,,fit,2740,-0.700960,5.355856,-1.212577,0.012183
fit_support,,fit,2741,1.241155,1.059603,-1.211655,0.011729
fit_support,,fit,2742,-1.598746,-2.463186,-1.201758,0.002092
fit_support,,fit,2743,-0.843666,5.345791,-1.239427,0.039030
fit_support,,fit,2744,1.261322,0.962420,-1.202782,0.002866
fit_support,,fit,2745,2.073528,4.516461,-1.187697,0.012539
fit_support,,fit,2746,-0.896622,-2.436988,-1.196833,0.002816
fit_support,,fit,2747,1.768468,0.331716,-1.195415,0.004426
fit_support,,fit,2748,1.052251,1.003474,-1.186421,0.013504
fit_support,,fit,2749,-5.242657,-2.527177,-1.218338,0.018576
fit_support,,fit,2750,-0.162656,5.291865,-1.194808,0.005565
fit_support,,fit,2751,-5.421327,1.126948,-1.208370,0.008251
fit_support,,fit,2752,-5.656729,3.997037,-1.191651,0.008750
fit_support,,fit,2753,-4.681802,-3.095455,-1.222302,0.022610
fit_support,,fit,2754,4.287975,-2.986892,-1.182011,0.017440
fit_support,,fit,2755,2.337473,-0.327849,-1.235764,0.036003
fit_support,,fit,2756,-5.824867,0.697581,-1.157005,0.043084
fit_support,,fit,2757,-5.288519,-6.000815,-1.193698,0.005730
fit_support,,fit,2758,3.121309,0.116482,-1.181877,0.017906
fit_support,,fit,2759,1.946630,-1.313420,-1.181980,0.017697
fit_support,,fit,2760,4.072403,4.071270,-1.219398,0.019262
fit_support,,fit,2761,-0.541832,0.775591,-1.202056,0.002108
fit_support,,fit,2762,-5.355763,0.001144,-1.215224,0.015216
fit_support,,fit,2763,-3.700768,0.190970,-1.212815,0.012834
fit_support,,fit,2764,-5.508664,5.005622,-1.171227,0.029267
fit_support,,fit,2765,-4.340511,-5.098226,-1.216024,0.016535
fit_support,,fit,2766,1.050256,3.840524,-1.214208,0.014008
fit_support,,fit,2767,-2.665361,-3.597318,-1.228011,0.028425
fit_support,,fit,2768,4.119682,-4.919799,-1.181169,0.018101
fit_support,,fit,2769,4.400036,-2.973095,-1.230698,0.031249
fit_support,,fit,2770,1.959029,-5.804305,-1.229307,0.030063
fit_support,,fit,2771,-4.251320,3.503391,-1.244789,0.044474
fit_support,,fit,2772,2.114293,1.981219,-1.203882,0.003891
fit_support,,fit,2773,-4.527197,0.510489,-1.182734,0.017300
fit_support,,fit,2774,4.180389,-0.185005,-1.190212,0.009512
fit_support,,fit,2775,-2.027223,-5.161219,-1.166159,0.033259
fit_support,,fit,2776,-5.279012,-4.038733,-1.233097,0.033479
fit_support,,fit,2777,2.622494,-0.671484,-1.195957,0.003763
fit_support,,fit,2778,1.531806,-3.891156,-1.208171,0.008730
fit_support,,fit,2779,3.291479,4.769028,-1.193644,0.006582
fit_support,,fit,2780,3.773661,-1.546667,-1.234139,0.034535
fit_support,,fit,2781,1.425990,-4.121353,-1.201537,0.002115
fit_support,,fit,2782,2.220547,-2.396415,-1.207537,0.007972
fit_support,,fit,2783,5.545271,-3.154685,-1.210635,0.011235
fit_support,,fit,2784,-5.921385,-3.968407,-1.159067,0.040575
fit_support,,fit,2785,0.042253,1.300073,-1.209410,0.009428
fit_support,,fit,2786,-0.636709,1.604859,-1.197645,0.002386
fit_support,,fit,2787,-4.537590,-2.449425,-1.195729,0.004021
fit_support,,fit,2788,5.700288,5.503761,-1.192763,0.007466
fit_support,,fit,2789,-3.181727,-5.879170,-1.185421,0.013960
fit_support,,fit,2790,-2.522091,-2.479339,-1.208577,0.008886
fit_support,,fit,2791,0.698241,1.665931,-1.234619,0.034620
fit_support,,fit,2792,-2.085195,-4.419881,-1.192715,0.006776
fit_support,,fit,2793,1.435807,-1.237753,-1.206387,0.006688
fit_support,,fit,2794,-5.154639,-1.564238,-1.223374,0.023522
fit_support,,fit,2795,0.261329,-3.976465,-1.154050,0.045418
fit_support,,fit,2796,5.207827,-0.506165,-1.201033,0.001369
fit_support,,fit,2797,3.855254,-3.023439,-1.187668,0.011792
fit_support,,fit,2798,-1.473134,2.295652,-1.198913,0.001208
fit_support,,fit,2799,-2.597861,3.162637,-1.183009,0.017227
fit_support,,fit,2800,4.602790,4.839937,-1.195338,0.004858
fit_support,,fit,2801,-2.093028,-1.198739,-1.218349,0.018548
fit_support,,fit,2802,-5.367083,3.398291,-1.204963,0.004627
fit_support,,fit,2803,2.605320,1.945686,-1.209956,0.009983
fit_support,,fit,2804,-1.692718,0.534813,-1.166057,0.033900
fit_support,,fit,2805,0.227142,-4.054412,-1.196753,0.002709
fit_support,,fit,2806,-2.538506,-2.061052,-1.218501,0.018770
fit_support,,fit,2807,-4.105428,-0.436891,-1.159849,0.040083
fit_support,,fit,2808,5.828975,1.892231,-1.163265,0.036613
fit_support,,fit,2809,5.018632,0.506255,-1.248017,0.048251
fit_support,,fit,2810,5.258756,-0.192359,-1.227226,0.027533
fit_support,,fit,2811,-3.156822,-5.906671,-1.202583,0.003205
fit_support,,fit,2812,-1.633127,5.280028,-1.205562,0.005149
fit_support,,fit,2813,-5.434798,4.911028,-1.199034,0.001449
fit_support,,fit,2814,-5.196267,-0.892507,-1.198863,0.001055
fit_support,,fit,2815,-1.610966,-3.398711,-1.212531,0.012955
fit_support,,fit,2816,3.136746,-1.798789,-1.222826,0.023229
fit_support,,fit,2817,-4.900850,4.095267,-1.202931,0.002541
fit_support,,fit,2818,3.727629,0.817126,-1.249118,0.049285
fit_support,,fit,2819,-3.361118,2.211522,-1.207828,0.007663
fit_support,,fit,2821,5.175708,1.921792,-1.199458,0.000440
fit_support,,fit,2822,-1.286889,-1.361761,-1.187239,0.012524
fit_support,,fit,2823,1.479913,-3.756714,-1.165889,0.033566
fit_support,,fit,2824,0.500283,-0.837954,-1.195725,0.004039
fit_support,,fit,2825,-5.684325,-5.447312,-1.183960,0.015532
fit_support,,fit,2826,-5.932852,3.848439,-1.197575,0.002821
fit_support,,fit,2827,-5.419542,-0.882131,-1.196065,0.003860
fit_support,,fit,2828,5.590108,1.181193,-1.206333,0.006517
fit_support,,fit,2829,2.526036,5.607556,-1.216542,0.016214
fit_support,,fit,2830,0.117696,-5.913613,-1.187723,0.011563
fit_support,,fit,2831,5.353045,-3.305789,-1.217704,0.018314
fit_support,,fit,2832,-5.384860,3.369943,-1.193570,0.006764
fit_support,,fit,2833,-2.100256,5.826177,-1.193443,0.007035
fit_support,,fit,2834,-3.922135,2.155926,-1.248070,0.047894
fit_support,,fit,2835,-2.849834,1.738010,-1.187201,0.012904
fit_support,,fit,2836,-5.866671,3.270562,-1.178045,0.022293
fit_support,,fit,2837,3.326832,5.803709,-1.217040,0.016716
fit_support,,fit,2838,-2.256708,4.576417,-1.165054,0.035309
fit_support,,fit,2839,5.188981,2.995739,-1.218715,0.018713
fit_support,,fit,2840,2.878975,3.748600,-1.187993,0.012146
fit_support,,fit,2841,-2.585759,-1.300214,-1.205426,0.005621
fit_support,,fit,2842,-1.230250,2.084126,-1.177079,0.023015
fit_support,,fit,2843,-4.813654,-3.006126,-1.211301,0.011598
fit_support,,fit,2844,-4.820454,-0.055162,-1.225335,0.025347
fit_support,,fit,2845,2.973517,5.395688,-1.193903,0.006392
fit_support,,fit,2846,-2.373684,-1.375430,-1.211317,0.011525
fit_support,,fit,2847,-1.882050,3.291968,-1.232922,0.032694
fit_support,,fit,2848,-1.257623,-2.047684,-1.224811,0.025115
fit_support,,fit,2849,1.588451,5.949577,-1.222511,0.022124
fit_support,,fit,2850,-3.567502,-5.212407,-1.184069,0.015387
fit_support,,fit,2851,-5.455816,3.490141,-1.168756,0.031591
fit_support,,fit,2852,5.313936,-1.602504,-1.177705,0.021851
fit_support,,fit,2853,0.831976,1.814475,-1.234957,0.034947
fit_support,,fit,2854,4.263916,3.104890,-1.195269,0.004770
fit_support,,fit,2855,5.880303,-2.350399,-1.234169,0.034701
fit_support,,fit,2857,4.286937,-5.112886,-1.221417,0.022171
fit_support,,fit,2858,5.782451,-3.428893,-1.173639,0.025727
fit_support,,fit,2859,5.357457,5.385996,-1.205200,0.004972
fit_support,,fit,2860,5.022101,-5.422524,-1.203151,0.003956
fit_support,,fit,2861,0.678196,-0.560203,-1.226598,0.026812
fit_support,,fit,2862,-4.149005,2.488089,-1.182911,0.017304
fit_support,,fit,2863,-1.432548,-5.562385,-1.187985,0.011378
fit_support,,fit,2864,4.734903,-4.043986,-1.223837,0.024500
fit_support,,fit,2865,-5.098318,-2.732559,-1.202478,0.002740
fit_support,,fit,2866,2.769573,-1.075265,-1.178119,0.021559
fit_support,,fit,2867,5.351198,1.246761,-1.213294,0.013465
fit_support,,fit,2868,2.670430,-3.548355,-1.205689,0.006247
fit_support,,fit,2869,3.913838,-3.989367,-1.227855,0.028490
fit_support,,fit,2870,4.413877,-0.192947,-1.215779,0.016063
fit_support,,fit,2871,0.935688,-0.570738,-1.212582,0.012804
fit_support,,fit,2872,0.882656,-4.468133,-1.175423,0.023981
fit_support,,fit,2873,3.459419,-5.656355,-1.229591,0.030374
fit_support,,fit,2874,-3.192721,2.117551,-1.194038,0.006113
fit_support,,fit,2875,3.374639,5.663922,-1.199212,0.001098
fit_support,,fit,2876,4.909725,-2.341426,-1.208136,0.008640
fit_support,,fit,2877,-1.170382,-1.527194,-1.218914,0.019170
fit_support,,fit,2878,5.120750,5.006904,-1.180746,0.019452
fit_support,,fit,2879,-3.351002,4.103188,-1.158490,0.041858
fit_support,,fit,2880,0.375202,-4.502019,-1.176061,0.023354
fit_support,,fit,2881,-5.796426,-1.327503,-1.185673,0.014220
fit_support,,fit,2882,0.587831,-1.898698,-1.181177,0.018482
fit_support,,fit,2883,0.778011,1.951077,-1.188338,0.011686
fit_support,,fit,2884,0.834993,-4.758080,-1.212114,0.012737
fit_support,,fit,2885,0.072108,-3.635848,-1.171853,0.027654
fit_support,,fit,2886,0.775599,5.401229,-1.193642,0.006715
fit_support,,fit,2887,5.064171,3.152316,-1.196768,0.003252
fit_support,,fit,2888,-2.067520,3.266962,-1.170555,0.029676
fit_support,,fit,2889,-0.380103,-2.656353,-1.217639,0.018026
fit_support,,fit,2890,-1.156981,-2.324552,-1.189674,0.009993
fit_support,,fit,2891,5.387410,-3.732273,-1.211737,0.012388
fit_support,,fit,2892,-5.072116,-0.464500,-1.217172,0.017216
fit_support,,fit,2893,4.335025,-1.646168,-1.169470,0.030109
fit_support,,fit,2894,-2.106756,3.648864,-1.195581,0.004688
fit_support,,fit,2895,-0.934629,-5.646924,-1.187908,0.011433
fit_support,,fit,2896,-5.097227,0.254810,-1.217302,0.017276
fit_support,,fit,2897,4.720666,-3.555847,-1.210616,0.011232
fit_support,,fit,2898,-3.912041,-2.712158,-1.187397,0.012310
fit_support,,fit,2899,-5.166453,-4.552190,-1.169984,0.029581
fit_support,,fit,2900,5.647836,2.554293,-1.199550,0.000397
fit_support,,fit,2901,-4.583747,5.477524,-1.209793,0.009279
fit_support,,fit,2902,-5.009992,-0.332476,-1.201965,0.001998
fit_support,,fit,2903,4.171281,-5.105744,-1.231604,0.032354
fit_support,,fit,2904,2.412485,-1.442591,-1.185458,0.014194
fit_support,,fit,2905,-4.552404,3.503891,-1.246600,0.046277
fit_support,,fit,2906,1.946118,3.816224,-1.229640,0.029468
fit_support,,fit,2907,0.016955,-0.503763,-1.154263,0.045547
fit_support,,fit,2908,1.529892,2.829687,-1.208159,0.008071
fit_support,,fit,2909,-5.337588,-2.262296,-1.195095,0.004695
fit_support,,fit,2910,2.802328,4.447505,-1.212270,0.012061
fit_support,,fit,2911,-3.592160,-5.360499,-1.217208,0.017766
fit_support,,fit,2912,3.300787,-4.387969,-1.220407,0.021064
fit_support,,fit,2913,-4.613439,-2.480098,-1.204644,0.004896
fit_support,,fit,2914,-4.177742,-4.978937,-1.203442,0.003946
fit_support,,fit,2915,-2.227427,5.483261,-1.188331,0.012118
fit_support,,fit,2916,0.593064,0.090730,-1.206828,0.006978
fit_support,,fit,2917,4.549599,-4.586958,-1.187980,0.011309
fit_support,,fit,2918,-5.067554,5.727147,-1.216266,0.015715
fit_support,,fit,2919,4.834857,-3.042865,-1.216425,0.016995
fit_support,,fit,2920,0.106433,-2.155142,-1.171961,0.027687
fit_support,,fit,2921,5.898415,5.779017,-1.206790,0.006540
fit_support,,fit,2922,-5.300835,-4.201750,-1.227710,0.028108
fit_support,,fit,2923,4.791819,0.154768,-1.216367,0.016628
fit_support,,fit,2924,-0.817424,2.672860,-1.185803,0.014336
fit_support,,fit,2925,-2.137222,1.148882,-1.181477,0.018552
fit_support,,fit,2926,-3.966757,-0.504613,-1.199542,0.000379
fit_support,,fit,2927,-5.906351,-3.904410,-1.210095,0.010448
fit_support,,fit,2928,-4.496697,-4.809746,-1.216182,0.016661
fit_support,,fit,2929,2.202628,0.108270,-1.218642,0.018834
fit_support,,fit,2930,-5.769646,-0.775049,-1.215983,0.016038
fit_support,,fit,2931,3.159600,3.444568,-1.226436,0.026334
fit_support,,fit,2932,5.061949,1.966293,-1.222401,0.022495
fit_support,,fit,2933,4.038331,-1.151735,-1.175534,0.024101
fit_support,,fit,2934,-0.819852,-5.715741,-1.183443,0.015888
fit_support,,fit,2935,-1.522638,-4.362716,-1.217272,0.017791
fit_support,,fit,2936,0.803762,4.773028,-1.169400,0.030896
fit_support,,fit,2937,-3.754133,4.230389,-1.195361,0.005010
fit_support,,fit,2938,4.294400,1.508763,-1.215648,0.015764
fit_support,,fit,2939,-3.088432,5.678038,-1.185861,0.014630
fit_support,,fit,2940,-1.309450,-2.613571,-1.210441,0.010797
fit_support,,fit,2941,0.648738,-5.056613,-1.204685,0.005332
fit_support,,fit,2942,3.331381,-2.330558,-1.175614,0.023927
fit_support,,fit,2943,4.362417,5.766142,-1.172475,0.027817
fit_support,,fit,2944,1.002600,0.739246,-1.171143,0.028759
fit_support,,fit,2945,-1.543262,0.592297,-1.179119,0.020839
fit_support,,fit,2946,2.015450,-1.931733,-1.205229,0.005613
fit_support,,fit,2947,-4.053471,3.859136,-1.227131,0.026788
fit_support,,fit,2948,-0.516275,-4.736674,-1.195192,0.004225
fit_support,,fit,2949,3.883796,-0.873056,-1.210151,0.010485
fit_support,,fit,2950,-5.677958,-2.836526,-1.235961,0.036217
fit_support,,fit,2951,-1.893012,-1.768845,-1.227595,0.027854
fit_support,,fit,2952,3.654994,-4.555822,-1.213591,0.014274
fit_support,,fit,2953,-2.175049,-4.114290,-1.207272,0.007749
fit_support,,fit,2954,-5.485993,3.033751,-1.178466,0.021838
fit_support,,fit,2955,-4.127038,5.847211,-1.184384,0.016153
fit_support,,fit,2956,5.799009,-2.260479,-1.238390,0.038912
fit_support,,fit,2957,2.655069,4.900720,-1.172212,0.028045
fit_support,,fit,2958,-2.068708,1.175229,-1.209640,0.009611
fit_support,,fit,2959,0.464375,-1.107020,-1.233662,0.033923
fit_support,,fit,2960,0.449222,2.357693,-1.201966,0.001893
fit_support,,fit,2961,0.186969,-3.804705,-1.193160,0.006327
fit_support,,fit,2962,-1.714177,2.977848,-1.179549,0.020644
fit_support,,fit,2963,-4.712123,-0.994144,-1.225774,0.025879
fit_support,,fit,2964,-1.119807,-0.225327,-1.217094,0.017226
fit_support,,fit,2965,3.931308,-2.558273,-1.184839,0.014663
fit_support,,fit,2966,-1.291789,4.766734,-1.176336,0.024018
fit_support,,fit,2967,-1.222465,5.180289,-1.227017,0.026625
fit_support,,fit,2968,2.669988,-1.388501,-1.199848,0.000198
fit_support,,fit,2969,0.258203,-0.105597,-1.213359,0.013518
fit_support,,fit,2970,2.986708,1.093948,-1.183899,0.015981
fit_support,,fit,2971,-1.605115,1.718922,-1.183571,0.016498
fit_support,,fit,2972,1.190145,-5.717276,-1.178914,0.020361
fit_support,,fit,2973,-5.104106,-2.919382,-1.193999,0.005721
fit_support,,fit,2974,-0.580785,-0.996679,-1.194923,0.004855
fit_support,,fit,2975,1.800448,-5.048371,-1.186925,0.012397
fit_support,,fit,2976,0.242353,5.296616,-1.153708,0.046654
fit_support,,fit,2977,-1.369037,-5.374702,-1.195700,0.003679
fit_support,,fit,2978,-5.911541,-1.453291,-1.188366,0.011518
fit_support,,fit,2979,-0.496364,5.519666,-1.217850,0.017446
fit_support,,fit,2981,0.159670,-0.496013,-1.230208,0.030402
fit_support,,fit,2982,-0.112226,-2.851125,-1.197702,0.001885
fit_support,,fit,2983,-0.316137,-0.007119,-1.191384,0.008482
fit_support,,fit,2984,-5.653385,3.859544,-1.197553,0.002835
fit_support,,fit,2985,1.680034,3.220221,-1.183392,0.016729
fit_support,,fit,2986,-3.475086,-1.988136,-1.195253,0.004511
fit_support,,fit,2987,1.512648,4.643637,-1.197565,0.002699
fit_support,,fit,2988,0.222900,-0.515589,-1.181347,0.018455
fit_support,,fit,2989,-5.588945,-5.453233,-1.207839,0.008349
fit_support,,fit,2990,1.696242,-3.756922,-1.209358,0.009909
fit_support,,fit,2991,2.039500,-3.275714,-1.225213,0.025727
fit_support,,fit,2992,3.404086,-5.232715,-1.190211,0.009048
fit_support,,fit,2993,-0.755743,4.243727,-1.187344,0.012944
fit_support,,fit,2994,2.024582,-3.037796,-1.187042,0.012467
fit_support,,fit,2995,3.364191,4.857410,-1.178404,0.021829
fit_support,,fit,2996,-5.743855,4.995967,-1.234025,0.033524
fit_support,,fit,2997,1.597083,0.404190,-1.188506,0.011347
fit_support,,fit,2998,-3.732375,1.037163,-1.193543,0.006520
fit_support,,fit,2999,2.084431,-0.159425,-1.233463,0.033678
validation,region_0,g1,3000,2.037781,-5.006791,-1.193502,0.005817
validation,region_0,g1,3001,4.754732,4.288745,-1.189763,0.010375
validation,region_0,g1,3002,5.266521,0.411817,-1.214172,0.014421
validation,region_0,g1,3003,5.945596,-2.435786,-1.197958,0.001499
validation,region_0,g1,3004,-4.617468,-0.568636,-1.188898,0.011035
validation,region_0,g1,3005,3.016876,0.926857,-1.189505,0.010358
validation,region_0,g1,3006,5.206138,-1.932753,-1.199909,0.000382
validation,region_0,g1,3007,-0.322811,0.443740,-1.213511,0.013601
validation,region_0,g1,3008,-2.238244,3.803655,-1.250072,0.049784
validation,region_0,g1,3009,1.576202,1.551525,-1.187298,0.012666
validation,region_0,g1,3010,3.927191,0.394732,-1.209988,0.010201
validation,region_0,g1,3011,4.694426,-4.047338,-1.186586,0.012751
validation,region_0,g1,3012,-4.781897,-2.085096,-1.215391,0.015600
validation,region_0,g1,3013,3.129124,0.598052,-1.185761,0.014068
validation,region_0,g1,3014,-1.074672,-2.082902,-1.224386,0.024698
validation,region_0,g1,3015,0.216217,3.556654,-1.158782,0.041413
validation,region_0,g1,3016,-1.111622,0.918306,-1.203611,0.003633
validation,region_0,g1,3017,-3.335511,3.546843,-1.212439,0.012145
validation,region_0,g1,3018,-0.132405,1.948683,-1.184321,0.015729
validation,region_0,g1,3019,3.933419,0.449617,-1.197203,0.002589
validation,region_0,g1,3020,-4.911647,2.119801,-1.219829,0.019629
validation,region_0,g1,3021,3.771899,0.405985,-1.203761,0.003969
validation,region_0,g1,3022,-0.827206,-4.900337,-1.226423,0.027013
validation,region_0,g1,3023,4.103634,3.883871,-1.203390,0.003272
validation,region_0,g1,3024,4.897851,1.940944,-1.225675,0.025767
validation,region_0,g1,3025,4.877360,5.353511,-1.177460,0.022778
validation,region_0,g1,3026,-1.546442,-0.881938,-1.209129,0.009312
validation,region_0,g1,3027,0.304882,3.235858,-1.179718,0.020444
validation,region_0,g1,3028,3.009329,-2.675652,-1.196515,0.003002
validation,region_0,g1,3029,-3.028755,-4.839214,-1.213934,0.014457
validation,region_0,g1,3030,-3.586025,0.252431,-1.192781,0.007202
validation,region_0,g1,3031,-1.401582,-2.269445,-1.211642,0.011963
validation,region_0,g1,3032,-2.933050,5.995228,-1.209997,0.009479
validation,region_0,g1,3033,0.937665,0.459292,-1.171773,0.028104
validation,region_0,g1,3034,-3.769259,-5.757266,-1.189966,0.009443
validation,region_0,g1,3035,4.806607,-4.834093,-1.170964,0.028294
validation,region_0,g1,3036,1.522919,-3.214044,-1.184619,0.014888
validation,region_0,g1,3037,-1.512160,-4.745080,-1.205611,0.006167
validation,region_0,g1,3038,-5.793267,-1.890470,-1.205455,0.005617
validation,region_0,g1,3039,0.724259,-0.627395,-1.184118,0.015660
validation,region_0,g1,3040,0.427366,-2.197994,-1.204048,0.004414
validation,region_0,g1,3041,0.288592,0.607109,-1.220066,0.020157
validation,region_0,g1,3042,0.258824,5.461811,-1.216589,0.016211
validation,region_0,g1,3043,-1.355855,-2.477068,-1.157052,0.042605
validation,region_0,g1,3044,2.234122,0.174255,-1.160974,0.038838
validation,region_0,g1,3045,0.449546,0.615153,-1.236182,0.036277
validation,region_0,g1,3046,-5.227493,-3.176385,-1.192140,0.007559
validation,region_0,g1,3047,-1.904277,-0.269128,-1.219178,0.019292
validation,region_0,g1,3048,3.858992,-0.318702,-1.213538,0.013819
validation,region_0,g1,3049,-2.943197,-5.246689,-1.200260,0.000825
validation,region_0,g1,3050,-1.267217,1.159867,-1.210464,0.010458
validation,region_0,g1,3051,-3.078534,1.168705,-1.237779,0.037722
validation,region_0,g1,3052,4.638561,-3.512814,-1.192513,0.006877
validation,region_0,g1,3053,-5.258803,4.668742,-1.192223,0.008233
validation,region_0,g1,3054,4.703238,0.208402,-1.199837,0.000090
validation,region_0,g1,3055,1.798486,-1.315345,-1.182711,0.016971
validation,region_0,g1,3056,2.908906,3.243521,-1.186541,0.013549
validation,region_0,g1,3057,-5.146049,-2.959536,-1.215047,0.015329
validation,region_0,g1,3058,3.881919,-1.452100,-1.212478,0.012868
validation,region_0,g1,3059,2.607657,-3.215893,-1.175351,0.024124
validation,region_0,g1,3060,1.134564,2.621473,-1.189073,0.011006
validation,region_0,g1,3061,-1.404477,4.427524,-1.205001,0.004677
validation,region_0,g1,3062,2.688872,0.534943,-1.226097,0.026262
validation,region_0,g1,3063,2.109257,-3.632224,-1.188697,0.010753
validation,region_0,g1,3064,3.733137,-3.797707,-1.226438,0.027050
validation,region_0,g1,3065,-1.200059,4.752691,-1.200115,0.000235
validation,region_0,g1,3066,1.285016,3.344272,-1.219598,0.019454
validation,region_0,g1,3067,-5.512015,0.026990,-1.190976,0.009039
validation,region_0,g1,3068,-2.643247,1.079808,-1.200527,0.000490
validation,region_0,g1,3069,-3.524415,-2.007821,-1.209288,0.009525
validation,region_0,g1,3070,-0.914238,2.259588,-1.167173,0.032929
validation,region_0,g1,3071,3.628962,-4.597311,-1.189052,0.010262
validation,region_0,g1,3072,2.508332,0.544754,-1.223516,0.023675
validation,region_0,g1,3073,-3.088934,-0.127882,-1.184964,0.014968
validation,region_0,g1,3074,3.178304,-3.120775,-1.188470,0.010999
validation,region_0,g1,3075,0.518075,2.032724,-1.228771,0.028732
validation,region_0,g1,3076,-1.965869,4.378319,-1.233924,0.033589
validation,region_0,g1,3077,1.682199,0.116409,-1.192086,0.007736
validation,region_0,g1,3078,5.723043,3.117370,-1.211601,0.011602
validation,region_0,g1,3079,-5.377590,1.802803,-1.174989,0.025194
validation,region_0,g1,3080,-5.742052,3.743783,-1.222039,0.021659
validation,region_0,g1,3081,-0.073751,3.423960,-1.171158,0.029032
validation,region_0,g1,3082,0.194173,-4.257294,-1.216449,0.017006
validation,region_0,g1,3083,-3.809775,-0.974564,-1.179145,0.020727
validation,region_0,g1,3084,-1.335002,3.538662,-1.208215,0.007979
validation,region_0,g1,3085,4.697517,2.908531,-1.186906,0.013102
validation,region_0,g1,3086,3.264938,-0.259486,-1.211364,0.011622
validation,region_0,g1,3087,2.617911,2.389840,-1.190677,0.009339
validation,region_0,g1,3088,-2.746656,-2.312417,-1.205016,0.005303
validation,region_0,g1,3089,0.847233,-0.799653,-1.236623,0.036865
validation,region_0,g1,3090,1.405383,4.498234,-1.177243,0.023010
validation,region_0,g1,3091,-3.532115,1.934065,-1.225923,0.025780
validation,region_0,g1,3092,-5.201416,-1.871577,-1.194968,0.004856
validation,region_0,g1,3093,-5.915424,-5.663492,-1.212880,0.013402
validation,region_0,g1,3094,-3.543040,1.196214,-1.244105,0.044032
validation,region_0,g1,3095,-5.136343,4.722155,-1.185708,0.014749
validation,region_0,g1,3096,-2.821118,0.182073,-1.191882,0.008073
validation,region_0,g1,3097,-3.041963,-5.606811,-1.183176,0.016228
validation,region_0,g1,3098,4.589317,0.614028,-1.181322,0.018467
validation,region_0,g1,3099,-2.234835,1.696150,-1.224476,0.024391
validation,region_0,g1,3100,-5.786391,-4.781767,-1.182804,0.016756
validation,region_0,g1,3101,-3.748500,5.576146,-1.210151,0.009651
validation,region_0,g1,3102,-1.863241,2.465391,-1.147728,0.052420
validation,region_0,g1,3103,-3.646602,-2.614225,-1.205941,0.006232
validation,region_0,g1,3104,-5.771814,3.225705,-1.196573,0.003758
validation,region_0,g1,3105,3.493196,-3.973444,-1.193867,0.005511
validation,region_0,g1,3106,0.631261,-2.824575,-1.203311,0.003743
validation,region_0,g1,3107,-1.910032,5.937469,-1.226797,0.026313
validation,region_0,g1,3108,1.372159,5.314910,-1.197771,0.002561
validation,region_0,g1,3109,1.012919,4.459633,-1.208484,0.008224
validation,region_0,g1,3110,-0.737355,-0.864832,-1.212290,0.012494
validation,region_0,g1,3111,0.212678,2.157792,-1.236191,0.036131
validation,region_0,g1,3112,-3.469323,3.299136,-1.203521,0.003248
validation,region_0,g1,3113,-2.136786,2.602444,-1.203738,0.003569
validation,region_0,g1,3114,-5.624130,-5.890142,-1.212847,0.013398
validation,region_0,g1,3115,1.707048,4.478401,-1.204138,0.003896
validation,region_0,g1,3116,-3.385342,3.268226,-1.213459,0.013191
validation,region_0,g1,3117,1.498899,5.795744,-1.193667,0.006708
validation,region_0,g1,3118,2.747178,-2.287260,-1.189735,0.009827
validation,region_0,g1,3119,-1.975688,1.291651,-1.216332,0.016294
validation,region_0,g1,3120,1.408859,-2.152280,-1.165673,0.033939
validation,region_0,g1,3121,-2.819735,1.714739,-1.211729,0.011626
validation,region_0,g1,3122,-0.698091,4.138001,-1.185960,0.014317
validation,region_0,g1,3123,4.576664,-0.929038,-1.183662,0.015979
validation,region_0,g1,3124,-5.840397,-4.691822,-1.225219,0.025649
validation,region_0,g1,3125,4.557793,-3.337571,-1.188233,0.011177
validation,region_0,g1,3126,3.854243,1.428427,-1.213018,0.013130
validation,region_0,g1,3127,3.350153,-2.484273,-1.164747,0.034779
validation,region_0,g1,3128,-2.228391,-1.784972,-1.186205,0.013544
validation,region_0,g1,3129,-4.336915,2.938242,-1.209223,0.008960
validation,region_0,g1,3130,-1.167526,-0.128184,-1.216870,0.016991
validation,region_0,g1,3131,-4.677091,-4.549518,-1.188631,0.010920
validation,region_0,g1,3132,-5.993073,-4.486017,-1.194288,0.005306
validation,region_0,g1,3133,2.045473,5.732031,-1.199205,0.001149
validation,region_0,g1,3134,-5.413427,-3.643212,-1.208384,0.008725
validation,region_0,g1,3135,1.564896,-3.563126,-1.208018,0.008547
validation,region_0,g1,3136,-2.160946,4.292451,-1.212344,0.012012
validation,region_0,g1,3137,2.591262,5.079223,-1.186927,0.013349
validation,region_0,g1,3138,-1.244177,3.280962,-1.222220,0.022011
validation,region_0,g1,3139,4.335131,-5.004604,-1.193890,0.005365
validation,region_0,g1,3140,-2.949862,-3.117648,-1.213483,0.013842
validation,region_0,g1,3141,4.609931,4.050432,-1.194123,0.005997
validation,region_0,g1,3142,4.518080,1.852695,-1.236367,0.036456
validation,region_0,g1,3143,-4.393336,3.120132,-1.211245,0.010963
validation,region_0,g1,3144,-5.817681,-3.403963,-1.218806,0.019112
validation,region_0,g1,3145,-1.333147,4.845589,-1.172917,0.027446
validation,region_0,g1,3146,1.066813,-3.697421,-1.216467,0.016995
validation,region_0,g1,3147,-3.212362,0.284417,-1.201407,0.001431
validation,region_0,g1,3148,-5.801887,-1.408010,-1.175130,0.024755
validation,region_0,g1,3149,2.508130,-2.854028,-1.206329,0.006816
validation,region_0,g1,3150,-1.970520,3.887757,-1.221325,0.021037
validation,region_0,g1,3151,4.038486,-1.851824,-1.148242,0.051325
validation,region_0,g1,3152,2.006205,-5.423717,-1.194471,0.004809
validation,region_0,g1,3153,0.428156,3.695679,-1.202946,0.002743
validation,region_0,g1,3154,-3.705648,4.104687,-1.183214,0.017144
validation,region_0,g1,3155,-2.678243,-3.260577,-1.169827,0.029792
validation,region_0,g1,3156,0.651486,5.369482,-1.198407,0.001950
validation,region_0,g1,3157,-5.380874,-1.866298,-1.188471,0.011358
validation,region_0,g1,3158,5.911554,-4.584089,-1.214829,0.015577
validation,region_0,g1,3159,0.643330,3.428181,-1.213964,0.013793
validation,region_0,g1,3160,3.544236,-5.214203,-1.207994,0.008737
validation,region_0,g1,3161,4.133190,-2.291804,-1.187646,0.011876
validation,region_0,g1,3162,2.824551,4.298883,-1.191502,0.008692
validation,region_0,g1,3163,-1.039761,-1.959503,-1.182285,0.017413
validation,region_0,g1,3164,-5.484215,-0.435484,-1.210739,0.010769
validation,region_0,g1,3165,2.322825,-2.096565,-1.203187,0.003596
validation,region_0,g1,3166,-2.990644,5.468518,-1.180595,0.019874
validation,region_0,g1,3167,-0.357993,-0.256012,-1.226708,0.026864
validation,region_0,g1,3168,-4.268927,4.153106,-1.209345,0.008967
validation,region_0,g1,3169,5.136897,-3.876572,-1.193093,0.006249
validation,region_0,g1,3170,-3.733343,4.289597,-1.213541,0.013165
validation,region_0,g1,3171,-0.302300,-3.208749,-1.221241,0.021684
validation,region_0,g1,3172,-1.312325,-2.279375,-1.174911,0.024765
validation,region_0,g1,3173,0.503072,3.450671,-1.203037,0.002860
validation,region_0,g1,3174,-1.203752,-3.662279,-1.201541,0.002002
validation,region_0,g1,3175,0.688995,-5.856206,-1.191165,0.008110
validation,region_0,g1,3176,2.411827,0.392927,-1.197287,0.002542
validation,region_0,g1,3177,-4.570867,0.698759,-1.174786,0.025267
validation,region_0,g1,3178,-2.675432,-1.276953,-1.211750,0.011940
validation,region_0,g1,3179,-1.573160,3.973498,-1.186743,0.013542
validation,region_0,g1,3180,3.181354,0.927556,-1.186257,0.013602
validation,region_0,g1,3181,0.903471,0.628644,-1.216855,0.016961
validation,region_0,g1,3182,-1.122770,5.770728,-1.238482,0.038036
validation,region_0,g1,3183,0.598773,0.516684,-1.231428,0.031536
validation,region_0,g1,3184,-5.183152,-2.555987,-1.200341,0.000584
validation,region_0,g1,3185,-2.155879,3.530553,-1.182941,0.017318
validation,region_0,g1,3186,-4.800697,5.814531,-1.228973,0.028420
validation,region_0,g1,3187,-1.891918,2.124826,-1.198663,0.001453
validation,region_0,g1,3188,-0.979073,1.942724,-1.223158,0.023085
validation,region_0,g1,3189,-1.982714,-0.480729,-1.198658,0.001210
validation,region_0,g1,3190,-5.326378,-5.307532,-1.190856,0.008640
validation,region_0,g1,3191,0.873980,-6.003773,-1.184416,0.014840
validation,region_0,g1,3192,-1.426795,4.044124,-1.207475,0.007187
validation,region_0,g1,3193,-4.068233,4.870244,-1.187807,0.012634
validation,region_0,g1,3194,1.018624,5.786220,-1.199294,0.001093
validation,region_0,g1,3195,-1.557634,4.692623,-1.207406,0.007052
validation,region_0,g1,3196,0.541951,2.966972,-1.184726,0.015403
validation,region_0,g1,3197,2.142050,0.632570,-1.192636,0.007223
validation,region_0,g1,3198,-2.157486,-3.114251,-1.167816,0.031803
validation,region_0,g1,3199,-3.004544,5.258418,-1.223254,0.022805
validation,region_0,g1,3200,-2.027976,-5.744296,-1.187886,0.011476
validation,region_0,g1,3201,-3.696002,-4.087317,-1.206746,0.007178
validation,region_0,g1,3202,5.500199,5.199010,-1.225462,0.025257
validation,region_0,g1,3203,2.964341,-2.619766,-1.171041,0.028482
validation,region_0,g1,3204,4.584787,2.975810,-1.184521,0.015496
validation,region_0,g1,3205,4.650511,4.759500,-1.218695,0.018508
validation,region_0,g1,3206,-2.101210,3.106266,-1.199060,0.001156
validation,region_0,g1,3207,5.438005,3.682246,-1.216337,0.016276
validation,region_0,g1,3208,2.923156,-4.017067,-1.202134,0.002744
validation,region_0,g1,3209,-4.814827,-4.717505,-1.223000,0.023462
validation,region_0,g1,3210,-1.381200,0.998889,-1.195034,0.004959
validation,region_0,g1,3211,1.293763,1.067099,-1.211612,0.011687
validation,region_0,g1,3212,3.249131,0.941181,-1.200733,0.000875
validation,region_0,g1,3213,5.162311,2.036427,-1.229944,0.030034
validation,region_0,g1,3214,2.065540,-5.183585,-1.215725,0.016423
validation,region_0,g1,3215,-3.163873,0.294397,-1.213622,0.013646
validation,region_0,g1,3216,-1.069341,2.510275,-1.198049,0.002082
validation,region_0,g1,3217,4.551648,5.436922,-1.216805,0.016550
validation,region_0,g1,3218,-2.745840,-5.358036,-1.190348,0.009071
validation,region_0,g1,3219,-1.193432,-4.221804,-1.203401,0.003916
validation,region_0,g1,3220,3.342035,-3.717871,-1.196618,0.002789
validation,region_0,g1,3221,-3.284169,-4.529029,-1.254681,0.055167
validation,region_0,g1,3222,4.904195,-1.307712,-1.202115,0.002519
validation,region_0,g1,3223,1.590817,-1.367639,-1.193340,0.006342
validation,region_0,g1,3224,0.857017,3.066760,-1.185953,0.014177
validation,region_0,g1,3225,3.421648,-4.728160,-1.202744,0.003437
validation,region_0,g1,3226,-3.417342,2.566976,-1.235926,0.035724
validation,region_0,g1,3227,1.707479,-4.761107,-1.196438,0.002914
validation,region_0,g1,3228,-4.778803,-3.951095,-1.213848,0.014237
validation,region_0,g1,3229,3.794410,1.794873,-1.194932,0.004993
validation,region_0,g1,3230,-4.724912,-2.658161,-1.186923,0.012811
validation,region_0,g1,3231,-0.083246,-0.956684,-1.227249,0.027480
validation,region_0,g1,3232,-1.909127,5.242906,-1.164042,0.036375
validation,region_0,g1,3233,-4.095094,-4.453540,-1.221180,0.021636
validation,region_0,g1,3234,-1.661992,4.006468,-1.157571,0.042720
validation,region_0,g1,3235,4.547392,4.736531,-1.205637,0.005449
validation,region_0,g1,3236,-3.708694,4.723924,-1.174626,0.025791
validation,region_0,g1,3237,3.676519,-3.075190,-1.197879,0.001581
validation,region_0,g1,3238,0.297551,2.675554,-1.199353,0.000754
validation,region_0,g1,3239,1.984565,-3.183288,-1.184991,0.014505
validation,region_0,g1,3240,2.523274,-5.048999,-1.221015,0.021713
validation,region_0,g1,3241,1.208677,4.251869,-1.201656,0.001422
validation,region_0,g1,3242,2.917905,-5.909785,-1.200032,0.000825
validation,region_0,g1,3243,3.251654,4.861663,-1.170685,0.029551
validation,region_0,g1,3244,-4.144773,-5.840541,-1.163778,0.035634
validation,region_0,g1,3245,-4.741457,-5.939136,-1.207185,0.007766
validation,region_0,g1,3246,5.005452,-0.177331,-1.198046,0.001655
validation,region_0,g1,3247,-2.584334,4.884508,-1.203780,0.003379
validation,region_0,g1,3248,4.491950,5.660288,-1.206669,0.006391
validation,region_0,g1,3249,-2.062993,1.447554,-1.191546,0.008510
validation,region_0,g1,3250,5.747758,5.967750,-1.162070,0.038202
validation,region_0,g1,3251,-2.219140,-1.090673,-1.198340,0.001476
validation,region_0,g1,3252,-5.672563,-1.506877,-1.184202,0.015670
validation,region_0,g1,3253,-5.998867,-4.031558,-1.199626,0.000012
validation,region_0,g1,3254,-1.970931,4.759693,-1.195725,0.004647
validation,region_0,g1,3255,5.877996,-1.383640,-1.179397,0.020164
validation,region_0,g1,3256,-1.144702,4.415847,-1.242728,0.042412
validation,region_0,g1,3257,-0.490746,5.705435,-1.213675,0.013253
validation,region_0,g1,3258,5.299625,-2.140305,-1.209064,0.009560
validation,region_0,g1,3259,-2.017633,-2.137603,-1.218739,0.019030
validation,region_0,g1,3260,-1.511087,-4.156980,-1.249812,0.050312
validation,region_0,g1,3261,-0.514124,3.324180,-1.187548,0.012645
validation,region_0,g1,3262,1.036223,3.032341,-1.205240,0.005119
validation,region_0,g1,3263,1.290390,4.809136,-1.215141,0.014855
validation,region_0,g1,3264,-4.541191,1.938241,-1.177866,0.022306
validation,region_0,g1,3265,-0.677019,3.244589,-1.202279,0.002089
validation,region_0,g1,3266,-5.504112,-2.602803,-1.195983,0.003779
validation,region_0,g1,3267,1.782380,0.546718,-1.178476,0.021386
validation,region_0,g1,3268,3.486006,3.920803,-1.200880,0.000741
validation,region_0,g1,3269,3.175593,-3.776831,-1.220764,0.021359
validation,region_0,g1,3270,0.799275,-0.082851,-1.211973,0.012145
validation,region_0,g1,3271,-5.460962,3.437850,-1.176608,0.023734
validation,region_0,g1,3272,4.897371,-0.374836,-1.223641,0.023955
validation,region_0,g1,3273,1.776153,3.012480,-1.192818,0.007281
validation,region_0,g1,3274,2.039241,1.554019,-1.227861,0.027910
validation,region_0,g1,3275,-3.644110,-5.877945,-1.177126,0.022268
validation,region_0,g1,3276,1.073622,-2.616916,-1.173512,0.026065
validation,region_0,g1,3277,-4.571551,-0.971831,-1.180178,0.019715
validation,region_0,g1,3278,4.263428,2.829478,-1.214455,0.014443
validation,region_0,g1,3279,1.709087,0.488376,-1.169699,0.030158
validation,region_0,g1,3280,-5.002155,4.938276,-1.213091,0.012617
validation,region_0,g1,3281,5.421128,-3.976577,-1.227950,0.028626
validation,region_0,g1,3282,-5.583276,-5.578785,-1.202700,0.003223
validation,region_0,g1,3283,-2.299731,2.593302,-1.222444,0.022271
validation,region_0,g1,3284,-4.968123,-5.625117,-1.163697,0.035759
validation,region_0,g1,3285,2.373872,2.142077,-1.171333,0.028666
validation,region_0,g1,3286,-4.118114,-0.835204,-1.209128,0.009235
validation,region_0,g1,3287,-2.281220,4.998632,-1.163381,0.037023
validation,region_0,g1,3288,5.363691,4.980559,-1.213091,0.012903
validation,region_0,g1,3289,-5.544958,-1.503859,-1.206796,0.006927
validation,region_0,g1,3290,4.007362,-3.920111,-1.211860,0.012491
validation,region_0,g1,3291,-3.745852,4.652481,-1.206296,0.005885
validation,region_0,g1,3292,2.515964,5.357687,-1.197301,0.003003
validation,region_0,g1,3293,1.224218,5.960499,-1.212609,0.012211
validation,region_0,g1,3294,3.008971,4.270399,-1.180652,0.019534
validation,region_0,g1,3295,-5.950694,4.452773,-1.201343,0.000889
validation,region_0,g1,3296,-4.538543,-3.063761,-1.252090,0.052400
validation,region_0,g1,3297,-2.028556,1.254257,-1.206983,0.006947
validation,region_0,g1,3298,-4.235574,-2.051761,-1.174935,0.024844
validation,region_0,g1,3299,-0.030357,-3.649404,-1.207702,0.008194
validation,region_1,g2,3300,0.043355,-3.913904,-1.243676,0.044196
validation,region_1,g2,3301,3.388070,2.395163,-1.188450,0.011545
validation,region_1,g2,3302,1.346748,2.388240,-1.175017,0.025034
validation,region_1,g2,3303,-3.965618,2.426042,-1.251615,0.051412
validation,region_1,g2,3304,-5.558652,2.187603,-1.185837,0.014387
validation,region_1,g2,3305,-1.432026,-0.672909,-1.251177,0.051343
validation,region_1,g2,3306,5.546773,-0.899421,-1.223328,0.023711
validation,region_1,g2,3307,-2.066914,-1.729315,-1.218936,0.019186
validation,region_1,g2,3308,0.661107,-0.690870,-1.173813,0.025960
validation,region_1,g2,3309,-3.757523,2.006315,-1.181813,0.018344
validation,region_1,g2,3310,-1.101052,-3.695873,-1.222125,0.022592
validation,region_1,g2,3311,4.486433,4.435800,-1.176631,0.023530
validation,region_1,g2,3312,0.448534,-5.994073,-1.211199,0.011931
validation,region_1,g2,3313,-4.577651,-5.676735,-1.193695,0.005744
validation,region_1,g2,3314,-2.551125,-5.314573,-1.201779,0.002361
validation,region_1,g2,3315,1.319131,5.462986,-1.174382,0.025965
validation,region_1,g2,3316,-3.609161,5.945693,-1.174364,0.026169
validation,region_1,g2,3317,-1.904106,-2.516991,-1.219276,0.019606
validation,region_1,g2,3318,0.850645,-0.689492,-1.163524,0.036244
validation,region_1,g2,3319,-2.321618,3.800565,-1.183744,0.016546
validation,region_1,g2,3320,-3.961895,-4.956297,-1.187648,0.011844
validation,region_1,g2,3321,4.781714,1.975570,-1.225678,0.025762
validation,region_1,g2,3322,2.184467,2.458043,-1.212234,0.012200
validation,region_1,g2,3323,-4.283782,-1.957910,-1.215628,0.015838
validation,region_1,g2,3324,4.423250,-3.186088,-1.220749,0.021321
validation,region_1,g2,3325,-4.477811,-5.713984,-1.226677,0.027244
validation,region_1,g2,3326,0.833689,1.014147,-1.182718,0.017215
validation,region_1,g2,3327,-5.092300,-3.218348,-1.191474,0.008216
validation,region_1,g2,3328,-0.748965,0.193944,-1.216157,0.016259
validation,region_1,g2,3329,2.988698,-1.987947,-1.218973,0.019390
validation,region_1,g2,3330,-1.863628,0.768074,-1.166189,0.033795
validation,region_1,g2,3331,-4.627040,-5.731501,-1.200076,0.000641
validation,region_1,g2,3332,-4.213070,-0.151781,-1.199157,0.000804
validation,region_1,g2,3333,-4.990577,4.047002,-1.186347,0.014040
validation,region_1,g2,3334,-2.548994,-5.502789,-1.214122,0.014722
validation,region_1,g2,3335,2.020393,0.196642,-1.175287,0.024534
validation,region_1,g2,3336,5.687158,5.949360,-1.198651,0.001621
validation,region_1,g2,3337,0.212982,-0.104289,-1.208389,0.008547
validation,region_1,g2,3338,5.238586,2.282615,-1.213917,0.013985
validation,region_1,g2,3339,-4.109809,-0.274269,-1.201239,0.001292
validation,region_1,g2,3340,2.255068,1.619036,-1.195916,0.004036
validation,region_1,g2,3341,2.627302,-0.942872,-1.185494,0.014200
validation,region_1,g2,3342,5.567035,-0.676671,-1.207303,0.007665
validation,region_1,g2,3343,0.874238,1.056365,-1.176940,0.022995
validation,region_1,g2,3344,-5.894836,1.516078,-1.182192,0.017978
validation,region_1,g2,3345,4.814608,-5.018032,-1.193419,0.005822
validation,region_1,g2,3346,-3.197356,-4.261128,-1.209143,0.009605
validation,region_1,g2,3347,-5.418058,2.857253,-1.210464,0.010178
validation,region_1,g2,3348,-2.839710,0.643866,-1.209210,0.009210
validation,region_1,g2,3349,-3.226727,-0.954777,-1.219295,0.019438
validation,region_1,g2,3350,-4.231148,4.520847,-1.213008,0.012596
validation,region_1,g2,3351,-0.568348,5.499243,-1.151638,0.048766
validation,region_1,g2,3352,4.034848,0.213396,-1.218248,0.018481
validation,region_1,g2,3353,-3.247731,-5.930519,-1.198355,0.001023
validation,region_1,g2,3354,-1.441015,4.670476,-1.208857,0.008509
validation,region_1,g2,3355,4.346861,0.900879,-1.184287,0.015537
validation,region_1,g2,3356,-2.312376,1.483264,-1.199476,0.000590
validation,region_1,g2,3357,-1.491085,-4.540859,-1.209383,0.009920
validation,region_1,g2,3358,-5.011162,-0.600954,-1.190495,0.009446
validation,region_1,g2,3359,-2.232598,5.345616,-1.169598,0.030838
validation,region_1,g2,3360,-4.545493,2.687887,-1.192152,0.008092
validation,region_1,g2,3361,0.001150,3.567570,-1.191129,0.009074
validation,region_1,g2,3362,-2.102011,-5.080991,-1.196320,0.003107
validation,region_1,g2,3363,-3.715808,3.526727,-1.208120,0.007818
validation,region_1,g2,3364,-3.116935,4.847448,-1.199552,0.000860
validation,region_1,g2,3365,-5.800246,3.611541,-1.213491,0.013123
validation,region_1,g2,3366,5.892506,3.982844,-1.209409,0.009331
validation,region_1,g2,3367,-5.611219,1.243755,-1.185122,0.015014
validation,region_1,g2,3368,3.209606,3.752314,-1.189812,0.010318
validation,region_1,g2,3369,-2.099132,-1.813436,-1.158794,0.040949
validation,region_1,g2,3370,4.361426,0.361544,-1.184459,0.015312
validation,region_1,g2,3371,0.247951,-0.716536,-1.222349,0.022566
validation,region_1,g2,3372,1.145433,5.882507,-1.185556,0.014837
validation,region_1,g2,3373,-2.379493,-1.513163,-1.167435,0.032344
validation,region_1,g2,3374,-3.571614,1.940619,-1.212543,0.012398
validation,region_1,g2,3375,-3.155384,4.501166,-1.201483,0.001102
validation,region_1,g2,3376,3.015833,-5.461246,-1.204674,0.005426
validation,region_1,g2,3377,0.787438,-4.701922,-1.192320,0.007064
validation,region_1,g2,3378,-3.654564,4.504083,-1.195464,0.004931
validation,region_1,g2,3379,0.325961,-0.460953,-1.223992,0.024187
validation,region_1,g2,3380,-4.181579,-4.838343,-1.177041,0.022469
validation,region_1,g2,3381,2.175081,-5.402569,-1.206440,0.007163
validation,region_1,g2,3382,3.232658,-5.401825,-1.167045,0.032203
validation,region_1,g2,3383,0.221640,-2.129732,-1.231445,0.031798
validation,region_1,g2,3384,-0.099931,-0.602212,-1.205316,0.005512
validation,region_1,g2,3385,-1.927369,-5.004251,-1.176632,0.022799
validation,region_1,g2,3386,1.797679,0.813996,-1.185719,0.014168
validation,region_1,g2,3387,-5.681885,-1.535970,-1.234531,0.034662
validation,region_1,g2,3388,-3.441380,4.441982,-1.205579,0.005196
validation,region_1,g2,3389,-5.155256,4.916300,-1.186383,0.014093
validation,region_1,g2,3390,-0.082900,-0.959154,-1.187446,0.012322
validation,region_1,g2,3391,-2.984994,3.006812,-1.177181,0.023051
validation,region_1,g2,3392,-3.904083,-5.936706,-1.206629,0.007234
validation,region_1,g2,3393,2.899993,0.120388,-1.200752,0.000963
validation,region_1,g2,3394,-0.352127,2.162652,-1.184998,0.015078
validation,region_1,g2,3395,3.171252,-5.284748,-1.196790,0.002470
validation,region_1,g2,3396,-5.930520,-2.162628,-1.221455,0.021639
validation,region_1,g2,3397,-2.352513,-1.501522,-1.161353,0.038427
validation,region_1,g2,3398,-3.327762,-2.840993,-1.170980,0.028698
validation,region_1,g2,3399,3.193531,-1.058404,-1.206560,0.006893
validation,region_1,g2,3400,-4.304488,3.034314,-1.201069,0.000798
validation,region_1,g2,3401,2.272606,-2.203260,-1.182369,0.017214
validation,region_1,g2,3402,-5.163288,-4.023505,-1.180433,0.019182
validation,region_1,g2,3403,1.046867,-5.125103,-1.196858,0.002478
validation,region_1,g2,3404,4.893810,-5.142113,-1.209383,0.010157
validation,region_1,g2,3405,-2.679001,3.227687,-1.208973,0.008729
validation,region_1,g2,3406,-5.113600,1.844290,-1.213918,0.013739
validation,region_1,g2,3407,-2.747162,0.933033,-1.238428,0.038403
validation,region_1,g2,3408,-4.144426,-4.316549,-1.201283,0.001724
validation,region_1,g2,3409,1.363365,0.458621,-1.201598,0.001734
validation,region_1,g2,3410,1.253035,3.885966,-1.202135,0.001937
validation,region_1,g2,3411,-2.085882,2.033848,-1.177371,0.022741
validation,region_1,g2,3412,2.524619,2.381318,-1.221699,0.021681
validation,region_1,g2,3413,1.825502,0.085728,-1.207854,0.008039
validation,region_1,g2,3414,5.134190,2.357253,-1.183183,0.016759
validation,region_1,g2,3415,-5.526231,4.032332,-1.184635,0.015766
validation,region_1,g2,3416,-1.922830,-2.733839,-1.195743,0.003905
validation,region_1,g2,3417,-2.823583,4.184064,-1.172417,0.027923
validation,region_1,g2,3418,2.944171,0.893319,-1.225809,0.025947
validation,region_1,g2,3419,1.703165,2.290377,-1.220405,0.020374
validation,region_1,g2,3420,3.896459,0.542457,-1.199935,0.000133
validation,region_1,g2,3421,-5.780122,-2.054186,-1.179109,0.020714
validation,region_1,g2,3422,0.390648,-0.456206,-1.221251,0.021447
validation,region_1,g2,3423,5.621143,-0.734798,-1.227272,0.027642
validation,region_1,g2,3424,-1.239862,3.424667,-1.194459,0.005765
validation,region_1,g2,3425,2.457393,0.694635,-1.190323,0.009533
validation,region_1,g2,3426,1.321623,-2.208681,-1.209868,0.010260
validation,region_1,g2,3427,1.649022,-3.920079,-1.194587,0.004847
validation,region_1,g2,3428,-4.441910,1.984866,-1.184745,0.015429
validation,region_1,g2,3429,4.536508,1.467568,-1.174977,0.024896
validation,region_1,g2,3430,4.657831,-3.469113,-1.200391,0.000997
validation,region_1,g2,3431,0.122840,-0.606383,-1.199140,0.000657
validation,region_1,g2,3432,6.006941,0.398836,-1.164759,0.034970
validation,region_1,g2,3433,0.312817,-0.356920,-1.177025,0.022790
validation,region_1,g2,3434,2.091271,-1.443668,-1.187374,0.012287
validation,region_1,g2,3435,-4.684300,4.765501,-1.203083,0.002634
validation,region_1,g2,3436,-5.952596,-4.238906,-1.191312,0.008305
validation,region_1,g2,3437,-4.541465,-5.940697,-1.178414,0.020999
validation,region_1,g2,3438,4.963729,-1.096138,-1.199283,0.000331
validation,region_1,g2,3439,-2.853622,1.241109,-1.195811,0.004247
validation,region_1,g2,3440,-5.481992,1.195821,-1.199849,0.000278
validation,region_1,g2,3441,-3.778010,-0.012898,-1.215444,0.015481
validation,region_1,g2,3442,-3.940416,3.582558,-1.236135,0.035822
validation,region_1,g2,3443,5.315123,4.975513,-1.183007,0.017182
validation,region_1,g2,3444,5.677484,1.622227,-1.182603,0.017253
validation,region_1,g2,3445,3.466801,3.449299,-1.213004,0.012910
validation,region_1,g2,3446,5.847211,2.111607,-1.191758,0.008140
validation,region_1,g2,3447,1.666536,-0.977378,-1.217879,0.018161
validation,region_1,g2,3448,5.540721,-1.282910,-1.222820,0.023240
validation,region_1,g2,3449,-4.108375,-5.072292,-1.228707,0.029222
validation,region_1,g2,3450,1.750969,4.021733,-1.218707,0.018510
validation,region_1,g2,3451,5.394610,-3.408141,-1.198796,0.000583
validation,region_1,g2,3452,1.431166,-0.120717,-1.169677,0.030130
validation,region_1,g2,3453,-2.052306,4.067327,-1.235143,0.034835
validation,region_1,g2,3454,4.846435,4.455431,-1.221105,0.020953
validation,region_1,g2,3455,-3.793258,-5.911280,-1.217044,0.017649
validation,region_1,g2,3456,4.934671,-4.647750,-1.199209,0.000064
validation,region_1,g2,3457,-1.067786,-2.859989,-1.209763,0.010150
validation,region_1,g2,3458,-1.353250,3.125977,-1.194496,0.005702
validation,region_1,g2,3459,0.132413,3.221586,-1.179608,0.020557
validation,region_1,g2,3460,-4.820786,-2.845351,-1.204167,0.004448
validation,region_1,g2,3461,-2.931748,5.066552,-1.141694,0.058734
validation,region_1,g2,3462,-3.908039,1.064951,-1.232991,0.032921
validation,region_1,g2,3463,-4.741419,-2.006829,-1.230568,0.030770
validation,region_1,g2,3464,1.410039,2.962446,-1.192863,0.007242
validation,region_1,g2,3465,-5.536451,-1.338641,-1.201154,0.001270
validation,region_1,g2,3466,2.566716,-3.862723,-1.193979,0.005436
validation,region_1,g2,3467,-4.246236,-3.568042,-1.179128,0.020505
validation,region_1,g2,3468,-2.476968,1.465751,-1.193245,0.006824
validation,region_1,g2,3469,-0.654320,-3.202703,-1.191301,0.008267
validation,region_1,g2,3470,-3.470141,-5.009167,-1.205034,0.005561
validation,region_1,g2,3471,-2.134523,4.061812,-1.206329,0.006020
validation,region_1,g2,3472,-2.552636,-0.229141,-1.208620,0.008712
validation,region_1,g2,3473,-4.926057,3.660914,-1.236510,0.036161
validation,region_1,g2,3474,4.478600,-4.824163,-1.187445,0.011823
validation,region_1,g2,3475,2.327302,-4.182231,-1.205950,0.006559
validation,region_1,g2,3476,-3.249090,-0.911620,-1.209244,0.009382
validation,region_1,g2,3477,2.858661,-4.535072,-1.198425,0.000917
validation,region_1,g2,3478,1.865735,4.077195,-1.236887,0.036688
validation,region_1,g2,3479,5.676081,3.818699,-1.190981,0.009086
validation,region_1,g2,3480,0.808695,-0.919139,-1.186547,0.013201
validation,region_1,g2,3481,5.843191,-1.125096,-1.184975,0.014612
validation,region_1,g2,3482,-2.562450,-1.056975,-1.193055,0.006773
validation,region_1,g2,3483,-0.493358,2.030047,-1.206215,0.006147
validation,region_1,g2,3484,-1.334732,-3.111663,-1.224780,0.025184
validation,region_1,g2,3485,4.393988,-0.934425,-1.216926,0.017280
validation,region_1,g2,3486,-0.476265,3.090984,-1.194615,0.005555
validation,region_1,g2,3487,-0.813723,4.974850,-1.197285,0.003076
validation,region_1,g2,3488,-0.120144,-0.491960,-1.193488,0.006326
validation,region_1,g2,3489,-2.302489,-2.705164,-1.243005,0.043342
validation,region_1,g2,3490,-1.388875,-1.257506,-1.203680,0.003904
validation,region_1,g2,3491,-5.611214,4.614811,-1.210020,0.009560
validation,region_1,g2,3492,-2.803168,2.270912,-1.192076,0.008079
validation,region_1,g2,3493,-2.149382,0.660750,-1.214092,0.014110
validation,region_1,g2,3494,5.337720,0.997990,-1.204012,0.004207
validation,region_1,g2,3495,-5.901704,2.021509,-1.167063,0.033156
validation,region_1,g2,3496,1.717061,-5.872932,-1.209006,0.009761
validation,region_1,g2,3497,1.367222,-1.331095,-1.219043,0.019351
validation,region_1,g2,3498,1.287568,-0.414324,-1.206897,0.007114
validation,region_1,g2,3499,-5.046939,1.578219,-1.159786,0.040366
validation,region_1,g2,3500,1.542335,4.305555,-1.212717,0.012487
validation,region_1,g2,3501,0.996024,-1.712033,-1.184355,0.015310
validation,region_1,g2,3502,5.561275,4.194268,-1.207275,0.007168
validation,region_1,g2,3503,-2.362151,-2.326670,-1.209536,0.009836
validation,region_1,g2,3504,-3.233122,-4.174166,-1.207084,0.007537
validation,region_1,g2,3505,5.974510,1.207131,-1.220320,0.020513
validation,region_1,g2,3506,-2.180161,0.619982,-1.199861,0.000119
validation,region_1,g2,3507,5.415980,-2.549872,-1.195470,0.003992
validation,region_1,g2,3508,-3.968742,-0.053914,-1.185239,0.014725
validation,region_1,g2,3509,4.311746,-0.267259,-1.200713,0.001001
validation,region_1,g2,3510,2.554335,1.097935,-1.225259,0.025366
validation,region_1,g2,3511,-3.373538,-3.727952,-1.210396,0.010803
validation,region_1,g2,3512,5.988306,4.620603,-1.175686,0.024450
validation,region_1,g2,3513,2.152569,-3.361177,-1.200224,0.000749
validation,region_1,g2,3514,4.505715,-2.830215,-1.216843,0.017383
validation,region_1,g2,3515,-2.257194,-0.734893,-1.164629,0.035222
validation,region_1,g2,3516,3.406806,3.284825,-1.201287,0.001207
validation,region_1,g2,3517,3.138446,-0.293193,-1.244814,0.045072
validation,region_1,g2,3518,-4.155026,-1.906303,-1.208068,0.008277
validation,region_1,g2,3519,5.398084,0.177149,-1.182846,0.016879
validation,region_1,g2,3520,0.296117,-1.230635,-1.229822,0.030090
validation,region_1,g2,3521,0.225378,3.302326,-1.217982,0.017811
validation,region_1,g2,3522,0.318346,-3.986768,-1.151413,0.048053
validation,region_1,g2,3523,1.259261,4.373332,-1.179601,0.020644
validation,region_1,g2,3524,-5.979735,-2.025102,-1.213539,0.013708
validation,region_1,g2,3525,4.950512,-5.609131,-1.183724,0.015456
validation,region_1,g2,3526,-0.412216,0.299362,-1.205277,0.005378
validation,region_1,g2,3527,2.625741,-2.830444,-1.177028,0.022485
validation,region_1,g2,3528,-1.215846,-0.148135,-1.196200,0.003678
validation,region_1,g2,3529,3.461176,-0.075691,-1.199996,0.000241
validation,region_1,g2,3530,-5.815364,-5.598107,-1.216984,0.017502
validation,region_1,g2,3531,-3.784364,-5.334394,-1.206478,0.007028
validation,region_1,g2,3532,1.314218,-2.114063,-1.212165,0.012547
validation,region_1,g2,3533,-3.594304,-5.725215,-1.201096,0.001689
validation,region_1,g2,3534,1.072953,0.864562,-1.185524,0.014387
validation,region_1,g2,3535,-3.979736,2.871083,-1.199365,0.000881
validation,region_1,g2,3536,-2.844221,4.440156,-1.185875,0.014491
validation,region_1,g2,3537,3.378218,2.699613,-1.196159,0.003865
validation,region_1,g2,3538,-4.501425,-0.346073,-1.196048,0.003903
validation,region_1,g2,3539,-1.113150,-3.014459,-1.211256,0.011657
validation,region_1,g2,3540,-5.894121,-3.755939,-1.216528,0.016867
validation,region_1,g2,3541,1.232228,0.009974,-1.220715,0.020890
validation,region_1,g2,3542,0.426705,-4.183019,-1.223090,0.023647
validation,region_1,g2,3543,-5.053924,-1.055610,-1.196911,0.002988
validation,region_1,g2,3544,-0.430476,-1.781073,-1.207461,0.007762
validation,region_1,g2,3545,-3.706501,-0.615870,-1.173791,0.026112
validation,region_1,g2,3546,2.345239,0.042468,-1.167344,0.032453
validation,region_1,g2,3547,3.970038,-3.353644,-1.213492,0.014068
validation,region_1,g2,3548,4.013974,-3.977295,-1.219622,0.020259
validation,region_1,g2,3549,2.434761,5.252680,-1.208258,0.007962
validation,region_1,g2,3550,-2.598303,-3.139481,-1.214019,0.014390
validation,region_1,g2,3551,-1.588701,-1.283454,-1.205341,0.005562
validation,region_1,g2,3552,3.883431,-2.652086,-1.243195,0.043701
validation,region_1,g2,3553,4.581611,-3.969910,-1.205784,0.006437
validation,region_1,g2,3554,5.455085,-4.991746,-1.237118,0.037893
validation,region_1,g2,3555,5.023760,-1.399061,-1.200818,0.001235
validation,region_1,g2,3556,0.313224,-4.270969,-1.191422,0.008016
validation,region_1,g2,3557,-3.619983,1.005762,-1.208031,0.007975
validation,region_1,g2,3558,1.591843,-4.209483,-1.195980,0.003429
validation,region_1,g2,3559,-2.616769,3.193131,-1.209216,0.008977
validation,region_1,g2,3560,-0.450951,5.124133,-1.211172,0.010807
validation,region_1,g2,3561,-0.792039,-4.741070,-1.196952,0.002472
validation,region_1,g2,3562,1.514785,1.289603,-1.191824,0.008116
validation,region_1,g2,3563,-4.258973,1.928791,-1.188107,0.012057
validation,region_1,g2,3564,-0.535662,1.408525,-1.203264,0.003255
validation,region_1,g2,3565,-3.803979,3.277969,-1.162376,0.037905
validation,region_1,g2,3566,3.949200,3.987776,-1.239524,0.039391
validation,region_1,g2,3567,-1.864576,0.782826,-1.185022,0.014964
validation,region_1,g2,3568,3.019384,4.592126,-1.203214,0.002997
validation,region_1,g2,3569,4.439491,-5.307436,-1.167226,0.031997
validation,region_1,g2,3570,0.235053,2.410462,-1.204469,0.004385
validation,region_1,g2,3571,-2.831961,-5.438334,-1.225982,0.026568
validation,region_1,g2,3572,0.935613,2.177797,-1.192584,0.007458
validation,region_1,g2,3573,-5.308525,1.564365,-1.185493,0.014664
validation,region_1,g2,3574,-5.450661,5.803561,-1.221667,0.021097
validation,region_1,g2,3575,4.665592,-1.326241,-1.247229,0.047629
validation,region_1,g2,3576,4.721690,0.061203,-1.204010,0.004277
validation,region_1,g2,3577,-3.492237,-5.000529,-1.210881,0.011407
validation,region_1,g2,3578,1.219200,1.568488,-1.207112,0.007136
validation,region_1,g2,3579,-3.698168,0.821732,-1.186126,0.013915
validation,region_1,g2,3580,-4.783480,-1.077404,-1.190794,0.009095
validation,region_1,g2,3581,2.148575,-4.593492,-1.215823,0.016468
validation,region_1,g2,3582,-1.603179,3.265088,-1.234980,0.034762
validation,region_1,g2,3583,-2.171631,-3.013052,-1.243949,0.044320
validation,region_1,g2,3584,0.861219,3.898132,-1.199386,0.000824
validation,region_1,g2,3585,0.883236,-5.591268,-1.221215,0.021920
validation,region_1,g2,3586,0.707508,-4.395742,-1.185746,0.013669
validation,region_1,g2,3587,-1.073754,-3.218189,-1.213369,0.013791
validation,region_1,g2,3588,-5.884527,1.399564,-1.190042,0.010115
validation,region_1,g2,3589,-0.028807,5.109288,-1.207405,0.007053
validation,region_1,g2,3590,1.097938,-0.103484,-1.227292,0.027474
validation,region_1,g2,3591,5.682618,2.693961,-1.208187,0.008228
validation,region_1,g2,3592,-3.580945,2.506676,-1.188891,0.011309
validation,region_1,g2,3593,-5.164638,-5.629960,-1.200228,0.000768
validation,region_1,g2,3594,0.181415,-2.076654,-1.152449,0.047205
validation,region_1,g2,3595,-4.205665,-3.980076,-1.179885,0.019708
validation,region_1,g2,3596,-2.499865,0.615549,-1.185171,0.014817
validation,region_1,g2,3597,-5.599239,-2.922882,-1.193027,0.006707
validation,region_1,g2,3598,3.497415,3.793001,-1.206018,0.005892
validation,region_1,g2,3599,-0.916919,-4.825508,-1.240551,0.041132
validation,region_2,g3,3600,-4.437097,-5.978861,-1.225722,0.026315
validation,region_2,g3,3601,5.587702,3.075148,-1.192206,0.007793
validation,region_2,g3,3602,-3.238164,-1.645700,-1.222205,0.022414
validation,region_2,g3,3603,-1.964057,5.065537,-1.178251,0.022150
validation,region_2,g3,3604,5.964178,-4.108525,-1.193642,0.005654
validation,region_2,g3,3605,-0.451066,5.238303,-1.196348,0.004027
validation,region_2,g3,3606,2.558773,-4.707208,-1.217065,0.017731
validation,region_2,g3,3607,-3.501724,1.229367,-1.181828,0.018247
validation,region_2,g3,3608,0.504552,-5.906482,-1.203534,0.004259
validation,region_2,g3,3609,-0.992175,5.347774,-1.179757,0.020644
validation,region_2,g3,3610,4.776698,-5.216102,-1.206994,0.007772
validation,region_2,g3,3611,-5.747593,5.680515,-1.194663,0.005904
validation,region_2,g3,3612,-5.498389,-1.155974,-1.180892,0.019009
validation,region_2,g3,3613,5.471021,-1.924202,-1.200967,0.001446
validation,region_2,g3,3614,4.802908,-1.346074,-1.219171,0.019577
validation,region_2,g3,3615,3.441679,3.419187,-1.222218,0.022127
validation,region_2,g3,3616,4.768946,-5.529646,-1.198659,0.000533
validation,region_2,g3,3617,5.908469,4.985272,-1.184936,0.015238
validation,region_2,g3,3618,4.772538,-5.087325,-1.246639,0.047404
validation,region_2,g3,3619,-2.055616,-4.625974,-1.177690,0.021780
validation,region_2,g3,3620,4.775487,-3.942822,-1.186099,0.013246
validation,region_2,g3,3621,-5.773267,3.461727,-1.183761,0.016593
validation,region_2,g3,3622,2.210992,-4.084162,-1.204315,0.004912
validation,region_2,g3,3623,-4.551688,-2.040056,-1.183998,0.015791
validation,region_2,g3,3624,-1.181389,4.180718,-1.187081,0.013213
validation,region_2,g3,3625,2.088805,-3.155911,-1.223131,0.023634
validation,region_2,g3,3626,-4.500105,-1.815301,-1.186042,0.013768
validation,region_2,g3,3627,5.098580,1.265525,-1.170844,0.028994
validation,region_2,g3,3628,-2.030031,6.026987,-1.205522,0.005026
validation,region_2,g3,3629,4.056705,3.503478,-1.210886,0.010803
validation,region_2,g3,3630,4.303158,2.326955,-1.200074,0.000112
validation,region_2,g3,3631,0.405444,-5.576733,-1.198124,0.001186
validation,region_2,g3,3632,2.246221,4.396233,-1.203858,0.003638
validation,region_2,g3,3633,-4.887400,-1.544956,-1.190939,0.008907
validation,region_2,g3,3634,-2.452951,0.007234,-1.206147,0.006219
validation,region_2,g3,3635,1.512946,1.854946,-1.188815,0.011180
validation,region_2,g3,3636,-0.256031,4.931322,-1.197081,0.003260
validation,region_2,g3,3637,1.999668,3.875544,-1.228660,0.028484
validation,region_2,g3,3638,-0.596464,-1.466270,-1.194275,0.005459
validation,region_2,g3,3639,4.306359,2.505974,-1.186829,0.013151
validation,region_2,g3,3640,-3.827090,0.323007,-1.199811,0.000185
validation,region_2,g3,3641,-0.382369,4.831571,-1.183575,0.016760
validation,region_2,g3,3642,5.896744,5.594706,-1.167069,0.033163
validation,region_2,g3,3643,1.927382,-4.239594,-1.210656,0.011260
validation,region_2,g3,3644,-5.726383,-3.081599,-1.226999,0.027277
validation,region_2,g3,3645,4.128021,1.151670,-1.217844,0.017990
validation,region_2,g3,3646,-0.785471,4.428123,-1.184678,0.015629
validation,region_2,g3,3647,0.033764,4.491682,-1.188797,0.011493
validation,region_2,g3,3648,-0.865213,3.949862,-1.176073,0.024190
validation,region_2,g3,3649,1.510125,-0.957681,-1.209119,0.009395
validation,region_2,g3,3650,0.593382,-1.695588,-1.202406,0.002728
validation,region_2,g3,3651,-5.942385,-2.967847,-1.257333,0.057594
validation,region_2,g3,3652,-1.432924,0.656755,-1.206413,0.006451
validation,region_2,g3,3653,-4.626110,-3.226817,-1.185228,0.014449
validation,region_2,g3,3654,0.477318,-2.317463,-1.236812,0.037190
validation,region_2,g3,3655,4.544094,2.404374,-1.172217,0.027746
validation,region_2,g3,3656,-4.472883,-0.865611,-1.162184,0.037717
validation,region_2,g3,3657,-2.073262,-4.709238,-1.168095,0.031367
validation,region_2,g3,3658,1.056996,3.306885,-1.227009,0.026861
validation,region_2,g3,3659,-2.048324,4.462118,-1.192383,0.007963
validation,region_2,g3,3660,-4.650733,-3.539210,-1.192883,0.006764
validation,region_2,g3,3661,3.388893,1.383112,-1.200876,0.000979
validation,region_2,g3,3662,-1.084183,2.634723,-1.211792,0.011650
validation,region_2,g3,3663,0.099756,2.182908,-1.179791,0.020275
validation,region_2,g3,3664,3.302553,-4.923811,-1.221811,0.022519
validation,region_2,g3,3665,2.625296,-3.947137,-1.195023,0.004382
validation,region_2,g3,3666,-4.809843,2.488264,-1.227181,0.026948
validation,region_2,g3,3667,5.102573,-2.651551,-1.214779,0.015319
validation,region_2,g3,3668,3.503002,3.538929,-1.214066,0.013964
validation,region_2,g3,3669,2.180503,-3.154584,-1.189000,0.010494
validation,region_2,g3,3670,-5.978459,-3.667954,-1.188696,0.010976
validation,region_2,g3,3671,-4.266165,-2.252959,-1.214392,0.014631
validation,region_2,g3,3672,4.782766,-2.804541,-1.206249,0.006794
validation,region_2,g3,3673,-3.864490,3.056738,-1.207934,0.007673
validation,region_2,g3,3674,-4.189164,0.605632,-1.200090,0.000056
validation,region_2,g3,3675,1.907600,5.694330,-1.214907,0.014553
validation,region_2,g3,3676,-5.101464,3.918729,-1.197361,0.003018
validation,region_2,g3,3677,-2.187282,3.567726,-1.208454,0.008191
validation,region_2,g3,3678,-4.325793,1.104118,-1.162847,0.037239
validation,region_2,g3,3679,0.749015,4.158021,-1.217104,0.016866
validation,region_2,g3,3680,1.320649,-5.326016,-1.193599,0.005709
validation,region_2,g3,3681,-3.699790,0.293717,-1.212693,0.012703
validation,region_2,g3,3682,3.221876,0.217508,-1.169031,0.030759
validation,region_2,g3,3683,-1.556353,4.626900,-1.197142,0.003206
validation,region_2,g3,3684,0.770307,-4.125049,-1.199211,0.000229
validation,region_2,g3,3685,-5.985316,2.515901,-1.216477,0.016209
validation,region_2,g3,3686,-3.465586,-3.795326,-1.215448,0.015859
validation,region_2,g3,3687,4.908292,2.835064,-1.175835,0.024160
validation,region_2,g3,3688,-2.249076,-3.202794,-1.202186,0.002573
validation,region_2,g3,3689,-0.172522,1.911391,-1.224307,0.024259
validation,region_2,g3,3690,-4.247135,-5.544864,-1.214358,0.014915
validation,region_2,g3,3691,5.837621,-1.289156,-1.185661,0.013911
validation,region_2,g3,3692,-5.371387,-0.407142,-1.175048,0.024921
validation,region_2,g3,3693,1.364998,-2.417520,-1.202063,0.002476
validation,region_2,g3,3694,0.939884,-5.654312,-1.183459,0.015828
validation,region_2,g3,3695,-3.315401,2.923760,-1.179375,0.020858
validation,region_2,g3,3696,5.995666,-2.505796,-1.174697,0.024753
validation,region_2,g3,3697,3.356996,5.727394,-1.208042,0.007725
validation,region_2,g3,3698,-1.043113,-2.065601,-1.191803,0.007886
validation,region_2,g3,3699,4.912164,-0.915341,-1.179571,0.020062
validation,region_2,g3,3700,3.267291,-5.734184,-1.203432,0.004217
validation,region_2,g3,3701,-2.480422,3.077270,-1.189657,0.010568
validation,region_2,g3,3702,-5.180093,-0.529807,-1.215058,0.015106
validation,region_2,g3,3703,3.630100,5.361039,-1.218056,0.017782
validation,region_2,g3,3704,4.824103,-1.704289,-1.196646,0.002913
validation,region_2,g3,3705,-3.635195,-4.030503,-1.167543,0.032029
validation,region_2,g3,3706,0.712734,-3.847187,-1.205053,0.005585
validation,region_2,g3,3707,-5.961190,0.596274,-1.193346,0.006737
validation,region_2,g3,3708,-2.032734,-1.847842,-1.190274,0.009464
validation,region_2,g3,3709,3.196164,3.240560,-1.215232,0.015150
validation,region_2,g3,3710,2.810222,-1.902178,-1.157940,0.041656
validation,region_2,g3,3711,-2.713710,5.651074,-1.156954,0.043525
validation,region_2,g3,3712,-3.672014,3.041752,-1.195580,0.004674
validation,region_2,g3,3713,-4.474808,-0.092588,-1.228072,0.028097
validation,region_2,g3,3714,-5.910641,2.280360,-1.170916,0.029328
validation,region_2,g3,3715,-2.724989,-5.242165,-1.194320,0.005109
validation,region_2,g3,3716,2.971812,2.146633,-1.222079,0.022097
validation,region_2,g3,3717,1.360573,-0.643071,-1.143747,0.056011
validation,region_2,g3,3718,4.681940,3.605857,-1.200934,0.000859
validation,region_2,g3,3719,4.795120,4.978904,-1.184833,0.015371
validation,region_2,g3,3720,-0.096331,-1.897339,-1.184193,0.015485
validation,region_2,g3,3721,5.039251,0.637108,-1.214770,0.014991
validation,region_2,g3,3722,-2.393257,0.558360,-1.181489,0.018490
validation,region_2,g3,3723,3.620532,3.119735,-1.188149,0.011909
validation,region_2,g3,3724,-0.654557,-3.493515,-1.181065,0.018475
validation,region_2,g3,3725,5.486462,1.626172,-1.213207,0.013345
validation,region_2,g3,3726,5.879953,-2.244294,-1.198740,0.000738
validation,region_2,g3,3727,-1.183938,0.621681,-1.195262,0.004689
validation,region_2,g3,3728,-5.879531,-4.999404,-1.196629,0.002912
validation,region_2,g3,3729,4.990045,-2.319894,-1.182963,0.016532
validation,region_2,g3,3730,2.612270,-5.916738,-1.213339,0.014124
validation,region_2,g3,3731,-2.694127,-1.781746,-1.212260,0.012498
validation,region_2,g3,3732,5.577781,-4.191020,-1.197704,0.001595
validation,region_2,g3,3733,-5.476517,4.748957,-1.182744,0.017725
validation,region_2,g3,3734,-3.313494,4.502978,-1.196266,0.004119
validation,region_2,g3,3735,-5.555669,-4.343511,-1.205258,0.005663
validation,region_2,g3,3736,1.974884,0.180780,-1.189917,0.009904
validation,region_2,g3,3737,-0.502606,3.300900,-1.202383,0.002192
validation,region_2,g3,3738,3.103137,-4.206065,-1.159243,0.040124
validation,region_2,g3,3739,5.914075,4.499472,-1.189342,0.010785
validation,region_2,g3,3740,4.756060,0.123238,-1.223427,0.023690
validation,region_2,g3,3741,-5.393989,-4.567635,-1.195262,0.004307
validation,region_2,g3,3742,-2.030579,4.050868,-1.173045,0.027261
validation,region_2,g3,3743,1.925549,1.657361,-1.176569,0.023396
validation,region_2,g3,3744,4.226854,-4.229220,-1.178611,0.020722
validation,region_2,g3,3745,-4.199551,-1.447967,-1.212378,0.012542
validation,region_2,g3,3746,0.732357,3.633962,-1.199842,0.000346
validation,region_2,g3,3747,-4.334829,0.942148,-1.217593,0.017523
validation,region_2,g3,3748,-4.562856,4.941938,-1.203076,0.002614
validation,region_2,g3,3749,-3.881207,-0.352184,-1.162496,0.037437
validation,region_2,g3,3750,-0.569931,2.689890,-1.203502,0.003369
validation,region_2,g3,3751,5.425361,1.501122,-1.188634,0.011218
validation,region_2,g3,3752,5.321901,4.127662,-1.204184,0.004077
validation,region_2,g3,3753,2.468498,0.789056,-1.201860,0.001994
validation,region_2,g3,3754,2.876341,1.935312,-1.189749,0.010216
validation,region_2,g3,3755,0.680344,2.454126,-1.210686,0.010611
validation,region_2,g3,3756,1.819769,-3.344591,-1.182658,0.016827
validation,region_2,g3,3757,0.266605,-3.640333,-1.182724,0.016776
validation,region_2,g3,3758,4.152787,-3.844885,-1.208135,0.008763
validation,region_2,g3,3759,1.664183,-0.084777,-1.208050,0.008246
validation,region_2,g3,3760,1.567909,4.993890,-1.212942,0.012646
validation,region_2,g3,3761,1.794451,-4.300389,-1.225740,0.026346
validation,region_2,g3,3762,-5.731842,4.926455,-1.200273,0.000220
validation,region_2,g3,3763,3.033744,0.656753,-1.219973,0.020136
validation,region_2,g3,3764,1.430380,0.299873,-1.210940,0.011092
validation,region_2,g3,3765,0.927832,2.101964,-1.213389,0.013354
validation,region_2,g3,3766,1.288885,0.152864,-1.208481,0.008644
validation,region_2,g3,3767,4.099315,-0.841641,-1.202174,0.002511
validation,region_2,g3,3768,0.233504,-4.547356,-1.221239,0.021825
validation,region_2,g3,3769,0.752646,-0.820609,-1.249853,0.050094
validation,region_2,g3,3770,3.221700,3.859944,-1.205963,0.005823
validation,region_2,g3,3771,0.617208,-4.982531,-1.188683,0.010678
validation,region_2,g3,3772,2.530288,-5.993932,-1.201531,0.002321
validation,region_2,g3,3773,-0.595479,1.429375,-1.219229,0.019216
validation,region_2,g3,3774,0.917185,3.059763,-1.224995,0.024867
validation,region_2,g3,3775,-0.618655,2.613955,-1.183230,0.016898
validation,region_2,g3,3776,5.325143,-2.390606,-1.186260,0.013219
validation,region_2,g3,3777,-3.698579,3.353795,-1.180261,0.020024
validation,region_2,g3,3778,5.683901,-0.935556,-1.188328,0.011281
validation,region_2,g3,3779,-3.018410,1.522210,-1.199552,0.000537
validation,region_2,g3,3780,-3.165245,-1.109327,-1.179782,0.020059
validation,region_2,g3,3781,4.623175,-0.121235,-1.207119,0.007401
validation,region_2,g3,3782,0.657305,-1.576470,-1.199399,0.000290
validation,region_2,g3,3783,-3.200785,-1.923569,-1.204913,0.005150
validation,region_2,g3,3784,4.741575,3.828968,-1.175186,0.024909
validation,region_2,g3,3785,5.197957,-5.754790,-1.209345,0.010187
validation,region_2,g3,3786,-1.023669,0.521885,-1.228003,0.028066
validation,region_2,g3,3787,-1.243550,-2.372267,-1.170897,0.028768
validation,region_2,g3,3788,0.898516,2.738866,-1.208570,0.008472
validation,region_2,g3,3789,-2.184281,5.324527,-1.172575,0.027858
validation,region_2,g3,3790,5.570999,5.365674,-1.239277,0.039058
validation,region_2,g3,3791,2.904549,5.874849,-1.199221,0.001122
validation,region_2,g3,3792,0.702870,3.304809,-1.208631,0.008474
validation,region_2,g3,3793,-4.505281,2.937360,-1.199941,0.000326
validation,region_2,g3,3794,-2.127641,2.353447,-1.196610,0.003534
validation,region_2,g3,3795,-0.826584,-4.173253,-1.228774,0.029295
validation,region_2,g3,3796,-2.196754,-4.649431,-1.183374,0.016098
validation,region_2,g3,3797,5.857842,-1.498439,-1.197458,0.002093
validation,region_2,g3,3798,-3.532908,5.364453,-1.257863,0.057388
validation,region_2,g3,3799,0.343553,5.713323,-1.205446,0.005047
validation,region_2,g3,3800,5.818014,3.458185,-1.216653,0.016624
validation,region_2,g3,3801,-0.585220,-1.590931,-1.217199,0.017478
validation,region_2,g3,3802,-2.035673,-1.985980,-1.192243,0.007481
validation,region_2,g3,3803,3.135965,5.814850,-1.177696,0.022635
validation,region_2,g3,3804,4.934186,-5.895492,-1.183702,0.015450
validation,region_2,g3,3805,2.655432,2.804887,-1.219679,0.019625
validation,region_2,g3,3806,4.460912,-2.510195,-1.240162,0.040670
validation,region_2,g3,3807,-5.496478,-1.951152,-1.199000,0.000824
validation,region_2,g3,3808,2.711547,-4.827375,-1.162578,0.036740
validation,region_2,g3,3809,-2.188324,-0.023348,-1.183966,0.015952
validation,region_2,g3,3810,-5.029902,-1.432291,-1.193022,0.006839
validation,region_2,g3,3811,5.918171,-4.505454,-1.193218,0.006041
validation,region_2,g3,3812,3.834791,-5.165576,-1.209148,0.009895
validation,region_2,g3,3813,-4.159450,-2.425982,-1.205787,0.006045
validation,region_2,g3,3814,-5.930737,-3.390267,-1.199353,0.000344
validation,region_2,g3,3815,0.497867,-4.022584,-1.225853,0.026396
validation,region_2,g3,3816,4.865560,3.988294,-1.157105,0.043002
validation,region_2,g3,3817,2.738597,1.034599,-1.187534,0.012348
validation,region_2,g3,3818,4.898008,2.608742,-1.150087,0.049886
validation,region_2,g3,3819,1.539071,3.694776,-1.187077,0.013094
validation,region_2,g3,3820,-5.326414,-5.134983,-1.200683,0.001170
validation,region_2,g3,3821,-1.228309,5.469978,-1.210107,0.009688
validation,region_2,g3,3822,5.619093,-0.985434,-1.188447,0.011159
validation,region_2,g3,3823,3.808970,-3.596216,-1.220524,0.021118
validation,region_2,g3,3824,0.572321,2.472917,-1.203164,0.003083
validation,region_2,g3,3825,5.470540,5.392598,-1.189012,0.011213
validation,region_2,g3,3826,4.280856,-3.760394,-1.182213,0.017163
validation,region_2,g3,3827,-3.551432,-4.803671,-1.203923,0.004428
validation,region_2,g3,3828,4.180146,5.524470,-1.209170,0.008896
validation,region_2,g3,3829,3.298351,-5.296220,-1.189571,0.009685
validation,region_2,g3,3830,2.792113,-0.686300,-1.211280,0.011565
validation,region_2,g3,3831,-5.096006,-2.573241,-1.248317,0.048564
validation,region_2,g3,3832,3.767322,1.698451,-1.169808,0.030109
validation,region_2,g3,3833,0.637725,0.079220,-1.218891,0.019042
validation,region_2,g3,3834,-2.106510,1.648367,-1.176033,0.024043
validation,region_2,g3,3835,-4.833725,-2.580411,-1.158886,0.040859
validation,region_2,g3,3836,1.148758,3.884175,-1.180464,0.019737
validation,region_2,g3,3837,4.466200,-5.293534,-1.184543,0.014680
validation,region_2,g3,3838,2.053298,2.177840,-1.176405,0.023605
validation,region_2,g3,3839,-0.287400,4.575385,-1.153978,0.046330
validation,region_2,g3,3840,2.696882,-5.658049,-1.183231,0.016007
validation,region_2,g3,3841,1.316960,-5.094613,-1.194568,0.004763
validation,region_2,g3,3842,2.335799,-5.295249,-1.174317,0.024966
validation,region_2,g3,3843,-0.648275,-4.616449,-1.220943,0.021511
validation,region_2,g3,3844,-2.348558,-5.217273,-1.217047,0.017625
validation,region_2,g3,3845,0.986712,0.361150,-1.211787,0.011921
validation,region_2,g3,3846,1.283153,-5.411562,-1.189650,0.009651
validation,region_2,g3,3847,0.479876,5.399255,-1.183860,0.016505
validation,region_2,g3,3848,-0.631813,0.881467,-1.192037,0.007924
validation,region_2,g3,3849,-5.663448,-4.240605,-1.201399,0.001791
validation,region_2,g3,3850,2.960866,4.878379,-1.203831,0.003586
validation,region_2,g3,3851,-4.042715,0.224965,-1.164987,0.035006
validation,region_2,g3,3852,1.371130,-4.306487,-1.228992,0.029587
validation,region_2,g3,3853,-1.340633,0.548382,-1.209600,0.009651
validation,region_2,g3,3854,-1.892476,4.127873,-1.203439,0.003130
validation,region_2,g3,3855,4.802589,4.216731,-1.226596,0.026465
validation,region_2,g3,3856,1.594444,3.512151,-1.191849,0.008303
validation,region_2,g3,3857,-2.215034,-3.494839,-1.214991,0.015407
validation,region_2,g3,3858,-5.269092,3.183906,-1.198163,0.002150
validation,region_2,g3,3859,5.390744,4.355157,-1.183495,0.016632
validation,region_2,g3,3860,3.101431,3.824543,-1.189848,0.010292
validation,region_2,g3,3861,3.689196,-2.996066,-1.228037,0.028571
validation,region_2,g3,3862,-0.718311,-2.725124,-1.191378,0.008238
validation,region_2,g3,3863,-3.808704,-0.653693,-1.238598,0.038696
validation,region_2,g3,3864,0.183262,0.365602,-1.225557,0.025668
validation,region_2,g3,3865,1.411737,-4.845598,-1.186177,0.013175
validation,region_2,g3,3866,-1.362341,0.423094,-1.204993,0.005056
validation,region_2,g3,3867,1.428391,2.301718,-1.194973,0.005067
validation,region_2,g3,3868,1.640595,-3.621868,-1.187703,0.011761
validation,region_2,g3,3869,-0.890303,3.342237,-1.201790,0.001585
validation,region_2,g3,3870,1.853229,0.980364,-1.199916,0.000015
validation,region_2,g3,3871,-2.691951,1.451566,-1.200034,0.000040
validation,region_2,g3,3872,-3.885911,-3.648211,-1.159250,0.040365
validation,region_2,g3,3873,-5.455041,2.240251,-1.190802,0.009425
validation,region_2,g3,3874,-1.667908,-0.043069,-1.204688,0.004787
validation,region_2,g3,3875,-0.119130,2.827046,-1.199045,0.001089
validation,region_2,g3,3876,-3.445397,0.274997,-1.230302,0.030321
validation,region_2,g3,3877,0.997246,2.785518,-1.241729,0.041630
validation,region_2,g3,3878,0.281800,-4.120235,-1.231435,0.031981
validation,region_2,g3,3879,-0.422449,2.203535,-1.177747,0.022335
validation,region_2,g3,3880,0.656971,0.661453,-1.179173,0.020731
validation,region_2,g3,3881,4.918195,-5.078794,-1.211651,0.012419
validation,region_2,g3,3882,3.930061,-3.408444,-1.215083,0.015662
validation,region_2,g3,3883,4.974432,-0.625903,-1.175744,0.023915
validation,region_2,g3,3884,-3.675203,4.700838,-1.220931,0.020517
validation,region_2,g3,3885,-1.773953,-4.537134,-1.168836,0.030635
validation,region_2,g3,3886,3.334675,-5.360079,-1.190259,0.008990
validation,region_2,g3,3887,2.126390,-1.659012,-1.177904,0.021735
validation,region_2,g3,3888,2.902180,-3.820732,-1.195209,0.004201
validation,region_2,g3,3889,2.567522,3.648587,-1.205639,0.005501
validation,region_2,g3,3890,-3.012952,-3.323692,-1.208622,0.008999
validation,region_2,g3,3891,5.379762,5.477670,-1.195752,0.004484
validation,region_2,g3,3892,-0.524798,-1.528664,-1.187147,0.012579
validation,region_2,g3,3893,-5.642390,-0.520918,-1.198901,0.001065
validation,region_2,g3,3894,3.509281,-5.503934,-1.201952,0.002722
validation,region_2,g3,3895,-1.517692,3.883272,-1.198527,0.001748
validation,region_2,g3,3896,2.958779,-0.703555,-1.212947,0.013239
validation,region_2,g3,3897,-0.460034,-1.793396,-1.200855,0.001157
validation,region_2,g3,3898,2.736777,0.364061,-1.224771,0.024954
validation,region_2,g3,3899,-0.830927,-3.156382,-1.178493,0.021085
