frame_seq,point_index,x_m,y_m,z_m
316103,16335,1.9713,0.0086,-0.4878
316103,16339,1.9690,0.0086,-0.4691
316103,16343,1.9603,0.0263,-0.4852
316103,16347,1.9717,0.0265,-0.4661
316103,16351,1.9639,0.0439,-0.4861
316103,16355,1.9682,0.0440,-0.4654
316103,16359,1.9489,0.0612,-0.4789
316103,16363,1.9638,0.0617,-0.4645
316103,16367,1.9591,0.0790,-0.4816
316103,16371,1.9797,0.0799,-0.4684
316103,16375,1.9537,0.0966,-0.4804
316103,16379,1.9721,0.0971,-0.4667
316103,16383,1.9456,0.1135,-0.4787
316103,16387,1.9728,0.1148,-0.4671
316103,16391,1.9716,0.1327,-0.4854
316103,16395,1.9519,0.1314,-0.4624
316103,16399,1.9552,0.1494,-0.4816
316103,16403,1.9634,0.1497,-0.4655
316103,16407,1.9495,0.1664,-0.4806
316103,16411,1.9705,0.1679,-0.4675
316103,16415,1.9601,0.1849,-0.4836
316103,16419,1.9695,0.1858,-0.4676
316103,16423,1.9569,0.2026,-0.4832
316103,16427,1.9821,0.2048,-0.4710
316103,16431,1.9684,0.2215,-0.4865
316103,16435,1.9498,0.2190,-0.4638
316103,16439,1.9672,0.2391,-0.4868
316103,16443,1.9924,0.2418,-0.4744
316103,16447,1.9401,0.2537,-0.4806
316103,16451,1.9626,0.2563,-0.4679
316103,16455,1.9280,0.2696,-0.4782
316103,16459,1.9392,0.2708,-0.4628
316103,16463,1.9823,0.0086,-0.4504
316103,16467,2.0334,0.0089,-0.4434
316103,16468,1.9251,0.0084,-0.4943
316103,16471,1.9882,0.0264,-0.4517
316103,16472,1.9237,0.0259,-0.5119
316103,16475,2.0149,0.0267,-0.4394
316103,16476,1.9354,0.0260,-0.4970
316103,16479,1.9930,0.0445,-0.4529
316103,16483,2.0160,0.0450,-0.4397
316103,16484,1.9299,0.0435,-0.4957
316103,16487,1.9838,0.0620,-0.4509
316103,16491,2.0106,0.0628,-0.4386
316103,16492,1.9290,0.0606,-0.4955
316103,16495,1.9933,0.0804,-0.4532
316103,16499,1.9971,0.0802,-0.4358
316103,16500,1.9138,0.0775,-0.4918
316103,16503,1.9839,0.0977,-0.4513
316103,16507,2.0042,0.0984,-0.4375
316103,16508,1.9346,0.0956,-0.4937
316103,16511,1.9842,0.1155,-0.4516
316103,16515,2.0010,0.1164,-0.4370
316103,16516,1.9162,0.1118,-0.4893
316103,16519,2.0084,0.1348,-0.4573
316103,16523,1.9741,0.1325,-0.4314
316103,16524,1.9216,0.1297,-0.4909
316103,16527,1.9894,0.1517,-0.4533
316103,16531,2.0253,0.1541,-0.4429
316103,16532,1.9296,0.1475,-0.4933
316103,16535,2.0042,0.1708,-0.4570
316103,16539,1.9985,0.1699,-0.4373
316103,16540,1.9262,0.1648,-0.4928
316103,16543,1.9913,0.1875,-0.4544
316103,16547,2.0094,0.1889,-0.4401
316103,16548,1.9328,0.1827,-0.4949
316103,16551,1.9962,0.2059,-0.4559
316103,16552,1.9222,0.1993,-0.5106
316103,16555,2.0145,0.2075,-0.4415
316103,16556,1.9270,0.1995,-0.4938
316103,16559,1.9633,0.2202,-0.4489
316103,16563,1.9797,0.2221,-0.4344
316103,16564,1.9226,0.2167,-0.4932
316103,16567,1.9740,0.2396,-0.4518
316103,16571,1.9935,0.2416,-0.4378
316103,16572,1.9634,0.2390,-0.5042
316103,16575,1.9597,0.2556,-0.4490
316103,16576,1.9152,0.2511,-0.5104
316103,16579,1.9963,0.2600,-0.4389
316103,16580,1.9194,0.2513,-0.4934
316103,16583,1.9681,0.2745,-0.4515
316103,16587,1.9998,0.2786,-0.4402
316103,16588,1.9231,0.2692,-0.4950
316103,16591,1.9561,0.2913,-0.4858
316103,16595,1.9790,0.2944,-0.4730
316103,16599,1.9600,0.3094,-0.4874
316103,16603,1.9455,0.3071,-0.4656
316103,16607,1.9380,0.3243,-0.4826
316103,16611,1.9612,0.3271,-0.4700
316103,16615,1.9372,0.3416,-0.4832
316103,16619,1.9546,0.3446,-0.4692
316103,16623,1.9581,0.3629,-0.4892
316103,16627,1.9716,0.3654,-0.4740
316103,16631,1.9459,0.3783,-0.4869
316103,16635,1.9678,0.3825,-0.4739
316103,16639,1.9538,0.3975,-0.4860
316103,16643,1.9690,0.4006,-0.4713
316103,16647,1.9520,0.4185,-0.4867
316103,16651,1.9537,0.4153,-0.4685
316103,16655,1.9399,0.4336,-0.4846
316103,16659,1.9836,0.4434,-0.4767
316103,16663,1.9490,0.4535,-0.4878
316103,16667,1.9743,0.4594,-0.4754
316103,16668,1.9214,0.4471,-0.5360
316103,16671,1.9440,0.4703,-0.4876
316103,16675,1.9475,0.4711,-0.4700
316103,16679,1.9396,0.4872,-0.4875
316103,16683,1.9366,0.4864,-0.4683
316103,16687,1.9331,0.5035,-0.4870
316103,16691,1.9468,0.5071,-0.4719
316103,16695,1.9228,0.5188,-0.4855
316103,16699,1.9441,0.5246,-0.4723
316103,16703,1.9116,0.5337,-0.4838
316103,16707,1.9365,0.5407,-0.4716
316103,16711,1.9305,0.5572,-0.4861
316103,16715,1.9527,0.5636,-0.4767
316103,16719,2.0001,0.2971,-0.4594
316103,16720,1.9356,0.2893,-0.5171
316103,16723,2.0172,0.2989,-0.4446
316103,16724,1.9149,0.2852,-0.4935
316103,16727,1.9931,0.3143,-0.4584
316103,16731,2.0293,0.3196,-0.4479
316103,16732,1.9328,0.3061,-0.4988
316103,16735,1.9908,0.3321,-0.4585
316103,16736,1.9303,0.3237,-0.5171
316103,16739,1.9981,0.3329,-0.4417
316103,16740,1.9441,0.3257,-0.5025
316103,16743,1.9776,0.3476,-0.4562
316103,16744,1.9245,0.3393,-0.5163
316103,16747,2.0110,0.3535,-0.4452
316103,16748,1.9332,0.3409,-0.5004
316103,16751,1.9817,0.3673,-0.4579
316103,16755,2.0111,0.3727,-0.4460
316103,16756,1.9007,0.3523,-0.4927
316103,16759,1.9690,0.3827,-0.4557
316103,16760,1.9252,0.3777,-0.5183
316103,16763,2.0283,0.3943,-0.4505
316103,16764,1.9446,0.3780,-0.5049
316103,16767,1.9867,0.4042,-0.4569
316103,16768,1.9161,0.3933,-0.5132
316103,16771,2.0114,0.4092,-0.4475
316103,16772,1.9217,0.3945,-0.4964
316103,16775,1.9865,0.4222,-0.4577
316103,16776,1.9367,0.4152,-0.5196
316103,16779,2.0180,0.4289,-0.4461
316103,16780,1.9468,0.4174,-0.5038
316103,16783,1.9916,0.4415,-0.4597
316103,16787,2.0571,0.4560,-0.4556
316103,16788,1.9532,0.4366,-0.5064
316103,16791,1.9973,0.4611,-0.4620
316103,16792,1.9103,0.4445,-0.5146
316103,16795,2.0449,0.4721,-0.4538
316103,16796,1.9430,0.4522,-0.5048
316103,16799,1.9917,0.4818,-0.4618
316103,16800,1.9326,0.4675,-0.5216
316103,16803,2.0240,0.4859,-0.4500
316103,16804,1.9161,0.4636,-0.4988
316103,16807,1.9948,0.5011,-0.4635
316103,16811,2.0138,0.5058,-0.4489
316103,16812,1.9186,0.4819,-0.5006
316103,16815,1.9830,0.5165,-0.4618
316103,16819,2.0220,0.5267,-0.4518
316103,16820,1.9022,0.4955,-0.4974
316103,16823,1.9867,0.5361,-0.4637
316103,16827,2.0080,0.5418,-0.4497
316103,16831,1.9669,0.5492,-0.4602
316103,16835,2.0244,0.5652,-0.4544
316103,16836,1.9119,0.5374,-0.5025
316103,16839,1.9834,0.5725,-0.4652
316103,16843,2.0370,0.5880,-0.4584
316103,16847,1.9361,0.5808,-0.4890
316103,16851,1.9611,0.5846,-0.4762
316103,16855,1.9437,0.6017,-0.4922
316103,16859,1.9685,0.6056,-0.4793
316103,16863,1.9090,0.6093,-0.4848
316103,16867,1.9510,0.6226,-0.4766
316103,16871,1.9212,0.6316,-0.4893
316103,16875,1.9681,0.6471,-0.4821
316103,16879,1.9363,0.6554,-0.4945
316103,16883,1.9693,0.6666,-0.4838
316103,16887,1.9323,0.6729,-0.4950
316103,16891,1.9634,0.6837,-0.4838
316103,16895,1.9310,0.6914,-0.4924
316103,16899,1.9656,0.7038,-0.4858
316103,16903,1.9188,0.7060,-0.4909
316103,16907,1.9347,0.7118,-0.4759
316103,16911,1.9451,0.7350,-0.4992
316103,16915,1.9654,0.7427,-0.4851
316103,16919,1.9483,0.7557,-0.5017
316103,16923,1.9721,0.7649,-0.4884
316103,16927,1.9335,0.7734,-0.5000
316103,16931,1.9533,0.7773,-0.4854
316103,16935,1.9326,0.7926,-0.5015
316103,16939,1.9588,0.7994,-0.4884
316103,16943,1.9111,0.8034,-0.4977
316103,16947,1.9863,0.8309,-0.4971
316103,16951,1.9083,0.8218,-0.4950
316103,16955,1.9569,0.8387,-0.4876
316103,16963,1.9330,0.8526,-0.4839
316103,16967,1.9376,0.8749,-0.5065
316103,16971,1.9471,0.8791,-0.4893
316103,16975,1.9949,0.5947,-0.4653
316103,16979,2.0245,0.6035,-0.4568
316103,16980,1.9116,0.5735,-0.5013
316103,16983,1.9767,0.6081,-0.4623
316103,16987,2.0230,0.6224,-0.4538
316103,16988,1.9100,0.5913,-0.5022
316103,16991,1.9868,0.6303,-0.4659
316103,16995,2.0271,0.6430,-0.4559
316103,16996,1.9061,0.6083,-0.5026
316103,16999,2.0086,0.6565,-0.4723
316103,17003,2.0187,0.6598,-0.4553
316103,17007,1.9950,0.6753,-0.4708
316103,17011,2.0417,0.6871,-0.4618
316103,17015,1.9782,0.6889,-0.4682
316103,17019,2.0337,0.7042,-0.4614
316103,17020,1.9079,0.6644,-0.5075
316103,17023,1.9966,0.7149,-0.4740
316103,17027,2.0450,0.7282,-0.4654
316103,17031,1.9782,0.7278,-0.4712
316103,17035,2.0077,0.7387,-0.4586
316103,17039,1.9913,0.7524,-0.4719
316103,17043,2.0529,0.7757,-0.4665
316103,17047,2.0168,0.7823,-0.4796
316103,17051,2.0441,0.7928,-0.4660
316103,17055,1.9957,0.7942,-0.4762
316103,17059,2.0261,0.8063,-0.4635
316103,17063,2.0004,0.8163,-0.4790
316103,17067,2.0250,0.8264,-0.4649
316103,17071,1.9951,0.8346,-0.4794
316103,17075,2.0115,0.8414,-0.4635
316103,17079,1.9826,0.8498,-0.4782
316103,17083,2.0371,0.8731,-0.4711
316103,17087,1.9685,0.8641,-0.4727
316103,17091,1.9968,0.8765,-0.4635
316103,17095,1.9425,0.8730,-0.4682
316103,17099,1.9673,0.8841,-0.4545
316103,17103,1.9281,0.8909,-0.5060
316103,17107,1.9271,0.8904,-0.4862
316103,17111,1.9266,0.9107,-0.5077
316103,17115,1.9351,0.9147,-0.4902
316103,17119,1.9384,0.9371,-0.5090
316103,17123,1.9585,0.9468,-0.4982
316103,17127,1.9174,0.9476,-0.5056
316103,17131,1.9400,0.9588,-0.4917
316103,17135,1.9328,0.9763,-0.5119
316103,17139,1.9458,0.9829,-0.4953
316103,17143,1.9461,1.0044,-0.5177
316103,17231,1.9402,0.8924,-0.4695
316103,17235,1.9260,0.8859,-0.4468
316103,17239,1.9341,0.9101,-0.4700
316103,17243,1.9440,0.9148,-0.4528
316103,17247,1.9602,0.9476,-0.4787
316103,17251,1.9646,0.9455,-0.4595
316103,17255,1.9817,0.9794,-0.4860
316103,17259,1.9878,0.9781,-0.4669
316103,17263,1.9729,0.9966,-0.4819
316103,17458,1.9270,-0.9524,-0.5081
316103,17462,1.9888,-0.9829,-0.5040
316103,17466,1.9325,-0.9342,-0.5074
316103,17470,1.9855,-0.9598,-0.5051
316103,17474,1.9422,-0.9181,-0.5118
316103,17478,1.9734,-0.9328,-0.4999
316103,17482,1.9629,-0.9070,-0.5151
316103,17486,1.9712,-0.9108,-0.4973
316103,17573,1.9167,-0.9935,-0.5303
316103,17581,1.9121,-0.9701,-0.5267
316103,17586,1.9797,-0.9784,-0.4855
316103,17589,1.9255,-0.9558,-0.5280
316103,17590,2.0036,-0.9859,-0.4706
316103,17594,2.0089,-0.9711,-0.4906
316103,17597,1.9161,-0.9304,-0.5232
316103,17598,2.0135,-0.9690,-0.4709
316103,17602,2.0147,-0.9481,-0.4896
316103,17605,1.9244,-0.9097,-0.5228
316103,17606,2.0131,-0.9473,-0.4689
316103,17610,1.9880,-0.9144,-0.4811
316103,17613,1.9173,-0.8859,-0.5227
316103,17614,2.0131,-0.9259,-0.4669
316103,17618,1.9478,-0.8794,-0.5091
316103,17622,1.9881,-0.8977,-0.4996
316103,17626,1.9441,-0.8574,-0.5062
316103,17630,1.9874,-0.8765,-0.4975
316103,17634,1.9667,-0.8470,-0.5101
316103,17638,1.9873,-0.8518,-0.4952
316103,17642,1.9472,-0.8185,-0.5071
316103,17646,1.9990,-0.8362,-0.5003
316103,17650,1.9521,-0.8006,-0.5065
316103,17654,1.9763,-0.8065,-0.4928
316103,17658,1.9641,-0.7856,-0.5079
316103,17662,1.9905,-0.7921,-0.4946
316103,17666,1.9553,-0.7584,-0.5035
316103,17670,1.9726,-0.7651,-0.4885
316103,17674,1.9454,-0.7351,-0.4993
316103,17678,2.0146,-0.7613,-0.4972
316103,17682,1.9504,-0.7176,-0.4989
316103,17686,1.9807,-0.7287,-0.4872
316103,17690,1.9704,-0.7055,-0.5025
316103,17694,1.9908,-0.7128,-0.4921
316103,17698,1.9823,-0.6903,-0.5078
316103,17702,1.9999,-0.6965,-0.4928
316103,17706,1.9583,-0.6628,-0.5002
316103,17710,1.9781,-0.6696,-0.4860
316103,17714,1.9361,-0.6366,-0.4931
316103,17718,1.9760,-0.6497,-0.4840
316103,17722,1.9538,-0.6235,-0.4962
316103,17726,1.9874,-0.6342,-0.4855
316103,17730,1.9627,-0.6076,-0.4971
316103,17734,1.9953,-0.6138,-0.4858
316103,17738,1.9546,-0.5864,-0.4937
316103,17742,2.0093,-0.5990,-0.4879
316103,17746,1.9962,-0.8971,-0.4812
316103,17749,1.9110,-0.8629,-0.5189
316103,17750,2.0225,-0.9090,-0.4673
316103,17754,2.0115,-0.8830,-0.4830
316103,17757,1.9322,-0.8522,-0.5226
316103,17758,2.0268,-0.8897,-0.4705
316103,17762,2.0172,-0.8646,-0.4866
316103,17765,1.9214,-0.8275,-0.5177
316103,17766,2.0146,-0.8635,-0.4659
316103,17770,2.0247,-0.8469,-0.4866
316103,17773,1.9070,-0.8016,-0.5119
316103,17774,2.0288,-0.8487,-0.4674
316103,17777,1.9104,-0.7835,-0.5302
316103,17778,2.0211,-0.8248,-0.4839
316103,17781,1.9165,-0.7860,-0.5165
316103,17782,2.0420,-0.8333,-0.4688
316103,17786,2.0298,-0.8078,-0.4843
316103,17789,1.9367,-0.7746,-0.5201
316103,17790,2.0521,-0.8166,-0.4694
316103,17794,1.9985,-0.7752,-0.4752
316103,17797,1.9608,-0.7645,-0.5247
316103,17798,2.0394,-0.7910,-0.4650
316103,17801,1.9124,-0.7264,-0.5291
316103,17802,2.0225,-0.7642,-0.4793
316103,17805,1.9267,-0.7319,-0.5139
316103,17806,2.0671,-0.7811,-0.4697
316103,17810,2.0017,-0.7365,-0.4768
316103,17813,1.9266,-0.7123,-0.5121
316103,17814,2.0434,-0.7518,-0.4668
316103,17818,2.0219,-0.7239,-0.4800
316103,17821,1.9301,-0.6911,-0.5111
316103,17822,2.0397,-0.7263,-0.4642
316103,17826,2.0126,-0.7009,-0.4764
316103,17829,1.9133,-0.6663,-0.5089
316103,17830,2.0401,-0.7065,-0.4628
316103,17833,1.9363,-0.6588,-0.5328
316103,17834,2.0138,-0.6816,-0.4752
316103,17837,1.9157,-0.6484,-0.5080
316103,17838,2.0698,-0.6966,-0.4682
316103,17841,1.9158,-0.6299,-0.5253
316103,17842,2.0223,-0.6610,-0.4756
316103,17845,1.9196,-0.6311,-0.5076
316103,17846,2.0428,-0.6677,-0.4607
316103,17849,1.9202,-0.6128,-0.5250
316103,17850,2.0108,-0.6379,-0.4715
316103,17853,1.9229,-0.6137,-0.5070
316103,17854,2.0384,-0.6466,-0.4585
316103,17857,1.9196,-0.5942,-0.5234
316103,17858,2.0394,-0.6274,-0.4769
316103,17861,1.9333,-0.5984,-0.5083
316103,17862,2.0379,-0.6269,-0.4571
316103,17866,2.0148,-0.6006,-0.4699
316103,17869,1.9332,-0.5800,-0.5070
316103,17870,2.0402,-0.6082,-0.4603
316103,17874,1.9778,-0.5709,-0.4980
316103,17878,1.9975,-0.5766,-0.4876
316103,17882,1.9873,-0.5549,-0.5030
316103,17885,1.9163,-0.5386,-0.5371
316103,17886,2.0150,-0.5626,-0.4907
316103,17890,1.9719,-0.5321,-0.4979
316103,17894,2.0055,-0.5411,-0.4872
316103,17898,1.9749,-0.5144,-0.4975
316103,17902,2.0013,-0.5213,-0.4851
316103,17906,1.9647,-0.4935,-0.4938
316103,17910,1.9961,-0.5014,-0.4827
316103,17914,1.9609,-0.4744,-0.4918
316103,17917,1.9329,-0.4712,-0.5405
316103,17918,1.9845,-0.4801,-0.4789
316103,17922,1.9686,-0.4581,-0.4927
316103,17925,1.9566,-0.4553,-0.5458
316103,17926,2.0144,-0.4688,-0.4851
316103,17930,1.9762,-0.4417,-0.4936
316103,17933,1.9315,-0.4317,-0.5377
316103,17934,1.9877,-0.4443,-0.4777
316103,17938,1.9859,-0.4257,-0.4951
316103,17941,1.9497,-0.4180,-0.5418
316103,17942,2.0056,-0.4263,-0.4809
316103,17946,1.9862,-0.4041,-0.4941
316103,17949,1.9408,-0.3984,-0.5383
316103,17950,2.0127,-0.4095,-0.4817
316103,17953,1.9264,-0.3780,-0.5518
316103,17954,1.9875,-0.3863,-0.4973
316103,17957,1.9592,-0.3844,-0.5462
316103,17958,2.0102,-0.3907,-0.4841
316103,17962,2.0004,-0.3707,-0.4997
316103,17965,1.9532,-0.3655,-0.5436
316103,17966,2.0044,-0.3715,-0.4819
316103,17970,1.9710,-0.3475,-0.4916
316103,17973,1.9318,-0.3441,-0.5368
316103,17974,2.0091,-0.3543,-0.4823
316103,17977,1.9285,-0.3245,-0.5534
316103,17978,1.9866,-0.3324,-0.4947
316103,17981,1.9491,-0.3276,-0.5407
316103,17982,2.0422,-0.3406,-0.4894
316103,17986,1.9874,-0.3137,-0.4942
316103,17989,1.9401,-0.3080,-0.5374
316103,17990,2.0048,-0.3164,-0.4798
316103,17994,1.9834,-0.2954,-0.4925
316103,17997,1.9385,-0.2901,-0.5362
316103,17998,2.0275,-0.3016,-0.4846
316103,18001,1.9276,-0.5600,-0.5229
316103,18002,2.0562,-0.5935,-0.4823
316103,18005,1.9551,-0.5680,-0.5114
316103,18006,2.0921,-0.6038,-0.4708
316103,18009,1.9225,-0.5404,-0.5239
316103,18010,2.0458,-0.5712,-0.4787
316103,18013,1.9313,-0.5429,-0.5076
316103,18014,2.0445,-0.5708,-0.4589
316103,18017,1.9281,-0.5238,-0.5242
316103,18018,2.0540,-0.5542,-0.4795
316103,18021,1.9734,-0.5325,-0.5172
316103,18022,2.0615,-0.5562,-0.4616
316103,18025,1.9167,-0.5028,-0.5198
316103,18026,2.0094,-0.5234,-0.4680
316103,18029,1.9316,-0.5031,-0.5051
316103,18030,2.0848,-0.5431,-0.4658
316103,18033,1.9312,-0.4851,-0.5224
316103,18034,2.0399,-0.5124,-0.4740
316103,18037,1.9473,-0.4891,-0.5081
316103,18038,2.0600,-0.5174,-0.4592
316103,18041,1.9409,-0.4696,-0.5239
316103,18042,2.0587,-0.4981,-0.4773
316103,18045,1.9507,-0.4719,-0.5078
316103,18046,2.0587,-0.4943,-0.4578
316103,18049,1.9525,-0.4544,-0.5259
316103,18050,2.0315,-0.4690,-0.4699
316103,18053,1.9622,-0.4566,-0.5098
316103,18054,2.0705,-0.4780,-0.4594
316103,18057,1.9625,-0.4387,-0.5276
316103,18058,2.0517,-0.4549,-0.4736
316103,18061,1.9752,-0.4415,-0.5121
316103,18062,2.0632,-0.4574,-0.4569
316103,18065,1.9713,-0.4226,-0.5289
316103,18066,2.0230,-0.4300,-0.4661
316103,18069,1.9773,-0.4239,-0.5117
316103,18070,2.0500,-0.4357,-0.4531
316103,18073,1.9609,-0.4025,-0.5252
316103,18074,2.0395,-0.4149,-0.4690
316103,18077,1.9704,-0.4045,-0.5090
316103,18078,2.0559,-0.4183,-0.4574
316103,18081,1.9638,-0.3853,-0.5287
316103,18082,2.0448,-0.3975,-0.4733
316103,18085,1.9998,-0.3887,-0.5193
316103,18086,2.0797,-0.4043,-0.4619
316103,18089,1.9728,-0.3692,-0.5303
316103,18090,2.0069,-0.3720,-0.4637
316103,18093,2.0059,-0.3718,-0.5200
316103,18094,2.0763,-0.3848,-0.4604
316103,18097,1.9395,-0.3420,-0.5203
316103,18098,2.0317,-0.3571,-0.4687
316103,18101,1.9833,-0.3497,-0.5133
316103,18102,2.0469,-0.3598,-0.4531
316103,18105,1.9451,-0.3262,-0.5211
316103,18106,2.0092,-0.3351,-0.4628
316103,18109,1.9732,-0.3306,-0.5100
316103,18110,2.0606,-0.3434,-0.4555
316103,18113,1.9508,-0.3093,-0.5219
316103,18114,2.0416,-0.3219,-0.4696
316103,18117,1.9734,-0.3126,-0.5093
316103,18118,2.0662,-0.3254,-0.4560
316103,18121,1.9580,-0.2926,-0.5231
316103,18122,2.0525,-0.3049,-0.4714
316103,18125,1.9592,-0.2918,-0.5049
316103,18126,2.0623,-0.3056,-0.4546
316103,18130,1.9576,-0.2737,-0.4855
316103,18134,2.0023,-0.2796,-0.4779
316103,18138,1.9580,-0.2560,-0.4850
316103,18141,1.9503,-0.2561,-0.5381
316103,18142,1.9871,-0.2595,-0.4737
316103,18146,1.9541,-0.2375,-0.4835
316103,18149,1.9255,-0.2351,-0.5307
316103,18150,1.9825,-0.2406,-0.4721
316103,18154,1.9657,-0.2212,-0.4859
316103,18158,1.9862,-0.2231,-0.4725
316103,18162,1.9671,-0.2036,-0.4857
316103,18165,1.9211,-0.1995,-0.5284
316103,18166,1.9919,-0.2058,-0.4734
316103,18170,1.9742,-0.1863,-0.4871
316103,18173,1.9204,-0.1822,-0.5277
316103,18174,1.9805,-0.1869,-0.4702
316103,18178,1.9768,-0.1688,-0.4873
316103,18182,1.9716,-0.1680,-0.4678
316103,18186,1.9717,-0.1507,-0.4857
316103,18189,1.9353,-0.1482,-0.5310
316103,18190,1.9820,-0.1511,-0.4699
316103,18194,1.9703,-0.1326,-0.4850
316103,18197,1.9117,-0.1293,-0.5242
316103,18198,1.9963,-0.1343,-0.4730
316103,18202,1.9792,-0.1155,-0.4870
316103,18205,1.9217,-0.1125,-0.5266
316103,18206,1.9978,-0.1162,-0.4731
316103,18210,1.9818,-0.0980,-0.4874
316103,18213,1.9201,-0.0953,-0.5295
316103,18214,1.9998,-0.0985,-0.4733
316103,18218,1.9811,-0.0799,-0.4870
316103,18221,1.9180,-0.0777,-0.5287
316103,18222,2.0094,-0.0811,-0.4754
316103,18226,1.9726,-0.0620,-0.4848
316103,18230,1.9821,-0.0623,-0.4688
316103,18234,1.9706,-0.0440,-0.4878
316103,18238,1.9788,-0.0442,-0.4679
316103,18242,1.9609,-0.0264,-0.4853
316103,18246,1.9950,-0.0268,-0.4716
316103,18250,1.9615,-0.0086,-0.4854
316103,18254,2.0006,-0.0087,-0.4766
316103,18257,1.9178,-0.2688,-0.5117
316103,18258,2.0342,-0.2837,-0.4666
316103,18261,1.9488,-0.2728,-0.5016
316103,18262,2.0608,-0.2871,-0.4537
316103,18265,1.9383,-0.2542,-0.5165
316103,18266,2.0347,-0.2653,-0.4662
316103,18269,1.9365,-0.2536,-0.4978
316103,18270,2.0564,-0.2678,-0.4522
316103,18273,1.9549,-0.2383,-0.5203
316103,18274,2.0239,-0.2456,-0.4632
316103,18277,1.9571,-0.2382,-0.5025
316103,18278,2.0592,-0.2496,-0.4523
316103,18281,1.9299,-0.2178,-0.5131
316103,18282,2.0065,-0.2251,-0.4587
316103,18285,1.9413,-0.2188,-0.4980
316103,18286,2.0590,-0.2310,-0.4517
316103,18289,1.9462,-0.2018,-0.5170
316103,18290,2.0242,-0.2088,-0.4623
316103,18293,1.9458,-0.2014,-0.4986
316103,18294,2.0639,-0.2126,-0.4524
316103,18297,1.9384,-0.1836,-0.5144
316103,18298,2.0041,-0.1887,-0.4573
316103,18301,1.9439,-0.1838,-0.4977
316103,18302,2.0482,-0.1925,-0.4485
316103,18305,1.9237,-0.1646,-0.5101
316103,18306,2.0064,-0.1709,-0.4575
316103,18309,1.9522,-0.1670,-0.4994
316103,18310,2.0491,-0.1742,-0.4484
316103,18313,1.9206,-0.1471,-0.5089
316103,18314,1.9890,-0.1516,-0.4532
316103,18317,1.9702,-0.1506,-0.5037
316103,18318,2.0558,-0.1564,-0.4495
316103,18321,1.9370,-0.1307,-0.5129
316103,18322,2.0312,-0.1363,-0.4625
316103,18325,1.9423,-0.1311,-0.4962
316103,18326,2.0588,-0.1382,-0.4499
316103,18329,1.9532,-0.1143,-0.5169
316103,18330,2.0225,-0.1177,-0.4603
316103,18333,1.9545,-0.1141,-0.4991
316103,18334,2.0596,-0.1198,-0.4498
316103,18337,1.9255,-0.0952,-0.5094
316103,18338,2.0309,-0.1000,-0.4620
316103,18341,1.9554,-0.0967,-0.4990
316103,18342,2.0473,-0.1005,-0.4469
316103,18345,1.9441,-0.0788,-0.5177
316103,18346,2.0049,-0.0809,-0.4559
316103,18349,1.9741,-0.0800,-0.5073
316103,18350,2.0473,-0.0822,-0.4467
316103,18353,1.9449,-0.0611,-0.5177
316103,18354,2.0311,-0.0635,-0.4617
316103,18357,1.9638,-0.0617,-0.5045
316103,18358,2.0755,-0.0649,-0.4528
316103,18361,1.9152,-0.0431,-0.5097
316103,18362,2.0392,-0.0456,-0.4634
316103,18365,1.9669,-0.0443,-0.5051
316103,18366,2.0704,-0.0463,-0.4515
316103,18369,1.9302,-0.0259,-0.5136
316103,18370,2.0301,-0.0269,-0.4613
316103,18373,1.9361,-0.0260,-0.4971
316103,18374,2.0497,-0.0272,-0.4470
316103,18377,1.9146,-0.0084,-0.5094
316103,18378,2.0107,-0.0088,-0.4568
316103,18381,1.9454,-0.0085,-0.4995
316103,18382,2.0502,-0.0089,-0.4470
316103,18383,2.1647,0.0094,-0.3751
316103,18384,2.0650,0.0090,-0.4314
316103,18387,2.1872,0.0095,-0.3593
316103,18388,2.0819,0.0091,-0.4160
316103,18391,2.1640,0.0287,-0.3750
316103,18392,2.0534,0.0272,-0.4290
316103,18395,2.1974,0.0291,-0.3611
316103,18396,2.0705,0.0275,-0.4138
316103,18399,2.1840,0.0484,-0.3785
316103,18400,2.0392,0.0456,-0.4261
316103,18403,2.2046,0.0489,-0.3623
316103,18404,2.0636,0.0461,-0.4125
316103,18407,2.1633,0.0672,-0.3750
316103,18408,2.0312,0.0635,-0.4246
316103,18411,2.2064,0.0686,-0.3627
316103,18412,2.0695,0.0647,-0.4137
316103,18415,2.1459,0.0858,-0.3721
316103,18416,2.0486,0.0823,-0.4283
316103,18419,2.1875,0.0875,-0.3593
316103,18420,2.0714,0.0832,-0.4142
316103,18423,2.1793,0.1066,-0.3781
316103,18424,2.0427,0.1003,-0.4273
316103,18427,2.1921,0.1072,-0.3602
316103,18428,2.0689,0.1015,-0.4139
316103,18431,2.1596,0.1249,-0.3744
316103,18432,2.0365,0.1181,-0.4262
316103,18435,2.1955,0.1270,-0.3609
316103,18436,2.0490,0.1189,-0.4101
316103,18439,2.1405,0.1429,-0.3713
316103,18440,2.0104,0.1346,-0.4209
316103,18443,2.1948,0.1462,-0.3610
316103,18444,2.0490,0.1372,-0.4103
316103,18447,2.1308,0.1613,-0.3699
316103,18448,2.0359,0.1545,-0.4265
316103,18451,2.1957,0.1659,-0.3614
316103,18452,2.0430,0.1550,-0.4094
316103,18455,2.1470,0.1818,-0.3729
316103,18456,2.0196,0.1717,-0.4234
316103,18459,2.1957,0.1855,-0.3612
316103,18460,2.0245,0.1718,-0.4060
316103,18463,2.1416,0.2002,-0.3719
316103,18464,2.0048,0.1885,-0.4207
316103,18467,2.1963,0.2053,-0.3616
316103,18468,2.0705,0.1943,-0.4155
316103,18471,2.1734,0.2227,-0.3778
316103,18472,2.0170,0.2077,-0.4236
316103,18475,2.1850,0.2239,-0.3601
316103,18476,2.0560,0.2114,-0.4130
316103,18479,2.1510,0.2398,-0.3742
316103,18480,2.0110,0.2252,-0.4227
316103,18483,2.1862,0.2437,-0.3606
316103,18484,2.0229,0.2262,-0.4067
316103,18487,2.1632,0.2606,-0.3763
316103,18488,2.0116,0.2434,-0.4233
316103,18491,2.1699,0.2611,-0.3579
316103,18492,2.0617,0.2491,-0.4150
316103,18495,2.1394,0.2771,-0.3726
316103,18496,2.0259,0.2635,-0.4268
316103,18499,2.1795,0.2819,-0.3599
316103,18500,2.0432,0.2654,-0.4117
316103,18503,2.1714,0.3009,-0.3783
316103,18504,2.0144,0.2802,-0.4249
316103,18507,2.1938,0.3036,-0.3623
316103,18508,2.0458,0.2842,-0.4127
316103,18511,2.2376,0.0098,-0.3472
316103,18512,2.0957,0.0091,-0.3998
316103,18515,2.2523,0.0098,-0.3294
316103,18516,2.1533,0.0094,-0.3913
316103,18519,2.2161,0.0294,-0.3439
316103,18520,2.1061,0.0279,-0.4018
316103,18523,2.2681,0.0301,-0.3317
316103,18524,2.1294,0.0282,-0.3870
316103,18527,2.2256,0.0493,-0.3454
316103,18528,2.1168,0.0473,-0.4039
316103,18531,2.2436,0.0497,-0.3282
316103,18532,2.1186,0.0470,-0.3851
316103,18535,2.2139,0.0688,-0.3437
316103,18536,2.0991,0.0656,-0.4006
316103,18539,2.2578,0.0702,-0.3303
316103,18540,2.1167,0.0658,-0.3849
316103,18543,2.2190,0.0887,-0.3446
316103,18544,2.1091,0.0847,-0.4027
316103,18547,2.2516,0.0900,-0.3295
316103,18548,2.1365,0.0854,-0.3886
316103,18551,2.2225,0.1087,-0.3453
316103,18552,2.0939,0.1028,-0.3999
316103,18555,2.2441,0.1094,-0.3286
316103,18556,2.1329,0.1043,-0.3881
316103,18559,2.2271,0.1284,-0.3461
316103,18560,2.0783,0.1206,-0.3971
316103,18563,2.2371,0.1290,-0.3273
316103,18564,2.1299,0.1232,-0.3877
316103,18567,2.2353,0.1489,-0.3476
316103,18568,2.0817,0.1394,-0.3980
316103,18571,2.2640,0.1508,-0.3314
316103,18572,2.0951,0.1399,-0.3816
316103,18575,2.2306,0.1685,-0.3467
316103,18576,2.0690,0.1570,-0.3958
316103,18579,2.2479,0.1698,-0.3293
316103,18580,2.1207,0.1606,-0.3865
316103,18583,2.2086,0.1866,-0.3435
316103,18584,2.0797,0.1765,-0.3982
316103,18587,2.2480,0.1896,-0.3295
316103,18588,2.0884,0.1768,-0.3809
316103,18591,2.2092,0.2065,-0.3439
316103,18592,2.0916,0.1959,-0.4007
316103,18595,2.2298,0.2080,-0.3271
316103,18596,2.1301,0.1995,-0.3888
316103,18599,2.1881,0.2238,-0.3409
316103,18600,2.0924,0.2148,-0.4012
316103,18603,2.2448,0.2296,-0.3292
316103,18604,2.1383,0.2195,-0.3906
316103,18607,2.2158,0.2466,-0.3451
316103,18608,2.0996,0.2344,-0.4030
316103,18611,2.2531,0.2507,-0.3307
316103,18612,2.1361,0.2385,-0.3906
316103,18615,2.2142,0.2664,-0.3452
316103,18616,2.0643,0.2491,-0.3966
316103,18619,2.2218,0.2669,-0.3265
316103,18620,2.1019,0.2536,-0.3848
316103,18623,2.1962,0.2841,-0.3428
316103,18624,2.0721,0.2687,-0.3986
316103,18627,2.2493,0.2905,-0.3305
316103,18628,2.1177,0.2747,-0.3881
316103,18631,2.2046,0.3047,-0.3441
316103,18632,2.0890,0.2899,-0.4023
316103,18635,2.2192,0.3068,-0.3264
316103,18636,2.1166,0.2933,-0.3883
316103,18639,2.1841,0.3221,-0.3809
316103,18640,2.0445,0.3030,-0.4318
316103,18643,2.1956,0.3238,-0.3630
316103,18644,2.0662,0.3058,-0.4174
316103,18647,2.1720,0.3397,-0.3789
316103,18648,2.0436,0.3211,-0.4322
316103,18651,2.2120,0.3460,-0.3658
316103,18652,2.0869,0.3279,-0.4221
316103,18655,2.1587,0.3578,-0.3772
316103,18656,2.0372,0.3391,-0.4314
316103,18659,2.2049,0.3646,-0.3652
316103,18660,2.0701,0.3438,-0.4193
316103,18663,2.1711,0.3797,-0.3795
316103,18664,2.0484,0.3597,-0.4345
316103,18667,2.2134,0.3867,-0.3667
316103,18668,2.0632,0.3619,-0.4186
316103,18671,2.1629,0.3970,-0.3786
316103,18672,2.0739,0.3844,-0.4406
316103,18675,2.2139,0.4063,-0.3674
316103,18676,2.0764,0.3848,-0.4220
316103,18679,2.1884,0.4214,-0.3833
316103,18680,2.0630,0.4010,-0.4391
316103,18683,2.2003,0.4237,-0.3653
316103,18684,2.0712,0.4026,-0.4216
316103,18687,2.1728,0.4381,-0.3813
316103,18688,2.0790,0.4230,-0.4432
316103,18691,2.1999,0.4436,-0.3659
316103,18692,2.0902,0.4253,-0.4262
316103,18695,2.2007,0.4638,-0.3864
316103,18696,2.0801,0.4421,-0.4404
316103,18699,2.1991,0.4634,-0.3660
316103,18700,2.0829,0.4427,-0.4216
316103,18703,2.1909,0.4857,-0.3852
316103,18704,2.0549,0.4556,-0.4359
316103,18707,2.2112,0.4862,-0.3683
316103,18708,2.0942,0.4643,-0.4247
316103,18711,2.1780,0.5028,-0.3829
316103,18712,2.0749,0.4790,-0.4410
316103,18715,2.2135,0.5110,-0.3696
316103,18716,2.1011,0.4851,-0.4270
316103,18719,2.1864,0.5249,-0.3852
316103,18720,2.0439,0.4907,-0.4353
316103,18723,2.2204,0.5331,-0.3707
316103,18724,2.1420,0.5143,-0.4362
316103,18727,2.1731,0.5418,-0.3836
316103,18728,2.0453,0.5099,-0.4365
316103,18731,2.2183,0.5531,-0.3711
316103,18732,2.0615,0.5140,-0.4207
316103,18735,2.1710,0.5615,-0.3837
316103,18736,2.0551,0.5315,-0.4396
316103,18739,2.2122,0.5721,-0.3705
316103,18740,2.0681,0.5348,-0.4230
316103,18743,2.1780,0.5836,-0.3854
316103,18744,2.0342,0.5489,-0.4363
316103,18747,2.2156,0.5937,-0.3719
316103,18748,2.0683,0.5542,-0.4240
316103,18751,2.1956,0.6089,-0.3887
316103,18752,2.0312,0.5671,-0.4367
316103,18755,2.2209,0.6159,-0.3733
316103,18756,2.0965,0.5814,-0.4308
316103,18759,2.1882,0.6274,-0.3883
316103,18760,2.0287,0.5855,-0.4373
316103,18763,2.2315,0.6399,-0.3752
316103,18764,2.0858,0.6020,-0.4299
316103,18767,2.2461,0.3309,-0.3511
316103,18768,2.1047,0.3112,-0.4059
316103,18771,2.2572,0.3321,-0.3324
316103,18772,2.1583,0.3183,-0.3965
316103,18775,2.2417,0.3506,-0.3504
316103,18776,2.0984,0.3294,-0.4052
316103,18779,2.2676,0.3543,-0.3340
316103,18780,2.1522,0.3374,-0.3959
316103,18783,2.2253,0.3680,-0.3484
316103,18784,2.1026,0.3492,-0.4066
316103,18787,2.2491,0.3719,-0.3318
316103,18788,2.1320,0.3537,-0.3927
316103,18791,2.2368,0.3900,-0.3503
316103,18792,2.1039,0.3683,-0.4074
316103,18795,2.2596,0.3940,-0.3334
316103,18796,2.1455,0.3756,-0.3958
316103,18799,2.2326,0.4098,-0.3502
316103,18800,2.1396,0.3927,-0.4150
316103,18803,2.2852,0.4194,-0.3377
316103,18804,2.1485,0.3943,-0.3970
316103,18807,2.2422,0.4318,-0.3519
316103,18808,2.1186,0.4118,-0.4117
316103,18811,2.2514,0.4336,-0.3328
316103,18812,2.1513,0.4143,-0.3981
316103,18815,2.2432,0.4523,-0.3526
316103,18816,2.1221,0.4317,-0.4131
316103,18819,2.2697,0.4577,-0.3361
316103,18820,2.1427,0.4359,-0.3974
316103,18823,2.2657,0.4775,-0.3564
316103,18824,2.1473,0.4564,-0.4148
316103,18827,2.2654,0.4774,-0.3357
316103,18828,2.1649,0.4602,-0.3982
316103,18831,2.2238,0.4889,-0.3500
316103,18832,2.1078,0.4673,-0.4080
316103,18835,2.2539,0.4955,-0.3342
316103,18836,2.1676,0.4805,-0.3995
316103,18839,2.2523,0.5158,-0.3552
316103,18840,2.1409,0.4943,-0.4152
316103,18843,2.2738,0.5208,-0.3378
316103,18844,2.1513,0.4967,-0.3973
316103,18847,2.2743,0.5418,-0.3586
316103,18848,2.1250,0.5102,-0.4129
316103,18851,2.2994,0.5478,-0.3415
316103,18852,2.1326,0.5120,-0.3946
316103,18855,2.2548,0.5622,-0.3564
316103,18856,2.1298,0.5310,-0.4148
316103,18859,2.2644,0.5604,-0.3370
316103,18860,2.1418,0.5340,-0.3972
316103,18863,2.2477,0.5813,-0.3561
316103,18864,2.1197,0.5482,-0.4137
316103,18867,2.2846,0.5866,-0.3407
316103,18868,2.1419,0.5539,-0.3981
316103,18871,2.2456,0.6017,-0.3562
316103,18872,2.1365,0.5725,-0.4179
316103,18875,2.2830,0.6117,-0.3410
316103,18876,2.1298,0.5707,-0.3967
316103,18879,2.2426,0.6219,-0.3561
316103,18880,2.1066,0.5842,-0.4131
316103,18883,2.2891,0.6348,-0.3423
316103,18884,2.1485,0.5958,-0.4012
316103,18887,2.2598,0.6480,-0.3589
316103,18888,2.1145,0.6063,-0.4156
316103,18891,2.3093,0.6622,-0.3462
316103,18892,2.1260,0.6096,-0.3979
316103,18895,2.2026,0.6524,-0.3918
316103,18896,2.0569,0.6132,-0.4445
316103,18899,2.2196,0.6575,-0.3741
316103,18900,2.0893,0.6229,-0.4317
316103,18903,2.1690,0.6631,-0.3865
316103,18904,2.0669,0.6359,-0.4439
316103,18907,2.2182,0.6782,-0.3744
316103,18908,2.0955,0.6447,-0.4341
316103,18911,2.2014,0.6941,-0.3929
316103,18912,2.0660,0.6554,-0.4449
316103,18915,2.2195,0.6998,-0.3753
316103,18916,2.0749,0.6582,-0.4271
316103,18919,2.1876,0.7108,-0.3907
316103,18920,2.0377,0.6660,-0.4400
316103,18923,2.2243,0.7227,-0.3763
316103,18924,2.0749,0.6782,-0.4283
316103,18927,2.1735,0.7273,-0.3893
316103,18928,2.0489,0.6895,-0.4438
316103,18931,2.2102,0.7395,-0.3750
316103,18932,2.0905,0.7035,-0.4327
316103,18935,2.1782,0.7500,-0.3909
316103,18936,2.0475,0.7090,-0.4448
316103,18939,2.2145,0.7625,-0.3764
316103,18940,2.0842,0.7217,-0.4327
316103,18943,2.1658,0.7669,-0.3894
316103,18944,2.0719,0.7378,-0.4515
316103,18947,2.2114,0.7831,-0.3766
316103,18948,2.0839,0.7420,-0.4340
316103,18951,2.1858,0.7956,-0.3934
316103,18952,2.0611,0.7543,-0.4505
316103,18955,2.2010,0.8011,-0.3752
316103,18956,2.0719,0.7582,-0.4328
316103,18959,2.1755,0.8134,-0.3924
316103,18960,2.0702,0.7781,-0.4540
316103,18963,2.2052,0.8245,-0.3771
316103,18964,2.0846,0.7835,-0.4369
316103,18967,2.1660,0.8358,-0.3918
316103,18968,2.0796,0.8024,-0.4535
316103,18971,2.2026,0.8455,-0.3775
316103,18972,2.1107,0.8145,-0.4439
316103,18975,2.1719,0.8599,-0.3938
316103,18976,2.0462,0.8101,-0.4477
316103,18979,2.1942,0.8643,-0.3769
316103,18980,2.0836,0.8250,-0.4356
316103,18983,2.1587,0.8766,-0.3924
316103,18984,2.0305,0.8286,-0.4462
316103,18987,2.1851,0.8828,-0.3762
316103,18988,2.0714,0.8411,-0.4346
316103,18991,2.1684,0.9026,-0.3952
316103,18992,2.0308,0.8495,-0.4479
316103,18995,2.2286,0.9231,-0.3846
316103,18996,2.0635,0.8589,-0.4345
316103,18999,2.1513,0.9176,-0.3927
316103,19000,2.0176,0.8648,-0.4466
316103,19003,2.2167,0.9409,-0.3836
316103,19004,2.0678,0.8820,-0.4370
316103,19007,2.1608,0.9440,-0.3954
316103,19008,2.0166,0.8852,-0.4481
316103,19011,2.2012,0.9617,-0.3817
316103,19012,2.0542,0.8975,-0.4357
316103,19015,2.1520,0.9626,-0.3949
316103,19016,1.9885,0.8936,-0.4435
316103,19019,2.2138,0.9903,-0.3850
316103,19020,2.0229,0.9049,-0.4307
316103,19023,2.2478,0.6658,-0.3579
316103,19024,2.1039,0.6232,-0.4146
316103,19027,2.3069,0.6833,-0.3458
316103,19028,2.1492,0.6366,-0.4033
316103,19031,2.2504,0.6880,-0.3593
316103,19032,2.1193,0.6479,-0.4188
316103,19035,2.3010,0.7035,-0.3459
316103,19036,2.1415,0.6547,-0.4029
316103,19039,2.2376,0.7055,-0.3578
316103,19040,2.1086,0.6689,-0.4140
316103,19043,2.2699,0.7157,-0.3417
316103,19044,2.1514,0.6783,-0.4059
316103,19047,2.2501,0.7311,-0.3603
316103,19048,2.1240,0.6942,-0.4182
316103,19051,2.2965,0.7462,-0.3462
316103,19052,2.1477,0.6978,-0.4022
316103,19055,2.2531,0.7539,-0.3610
316103,19056,2.1006,0.7069,-0.4148
316103,19059,2.3109,0.7732,-0.3494
316103,19060,2.1438,0.7173,-0.4027
316103,19063,2.2281,0.7672,-0.3581
316103,19064,2.1095,0.7305,-0.4178
316103,19067,2.3100,0.7954,-0.3494
316103,19068,2.1465,0.7433,-0.4046
316103,19071,2.2355,0.7916,-0.3599
316103,19072,2.1131,0.7525,-0.4198
316103,19075,2.3006,0.8147,-0.3491
316103,19076,2.1357,0.7605,-0.4038
316103,19079,2.2628,0.8236,-0.3650
316103,19080,2.1043,0.7701,-0.4194
316103,19083,2.2999,0.8371,-0.3496
316103,19084,2.1372,0.7821,-0.4054
316103,19087,2.2700,0.8487,-0.3665
316103,19088,2.0951,0.7875,-0.4189
316103,19091,2.2955,0.8583,-0.3497
316103,19092,2.1443,0.8060,-0.4081
316103,19095,2.2708,0.8717,-0.3679
316103,19096,2.1160,0.8165,-0.4245
316103,19099,2.2866,0.8777,-0.3486
316103,19100,2.1274,0.8209,-0.4062
316103,19103,2.2457,0.8846,-0.3646
316103,19104,2.0999,0.8314,-0.4186
316103,19107,2.2726,0.8952,-0.3476
316103,19108,2.1287,0.8428,-0.4078
316103,19111,2.2422,0.9059,-0.3649
316103,19112,2.0916,0.8493,-0.4184
316103,19115,2.2881,0.9244,-0.3508
316103,19116,2.1492,0.8727,-0.4090
316103,19119,2.2395,0.9276,-0.3653
316103,19120,2.0989,0.8737,-0.4214
316103,19123,2.2820,0.9452,-0.3507
316103,19124,2.1339,0.8883,-0.4076
316103,19127,2.2524,0.9561,-0.3683
316103,19128,2.0894,0.8912,-0.4210
316103,19131,2.2726,0.9647,-0.3501
316103,19132,2.1268,0.9071,-0.4077
316103,19135,2.2359,0.9722,-0.3666
316103,19136,2.0816,0.9094,-0.4210
316103,19139,2.2800,0.9914,-0.3521
316103,19140,2.1311,0.9311,-0.4101
316103,19143,2.2380,0.9964,-0.3674
316103,19144,2.0865,0.9333,-0.4236
316103,19148,2.1113,0.9444,-0.4074
316103,19151,2.1506,0.9846,-0.3954
316103,19152,1.9517,0.8977,-0.4332
316103,19156,1.9733,0.9076,-0.4222
316103,19160,1.9851,0.9341,-0.4424
316103,19164,1.9861,0.9346,-0.4227
316103,19168,2.0044,0.9646,-0.4485
316103,19172,2.0051,0.9650,-0.4285
316103,19176,2.0190,0.9935,-0.4537
316103,19180,2.0288,0.9983,-0.4354
316103,19284,2.1057,0.9641,-0.4071
316103,19292,2.0903,0.9791,-0.4058
316103,19300,2.0410,0.9779,-0.3970
316103,19505,2.0179,-0.9929,-0.4535
316103,19513,2.0385,-0.9811,-0.4562
316103,19521,2.0250,-0.9529,-0.4513
316103,19525,2.0676,-0.9730,-0.4400
316103,19529,2.0343,-0.9357,-0.4515
316103,19530,2.1442,-0.9817,-0.3942
316103,19533,2.0870,-0.9599,-0.4465
316103,19641,2.0763,-0.9948,-0.4225
316103,19649,2.1070,-0.9870,-0.4312
316103,19653,2.1069,-0.9869,-0.4090
316103,19657,2.0949,-0.9591,-0.4270
316103,19661,2.1357,-0.9778,-0.4129
316103,19665,2.0374,-0.9156,-0.4545
316103,19666,2.1455,-0.9597,-0.3937
316103,19669,2.0644,-0.9235,-0.4396
316103,19670,2.2169,-0.9916,-0.3855
316103,19673,2.0586,-0.9037,-0.4574
316103,19674,2.1567,-0.9422,-0.3947
316103,19677,2.0858,-0.9112,-0.4424
316103,19678,2.2160,-0.9682,-0.3843
316103,19681,2.0631,-0.8842,-0.4567
316103,19682,2.1418,-0.9136,-0.3909
316103,19685,2.0702,-0.8830,-0.4375
316103,19686,2.1993,-0.9335,-0.3806
316103,19689,2.0422,-0.8543,-0.4504
316103,19690,2.1614,-0.8997,-0.3939
316103,19693,2.0806,-0.8661,-0.4381
316103,19694,2.2154,-0.9176,-0.3824
316103,19697,2.0545,-0.8384,-0.4515
316103,19698,2.1617,-0.8778,-0.3929
316103,19701,2.0896,-0.8485,-0.4384
316103,19702,2.1966,-0.8875,-0.3782
316103,19705,2.0703,-0.8197,-0.4530
316103,19706,2.1705,-0.8594,-0.3936
316103,19709,2.0810,-0.8239,-0.4351
316103,19710,2.2035,-0.8680,-0.3785
316103,19713,2.0605,-0.7951,-0.4493
316103,19714,2.1592,-0.8332,-0.3906
316103,19717,2.0848,-0.8045,-0.4384
316103,19718,2.1992,-0.8442,-0.3769
316103,19721,2.0779,-0.7810,-0.4557
316103,19722,2.1954,-0.8208,-0.3960
316103,19725,2.0722,-0.7789,-0.4343
316103,19726,2.2018,-0.8232,-0.3765
316103,19729,2.0742,-0.7591,-0.4534
316103,19730,2.1894,-0.7969,-0.3941
316103,19733,2.0832,-0.7623,-0.4352
316103,19734,2.2024,-0.8016,-0.3754
316103,19737,2.0764,-0.7394,-0.4524
316103,19738,2.1718,-0.7691,-0.3905
316103,19741,2.0990,-0.7474,-0.4371
316103,19742,2.1981,-0.7784,-0.3743
316103,19745,2.0872,-0.7227,-0.4534
316103,19746,2.1699,-0.7472,-0.3894
316103,19749,2.1076,-0.7298,-0.4376
316103,19750,2.2002,-0.7576,-0.3740
316103,19753,2.0913,-0.7038,-0.4529
316103,19754,2.1708,-0.7263,-0.3888
316103,19757,2.0960,-0.7054,-0.4339
316103,19758,2.1935,-0.7339,-0.3721
316103,19761,2.0853,-0.6816,-0.4503
316103,19762,2.1844,-0.7097,-0.3901
316103,19765,2.1046,-0.6879,-0.4344
316103,19766,2.2156,-0.7199,-0.3748
316103,19769,2.0961,-0.6649,-0.4514
316103,19770,2.1688,-0.6838,-0.3871
316103,19773,2.1159,-0.6712,-0.4355
316103,19774,2.2056,-0.6954,-0.3729
316103,19777,2.0927,-0.6438,-0.4494
316103,19778,2.1796,-0.6664,-0.3884
316103,19781,2.0858,-0.6417,-0.4321
316103,19782,2.2220,-0.6793,-0.3751
316103,19785,2.0984,-0.6255,-0.4534
316103,19786,2.1906,-0.6489,-0.3897
316103,19789,2.1161,-0.6308,-0.4372
316103,19790,2.2199,-0.6575,-0.3741
316103,19793,2.1109,-0.9442,-0.4286
316103,19794,2.2162,-0.9867,-0.3639
316103,19797,2.1265,-0.9512,-0.4103
316103,19801,2.1107,-0.9221,-0.4269
316103,19802,2.2249,-0.9674,-0.3648
316103,19805,2.1350,-0.9328,-0.4108
316103,19806,2.2631,-0.9840,-0.3495
316103,19809,2.0974,-0.8946,-0.4226
316103,19810,2.2322,-0.9475,-0.3650
316103,19813,2.1350,-0.9106,-0.4093
316103,19814,2.2709,-0.9639,-0.3498
316103,19817,2.1149,-0.8804,-0.4246
316103,19818,2.2324,-0.9247,-0.3641
316103,19821,2.1255,-0.8847,-0.4059
316103,19822,2.2817,-0.9451,-0.3506
316103,19825,2.1029,-0.8539,-0.4207
316103,19826,2.2542,-0.9108,-0.3668
316103,19829,2.1448,-0.8709,-0.4082
316103,19830,2.2745,-0.9189,-0.3487
316103,19833,2.1120,-0.8362,-0.4210
316103,19834,2.2477,-0.8854,-0.3649
316103,19837,2.1512,-0.8517,-0.4121
316103,19838,2.2583,-0.8896,-0.3454
316103,19841,2.1102,-0.8143,-0.4233
316103,19842,2.2590,-0.8672,-0.3660
316103,19845,2.1323,-0.8228,-0.4071
316103,19846,2.2898,-0.8790,-0.3491
316103,19849,2.1008,-0.7896,-0.4200
316103,19850,2.2539,-0.8427,-0.3639
316103,19853,2.1752,-0.8176,-0.4139
316103,19854,2.2695,-0.8485,-0.3457
316103,19857,2.1038,-0.7699,-0.4192
316103,19858,2.2574,-0.8216,-0.3642
316103,19861,2.1414,-0.7836,-0.4062
316103,19862,2.2786,-0.8294,-0.3464
316103,19865,2.1104,-0.7515,-0.4192
316103,19866,2.2584,-0.7997,-0.3636
316103,19869,2.1591,-0.7688,-0.4082
316103,19870,2.2830,-0.8084,-0.3464
316103,19873,2.1284,-0.7370,-0.4215
316103,19874,2.2313,-0.7683,-0.3586
316103,19877,2.1348,-0.7392,-0.4024
316103,19878,2.2950,-0.7902,-0.3472
316103,19881,2.1270,-0.7158,-0.4200
316103,19882,2.2347,-0.7477,-0.3581
316103,19885,2.1363,-0.7148,-0.4013
316103,19886,2.2742,-0.7609,-0.3439
316103,19889,2.1125,-0.6905,-0.4159
316103,19890,2.2359,-0.7265,-0.3581
316103,19893,2.1567,-0.7008,-0.4039
316103,19894,2.2928,-0.7450,-0.3457
316103,19897,2.1353,-0.6774,-0.4192
316103,19898,2.2446,-0.7077,-0.3589
316103,19901,2.1498,-0.6778,-0.4056
316103,19902,2.2834,-0.7200,-0.3437
316103,19905,2.1288,-0.6508,-0.4206
316103,19906,2.2575,-0.6902,-0.3604
316103,19909,2.1549,-0.6588,-0.4055
316103,19910,2.2621,-0.6916,-0.3400
316103,19913,2.1221,-0.6286,-0.4182
316103,19914,2.2314,-0.6610,-0.3553
316103,19917,2.1601,-0.6399,-0.4054
316103,19918,2.3095,-0.6841,-0.3462
316103,19921,2.1015,-0.6066,-0.4530
316103,19922,2.1976,-0.6301,-0.3900
316103,19925,2.1167,-0.6109,-0.4362
316103,19926,2.2302,-0.6395,-0.3749
316103,19929,2.1042,-0.5875,-0.4524
316103,19930,2.2067,-0.6120,-0.3906
316103,19933,2.1225,-0.5886,-0.4361
316103,19934,2.2235,-0.6166,-0.3737
316103,19937,2.1142,-0.5705,-0.4535
316103,19938,2.1973,-0.5888,-0.3888
316103,19941,2.1140,-0.5665,-0.4334
316103,19942,2.2447,-0.6015,-0.3768
316103,19945,2.0783,-0.5375,-0.4446
316103,19946,2.1841,-0.5648,-0.3860
316103,19949,2.1025,-0.5438,-0.4300
316103,19950,2.2391,-0.5791,-0.3750
316103,19953,2.1113,-0.5264,-0.4506
316103,19954,2.2063,-0.5501,-0.3895
316103,19957,2.1280,-0.5306,-0.4343
316103,19958,2.2266,-0.5551,-0.3725
316103,19961,2.1339,-0.5123,-0.4545
316103,19962,2.1880,-0.5253,-0.3854
316103,19965,2.1634,-0.5194,-0.4405
316103,19966,2.2184,-0.5326,-0.3703
316103,19969,2.1194,-0.4893,-0.4505
316103,19970,2.1984,-0.5075,-0.3865
316103,19973,2.1147,-0.4882,-0.4297
316103,19974,2.2476,-0.5189,-0.3753
316103,19977,2.1117,-0.4682,-0.4479
316103,19978,2.2148,-0.4910,-0.3894
316103,19981,2.1372,-0.4738,-0.4334
316103,19982,2.2486,-0.4944,-0.3745
316103,19985,2.0750,-0.4411,-0.4393
316103,19986,2.1998,-0.4636,-0.3863
316103,19989,2.1531,-0.4577,-0.4358
316103,19990,2.2353,-0.4711,-0.3720
316103,19993,2.0911,-0.4254,-0.4458
316103,19994,2.2194,-0.4475,-0.3894
316103,19997,2.1083,-0.4289,-0.4299
316103,19998,2.2370,-0.4511,-0.3721
316103,20001,2.1031,-0.4088,-0.4476
316103,20002,2.2093,-0.4254,-0.3870
316103,20005,2.1315,-0.4143,-0.4339
316103,20006,2.2497,-0.4332,-0.3735
316103,20009,2.0953,-0.3883,-0.4452
316103,20010,2.2224,-0.4079,-0.3891
316103,20013,2.1347,-0.3956,-0.4338
316103,20014,2.2168,-0.4069,-0.3679
316103,20017,2.0943,-0.3678,-0.4442
316103,20018,2.2088,-0.3863,-0.3861
316103,20021,2.1442,-0.3762,-0.4350
316103,20022,2.2651,-0.3957,-0.3753
316103,20025,2.1110,-0.3514,-0.4471
316103,20026,2.2152,-0.3671,-0.3870
316103,20029,2.1435,-0.3560,-0.4342
316103,20030,2.2266,-0.3682,-0.3688
316103,20033,2.0913,-0.3286,-0.4423
316103,20034,2.2081,-0.3454,-0.3852
316103,20037,2.1342,-0.3353,-0.4317
316103,20038,2.2586,-0.3533,-0.3735
316103,20041,2.1115,-0.3129,-0.4459
316103,20042,2.2119,-0.3262,-0.3858
316103,20045,2.1235,-0.3143,-0.4289
316103,20046,2.2517,-0.3321,-0.3723
316103,20049,2.1427,-0.6144,-0.4212
316103,20050,2.2479,-0.6446,-0.3570
316103,20053,2.1578,-0.6187,-0.4039
316103,20054,2.2973,-0.6587,-0.3444
316103,20057,2.1449,-0.5948,-0.4206
316103,20058,2.2472,-0.6232,-0.3568
316103,20061,2.1583,-0.5986,-0.4030
316103,20062,2.3066,-0.6397,-0.3449
316103,20065,2.1342,-0.5719,-0.4175
316103,20066,2.2484,-0.6024,-0.3566
316103,20069,2.1637,-0.5798,-0.4030
316103,20070,2.3123,-0.6196,-0.3454
316103,20073,2.1318,-0.5513,-0.4161
316103,20074,2.2468,-0.5811,-0.3559
316103,20077,2.1704,-0.5613,-0.4034
316103,20078,2.2791,-0.5852,-0.3399
316103,20081,2.1489,-0.5358,-0.4185
316103,20082,2.2642,-0.5645,-0.3579
316103,20085,2.1684,-0.5406,-0.4021
316103,20086,2.3011,-0.5695,-0.3424
316103,20089,2.1410,-0.5140,-0.4161
316103,20090,2.2411,-0.5339,-0.3534
316103,20093,2.1802,-0.5234,-0.4034
316103,20094,2.2988,-0.5476,-0.3414
316103,20097,2.1611,-0.4989,-0.4191
316103,20098,2.2875,-0.5239,-0.3608
316103,20101,2.1731,-0.5017,-0.4013
316103,20102,2.3145,-0.5301,-0.3439
316103,20105,2.1456,-0.4757,-0.4153
316103,20106,2.2815,-0.5016,-0.3591
316103,20109,2.1941,-0.4864,-0.4044
316103,20110,2.2886,-0.5032,-0.3393
316103,20113,2.1897,-0.4654,-0.4230
316103,20114,2.2519,-0.4746,-0.3542
316103,20117,2.1784,-0.4630,-0.4007
316103,20118,2.3190,-0.4887,-0.3436
316103,20121,2.1929,-0.4461,-0.4269
316103,20122,2.2847,-0.4607,-0.3591
316103,20125,2.1706,-0.4416,-0.4025
316103,20126,2.3038,-0.4645,-0.3412
316103,20129,2.1543,-0.4188,-0.4186
316103,20130,2.2698,-0.4371,-0.3562
316103,20133,2.1756,-0.4189,-0.4026
316103,20134,2.2998,-0.4429,-0.3400
316103,20137,2.1822,-0.4005,-0.4232
316103,20138,2.2705,-0.4167,-0.3561
316103,20141,2.1874,-0.4015,-0.4041
316103,20142,2.3124,-0.4244,-0.3417
316103,20145,2.1803,-0.3817,-0.4222
316103,20146,2.2579,-0.3937,-0.3536
316103,20149,2.1875,-0.3830,-0.4036
316103,20150,2.2762,-0.3969,-0.3358
316103,20153,2.1546,-0.3578,-0.4166
316103,20154,2.2592,-0.3736,-0.3537
316103,20157,2.1835,-0.3623,-0.4022
316103,20158,2.2893,-0.3786,-0.3377
316103,20161,2.1639,-0.3396,-0.4178
316103,20162,2.2487,-0.3517,-0.3515
316103,20165,2.1777,-0.3414,-0.4006
316103,20166,2.3039,-0.3600,-0.3393
316103,20169,2.1618,-0.3196,-0.4169
316103,20170,2.2638,-0.3335,-0.3538
316103,20173,2.1814,-0.3217,-0.4007
316103,20174,2.2978,-0.3381,-0.3384
316103,20177,2.0820,-0.2896,-0.4391
316103,20178,2.1948,-0.3042,-0.3823
316103,20181,2.1065,-0.2927,-0.4250
316103,20182,2.2279,-0.3083,-0.3679
316103,20185,2.0830,-0.2709,-0.4388
316103,20186,2.2219,-0.2878,-0.3870
316103,20189,2.1074,-0.2737,-0.4246
316103,20190,2.2257,-0.2879,-0.3675
316103,20193,2.0744,-0.2510,-0.4365
316103,20194,2.2074,-0.2660,-0.3840
316103,20197,2.1131,-0.2553,-0.4253
316103,20198,2.2057,-0.2654,-0.3638
316103,20201,2.0638,-0.2311,-0.4338
316103,20202,2.1905,-0.2442,-0.3811
316103,20205,2.1178,-0.2368,-0.4258
316103,20206,2.2298,-0.2485,-0.3678
316103,20209,2.0808,-0.2143,-0.4370
316103,20210,2.1941,-0.2248,-0.3814
316103,20213,2.1059,-0.2165,-0.4230
316103,20214,2.2204,-0.2275,-0.3659
316103,20217,2.0855,-0.1960,-0.4376
316103,20218,2.1816,-0.2039,-0.3789
316103,20221,2.1039,-0.1974,-0.4223
316103,20222,2.2192,-0.2074,-0.3654
316103,20225,2.0710,-0.1761,-0.4342
316103,20226,2.2029,-0.1865,-0.3827
316103,20229,2.1088,-0.1789,-0.4229
316103,20230,2.2199,-0.1876,-0.3652
316103,20233,2.0768,-0.1576,-0.4351
316103,20234,2.2054,-0.1670,-0.3828
316103,20237,2.1242,-0.1612,-0.4257
316103,20238,2.2240,-0.1680,-0.3660
316103,20241,2.0927,-0.1401,-0.4382
316103,20242,2.2066,-0.1473,-0.3828
316103,20245,2.1218,-0.1420,-0.4249
316103,20246,2.2113,-0.1473,-0.3637
316103,20249,2.0712,-0.1202,-0.4334
316103,20250,2.1931,-0.1268,-0.3802
316103,20253,2.1200,-0.1230,-0.4243
316103,20254,2.2613,-0.1308,-0.3717
316103,20257,2.0897,-0.1026,-0.4371
316103,20258,2.1957,-0.1074,-0.3809
316103,20261,2.1458,-0.1053,-0.4293
316103,20262,2.2414,-0.1096,-0.3683
316103,20265,2.1026,-0.0844,-0.4396
316103,20266,2.1907,-0.0876,-0.3799
316103,20269,2.0940,-0.0841,-0.4188
316103,20270,2.2027,-0.0881,-0.3618
316103,20273,2.0771,-0.0649,-0.4341
316103,20274,2.2045,-0.0685,-0.3821
316103,20277,2.1272,-0.0665,-0.4253
316103,20278,2.2608,-0.0703,-0.3716
316103,20281,2.0890,-0.0467,-0.4365
316103,20282,2.2067,-0.0489,-0.3824
316103,20285,2.1158,-0.0473,-0.4229
316103,20286,2.2245,-0.0493,-0.3656
316103,20289,2.0861,-0.0277,-0.4359
316103,20290,2.1904,-0.0291,-0.3796
316103,20293,2.0899,-0.0277,-0.4176
316103,20294,2.2363,-0.0297,-0.3674
316103,20297,2.0808,-0.0091,-0.4347
316103,20298,2.2050,-0.0096,-0.3821
316103,20301,2.1092,-0.0092,-0.4215
316103,20302,2.2143,-0.0097,-0.3638
316103,20305,2.1329,-0.2960,-0.4108
316103,20306,2.2664,-0.3133,-0.3538
316103,20309,2.1798,-0.3021,-0.3999
316103,20310,2.3077,-0.3190,-0.3394
316103,20313,2.1518,-0.2791,-0.4139
316103,20314,2.2594,-0.2922,-0.3527
316103,20317,2.1644,-0.2807,-0.3966
316103,20318,2.2903,-0.2958,-0.3365
316103,20321,2.1580,-0.2604,-0.4147
316103,20322,2.2550,-0.2713,-0.3516
316103,20325,2.1745,-0.2624,-0.3980
316103,20326,2.2858,-0.2746,-0.3359
316103,20329,2.1515,-0.2402,-0.4130
316103,20330,2.2543,-0.2509,-0.3511
316103,20333,2.1752,-0.2428,-0.3978
316103,20334,2.2832,-0.2541,-0.3351
316103,20337,2.1338,-0.2190,-0.4092
316103,20338,2.2333,-0.2284,-0.3479
316103,20341,2.1744,-0.2232,-0.3972
316103,20342,2.2959,-0.2348,-0.3367
316103,20345,2.1694,-0.2032,-0.4156
316103,20346,2.2484,-0.2102,-0.3500
316103,20349,2.1652,-0.2028,-0.3952
316103,20350,2.2793,-0.2127,-0.3344
316103,20353,2.1577,-0.1831,-0.4131
316103,20354,2.2463,-0.1898,-0.3494
316103,20357,2.1798,-0.1846,-0.3975
316103,20358,2.2858,-0.1927,-0.3351
316103,20361,2.1509,-0.1632,-0.4115
316103,20362,2.2682,-0.1713,-0.3525
316103,20365,2.1698,-0.1643,-0.3954
316103,20366,2.2839,-0.1725,-0.3345
316103,20369,2.1404,-0.1433,-0.4092
316103,20370,2.2405,-0.1492,-0.3484
316103,20373,2.1763,-0.1453,-0.3964
316103,20374,2.2734,-0.1514,-0.3328
316103,20377,2.1498,-0.1247,-0.4108
316103,20378,2.2589,-0.1302,-0.3511
316103,20381,2.1769,-0.1259,-0.3963
316103,20382,2.2771,-0.1313,-0.3331
316103,20385,2.1485,-0.1055,-0.4103
316103,20386,2.2659,-0.1108,-0.3520
316103,20389,2.1617,-0.1057,-0.3933
316103,20390,2.2681,-0.1105,-0.3321
316103,20393,2.1444,-0.0861,-0.4094
316103,20394,2.2562,-0.0902,-0.3504
316103,20397,2.1668,-0.0866,-0.3941
316103,20398,2.2841,-0.0913,-0.3343
316103,20401,2.1555,-0.0674,-0.4114
316103,20402,2.2532,-0.0700,-0.3498
316103,20405,2.1788,-0.0677,-0.3961
316103,20406,2.2798,-0.0708,-0.3336
316103,20409,2.1667,-0.0484,-0.4134
316103,20410,2.2726,-0.0504,-0.3527
316103,20413,2.1722,-0.0482,-0.3949
316103,20414,2.2717,-0.0504,-0.3323
316103,20417,2.1395,-0.0284,-0.4082
316103,20418,2.2407,-0.0297,-0.3477
316103,20421,2.1765,-0.0289,-0.3956
316103,20422,2.2740,-0.0302,-0.3326
316103,20425,2.1453,-0.0094,-0.4092
316103,20426,2.2334,-0.0097,-0.3466
316103,20429,2.1698,-0.0095,-0.3943
316103,20430,2.3002,-0.0100,-0.3364
316103,20431,2.4301,0.0106,-0.2468
316103,20432,2.2866,0.0100,-0.3140
316103,20435,2.4876,0.0109,-0.2308
316103,20436,2.2998,0.0100,-0.2950
316103,20439,2.4351,0.0319,-0.2474
316103,20440,2.2805,0.0303,-0.3132
316103,20443,2.4778,0.0324,-0.2299
316103,20444,2.2979,0.0305,-0.2948
316103,20447,2.4462,0.0542,-0.2485
316103,20448,2.2732,0.0504,-0.3123
316103,20451,2.4737,0.0544,-0.2295
316103,20452,2.3252,0.0515,-0.2984
316103,20455,2.4103,0.0745,-0.2449
316103,20456,2.2895,0.0711,-0.3146
316103,20459,2.4474,0.0756,-0.2271
316103,20460,2.3021,0.0711,-0.2955
316103,20463,2.4236,0.0965,-0.2464
316103,20464,2.2712,0.0904,-0.3118
316103,20467,2.4619,0.0980,-0.2286
316103,20468,2.3156,0.0922,-0.2973
316103,20471,2.4391,0.1184,-0.2480
316103,20472,2.2636,0.1103,-0.3108
316103,20475,2.4685,0.1199,-0.2288
316103,20476,2.3292,0.1135,-0.2992
316103,20479,2.4406,0.1403,-0.2483
316103,20480,2.2748,0.1312,-0.3125
316103,20483,2.4710,0.1420,-0.2292
316103,20484,2.2961,0.1324,-0.2950
316103,20487,2.4221,0.1609,-0.2466
316103,20488,2.2790,0.1518,-0.3133
316103,20491,2.4770,0.1641,-0.2298
316103,20492,2.3085,0.1533,-0.2968
316103,20495,2.4422,0.1836,-0.2483
316103,20496,2.2736,0.1714,-0.3127
316103,20499,2.4764,0.1862,-0.2299
316103,20500,2.3174,0.1747,-0.2977
316103,20503,2.4360,0.2050,-0.2479
316103,20504,2.2819,0.1924,-0.3141
316103,20507,2.4764,0.2079,-0.2301
316103,20508,2.3082,0.1946,-0.2967
316103,20511,2.4429,0.2271,-0.2488
316103,20512,2.2786,0.2126,-0.3135
316103,20515,2.4771,0.2302,-0.2303
316103,20516,2.3191,0.2160,-0.2984
316103,20519,2.4348,0.2482,-0.2482
316103,20520,2.2933,0.2342,-0.3158
316103,20523,2.4653,0.2513,-0.2294
316103,20524,2.3182,0.2367,-0.2985
316103,20527,2.4317,0.2693,-0.2481
316103,20528,2.2751,0.2528,-0.3136
316103,20531,2.4630,0.2728,-0.2290
316103,20532,2.3238,0.2582,-0.2995
316103,20535,2.4200,0.2898,-0.2467
316103,20536,2.2836,0.2743,-0.3147
316103,20539,2.4489,0.2933,-0.2279
316103,20540,2.3230,0.2786,-0.2993
316103,20543,2.4518,0.3158,-0.2502
316103,20544,2.2805,0.2942,-0.3146
316103,20547,2.4799,0.3190,-0.2311
316103,20548,2.3167,0.2988,-0.2988
316103,20551,2.4220,0.3335,-0.2475
316103,20552,2.2849,0.3154,-0.3155
316103,20555,2.4730,0.3405,-0.2307
316103,20556,2.3221,0.3206,-0.2999
316103,20559,2.5000,0.0109,-0.2095
316103,20560,2.3415,0.0102,-0.2796
316103,20563,2.5441,0.0111,-0.1908
316103,20564,2.4189,0.0106,-0.2671
316103,20567,2.5185,0.0330,-0.2111
316103,20568,2.3483,0.0312,-0.2805
316103,20571,2.5248,0.0331,-0.1894
316103,20572,2.3814,0.0316,-0.2629
316103,20575,2.4823,0.0546,-0.2081
316103,20576,2.3653,0.0524,-0.2825
316103,20579,2.5490,0.0561,-0.1913
316103,20580,2.3818,0.0528,-0.2630
316103,20583,2.5243,0.0780,-0.2116
316103,20584,2.3454,0.0725,-0.2802
316103,20587,2.5611,0.0791,-0.1922
316103,20588,2.3827,0.0736,-0.2632
316103,20591,2.5067,0.0998,-0.2102
316103,20592,2.3518,0.0936,-0.2811
316103,20595,2.5572,0.1014,-0.1920
316103,20596,2.3780,0.0947,-0.2627
316103,20599,2.4987,0.1213,-0.2096
316103,20600,2.3426,0.1142,-0.2801
316103,20603,2.5670,0.1246,-0.1928
316103,20604,2.3641,0.1152,-0.2613
316103,20607,2.5063,0.1441,-0.2104
316103,20608,2.3661,0.1360,-0.2826
316103,20611,2.5348,0.1453,-0.1905
316103,20612,2.3693,0.1362,-0.2620
316103,20615,2.5142,0.1666,-0.2111
316103,20616,2.3503,0.1561,-0.2809
316103,20619,2.5170,0.1667,-0.1888
316103,20620,2.3609,0.1568,-0.2612
316103,20623,2.4982,0.1878,-0.2099
316103,20624,2.3607,0.1779,-0.2823
316103,20627,2.5320,0.1904,-0.1900
316103,20628,2.3777,0.1788,-0.2632
316103,20631,2.4993,0.2099,-0.2102
316103,20632,2.3726,0.1997,-0.2839
316103,20635,2.5421,0.2135,-0.1909
316103,20636,2.3904,0.2011,-0.2648
316103,20639,2.4867,0.2311,-0.2088
316103,20640,2.3563,0.2194,-0.2822
316103,20643,2.5261,0.2348,-0.1899
316103,20644,2.4033,0.2238,-0.2660
316103,20647,2.4954,0.2539,-0.2097
316103,20648,2.3515,0.2401,-0.2819
316103,20651,2.5237,0.2568,-0.1898
316103,20652,2.3842,0.2430,-0.2642
316103,20655,2.5167,0.2787,-0.2117
316103,20656,2.3487,0.2605,-0.2814
316103,20659,2.5413,0.2815,-0.1914
316103,20660,2.3992,0.2661,-0.2661
316103,20663,2.4982,0.2988,-0.2104
316103,20664,2.3552,0.2825,-0.2824
316103,20667,2.5162,0.3009,-0.1897
316103,20668,2.4094,0.2886,-0.2675
316103,20671,2.5007,0.3217,-0.2108
316103,20672,2.3380,0.3012,-0.2807
316103,20675,2.5439,0.3272,-0.1915
316103,20676,2.4059,0.3099,-0.2670
316103,20679,2.5118,0.3454,-0.2116
316103,20680,2.3575,0.3250,-0.2829
316103,20683,2.5349,0.3486,-0.1910
316103,20684,2.4035,0.3314,-0.2670
316103,20687,2.4287,0.3565,-0.2485
316103,20688,2.3014,0.3386,-0.3178
316103,20691,2.4849,0.3643,-0.2317
316103,20692,2.3327,0.3424,-0.3012
316103,20695,2.4461,0.3809,-0.2501
316103,20696,2.3205,0.3621,-0.3209
316103,20699,2.4698,0.3845,-0.2306
316103,20700,2.3273,0.3632,-0.3009
316103,20703,2.4522,0.4038,-0.2511
316103,20704,2.3107,0.3817,-0.3200
316103,20707,2.4867,0.4094,-0.2325
316103,20708,2.3374,0.3857,-0.3022
316103,20711,2.4569,0.4266,-0.2520
316103,20712,2.3170,0.4040,-0.3209
316103,20715,2.4764,0.4300,-0.2318
316103,20716,2.3360,0.4069,-0.3025
316103,20719,2.4563,0.4508,-0.2519
316103,20720,2.2851,0.4194,-0.3170
316103,20723,2.5064,0.4600,-0.2346
316103,20724,2.3361,0.4288,-0.3030
316103,20727,2.4588,0.4735,-0.2526
316103,20728,2.2956,0.4421,-0.3186
316103,20731,2.4838,0.4783,-0.2329
316103,20732,2.3355,0.4498,-0.3030
316103,20735,2.4345,0.4909,-0.2505
316103,20736,2.3012,0.4640,-0.3199
316103,20739,2.5118,0.5065,-0.2359
316103,20740,2.3404,0.4719,-0.3042
316103,20743,2.3785,0.5012,-0.2448
316103,20744,2.3001,0.4847,-0.3199
316103,20747,2.4051,0.5068,-0.2258
316103,20748,2.2931,0.4832,-0.2981
316103,20752,2.2311,0.4905,-0.3109
316103,20760,2.3431,0.5366,-0.3267
316103,20764,2.3330,0.5343,-0.3041
316103,20767,2.4459,0.5827,-0.2527
316103,20768,2.3524,0.5604,-0.3282
316103,20771,2.4761,0.5899,-0.2334
316103,20772,2.3907,0.5695,-0.3122
316103,20775,2.4614,0.6091,-0.2544
316103,20776,2.3741,0.5875,-0.3320
316103,20779,2.4963,0.6178,-0.2358
316103,20780,2.3917,0.5919,-0.3126
316103,20783,2.4459,0.6280,-0.2534
316103,20784,2.3510,0.6036,-0.3290
316103,20787,2.4913,0.6397,-0.2354
316103,20788,2.4105,0.6189,-0.3153
316103,20791,2.4414,0.6496,-0.2535
316103,20792,2.3454,0.6241,-0.3286
316103,20795,2.4926,0.6632,-0.2361
316103,20796,2.4169,0.6431,-0.3168
316103,20799,2.4457,0.6737,-0.2541
316103,20800,2.3254,0.6405,-0.3265
316103,20803,2.5039,0.6897,-0.2373
316103,20804,2.3829,0.6564,-0.3127
316103,20807,2.4589,0.7004,-0.2556
316103,20808,2.3515,0.6698,-0.3306
316103,20811,2.5085,0.7146,-0.2383
316103,20812,2.3902,0.6809,-0.3140
316103,20815,2.5154,0.3688,-0.2121
316103,20816,2.3946,0.3515,-0.2877
316103,20819,2.5647,0.3755,-0.1935
316103,20820,2.3985,0.3520,-0.2668
316103,20823,2.5279,0.3931,-0.2135
316103,20824,2.3893,0.3720,-0.2875
316103,20827,2.5570,0.3977,-0.1932
316103,20828,2.4059,0.3746,-0.2680
316103,20831,2.5349,0.4174,-0.2144
316103,20832,2.3927,0.3948,-0.2879
316103,20835,2.5527,0.4198,-0.1932
316103,20836,2.4122,0.3972,-0.2686
316103,20839,2.5379,0.4407,-0.2145
316103,20840,2.3887,0.4156,-0.2878
316103,20843,2.5542,0.4435,-0.1931
316103,20844,2.4277,0.4224,-0.2707
316103,20847,2.5475,0.4675,-0.2157
316103,20848,2.3885,0.4384,-0.2883
316103,20851,2.5456,0.4672,-0.1928
316103,20852,2.4071,0.4418,-0.2685
316103,20855,2.4996,0.4814,-0.2120
316103,20856,2.4002,0.4622,-0.2897
316103,20859,2.5588,0.4927,-0.1941
316103,20860,2.4035,0.4628,-0.2685
316103,20863,2.5226,0.5086,-0.2143
316103,20864,2.3845,0.4808,-0.2883
316103,20867,2.5412,0.5124,-0.1931
316103,20868,2.4132,0.4866,-0.2700
316103,20872,2.3468,0.4945,-0.2839
316103,20876,2.3934,0.5044,-0.2679
316103,20896,2.4260,0.5779,-0.2947
316103,20900,2.4373,0.5806,-0.2740
316103,20903,2.4877,0.6157,-0.2121
316103,20904,2.4156,0.5978,-0.2937
316103,20908,2.4160,0.5979,-0.2717
316103,20911,2.5224,0.6477,-0.2155
316103,20912,2.4222,0.6219,-0.2951
316103,20916,2.4243,0.6224,-0.2732
316103,20919,2.5374,0.6751,-0.2173
316103,20920,2.3969,0.6378,-0.2923
316103,20923,2.4675,0.6566,-0.1889
316103,20924,2.4419,0.6497,-0.2754
316103,20927,2.4976,0.6879,-0.2143
316103,20928,2.3847,0.6569,-0.2910
316103,20932,2.4367,0.6712,-0.2755
316103,20935,2.4880,0.7087,-0.2131
316103,20936,2.3942,0.6820,-0.2929
316103,20940,2.4277,0.6915,-0.2747
316103,20943,2.4720,0.7275,-0.2577
316103,20944,2.3602,0.6991,-0.3324
316103,20947,2.4795,0.7298,-0.2357
316103,20948,2.3949,0.7049,-0.3154
316103,20951,2.4845,0.7549,-0.2592
316103,20952,2.3721,0.7252,-0.3349
316103,20955,2.5175,0.7649,-0.2399
316103,20956,2.3901,0.7262,-0.3151
316103,20959,2.4626,0.7717,-0.2576
316103,20960,2.3774,0.7496,-0.3361
316103,20963,2.4947,0.7818,-0.2379
316103,20964,2.3982,0.7515,-0.3166
316103,20967,2.4547,0.7928,-0.2570
316103,20968,2.3578,0.7661,-0.3339
316103,20971,2.4875,0.8034,-0.2379
316103,20972,2.3863,0.7754,-0.3161
316103,20975,2.4631,0.8194,-0.2586
316103,20976,2.3560,0.7883,-0.3341
316103,20979,2.4989,0.8313,-0.2392
316103,20980,2.3757,0.7949,-0.3151
316103,20983,2.4479,0.8381,-0.2573
316103,20984,2.3615,0.8131,-0.3355
316103,20987,2.4852,0.8509,-0.2386
316103,20988,2.3690,0.8157,-0.3147
316103,20991,2.4588,0.8659,-0.2588
316103,20992,2.3729,0.8403,-0.3381
316103,20995,2.4907,0.8771,-0.2394
316103,20996,2.3784,0.8422,-0.3165
316103,20999,2.4266,0.8784,-0.2562
316103,21000,2.3552,0.8572,-0.3362
316103,21003,2.4689,0.8937,-0.2376
316103,21004,2.3652,0.8609,-0.3153
316103,21007,2.4705,0.9188,-0.2612
316103,21008,2.3530,0.8798,-0.3365
316103,21011,2.4731,0.9197,-0.2387
316103,21012,2.3665,0.8848,-0.3165
316103,21015,2.4741,0.9448,-0.2620
316103,21016,2.3544,0.9038,-0.3374
316103,21019,2.4814,0.9475,-0.2399
316103,21020,2.3634,0.9072,-0.3167
316103,21023,2.4104,0.9446,-0.2561
316103,21024,2.3257,0.9161,-0.3340
316103,21027,2.4600,0.9641,-0.2386
316103,21028,2.3627,0.9307,-0.3172
316103,21031,2.4360,0.9793,-0.2593
316103,21032,2.3078,0.9324,-0.3321
316103,21035,2.4122,0.9697,-0.2343
316103,21036,2.3480,0.9486,-0.3159
316103,21040,2.3073,0.9557,-0.3328
316103,21044,2.3440,0.9709,-0.3160
316103,21048,2.3054,0.9786,-0.3333
316103,21052,2.3167,0.9834,-0.3130
316103,21056,2.2978,0.9991,-0.3330
316103,21071,2.4735,0.7280,-0.2124
316103,21072,2.4156,0.7110,-0.2958
316103,21075,2.4782,0.7294,-0.1902
316103,21076,2.4384,0.7176,-0.2766
316103,21079,2.4893,0.7563,-0.2143
316103,21080,2.4095,0.7321,-0.2954
316103,21084,2.4331,0.7392,-0.2762
316103,21087,2.4569,0.7700,-0.2121
316103,21088,2.3986,0.7517,-0.2948
316103,21092,2.4176,0.7576,-0.2748
316103,21096,2.4010,0.7755,-0.2955
316103,21100,2.4270,0.7839,-0.2766
316103,21104,2.3923,0.7958,-0.2948
316103,21107,2.4699,0.8216,-0.1907
316103,21108,2.4442,0.8131,-0.2789
316103,21112,2.3951,0.8200,-0.2960
316103,21116,2.4242,0.8300,-0.2770
316103,21120,2.4006,0.8454,-0.2972
316103,21124,2.4262,0.8544,-0.2781
316103,21128,2.3820,0.8670,-0.2955
316103,21131,2.4572,0.8895,-0.1914
316103,21132,2.4307,0.8799,-0.2790
316103,21136,2.3828,0.8909,-0.2961
316103,21139,2.4678,0.9178,-0.1920
316103,21140,2.4460,0.9097,-0.2812
316103,21143,2.4233,0.9254,-0.2119
316103,21144,2.3737,0.9112,-0.2960
316103,21147,2.4818,0.9477,-0.1937
316103,21148,2.4238,0.9256,-0.2796
316103,21152,2.3870,0.9402,-0.2982
316103,21156,2.4207,0.9487,-0.2797
316103,21159,2.4583,0.9882,-0.2160
316103,21160,2.3966,0.9683,-0.3000
316103,21164,2.3962,0.9633,-0.2774
316103,21168,2.3528,0.9745,-0.2951
316103,21172,2.3949,0.9871,-0.2777
316103,21176,2.3609,1.0021,-0.2968
316103,21721,2.2826,-0.9925,-0.3308
316103,21729,2.2830,-0.9691,-0.3300
316103,21733,2.3320,-0.9899,-0.3151
316103,21737,2.3029,-0.9539,-0.3322
316103,21738,2.4100,-0.9933,-0.2570
316103,21741,2.3219,-0.9618,-0.3130
316103,21745,2.2964,-0.9278,-0.3305
316103,21746,2.4263,-0.9754,-0.2582
316103,21749,2.3219,-0.9381,-0.3124
316103,21753,2.2895,-0.9018,-0.3288
316103,21754,2.4205,-0.9486,-0.2572
316103,21757,2.3131,-0.9111,-0.3105
316103,21758,2.5141,-0.9853,-0.2438
316103,21761,2.2895,-0.8788,-0.3281
316103,21762,2.4197,-0.9240,-0.2562
316103,21765,2.3137,-0.8882,-0.3100
316103,21766,2.4586,-0.9388,-0.2377
316103,21769,2.2929,-0.8573,-0.3279
316103,21770,2.4319,-0.9044,-0.2572
316103,21773,2.3364,-0.8735,-0.3125
316103,21774,2.4664,-0.9172,-0.2381
316103,21777,2.3065,-0.8395,-0.3292
316103,21778,2.4230,-0.8771,-0.2558
316103,21781,2.3277,-0.8472,-0.3103
316103,21782,2.4620,-0.8912,-0.2369
316103,21785,2.3030,-0.8155,-0.3282
316103,21786,2.4380,-0.8586,-0.2566
316103,21789,2.3226,-0.8225,-0.3091
316103,21790,2.4852,-0.8752,-0.2389
316103,21793,2.3128,-0.7964,-0.3285
316103,21794,2.4383,-0.8348,-0.2563
316103,21797,2.3269,-0.8012,-0.3091
316103,21798,2.4597,-0.8422,-0.2362
316103,21801,2.3055,-0.7714,-0.3270
316103,21802,2.4318,-0.8089,-0.2553
316103,21805,2.3292,-0.7793,-0.3090
316103,21806,2.4674,-0.8208,-0.2362
316103,21809,2.3159,-0.7525,-0.3279
316103,21810,2.4376,-0.7873,-0.2552
316103,21813,2.3368,-0.7593,-0.3095
316103,21814,2.4609,-0.7948,-0.2353
316103,21817,2.3164,-0.7304,-0.3275
316103,21818,2.4603,-0.7710,-0.2573
316103,21821,2.3584,-0.7391,-0.3113
316103,21822,2.4619,-0.7715,-0.2348
316103,21825,2.3106,-0.7064,-0.3263
316103,21826,2.4663,-0.7493,-0.2573
316103,21829,2.3452,-0.7125,-0.3092
316103,21830,2.4635,-0.7485,-0.2348
316103,21833,2.3321,-0.6908,-0.3284
316103,21834,2.4487,-0.7207,-0.2552
316103,21837,2.3472,-0.6908,-0.3091
316103,21838,2.4860,-0.7317,-0.2363
316103,21865,2.3736,-0.9832,-0.2977
316103,21869,2.3865,-0.9836,-0.2768
316103,21873,2.3594,-0.9533,-0.2953
316103,21877,2.3903,-0.9609,-0.2767
316103,21881,2.3781,-0.9367,-0.2971
316103,21882,2.5128,-0.9848,-0.2205
316103,21885,2.3862,-0.9351,-0.2757
316103,21889,2.3689,-0.9093,-0.2954
316103,21890,2.5249,-0.9642,-0.2208
316103,21893,2.3963,-0.9151,-0.2764
316103,21894,2.5491,-0.9734,-0.1989
316103,21897,2.3692,-0.8858,-0.2945
316103,21898,2.5164,-0.9359,-0.2193
316103,21901,2.3938,-0.8903,-0.2752
316103,21902,2.5723,-0.9566,-0.2001
316103,21905,2.3387,-0.8512,-0.2902
316103,21906,2.5320,-0.9166,-0.2200
316103,21909,2.3719,-0.8586,-0.2723
316103,21910,2.5732,-0.9315,-0.2005
316103,21913,2.3674,-0.8337,-0.2931
316103,21914,2.5338,-0.8923,-0.2204
316103,21917,2.4237,-0.8535,-0.2778
316103,21918,2.5569,-0.9004,-0.1986
316103,21921,2.3595,-0.8078,-0.2916
316103,21922,2.5242,-0.8642,-0.2189
316103,21925,2.3945,-0.8198,-0.2736
316103,21926,2.5790,-0.8830,-0.1997
316103,21929,2.3698,-0.7883,-0.2921
316103,21930,2.5377,-0.8442,-0.2194
316103,21933,2.3997,-0.7983,-0.2738
316103,21934,2.5667,-0.8538,-0.1982
316103,21937,2.3762,-0.7675,-0.2925
316103,21938,2.5402,-0.8205,-0.2190
316103,21941,2.4130,-0.7794,-0.2750
316103,21942,2.5814,-0.8338,-0.1997
316103,21945,2.3805,-0.7460,-0.2926
316103,21946,2.5425,-0.7968,-0.2195
316103,21949,2.4119,-0.7558,-0.2741
316103,21950,2.5761,-0.8073,-0.1987
316103,21953,2.3719,-0.7206,-0.2908
316103,21954,2.5383,-0.7712,-0.2186
316103,21957,2.4274,-0.7375,-0.2756
316103,21958,2.5858,-0.7856,-0.1989
316103,21961,2.3787,-0.7001,-0.2913
316103,21962,2.5380,-0.7470,-0.2180
316103,21965,2.4134,-0.7103,-0.2737
316103,21966,2.5925,-0.7630,-0.1989
316103,21969,2.3250,-0.6623,-0.3269
316103,21970,2.4624,-0.7014,-0.2560
316103,21973,2.3474,-0.6687,-0.3083
316103,21974,2.4815,-0.7069,-0.2357
316103,21977,2.3148,-0.6376,-0.3251
316103,21978,2.4585,-0.6772,-0.2554
316103,21981,2.3419,-0.6451,-0.3073
316103,21982,2.4860,-0.6848,-0.2356
316103,21985,2.3114,-0.6150,-0.3238
316103,21986,2.4320,-0.6471,-0.2525
316103,21989,2.3753,-0.6320,-0.3114
316103,21990,2.5032,-0.6660,-0.2371
316103,21993,2.3289,-0.5979,-0.3259
316103,21994,2.4537,-0.6300,-0.2542
316103,21997,2.3526,-0.6040,-0.3077
316103,21998,2.4842,-0.6378,-0.2348
316103,22001,2.3111,-0.5719,-0.3232
316103,22002,2.4492,-0.6061,-0.2532
316103,22005,2.3553,-0.5829,-0.3078
316103,22006,2.4808,-0.6139,-0.2344
316103,22009,2.3276,-0.5545,-0.3248
316103,22010,2.4725,-0.5890,-0.2555
316103,22013,2.3550,-0.5610,-0.3076
316103,22014,2.5040,-0.5965,-0.2361
316103,22017,2.3063,-0.5282,-0.3216
316103,22018,2.4622,-0.5639,-0.2539
316103,22021,2.3788,-0.5448,-0.3100
316103,22022,2.4808,-0.5682,-0.2334
316103,22025,2.3159,-0.5092,-0.3227
316103,22026,2.4552,-0.5398,-0.2531
316103,22029,2.3772,-0.5227,-0.3096
316103,22030,2.5021,-0.5501,-0.2354
316103,22033,2.3276,-0.4905,-0.3237
316103,22034,2.4771,-0.5220,-0.2549
316103,22037,2.3553,-0.4963,-0.3062
316103,22038,2.5130,-0.5296,-0.2360
316103,22041,2.3237,-0.4685,-0.3230
316103,22042,2.4431,-0.4926,-0.2514
316103,22045,2.3704,-0.4780,-0.3081
316103,22046,2.4848,-0.5010,-0.2334
316103,22049,2.3019,-0.4433,-0.3194
316103,22050,2.4457,-0.4710,-0.2512
316103,22053,2.3565,-0.4538,-0.3057
316103,22054,2.5012,-0.4817,-0.2345
316103,22057,2.3211,-0.4260,-0.3220
316103,22058,2.4497,-0.4496,-0.2512
316103,22061,2.3545,-0.4321,-0.3054
316103,22062,2.4865,-0.4564,-0.2327
316103,22065,2.3210,-0.4047,-0.3215
316103,22066,2.4587,-0.4269,-0.2522
316103,22069,2.3744,-0.4135,-0.3075
316103,22070,2.5099,-0.4358,-0.2350
316103,22073,2.3167,-0.3827,-0.3208
316103,22074,2.4613,-0.4053,-0.2521
316103,22077,2.3534,-0.3883,-0.3043
316103,22078,2.5037,-0.4122,-0.2340
316103,22081,2.3339,-0.3642,-0.3227
316103,22082,2.4718,-0.3849,-0.2528
316103,22085,2.3498,-0.3667,-0.3038
316103,22086,2.4955,-0.3886,-0.2330
316103,22089,2.3202,-0.3414,-0.3204
316103,22090,2.4985,-0.3667,-0.2556
316103,22093,2.3645,-0.3471,-0.3053
316103,22094,2.5079,-0.3676,-0.2338
316103,22097,2.3990,-0.6834,-0.2935
316103,22098,2.5640,-0.7304,-0.2197
316103,22101,2.4200,-0.6893,-0.2738
316103,22102,2.5847,-0.7363,-0.1978
316103,22105,2.3867,-0.6574,-0.2913
316103,22106,2.5373,-0.6989,-0.2178
316103,22109,2.4209,-0.6668,-0.2737
316103,22110,2.5802,-0.7107,-0.1979
316103,22113,2.3842,-0.6344,-0.2907
316103,22114,2.5141,-0.6689,-0.2153
316103,22117,2.4262,-0.6456,-0.2736
316103,22118,2.5848,-0.6878,-0.1978
316103,22121,2.3853,-0.6124,-0.2906
316103,22122,2.5256,-0.6485,-0.2158
316103,22125,2.4128,-0.6195,-0.2719
316103,22126,2.6119,-0.6706,-0.1994
316103,22129,2.3831,-0.5898,-0.2897
316103,22130,2.5132,-0.6220,-0.2142
316103,22133,2.4282,-0.6009,-0.2731
316103,22134,2.5880,-0.6405,-0.1972
316103,22137,2.3891,-0.5692,-0.2903
316103,22138,2.5293,-0.6026,-0.2151
316103,22141,2.4174,-0.5759,-0.2717
316103,22142,2.6039,-0.6203,-0.1980
316103,22145,2.4045,-0.5507,-0.2915
316103,22146,2.5255,-0.5784,-0.2153
316103,22149,2.4435,-0.5596,-0.2741
316103,22150,2.5575,-0.5858,-0.1950
316103,22153,2.3825,-0.5238,-0.2887
316103,22154,2.5322,-0.5567,-0.2154
316103,22157,2.4313,-0.5346,-0.2726
316103,22158,2.5947,-0.5705,-0.1974
316103,22161,2.3984,-0.5054,-0.2901
316103,22162,2.5273,-0.5326,-0.2146
316103,22165,2.4228,-0.5106,-0.2712
316103,22166,2.5714,-0.5419,-0.1953
316103,22169,2.4041,-0.4847,-0.2907
316103,22170,2.5253,-0.5092,-0.2145
316103,22173,2.4300,-0.4900,-0.2719
316103,22174,2.5712,-0.5185,-0.1954
316103,22177,2.4046,-0.4631,-0.2903
316103,22178,2.5464,-0.4904,-0.2159
316103,22181,2.4162,-0.4653,-0.2699
316103,22182,2.5848,-0.4978,-0.1961
316103,22185,2.4096,-0.4423,-0.2908
316103,22186,2.5323,-0.4648,-0.2144
316103,22189,2.4440,-0.4486,-0.2726
316103,22190,2.5671,-0.4712,-0.1944
316103,22193,2.4134,-0.4199,-0.2908
316103,22194,2.5343,-0.4400,-0.2142
316103,22197,2.4237,-0.4217,-0.2703
316103,22198,2.5694,-0.4461,-0.1943
316103,22201,2.3969,-0.3955,-0.2884
316103,22202,2.5519,-0.4202,-0.2158
316103,22205,2.4415,-0.4020,-0.2719
316103,22206,2.5751,-0.4235,-0.1949
316103,22209,2.4031,-0.3742,-0.2891
316103,22210,2.5373,-0.3946,-0.2143
316103,22213,2.4399,-0.3799,-0.2717
316103,22214,2.5582,-0.3979,-0.1933
316103,22217,2.4054,-0.3531,-0.2890
316103,22218,2.5529,-0.3742,-0.2153
316103,22221,2.4362,-0.3576,-0.2710
316103,22222,2.5716,-0.3765,-0.1941
316103,22225,2.3243,-0.3209,-0.3210
316103,22226,2.4389,-0.3358,-0.2492
316103,22229,2.3404,-0.3231,-0.3022
316103,22230,2.4953,-0.3436,-0.2328
316103,22233,2.3342,-0.3011,-0.3220
316103,22234,2.4545,-0.3162,-0.2505
316103,22237,2.3488,-0.3030,-0.3030
316103,22238,2.4884,-0.3201,-0.2319
316103,22241,2.3071,-0.2772,-0.3179
316103,22242,2.4317,-0.2913,-0.2479
316103,22245,2.3272,-0.2792,-0.2998
316103,22246,2.4915,-0.2984,-0.2319
316103,22249,2.2990,-0.2554,-0.3169
316103,22250,2.4534,-0.2717,-0.2503
316103,22253,2.3530,-0.2614,-0.3033
316103,22254,2.4816,-0.2748,-0.2307
316103,22257,2.2980,-0.2346,-0.3164
316103,22258,2.4538,-0.2501,-0.2501
316103,22261,2.3297,-0.2379,-0.3000
316103,22262,2.4771,-0.2525,-0.2305
316103,22265,2.3253,-0.2169,-0.3199
316103,22266,2.4411,-0.2269,-0.2486
316103,22269,2.3683,-0.2205,-0.3047
316103,22270,2.4851,-0.2310,-0.2311
316103,22273,2.2935,-0.1934,-0.3157
316103,22274,2.4596,-0.2070,-0.2503
316103,22277,2.3256,-0.1961,-0.2990
316103,22278,2.4900,-0.2091,-0.2314
316103,22281,2.3222,-0.1750,-0.3194
316103,22282,2.4506,-0.1843,-0.2492
316103,22285,2.3626,-0.1781,-0.3035
316103,22286,2.4970,-0.1878,-0.2319
316103,22289,2.3094,-0.1538,-0.3175
316103,22290,2.4485,-0.1626,-0.2493
316103,22293,2.3348,-0.1551,-0.3002
316103,22294,2.4753,-0.1640,-0.2297
316103,22297,2.3153,-0.1335,-0.3181
316103,22298,2.4583,-0.1413,-0.2501
316103,22301,2.3377,-0.1348,-0.3004
316103,22302,2.5008,-0.1438,-0.2319
316103,22305,2.3092,-0.1125,-0.3171
316103,22306,2.4582,-0.1194,-0.2500
316103,22309,2.3360,-0.1138,-0.3000
316103,22310,2.4901,-0.1209,-0.2308
316103,22313,2.3080,-0.0919,-0.3168
316103,22314,2.4641,-0.0981,-0.2505
316103,22317,2.3472,-0.0935,-0.3013
316103,22318,2.4880,-0.0991,-0.2310
316103,22321,2.3205,-0.0721,-0.3188
316103,22322,2.4376,-0.0753,-0.2477
316103,22325,2.3289,-0.0720,-0.2989
316103,22326,2.4759,-0.0765,-0.2298
316103,22329,2.2933,-0.0508,-0.3150
316103,22330,2.4503,-0.0543,-0.2490
316103,22333,2.3300,-0.0517,-0.2990
316103,22334,2.4941,-0.0549,-0.2314
316103,22337,2.2950,-0.0304,-0.3152
316103,22338,2.4604,-0.0322,-0.2499
316103,22341,2.3259,-0.0309,-0.2984
316103,22342,2.4747,-0.0324,-0.2296
316103,22345,2.2986,-0.0100,-0.3157
316103,22346,2.4539,-0.0107,-0.2493
316103,22349,2.3322,-0.0102,-0.2992
316103,22350,2.4887,-0.0109,-0.2309
316103,22353,2.4022,-0.3312,-0.2883
316103,22354,2.5318,-0.3482,-0.2133
316103,22357,2.4270,-0.3346,-0.2696
316103,22358,2.5538,-0.3512,-0.1925
316103,22361,2.3760,-0.3061,-0.2852
316103,22362,2.5180,-0.3239,-0.2123
316103,22365,2.4113,-0.3106,-0.2676
316103,22366,2.5759,-0.3314,-0.1939
316103,22369,2.3967,-0.2875,-0.2874
316103,22370,2.5331,-0.3029,-0.2133
316103,22373,2.4057,-0.2881,-0.2671
316103,22374,2.5729,-0.3077,-0.1939
316103,22377,2.4077,-0.2671,-0.2884
316103,22378,2.5174,-0.2788,-0.2118
316103,22381,2.4139,-0.2678,-0.2677
316103,22382,2.5716,-0.2848,-0.1936
316103,22385,2.3809,-0.2431,-0.2854
316103,22386,2.5343,-0.2579,-0.2130
316103,22389,2.4025,-0.2449,-0.2662
316103,22390,2.5622,-0.2607,-0.1927
316103,22393,2.3600,-0.2198,-0.2826
316103,22394,2.5232,-0.2345,-0.2119
316103,22397,2.4114,-0.2245,-0.2669
316103,22398,2.5614,-0.2381,-0.1925
316103,22401,2.3473,-0.1975,-0.2809
316103,22402,2.5042,-0.2103,-0.2106
316103,22405,2.4224,-0.2038,-0.2684
316103,22406,2.5596,-0.2149,-0.1922
316103,22409,2.3602,-0.1779,-0.2822
316103,22410,2.5281,-0.1901,-0.2124
316103,22413,2.4288,-0.1826,-0.2689
316103,22414,2.5902,-0.1948,-0.1944
316103,22417,2.4106,-0.1601,-0.2881
316103,22418,2.5261,-0.1673,-0.2121
316103,22421,2.4242,-0.1610,-0.2682
316103,22422,2.5613,-0.1697,-0.1921
316103,22425,2.3701,-0.1362,-0.2831
316103,22426,2.5400,-0.1460,-0.2132
316103,22429,2.4254,-0.1394,-0.2682
316103,22430,2.5637,-0.1469,-0.1926
316103,22433,2.3830,-0.1161,-0.2849
316103,22434,2.5436,-0.1235,-0.2134
316103,22437,2.4234,-0.1181,-0.2679
316103,22438,2.5635,-0.1245,-0.1925
316103,22441,2.3653,-0.0942,-0.2827
316103,22442,2.5236,-0.1005,-0.2116
316103,22445,2.4105,-0.0960,-0.2663
316103,22446,2.5693,-0.1018,-0.1929
316103,22449,2.3674,-0.0732,-0.2828
316103,22450,2.5110,-0.0776,-0.2105
316103,22453,2.4238,-0.0749,-0.2677
316103,22454,2.5641,-0.0792,-0.1924
316103,22457,2.3524,-0.0522,-0.2810
316103,22458,2.5275,-0.0556,-0.2118
316103,22461,2.4171,-0.0536,-0.2669
316103,22462,2.5685,-0.0565,-0.1927
316103,22465,2.3816,-0.0316,-0.2844
316103,22466,2.5141,-0.0329,-0.2107
316103,22469,2.4160,-0.0320,-0.2668
316103,22470,2.5617,-0.0335,-0.1922
316103,22473,2.3487,-0.0102,-0.2805
316103,22474,2.5457,-0.0111,-0.2133
316103,22477,2.4073,-0.0105,-0.2658
316103,22478,2.5578,-0.0112,-0.1919
316103,22479,2.7815,0.0121,-0.0860
316103,22480,2.5867,0.0113,-0.1709
316103,22483,2.8036,0.0122,-0.0617
316103,22484,2.6616,0.0116,-0.1525
316103,22487,2.7671,0.0362,-0.0855
316103,22488,2.5895,0.0339,-0.1711
316103,22491,2.8125,0.0368,-0.0619
316103,22492,2.6405,0.0346,-0.1513
316103,22495,2.7674,0.0609,-0.0855
316103,22496,2.5744,0.0566,-0.1701
316103,22499,2.7838,0.0612,-0.0612
316103,22500,2.6267,0.0578,-0.1506
316103,22503,2.7788,0.0859,-0.0859
316103,22504,2.5867,0.0799,-0.1710
316103,22507,2.8053,0.0867,-0.0617
316103,22508,2.6101,0.0807,-0.1497
316103,22511,2.7781,0.1101,-0.0859
316103,22512,2.5885,0.1026,-0.1712
316103,22515,2.7858,0.1104,-0.0613
316103,22516,2.6736,0.1060,-0.1533
316103,22519,2.7820,0.1351,-0.0861
316103,22520,2.5965,0.1261,-0.1718
316103,22523,2.7952,0.1357,-0.0616
316103,22524,2.6428,0.1283,-0.1516
316103,22527,2.7827,0.1595,-0.0856
316103,22528,2.5897,0.1484,-0.1714
316103,22531,2.8042,0.1607,-0.0618
316103,22532,2.6075,0.1494,-0.1497
316103,22535,2.7598,0.1823,-0.0850
316103,22536,2.5819,0.1710,-0.1710
316103,22539,2.8056,0.1854,-0.0618
316103,22540,2.6261,0.1740,-0.1508
316103,22543,2.7682,0.2077,-0.0853
316103,22544,2.5567,0.1918,-0.1694
316103,22547,2.7936,0.2096,-0.0616
316103,22548,2.6089,0.1957,-0.1499
316103,22551,2.7639,0.2316,-0.0852
316103,22552,2.5749,0.2162,-0.1707
316103,22555,2.8099,0.2355,-0.0620
316103,22556,2.6084,0.2190,-0.1496
316103,22559,2.7495,0.2551,-0.0848
316103,22560,2.5663,0.2381,-0.1703
316103,22563,2.8056,0.2603,-0.0620
316103,22564,2.6092,0.2420,-0.1497
316103,22567,2.7692,0.2813,-0.0855
316103,22568,2.5734,0.2619,-0.1709
316103,22571,2.7837,0.2828,-0.0615
316103,22572,2.5954,0.2641,-0.1491
316103,22575,2.7859,0.3081,-0.0861
316103,22576,2.5765,0.2849,-0.1708
316103,22579,2.7915,0.3087,-0.0618
316103,22580,2.6351,0.2914,-0.1515
316103,22583,2.7665,0.3304,-0.0856
316103,22584,2.5842,0.3091,-0.1715
316103,22587,2.7667,0.3304,-0.0613
316103,22588,2.6294,0.3145,-0.1513
316103,22591,2.7535,0.3532,-0.0853
316103,22592,2.5686,0.3300,-0.1706
316103,22595,2.7782,0.3564,-0.0616
316103,22596,2.6434,0.3396,-0.1523
316103,22599,2.7496,0.3776,-0.0853
316103,22600,2.5842,0.3554,-0.1719
316103,22603,2.7510,0.3778,-0.0611
316103,22604,2.6419,0.3628,-0.1524
316103,22608,2.7048,0.0118,-0.1309
316103,22611,2.9592,0.0129,-0.0129
316103,22612,2.7255,0.0119,-0.1080
316103,22615,2.9777,0.0390,-0.0390
316103,22616,2.6969,0.0353,-0.1305
316103,22619,2.9723,0.0389,-0.0130
316103,22620,2.7350,0.0358,-0.1084
316103,22623,2.9423,0.0647,-0.0385
316103,22624,2.6840,0.0590,-0.1299
316103,22627,2.9507,0.0649,-0.0129
316103,22628,2.7296,0.0600,-0.1082
316103,22631,2.9109,0.0900,-0.0381
316103,22632,2.6857,0.0830,-0.1300
316103,22635,2.9540,0.0913,-0.0129
316103,22636,2.7342,0.0845,-0.1084
316103,22639,2.9023,0.1150,-0.0380
316103,22640,2.6755,0.1061,-0.1295
316103,22643,2.9552,0.1171,-0.0129
316103,22644,2.7257,0.1080,-0.1081
316103,22647,2.8881,0.1402,-0.0379
316103,22648,2.6980,0.1310,-0.1307
316103,22651,2.9380,0.1421,-0.0128
316103,22652,2.7256,0.1323,-0.1082
316103,22655,2.8971,0.1660,-0.0380
316103,22656,2.6848,0.1539,-0.1301
316103,22659,2.9473,0.1689,-0.0129
316103,22660,2.7029,0.1549,-0.1073
316103,22663,2.8830,0.1905,-0.0378
316103,22664,2.6802,0.1775,-0.1300
316103,22667,2.9387,0.1942,-0.0129
316103,22668,2.7109,0.1796,-0.1077
316103,22671,2.8934,0.2170,-0.0380
316103,22672,2.6793,0.2010,-0.1300
316103,22675,2.9504,0.2213,-0.0129
316103,22676,2.7176,0.2039,-0.1080
316103,22679,2.8877,0.2420,-0.0379
316103,22680,2.6748,0.2246,-0.1299
316103,22683,2.9466,0.2469,-0.0129
316103,22684,2.7208,0.2280,-0.1082
316103,22687,2.8264,0.2622,-0.0372
316103,22688,2.6835,0.2489,-0.1304
316103,22691,2.9272,0.2715,-0.0128
316103,22692,2.7307,0.2533,-0.1087
316103,22695,2.8380,0.2883,-0.0373
316103,22696,2.6789,0.2721,-0.1303
316103,22699,2.9172,0.2963,-0.0128
316103,22700,2.7280,0.2771,-0.1087
316103,22703,2.8742,0.3178,-0.0379
316103,22704,2.6677,0.2950,-0.1299
316103,22707,2.9287,0.3233,-0.0129
316103,22708,2.7266,0.3015,-0.1087
316103,22711,2.8975,0.3460,-0.0382
316103,22712,2.6808,0.3201,-0.1306
316103,22715,2.9447,0.3517,-0.0129
316103,22716,2.7215,0.3250,-0.1082
316103,22719,2.8673,0.3678,-0.0378
316103,22720,2.6667,0.3426,-0.1301
316103,22723,2.9345,0.3764,-0.0129
316103,22724,2.7179,0.3491,-0.1081
316103,22727,2.8956,0.3977,-0.0383
316103,22728,2.6868,0.3690,-0.1307
316103,22731,2.9440,0.4043,-0.0130
316103,22732,2.7098,0.3722,-0.1079
316103,22735,2.8063,0.4104,-0.0871
316103,22736,2.6286,0.3849,-0.1751
316103,22739,2.7751,0.4058,-0.0617
316103,22740,2.6636,0.3900,-0.1538
316103,22743,2.7702,0.4303,-0.0861
316103,22744,2.5879,0.4025,-0.1726
316103,22747,2.7966,0.4344,-0.0622
316103,22748,2.6443,0.4108,-0.1524
316103,22751,2.7715,0.4553,-0.0863
316103,22752,2.5973,0.4272,-0.1730
316103,22755,2.8062,0.4610,-0.0621
316103,22756,2.6519,0.4362,-0.1531
316103,22759,2.7827,0.4822,-0.0868
316103,22760,2.5938,0.4499,-0.1730
316103,22763,2.8740,0.4980,-0.0636
316103,22764,2.6583,0.4611,-0.1537
316103,22767,2.7735,0.5040,-0.0861
316103,22768,2.5986,0.4722,-0.1736
316103,22771,2.8022,0.5092,-0.0621
316103,22772,2.6817,0.4873,-0.1552
316103,22775,2.7598,0.5265,-0.0858
316103,22776,2.6390,0.5082,-0.1766
316103,22779,2.7821,0.5307,-0.0618
316103,22780,2.6652,0.5084,-0.1545
316103,22784,2.5792,0.5201,-0.1725
316103,22788,2.5536,0.5149,-0.1479
316103,22863,2.9102,0.4256,-0.0385
316103,22864,2.6910,0.3940,-0.1311
316103,22867,2.9592,0.4328,-0.0130
316103,22868,2.7453,0.4015,-0.1095
316103,22871,2.9036,0.4505,-0.0385
316103,22872,2.7120,0.4213,-0.1323
316103,22875,2.9573,0.4589,-0.0131
316103,22876,2.7360,0.4250,-0.1093
316103,22879,2.9162,0.4791,-0.0387
316103,22880,2.6852,0.4412,-0.1312
316103,22883,2.9629,0.4868,-0.0131
316103,22884,2.7518,0.4521,-0.1101
316103,22887,2.9093,0.5041,-0.0387
316103,22888,2.6900,0.4666,-0.1316
316103,22891,2.9493,0.5110,-0.0131
316103,22892,2.7426,0.4757,-0.1099
316103,22895,2.9062,0.5281,-0.0387
316103,22896,2.7178,0.4939,-0.1332
316103,22899,2.9407,0.5344,-0.0130
316103,22900,2.7501,0.4998,-0.1103
316103,22903,2.8061,0.5353,-0.0374
316103,22904,2.6794,0.5111,-0.1315
316103,22908,2.7450,0.5236,-0.1098
316103,23809,2.6075,-0.9957,-0.1800
316103,23817,2.5889,-0.9628,-0.1781
316103,23821,2.6605,-0.9894,-0.1587
316103,23825,2.5940,-0.9390,-0.1784
316103,23829,2.6546,-0.9610,-0.1578
316103,23833,2.6009,-0.9159,-0.1783
316103,23837,2.6412,-0.9301,-0.1570
316103,23841,2.5894,-0.8866,-0.1770
316103,23842,2.8258,-0.9675,-0.0902
316103,23845,2.6379,-0.9031,-0.1564
316103,23846,2.8512,-0.9762,-0.0652
316103,23849,2.5903,-0.8617,-0.1770
316103,23850,2.8150,-0.9364,-0.0896
316103,23853,2.6546,-0.8831,-0.1569
316103,23854,2.8667,-0.9536,-0.0654
316103,23857,2.6002,-0.8398,-0.1772
316103,23858,2.8245,-0.9123,-0.0896
316103,23861,2.6529,-0.8569,-0.1568
316103,23862,2.8769,-0.9292,-0.0654
316103,23865,2.6277,-0.8235,-0.1790
316103,23866,2.8165,-0.8826,-0.0891
316103,23869,2.6558,-0.8323,-0.1566
316103,23870,2.8725,-0.9002,-0.0652
316103,23873,2.6214,-0.7964,-0.1781
316103,23874,2.8393,-0.8627,-0.0901
316103,23877,2.6422,-0.8028,-0.1554
316103,23878,2.8630,-0.8698,-0.0648
316103,23881,2.6273,-0.7733,-0.1781
316103,23882,2.8366,-0.8349,-0.0898
316103,23885,2.6669,-0.7849,-0.1569
316103,23886,2.8799,-0.8476,-0.0650
316103,23953,2.7081,-0.9803,-0.1363
316103,23961,2.7016,-0.9514,-0.1356
316103,23965,2.7841,-0.9804,-0.1144
316103,23969,2.6922,-0.9217,-0.1352
316103,23970,2.8992,-0.9926,-0.0396
316103,23973,2.7816,-0.9523,-0.1140
316103,23977,2.6804,-0.8917,-0.1342
316103,23978,2.9009,-0.9650,-0.0395
316103,23981,2.7786,-0.9243,-0.1140
316103,23982,3.0026,-0.9988,-0.0133
316103,23985,2.6914,-0.8693,-0.1344
316103,23986,2.9188,-0.9428,-0.0396
316103,23989,2.7826,-0.8987,-0.1139
316103,23990,3.0321,-0.9793,-0.0133
316103,23993,2.7046,-0.8476,-0.1352
316103,23994,2.9180,-0.9144,-0.0395
316103,23997,2.7944,-0.8757,-0.1140
316103,23998,3.0371,-0.9518,-0.0133
316103,24001,2.6974,-0.8195,-0.1344
316103,24002,2.9194,-0.8870,-0.0394
316103,24005,2.7887,-0.8473,-0.1135
316103,24006,3.0372,-0.9228,-0.0133
316103,24009,2.6926,-0.7925,-0.1338
316103,24010,2.9156,-0.8581,-0.0393
316103,24013,2.8085,-0.8266,-0.1140
316103,24014,3.0450,-0.8962,-0.0133
316103,24017,2.6283,-0.7487,-0.1782
316103,24018,2.8378,-0.8084,-0.0896
316103,24021,2.6654,-0.7593,-0.1564
316103,24022,2.8904,-0.8234,-0.0651
316103,24025,2.6450,-0.7285,-0.1789
316103,24026,2.8254,-0.7782,-0.0890
316103,24029,2.6659,-0.7343,-0.1560
316103,24030,2.8899,-0.7960,-0.0649
316103,24033,2.6391,-0.7022,-0.1780
316103,24034,2.8352,-0.7544,-0.0891
316103,24037,2.6558,-0.7067,-0.1556
316103,24038,2.8837,-0.7673,-0.0646
316103,24041,2.6394,-0.6777,-0.1781
316103,24042,2.8244,-0.7252,-0.0886
316103,24045,2.6729,-0.6863,-0.1562
316103,24046,2.8891,-0.7418,-0.0651
316103,24049,2.6390,-0.6531,-0.1777
316103,24050,2.8214,-0.6982,-0.0888
316103,24053,2.6766,-0.6624,-0.1561
316103,24054,2.8815,-0.7131,-0.0648
316103,24057,2.6319,-0.6270,-0.1769
316103,24058,2.8375,-0.6760,-0.0891
316103,24061,2.6820,-0.6389,-0.1561
316103,24062,2.8829,-0.6868,-0.0647
316103,24065,2.6396,-0.6045,-0.1775
316103,24066,2.8312,-0.6484,-0.0887
316103,24069,2.6793,-0.6136,-0.1561
316103,24070,2.8843,-0.6553,-0.0645
316103,24073,2.6396,-0.5804,-0.1771
316103,24074,2.8361,-0.6184,-0.0887
316103,24077,2.6668,-0.5863,-0.1551
316103,24078,2.8774,-0.6274,-0.0643
316103,24081,2.6337,-0.5550,-0.1764
316103,24082,2.8403,-0.5934,-0.0887
316103,24085,2.6746,-0.5636,-0.1552
316103,24086,2.8700,-0.5996,-0.0640
316103,24089,2.6495,-0.5342,-0.1772
316103,24090,2.8241,-0.5643,-0.0880
316103,24093,2.6527,-0.5349,-0.1537
316103,24094,2.8835,-0.5762,-0.0642
316103,24097,2.6345,-0.5073,-0.1763
316103,24098,2.7919,-0.5326,-0.0868
316103,24101,2.6876,-0.5127,-0.1558
316103,24102,2.8863,-0.5506,-0.0641
316103,24105,2.6495,-0.4815,-0.1770
316103,24106,2.8001,-0.5089,-0.0870
316103,24109,2.6710,-0.4854,-0.1546
316103,24110,2.8814,-0.5236,-0.0639
316103,24113,2.6379,-0.4575,-0.1760
316103,24114,2.8018,-0.4855,-0.0874
316103,24117,2.6721,-0.4635,-0.1545
316103,24118,2.8802,-0.4991,-0.0638
316103,24121,2.6495,-0.4358,-0.1765
316103,24122,2.8106,-0.4618,-0.0875
316103,24125,2.6880,-0.4421,-0.1552
316103,24126,2.8826,-0.4736,-0.0637
316103,24129,2.6349,-0.4098,-0.1757
316103,24130,2.8098,-0.4365,-0.0874
316103,24133,2.6782,-0.4160,-0.1544
316103,24134,2.8773,-0.4470,-0.0640
316103,24137,2.6363,-0.3860,-0.1756
316103,24138,2.8203,-0.4124,-0.0876
316103,24141,2.6959,-0.3947,-0.1557
316103,24142,2.8797,-0.4211,-0.0640
316103,24145,2.7038,-0.7702,-0.1341
316103,24146,2.9236,-0.8328,-0.0393
316103,24149,2.8056,-0.7992,-0.1141
316103,24150,3.0522,-0.8695,-0.0133
316103,24153,2.7022,-0.7443,-0.1341
316103,24154,2.9278,-0.8065,-0.0392
316103,24157,2.7962,-0.7702,-0.1134
316103,24158,3.0473,-0.8394,-0.0132
316103,24161,2.6995,-0.7183,-0.1337
316103,24162,2.9072,-0.7735,-0.0389
316103,24165,2.7926,-0.7430,-0.1130
316103,24166,3.0732,-0.8177,-0.0133
316103,24169,2.7098,-0.6958,-0.1339
316103,24170,2.9171,-0.7490,-0.0389
316103,24173,2.7600,-0.7086,-0.1115
316103,24174,3.0659,-0.7872,-0.0133
316103,24177,2.7012,-0.6685,-0.1332
316103,24178,2.9206,-0.7228,-0.0389
316103,24181,2.7468,-0.6798,-0.1107
316103,24182,3.0772,-0.7615,-0.0133
316103,24185,2.7084,-0.6452,-0.1337
316103,24186,2.9180,-0.6952,-0.0387
316103,24189,2.7460,-0.6542,-0.1109
316103,24190,3.0721,-0.7319,-0.0138
316103,24193,2.7088,-0.6204,-0.1335
316103,24194,2.9244,-0.6644,-0.0387
316103,24197,2.7516,-0.6302,-0.1109
316103,24198,3.0929,-0.7027,-0.0138
316103,24201,2.7311,-0.6005,-0.1343
316103,24202,2.9234,-0.6374,-0.0392
316103,24205,2.7777,-0.6107,-0.1117
316103,24206,3.0730,-0.6700,-0.0137
316103,24209,2.7067,-0.5704,-0.1329
316103,24210,2.9235,-0.6107,-0.0391
316103,24213,2.7546,-0.5755,-0.1106
316103,24214,3.0554,-0.6383,-0.0136
316103,24217,2.7188,-0.5433,-0.1332
316103,24218,2.9322,-0.5859,-0.0391
316103,24221,2.7541,-0.5503,-0.1103
316103,24222,2.9600,-0.5915,-0.0132
316103,24225,2.7209,-0.5190,-0.1335
316103,24226,2.9122,-0.5555,-0.0388
316103,24229,2.7533,-0.5252,-0.1101
316103,24230,2.9491,-0.5626,-0.0131
316103,24233,2.7032,-0.4913,-0.1325
316103,24234,2.9170,-0.5301,-0.0388
316103,24237,2.7665,-0.5027,-0.1110
316103,24238,2.9837,-0.5422,-0.0132
316103,24241,2.7339,-0.4742,-0.1338
316103,24242,2.9097,-0.5042,-0.0387
316103,24245,2.7625,-0.4792,-0.1107
316103,24246,2.9960,-0.5191,-0.0133
316103,24249,2.7124,-0.4456,-0.1325
316103,24250,2.9283,-0.4811,-0.0388
316103,24253,2.7498,-0.4518,-0.1100
316103,24257,2.7301,-0.4241,-0.1332
316103,24258,2.9098,-0.4515,-0.0385
316103,24261,2.7437,-0.4262,-0.1096
316103,24262,2.9774,-0.4620,-0.0131
316103,24265,2.7262,-0.3992,-0.1328
316103,24266,2.9261,-0.4279,-0.0387
316103,24269,2.7691,-0.4050,-0.1104
316103,24270,2.9698,-0.4343,-0.0131
316103,24273,2.6229,-0.3607,-0.1745
316103,24274,2.7957,-0.3840,-0.0867
316103,24277,2.6507,-0.3640,-0.1529
316103,24278,2.8695,-0.3941,-0.0637
316103,24281,2.6251,-0.3372,-0.1744
316103,24282,2.7958,-0.3586,-0.0866
316103,24285,2.6662,-0.3425,-0.1536
316103,24286,2.8768,-0.3690,-0.0638
316103,24289,2.6125,-0.3124,-0.1734
316103,24290,2.8112,-0.3357,-0.0870
316103,24293,2.6642,-0.3186,-0.1533
316103,24294,2.8729,-0.3431,-0.0636
316103,24297,2.5955,-0.2870,-0.1721
316103,24298,2.7729,-0.3066,-0.0857
316103,24301,2.6434,-0.2923,-0.1520
316103,24302,2.8732,-0.3177,-0.0636
316103,24305,2.6034,-0.2649,-0.1729
316103,24306,2.7751,-0.2819,-0.0857
316103,24309,2.6617,-0.2708,-0.1529
316103,24310,2.8302,-0.2875,-0.0626
316103,24313,2.5906,-0.2403,-0.1719
316103,24314,2.7782,-0.2577,-0.0857
316103,24317,2.6470,-0.2456,-0.1519
316103,24318,2.8481,-0.2642,-0.0629
316103,24321,2.5991,-0.2183,-0.1723
316103,24322,2.8043,-0.2350,-0.0865
316103,24325,2.6737,-0.2245,-0.1533
316103,24326,2.8282,-0.2370,-0.0624
316103,24329,2.6143,-0.1961,-0.1732
316103,24330,2.7873,-0.2091,-0.0859
316103,24333,2.6695,-0.2003,-0.1534
316103,24334,2.8273,-0.2121,-0.0624
316103,24337,2.6378,-0.1747,-0.1747
316103,24338,2.7953,-0.1847,-0.0861
316103,24341,2.6723,-0.1770,-0.1535
316103,24342,2.8208,-0.1864,-0.0622
316103,24345,2.6018,-0.1491,-0.1722
316103,24346,2.7736,-0.1590,-0.0854
316103,24349,2.6633,-0.1526,-0.1529
316103,24350,2.8276,-0.1620,-0.0623
316103,24353,2.6008,-0.1263,-0.1720
316103,24354,2.7785,-0.1349,-0.0860
316103,24357,2.6548,-0.1289,-0.1523
316103,24358,2.8415,-0.1380,-0.0626
316103,24361,2.6062,-0.1033,-0.1723
316103,24362,2.7902,-0.1106,-0.0863
316103,24365,2.6776,-0.1061,-0.1536
316103,24366,2.8321,-0.1123,-0.0623
316103,24369,2.5823,-0.0798,-0.1707
316103,24370,2.7991,-0.0865,-0.0865
316103,24373,2.6723,-0.0826,-0.1532
316103,24374,2.8734,-0.0888,-0.0632
316103,24377,2.6575,-0.0585,-0.1756
316103,24378,2.8143,-0.0619,-0.0870
316103,24381,2.6636,-0.0586,-0.1527
316103,24382,2.8953,-0.0637,-0.0637
316103,24385,2.6079,-0.0341,-0.1723
316103,24386,2.7972,-0.0366,-0.0864
316103,24389,2.6579,-0.0348,-0.1523
316103,24390,2.9078,-0.0381,-0.0640
316103,24393,2.6322,-0.0115,-0.1739
316103,24394,2.7945,-0.0122,-0.0864
316103,24397,2.6826,-0.0117,-0.1537
316103,24398,2.8424,-0.0124,-0.0625
316103,24401,2.7007,-0.3709,-0.1314
316103,24402,2.9156,-0.4004,-0.0385
316103,24405,2.7551,-0.3784,-0.1097
316103,24406,2.9773,-0.4089,-0.0131
316103,24409,2.7008,-0.3469,-0.1317
316103,24410,2.8891,-0.3706,-0.0381
316103,24413,2.7478,-0.3530,-0.1093
316103,24414,2.9847,-0.3829,-0.0131
316103,24417,2.7108,-0.3237,-0.1321
316103,24418,2.8900,-0.3451,-0.0381
316103,24421,2.7721,-0.3310,-0.1102
316103,24422,2.9955,-0.3577,-0.0132
316103,24425,2.7166,-0.3004,-0.1322
316103,24426,2.9139,-0.3222,-0.0384
316103,24429,2.7575,-0.3049,-0.1100
316103,24430,2.9986,-0.3310,-0.0132
316103,24433,2.7069,-0.2750,-0.1316
316103,24434,2.8874,-0.2933,-0.0380
316103,24437,2.7536,-0.2797,-0.1097
316103,24438,2.9665,-0.3013,-0.0130
316103,24441,2.7142,-0.2518,-0.1319
316103,24442,2.8694,-0.2662,-0.0377
316103,24445,2.7349,-0.2537,-0.1089
316103,24446,2.9503,-0.2737,-0.0129
316103,24449,2.7099,-0.2276,-0.1316
316103,24450,2.8972,-0.2428,-0.0381
316103,24453,2.7411,-0.2297,-0.1090
316103,24454,2.9684,-0.2487,-0.0130
316103,24457,2.7077,-0.2031,-0.1314
316103,24458,2.8905,-0.2168,-0.0379
316103,24461,2.7479,-0.2061,-0.1092
316103,24462,2.9725,-0.2230,-0.0130
316103,24465,2.6996,-0.1788,-0.1309
316103,24466,2.9024,-0.1918,-0.0381
316103,24469,2.7445,-0.1818,-0.1090
316103,24470,2.9692,-0.1962,-0.0130
316103,24473,2.6996,-0.1547,-0.1308
316103,24474,2.8963,-0.1660,-0.0380
316103,24477,2.7500,-0.1576,-0.1092
316103,24478,2.9690,-0.1702,-0.0130
316103,24481,2.7120,-0.1317,-0.1314
316103,24482,2.9100,-0.1413,-0.0381
316103,24485,2.7432,-0.1332,-0.1089
316103,24486,2.9854,-0.1444,-0.0130
316103,24489,2.6988,-0.1070,-0.1307
316103,24490,2.9057,-0.1152,-0.0381
316103,24493,2.7521,-0.1091,-0.1092
316103,24494,2.9906,-0.1185,-0.0131
316103,24497,2.7004,-0.0834,-0.1307
316103,24498,2.9334,-0.0906,-0.0384
316103,24501,2.7351,-0.0845,-0.1085
316103,24502,2.9768,-0.0920,-0.0130
316103,24505,2.7151,-0.0597,-0.1314
316103,24506,2.9269,-0.0644,-0.0383
316103,24509,2.7557,-0.0606,-0.1093
316103,24510,3.0038,-0.0661,-0.0131
316103,24513,2.6930,-0.0353,-0.1303
316103,24514,2.9433,-0.0385,-0.0385
316103,24517,2.7346,-0.0358,-0.1084
316103,24518,2.9589,-0.0387,-0.0129
316103,24521,2.7103,-0.0118,-0.1311
316103,24522,2.9791,-0.0130,-0.0390
316103,24525,2.7355,-0.0119,-0.1084
316103,24526,2.9993,-0.0131,-0.0131
316103,24527,3.2697,0.0143,0.1296
316103,24528,3.0062,0.0131,0.0131
316103,24531,3.4342,0.0150,0.1662
316103,24532,3.0576,0.0133,0.0400
316103,24535,3.2876,0.0430,0.1303
316103,24536,2.9885,0.0391,0.0130
316103,24539,3.4225,0.0448,0.1656
316103,24540,3.0569,0.0400,0.0400
316103,24543,3.2934,0.0724,0.1306
316103,24544,3.0081,0.0662,0.0131
316103,24547,3.4274,0.0754,0.1659
316103,24548,3.0498,0.0671,0.0399
316103,24551,3.2602,0.1007,0.1293
316103,24552,2.9910,0.0924,0.0131
316103,24555,3.3147,0.1024,0.1605
316103,24556,3.0443,0.0941,0.0399
316103,24559,3.2462,0.1287,0.1288
316103,24560,2.9834,0.1183,0.0130
316103,24563,3.3828,0.1341,0.1638
316103,24564,3.0228,0.1198,0.0396
316103,24567,3.2556,0.1581,0.1292
316103,24568,2.9805,0.1442,0.0130
316103,24571,3.3046,0.1605,0.1601
316103,24572,3.0273,0.1470,0.0397
316103,24575,3.2292,0.1851,0.1282
316103,24576,2.9894,0.1713,0.0131
316103,24579,3.2746,0.1877,0.1587
316103,24580,3.0357,0.1740,0.0398
316103,24583,3.2274,0.2138,0.1282
316103,24584,2.9748,0.1965,0.0130
316103,24587,3.2797,0.2173,0.1590
316103,24588,3.0176,0.1994,0.0396
316103,24591,3.2272,0.2421,0.1283
316103,24592,2.9525,0.2215,0.0129
316103,24595,3.2738,0.2456,0.1588
316103,24596,3.0235,0.2268,0.0397
316103,24599,3.2040,0.2685,0.1275
316103,24600,2.9820,0.2499,0.0131
316103,24603,3.2888,0.2762,0.1597
316103,24604,3.0265,0.2536,0.0398
316103,24607,3.2302,0.2997,0.1286
316103,24608,2.9675,0.2753,0.0130
316103,24611,3.2870,0.3049,0.1597
316103,24612,3.0143,0.2796,0.0396
316103,24615,3.2346,0.3286,0.1289
316103,24616,2.9813,0.3028,0.0131
316103,24619,3.3068,0.3359,0.1608
316103,24620,3.0227,0.3070,0.0398
316103,24623,3.2150,0.3555,0.1282
316103,24624,2.9749,0.3284,0.0131
316103,24627,3.2904,0.3638,0.1602
316103,24628,3.0348,0.3356,0.0400
316103,24631,3.2410,0.3870,0.1288
316103,24632,2.9912,0.3572,0.0131
316103,24635,3.3073,0.3950,0.1612
316103,24636,3.0477,0.3640,0.0402
316103,24639,3.2512,0.4176,0.1294
316103,24640,2.9758,0.3817,0.0131
316103,24643,3.2995,0.4239,0.1610
316103,24644,3.0500,0.3913,0.0403
316103,24647,3.2456,0.4457,0.1293
316103,24648,2.9910,0.4108,0.0132
316103,24651,3.3250,0.4567,0.1618
316103,24652,3.0298,0.4161,0.0400
316103,24655,3.4726,0.0152,0.1990
316103,24656,3.1796,0.0139,0.0699
316103,24659,3.5432,0.0155,0.2341
316103,24660,3.2101,0.0140,0.0992
316103,24663,3.4778,0.0455,0.1993
316103,24664,3.1821,0.0417,0.0700
316103,24667,3.5671,0.0467,0.2357
316103,24668,3.2236,0.0422,0.0996
316103,24671,3.4745,0.0764,0.1992
316103,24672,3.1379,0.0690,0.0690
316103,24675,3.5411,0.0779,0.2340
316103,24676,3.2222,0.0709,0.0996
316103,24679,3.4714,0.1073,0.1990
316103,24680,3.1475,0.0973,0.0693
316103,24683,3.5372,0.1093,0.2338
316103,24684,3.1997,0.0989,0.0989
316103,24687,3.4388,0.1363,0.1972
316103,24688,3.1432,0.1246,0.0692
316103,24691,3.5202,0.1395,0.2328
316103,24692,3.2166,0.1275,0.0995
316103,24695,3.4027,0.1652,0.1952
316103,24696,3.0866,0.1499,0.0680
316103,24699,3.4816,0.1691,0.2303
316103,24700,3.1633,0.1536,0.0979
316103,24703,3.3949,0.1946,0.1949
316103,24704,3.0852,0.1768,0.0680
316103,24707,3.4523,0.1978,0.2285
316103,24708,3.1682,0.1816,0.0975
316103,24711,3.4120,0.2260,0.1960
316103,24712,3.0742,0.2031,0.0678
316103,24715,3.4367,0.2277,0.2276
316103,24716,3.1531,0.2083,0.0971
316103,24719,3.3833,0.2538,0.1944
316103,24720,3.0793,0.2310,0.0679
316103,24723,3.4595,0.2595,0.2292
316103,24724,3.1542,0.2366,0.0972
316103,24727,3.3994,0.2855,0.1949
316103,24728,3.1269,0.2620,0.0690
316103,24731,3.4493,0.2896,0.2287
316103,24732,3.1852,0.2669,0.0982
316103,24735,3.3982,0.3152,0.1950
316103,24736,3.1451,0.2918,0.0695
316103,24739,3.4384,0.3190,0.2281
316103,24740,3.1910,0.2960,0.0985
316103,24743,3.3824,0.3442,0.1942
316103,24744,3.0732,0.3122,0.0679
316103,24747,3.4571,0.3518,0.2296
316103,24748,3.1825,0.3233,0.0983
316103,24751,3.3957,0.3755,0.1952
316103,24752,3.0777,0.3403,0.0681
316103,24755,3.4491,0.3814,0.2287
316103,24756,3.1773,0.3513,0.0982
316103,24759,3.4181,0.4088,0.1967
316103,24760,3.1305,0.3738,0.0693
316103,24763,3.4652,0.4144,0.2300
316103,24764,3.1797,0.3797,0.0984
316103,24767,3.3999,0.4367,0.1958
316103,24768,3.0859,0.3959,0.0684
316103,24771,3.4670,0.4454,0.2303
316103,24772,3.1784,0.4077,0.0985
316103,24775,3.3980,0.4667,0.1960
316103,24776,3.1148,0.4278,0.0692
316103,24779,3.4601,0.4758,0.2301
316103,24780,3.1871,0.4377,0.0989
316103,24783,3.2449,0.4745,0.1294
316103,24784,2.9774,0.4354,0.0131
316103,24787,3.3020,0.4835,0.1609
316103,24788,3.0583,0.4473,0.0405
316103,24791,3.2389,0.5031,0.1294
316103,24792,2.9831,0.4629,0.0132
316103,24795,3.3447,0.5196,0.1632
316103,24796,3.0616,0.4751,0.0406
316103,24799,3.2255,0.5299,0.1290
316103,24800,2.9818,0.4899,0.0132
316103,24803,3.3005,0.5422,0.1612
316103,24804,3.0486,0.5009,0.0404
316103,24807,3.2332,0.5608,0.1295
316103,24808,2.9947,0.5189,0.0133
316103,24811,3.2922,0.5710,0.1611
316103,24812,3.0389,0.5265,0.0404
316103,24815,3.1897,0.5797,0.1279
316103,24816,2.9731,0.5403,0.0132
316103,24819,3.1952,0.5807,0.1566
316103,24820,3.0278,0.5502,0.0403
316103,24911,3.4016,0.4981,0.1964
316103,24912,3.0856,0.4512,0.0686
316103,24915,3.4660,0.5075,0.2308
316103,24916,3.1907,0.4666,0.0991
316103,24919,3.4218,0.5316,0.1972
316103,24920,3.1386,0.4876,0.0699
316103,24923,3.4572,0.5377,0.2305
316103,24924,3.1819,0.4943,0.0989
316103,24927,3.3932,0.5581,0.1959
316103,24928,3.0772,0.5056,0.0680
316103,24931,3.4638,0.5697,0.2307
316103,24932,3.1830,0.5229,0.0991
316103,24935,3.3962,0.5891,0.1963
316103,24936,3.1311,0.5425,0.0693
316103,24939,3.4547,0.5992,0.2304
316103,24940,3.1775,0.5506,0.0991
316103,24944,3.0630,0.5566,0.0679
316103,24948,3.0872,0.5610,0.0959
316103,25913,3.1363,-0.9829,0.0138
316103,25914,3.1844,-0.9979,0.1300
316103,25917,3.1248,-0.9793,0.0423
316103,25922,3.2235,-0.9794,0.1312
316103,25925,3.1534,-0.9581,0.0426
316103,25930,3.2805,-0.9655,0.1332
316103,25933,3.1622,-0.9307,0.0426
316103,25934,3.3081,-0.9736,0.1644
316103,26041,3.1557,-0.9889,0.0716
316103,26045,3.1650,-0.9918,0.1002
316103,26049,3.1589,-0.9597,0.0715
316103,26053,3.2097,-0.9752,0.1019
316103,26057,3.1573,-0.9292,0.0712
316103,26061,3.2167,-0.9467,0.1019
316103,26066,3.2984,-0.9396,0.1341
316103,26069,3.1302,-0.8917,0.0420
316103,26070,3.3522,-0.9549,0.1662
316103,26074,3.2935,-0.9072,0.1336
316103,26077,3.1173,-0.8586,0.0418
316103,26078,3.3477,-0.9221,0.1662
316103,26082,3.3182,-0.8829,0.1343
316103,26085,3.1246,-0.8314,0.0418
316103,26086,3.3681,-0.8962,0.1668
316103,26090,3.3273,-0.8543,0.1344
316103,26093,3.1526,-0.8094,0.0420
316103,26094,3.3591,-0.8625,0.1660
316103,26098,3.3314,-0.8244,0.1342
316103,26101,3.1457,-0.7785,0.0419
316103,26102,3.3667,-0.8332,0.1660
316103,26106,3.3297,-0.7933,0.1345
316103,26109,3.1174,-0.7427,0.0414
316103,26110,3.3730,-0.8036,0.1665
316103,26114,3.2583,-0.7462,0.1313
316103,26117,3.1331,-0.7118,0.0415
316103,26118,3.3730,-0.7725,0.1662
316103,26122,3.2826,-0.7217,0.1321
316103,26125,3.1059,-0.6772,0.0416
316103,26126,3.3682,-0.7406,0.1657
316103,26129,3.1168,-0.6511,0.0139
316103,26130,3.3435,-0.6985,0.1342
316103,26133,3.1283,-0.6535,0.0418
316103,26134,3.3814,-0.7126,0.1660
316103,26137,3.0957,-0.6186,0.0138
316103,26138,3.2908,-0.6576,0.1319
316103,26141,3.1272,-0.6249,0.0417
316103,26142,3.3806,-0.6755,0.1656
316103,26145,3.1049,-0.5923,0.0138
316103,26146,3.2821,-0.6261,0.1313
316103,26149,3.1245,-0.5960,0.0416
316103,26150,3.3810,-0.6450,0.1659
316103,26153,3.1026,-0.5638,0.0138
316103,26154,3.2752,-0.5952,0.1314
316103,26157,3.1297,-0.5688,0.0416
316103,26158,3.3658,-0.6117,0.1649
316103,26161,3.1161,-0.5399,0.0138
316103,26162,3.3245,-0.5766,0.1332
316103,26165,3.1281,-0.5420,0.0416
316103,26166,3.3833,-0.5868,0.1655
316103,26169,3.1003,-0.5094,0.0137
316103,26170,3.2974,-0.5417,0.1319
316103,26173,3.1434,-0.5164,0.0417
316103,26174,3.3958,-0.5579,0.1659
316103,26177,3.1160,-0.4835,0.0138
316103,26178,3.2894,-0.5110,0.1314
316103,26181,3.1215,-0.4843,0.0414
316103,26182,3.4019,-0.5285,0.1660
316103,26185,3.0301,-0.4431,0.0134
316103,26186,3.2957,-0.4820,0.1314
316103,26189,3.1289,-0.4576,0.0414
316103,26190,3.4003,-0.4979,0.1657
316103,26193,3.1728,-0.9038,0.0714
316103,26194,3.3941,-0.9668,0.1992
316103,26197,3.2287,-0.9197,0.1020
316103,26198,3.5039,-0.9981,0.2375
316103,26201,3.1543,-0.8688,0.0708
316103,26202,3.4075,-0.9386,0.1995
316103,26205,3.2080,-0.8836,0.1011
316103,26206,3.4629,-0.9539,0.2342
316103,26209,3.1540,-0.8392,0.0706
316103,26210,3.3865,-0.9011,0.1984
316103,26213,3.2185,-0.8564,0.1012
316103,26214,3.4013,-0.9050,0.2295
316103,26217,3.1846,-0.8177,0.0717
316103,26218,3.3599,-0.8627,0.1964
316103,26221,3.2478,-0.8339,0.1019
316103,26225,3.1747,-0.7857,0.0714
316103,26226,3.3598,-0.8315,0.1959
316103,26229,3.2433,-0.8026,0.1021
316103,26230,3.3843,-0.8375,0.2279
316103,26233,3.1706,-0.7553,0.0711
316103,26234,3.4161,-0.8138,0.1988
316103,26237,3.2294,-0.7693,0.1014
316103,26238,3.4789,-0.8288,0.2338
316103,26241,3.1688,-0.7199,0.0709
316103,26242,3.4254,-0.7845,0.1995
316103,26245,3.2378,-0.7416,0.1015
316103,26246,3.4886,-0.7990,0.2346
316103,26249,3.1570,-0.6883,0.0705
316103,26250,3.4388,-0.7561,0.1999
316103,26253,3.2210,-0.7023,0.1007
316103,26254,3.4768,-0.7644,0.2333
316103,26257,3.1608,-0.6603,0.0705
316103,26258,3.4270,-0.7222,0.1989
316103,26261,3.2280,-0.6744,0.1008
316103,26262,3.5158,-0.7409,0.2355
316103,26265,3.1669,-0.6328,0.0705
316103,26266,3.4649,-0.6986,0.2007
316103,26269,3.2289,-0.6452,0.1006
316103,26270,3.5580,-0.7174,0.2379
316103,26273,3.1741,-0.6055,0.0705
316103,26274,3.4365,-0.6556,0.1993
316103,26277,3.2203,-0.6143,0.1002
316103,26278,3.5033,-0.6746,0.2345
316103,26281,3.1433,-0.5712,0.0697
316103,26282,3.4586,-0.6285,0.2002
316103,26285,3.2354,-0.5880,0.1005
316103,26286,3.5083,-0.6376,0.2343
316103,26289,3.1603,-0.5476,0.0700
316103,26290,3.4531,-0.5989,0.1996
316103,26293,3.2205,-0.5580,0.1004
316103,26294,3.5053,-0.6080,0.2338
316103,26297,3.1756,-0.5217,0.0702
316103,26298,3.4395,-0.5657,0.1985
316103,26301,3.2126,-0.5278,0.1000
316103,26302,3.5120,-0.5776,0.2339
316103,26305,3.1687,-0.4922,0.0705
316103,26306,3.4579,-0.5372,0.1993
316103,26309,3.2212,-0.5004,0.1002
316103,26310,3.5093,-0.5458,0.2340
316103,26313,3.1719,-0.4639,0.0705
316103,26314,3.4544,-0.5058,0.1995
316103,26317,3.2308,-0.4725,0.1003
316103,26318,3.5063,-0.5134,0.2335
316103,26321,3.0169,-0.4143,0.0133
316103,26322,3.2668,-0.4487,0.1301
316103,26325,3.0559,-0.4197,0.0404
316103,26326,3.3800,-0.4642,0.1645
316103,26329,3.0225,-0.3877,0.0133
316103,26330,3.2598,-0.4187,0.1297
316103,26333,3.1188,-0.4001,0.0412
316103,26334,3.3693,-0.4328,0.1644
316103,26337,3.0255,-0.3613,0.0133
316103,26338,3.2514,-0.3883,0.1292
316103,26341,3.0575,-0.3651,0.0403
316103,26342,3.3660,-0.4020,0.1640
316103,26345,2.9816,-0.3292,0.0131
316103,26346,3.2605,-0.3605,0.1300
316103,26349,3.0646,-0.3389,0.0404
316103,26350,3.3779,-0.3735,0.1644
316103,26353,2.9971,-0.3044,0.0131
316103,26354,3.2565,-0.3308,0.1297
316103,26357,3.0649,-0.3113,0.0403
316103,26358,3.3768,-0.3430,0.1642
316103,26361,3.0112,-0.2793,0.0132
316103,26362,3.2536,-0.3018,0.1295
316103,26365,3.0376,-0.2818,0.0399
316103,26366,3.3648,-0.3121,0.1635
316103,26369,2.9856,-0.2502,0.0131
316103,26370,3.2535,-0.2726,0.1294
316103,26373,3.0367,-0.2545,0.0399
316103,26374,3.3124,-0.2781,0.1608
316103,26377,2.9899,-0.2243,0.0131
316103,26378,3.2612,-0.2446,0.1296
316103,26381,3.0512,-0.2289,0.0401
316103,26382,3.3271,-0.2496,0.1614
316103,26385,2.9909,-0.1976,0.0131
316103,26386,3.2462,-0.2150,0.1290
316103,26389,3.0351,-0.2005,0.0398
316103,26390,3.3694,-0.2232,0.1634
316103,26393,3.0143,-0.1727,0.0132
316103,26394,3.2659,-0.1872,0.1297
316103,26397,3.0495,-0.1748,0.0400
316103,26398,3.3718,-0.1932,0.1634
316103,26401,3.0092,-0.1456,0.0131
316103,26402,3.2757,-0.1591,0.1300
316103,26405,3.0590,-0.1485,0.0401
316103,26406,3.4174,-0.1659,0.1655
316103,26409,3.0168,-0.1196,0.0132
316103,26410,3.3023,-0.1309,0.1310
316103,26413,3.1169,-0.1236,0.0408
316103,26414,3.4228,-0.1357,0.1657
316103,26417,3.0169,-0.0932,0.0132
316103,26418,3.2846,-0.1015,0.1303
316103,26421,3.1148,-0.0963,0.0408
316103,26422,3.4274,-0.1059,0.1659
316103,26425,3.0211,-0.0664,0.0132
316103,26426,3.2932,-0.0724,0.1306
316103,26429,3.0463,-0.0670,0.0399
316103,26430,3.4034,-0.0749,0.1647
316103,26433,3.0173,-0.0395,0.0132
316103,26434,3.2854,-0.0430,0.1302
316103,26437,3.0576,-0.0400,0.0400
316103,26438,3.3996,-0.0445,0.1645
316103,26441,3.0297,-0.0132,0.0132
316103,26442,3.3000,-0.0144,0.1308
316103,26445,3.0718,-0.0134,0.0402
316103,26446,3.4464,-0.0150,0.1668
316103,26449,3.1435,-0.4317,0.0698
316103,26450,3.4330,-0.4715,0.1980
316103,26453,3.2063,-0.4403,0.0994
316103,26454,3.4939,-0.4805,0.2324
316103,26457,3.1515,-0.4043,0.0699
316103,26458,3.4317,-0.4408,0.1977
316103,26461,3.1878,-0.4089,0.0988
316103,26462,3.4871,-0.4479,0.2317
316103,26465,3.1554,-0.3768,0.0699
316103,26466,3.4233,-0.4094,0.1970
316103,26469,3.2059,-0.3829,0.0992
316103,26470,3.5013,-0.4187,0.2324
316103,26473,3.1294,-0.3460,0.0692
316103,26474,3.4282,-0.3791,0.1971
316103,26477,3.2065,-0.3546,0.0991
316103,26478,3.4916,-0.3861,0.2315
316103,26481,3.1386,-0.3188,0.0694
316103,26482,3.4100,-0.3470,0.1958
316103,26485,3.1717,-0.3222,0.0980
316103,26486,3.4968,-0.3558,0.2322
316103,26489,3.1397,-0.2913,0.0694
316103,26490,3.4160,-0.3169,0.1960
316103,26493,3.1852,-0.2955,0.0983
316103,26494,3.4782,-0.3227,0.2308
316103,26497,3.1323,-0.2625,0.0691
316103,26498,3.4173,-0.2870,0.1959
316103,26501,3.1872,-0.2671,0.0983
316103,26502,3.4790,-0.2921,0.2307
316103,26505,3.1392,-0.2355,0.0692
316103,26506,3.4316,-0.2574,0.1972
316103,26509,3.1862,-0.2390,0.0982
316103,26510,3.4892,-0.2617,0.2312
316103,26513,3.1543,-0.2084,0.0695
316103,26514,3.4312,-0.2273,0.1971
316103,26517,3.2001,-0.2114,0.0985
316103,26518,3.5015,-0.2320,0.2318
316103,26521,3.1503,-0.1805,0.0694
316103,26522,3.4387,-0.1971,0.1974
316103,26525,3.2020,-0.1835,0.0986
316103,26526,3.5302,-0.2023,0.2336
316103,26529,3.1591,-0.1534,0.0696
316103,26530,3.4708,-0.1685,0.1991
316103,26533,3.2110,-0.1559,0.0993
316103,26534,3.5479,-0.1723,0.2347
316103,26537,3.1832,-0.1262,0.0701
316103,26538,3.4887,-0.1383,0.2001
316103,26541,3.2310,-0.1281,0.0999
316103,26542,3.5438,-0.1405,0.2343
316103,26545,3.1776,-0.0982,0.0699
316103,26546,3.4817,-0.1076,0.1996
316103,26549,3.2191,-0.0995,0.0995
316103,26550,3.5475,-0.1096,0.2345
316103,26553,3.1738,-0.0698,0.0698
316103,26554,3.4721,-0.0764,0.1990
316103,26557,3.2271,-0.0710,0.0997
316103,26558,3.5336,-0.0777,0.2335
316103,26561,3.1644,-0.0414,0.0696
316103,26562,3.4430,-0.0451,0.1973
316103,26565,3.2151,-0.0421,0.0994
316103,26566,3.5316,-0.0462,0.2333
316103,26569,3.1670,-0.0138,0.0697
316103,26570,3.4715,-0.0151,0.1989
316103,26573,3.2333,-0.0141,0.0999
316103,26574,3.5577,-0.0155,0.2351
316103,26575,3.9136,0.0171,0.4321
316103,26576,3.6569,0.0160,0.2743
316103,26579,3.8671,0.0169,0.4618
316103,26580,3.7174,0.0162,0.3115
316103,26583,3.8865,0.0516,0.4291
316103,26584,3.6727,0.0481,0.2755
316103,26587,3.8964,0.0517,0.4653
316103,26588,3.7059,0.0485,0.3106
316103,26591,3.9197,0.0869,0.4328
316103,26592,3.6747,0.0808,0.2757
316103,26595,3.8607,0.0856,0.4612
316103,26596,3.7112,0.0816,0.3111
316103,26599,3.9531,0.1222,0.4366
316103,26600,3.6802,0.1137,0.2762
316103,26603,3.9798,0.1230,0.4755
316103,26604,3.7025,0.1144,0.3104
316103,26607,3.9410,0.1569,0.4354
316103,26608,3.6625,0.1452,0.2750
316103,26611,4.0016,0.1593,0.4782
316103,26612,3.7004,0.1473,0.3103
316103,26615,3.9401,0.1920,0.4355
316103,26616,3.6493,0.1772,0.2741
316103,26619,4.0360,0.1967,0.4825
316103,26620,3.7003,0.1797,0.3104
316103,26623,3.9430,0.2267,0.4360
316103,26624,3.5480,0.2033,0.2666
316103,26627,4.0137,0.2307,0.4794
316103,26628,3.6716,0.2111,0.3082
316103,26631,3.9594,0.2630,0.4381
316103,26632,3.5194,0.2331,0.2640
316103,26635,4.1165,0.2734,0.4919
316103,26636,3.6279,0.2403,0.3047
316103,26639,3.9223,0.2949,0.4343
316103,26640,3.5085,0.2638,0.2633
316103,26643,4.0710,0.3068,0.4868
316103,26644,3.6341,0.2732,0.3054
316103,26647,3.9260,0.3304,0.4350
316103,26648,3.5140,0.2951,0.2639
316103,26651,4.0255,0.3387,0.4817
316103,26652,3.6526,0.3067,0.3071
316103,26655,3.9278,0.3657,0.4348
316103,26656,3.5306,0.3281,0.2654
316103,26659,4.0915,0.3810,0.4900
316103,26660,3.6562,0.3398,0.3071
316103,26663,3.9369,0.4013,0.4362
316103,26664,3.5393,0.3601,0.2662
316103,26667,4.0648,0.4150,0.4872
316103,26668,3.6489,0.3713,0.3067
316103,26671,3.9357,0.4366,0.4365
316103,26672,3.5179,0.3896,0.2649
316103,26675,4.0997,0.4548,0.4911
316103,26676,3.6662,0.4060,0.3084
316103,26679,3.9431,0.4723,0.4377
316103,26680,3.5574,0.4254,0.2681
316103,26683,4.0952,0.4912,0.4911
316103,26684,3.6575,0.4374,0.3080
316103,26687,3.9497,0.5088,0.4383
316103,26688,3.6114,0.4645,0.2719
316103,26691,4.0908,0.5269,0.4911
316103,26692,3.6607,0.4709,0.3086
316103,26695,3.9486,0.5444,0.4386
316103,26696,3.5404,0.4869,0.2668
316103,26699,4.1243,0.5686,0.4950
316103,26700,3.6360,0.5000,0.3063
316103,26704,3.7515,0.0164,0.3480
316103,26708,3.8261,0.0167,0.3886
316103,26712,3.7467,0.0490,0.3476
316103,26716,3.8295,0.0501,0.3890
316103,26720,3.7305,0.0821,0.3461
316103,26724,3.7811,0.0838,0.3842
316103,26728,3.7460,0.1158,0.3477
316103,26732,3.8873,0.1201,0.3950
316103,26736,3.7578,0.1496,0.3489
316103,26740,3.8714,0.1541,0.3936
316103,26743,3.9767,0.1938,0.5107
316103,26744,3.7541,0.1823,0.3480
316103,26748,3.8109,0.1851,0.3876
316103,26751,4.1671,0.2403,0.5354
316103,26752,3.7393,0.2150,0.3468
316103,26756,3.8589,0.2218,0.3926
316103,26759,4.2188,0.2802,0.5424
316103,26760,3.7327,0.2473,0.3464
316103,26764,3.8039,0.2527,0.3872
316103,26767,4.1740,0.3146,0.5362
316103,26768,3.7126,0.2791,0.3447
316103,26771,4.2577,0.3209,0.5856
316103,26772,3.8631,0.2905,0.3928
316103,26775,4.1632,0.3511,0.5352
316103,26776,3.7334,0.3135,0.3469
316103,26779,4.3044,0.3630,0.5925
316103,26780,3.8486,0.3239,0.3916
316103,26783,4.1678,0.3881,0.5362
316103,26784,3.7188,0.3456,0.3458
316103,26787,4.2513,0.3966,0.5849
316103,26788,3.8688,0.3596,0.3940
316103,26791,4.1756,0.4263,0.5377
316103,26792,3.7305,0.3802,0.3472
316103,26795,4.3167,0.4408,0.5944
316103,26796,3.8640,0.3939,0.3938
316103,26800,3.7436,0.4146,0.3481
316103,26804,3.8668,0.4283,0.3945
316103,26807,4.1636,0.4994,0.5365
316103,26808,3.7401,0.4480,0.3481
316103,26812,3.8407,0.4600,0.3915
316103,26816,3.7220,0.4788,0.3468
316103,26820,3.8502,0.4959,0.3929
316103,26824,3.7085,0.5106,0.3460
316103,26828,3.8687,0.5327,0.3953
316103,26831,3.9780,0.5839,0.4425
316103,26832,3.5442,0.5189,0.2674
316103,26836,3.6516,0.5353,0.3080
316103,26839,3.9963,0.6222,0.4451
316103,26840,3.5518,0.5524,0.2684
316103,26844,3.6649,0.5700,0.3095
316103,26847,3.9747,0.6544,0.4426
316103,26848,3.5276,0.5802,0.2669
316103,26852,3.6620,0.6030,0.3097
316103,26855,3.8961,0.6779,0.4345
316103,26856,3.4745,0.6033,0.2627
316103,26859,4.0792,0.7097,0.4915
316103,26860,3.6289,0.6301,0.3067
316103,26960,3.7572,0.5508,0.3503
316103,26964,3.8800,0.5695,0.3970
316103,26968,3.7465,0.5833,0.3497
316103,26972,3.8776,0.6037,0.3965
316103,26976,3.7512,0.6176,0.3507
316103,26980,3.8684,0.6369,0.3961
316103,26984,3.6819,0.6393,0.3447
316103,26988,3.7417,0.6497,0.3837
316103,28121,3.5360,-0.9740,0.2713
316103,28125,3.5492,-0.9776,0.3046
316103,28153,3.5327,-0.8416,0.2686
316103,28157,3.5706,-0.8506,0.3037
316103,28161,3.5641,-0.8163,0.2717
316103,28165,3.5875,-0.8216,0.3058
316103,28169,3.5813,-0.7874,0.2725
316103,28173,3.5988,-0.7913,0.3062
316103,28177,3.5880,-0.7561,0.2725
316103,28181,3.6146,-0.7617,0.3069
316103,28185,3.6105,-0.7280,0.2744
316103,28189,3.6533,-0.7366,0.3103
316103,28193,3.6184,-0.6968,0.2745
316103,28197,3.6560,-0.7040,0.3100
316103,28201,3.6167,-0.6638,0.2739
316103,28205,3.6654,-0.6727,0.3103
316103,28209,3.6056,-0.6260,0.2726
316103,28213,3.6628,-0.6360,0.3096
316103,28217,3.5936,-0.5911,0.2719
316103,28221,3.6553,-0.6019,0.3091
316103,28225,3.6025,-0.5603,0.2722
316103,28229,3.6670,-0.5703,0.3097
316103,28233,3.6126,-0.5289,0.2726
316103,28237,3.6716,-0.5382,0.3096
316103,28297,3.6405,-0.8004,0.3425
316103,28301,3.7794,-0.8309,0.3897
316103,28305,3.6501,-0.7692,0.3428
316103,28313,3.6903,-0.7441,0.3466
316103,28321,3.6969,-0.7119,0.3466
316103,28325,3.7084,-0.7141,0.3809
316103,28329,3.7243,-0.6835,0.3486
316103,28333,3.7068,-0.6803,0.3801
316103,28337,3.7419,-0.6497,0.3503
316103,28341,3.7138,-0.6448,0.3809
316103,28345,3.7068,-0.6103,0.3465
316103,28349,3.6921,-0.6079,0.3781
316103,28353,3.7197,-0.5792,0.3472
316103,28357,3.6893,-0.5744,0.3773
316103,28361,3.7088,-0.5437,0.3458
316103,28365,3.7061,-0.5440,0.3792
316103,28369,3.5922,-0.4940,0.2707
316103,28373,3.6469,-0.5015,0.3072
316103,28377,3.5656,-0.4587,0.2684
316103,28381,3.6497,-0.4695,0.3077
316103,28385,3.5540,-0.4250,0.2679
316103,28389,3.6625,-0.4380,0.3084
316103,28393,3.6070,-0.3995,0.2716
316103,28394,3.8620,-0.4284,0.4283
316103,28397,3.6736,-0.4069,0.3091
316103,28398,3.8890,-0.4314,0.4659
316103,28401,3.5489,-0.3611,0.2670
316103,28402,3.9346,-0.4010,0.4359
316103,28405,3.6784,-0.3743,0.3092
316103,28406,3.9743,-0.4058,0.4764
316103,28409,3.6138,-0.3359,0.2716
316103,28410,3.9596,-0.3687,0.4383
316103,28413,3.6745,-0.3415,0.3086
316103,28414,4.0863,-0.3805,0.4894
316103,28417,3.5604,-0.2990,0.2674
316103,28418,3.9448,-0.3319,0.4370
316103,28421,3.6795,-0.3090,0.3094
316103,28422,4.0755,-0.3429,0.4877
316103,28425,3.5478,-0.2668,0.2663
316103,28426,3.9708,-0.2986,0.4396
316103,28429,3.6767,-0.2765,0.3090
316103,28430,4.0284,-0.3036,0.4817
316103,28433,3.6231,-0.2400,0.2717
316103,28434,3.9719,-0.2638,0.4395
316103,28437,3.7130,-0.2460,0.3118
316103,28438,4.0397,-0.2683,0.4828
316103,28441,3.6529,-0.2093,0.2745
316103,28442,3.9430,-0.2267,0.4360
316103,28445,3.7209,-0.2139,0.3123
316103,28446,4.0091,-0.2305,0.4788
316103,28449,3.6843,-0.1789,0.2767
316103,28450,3.9422,-0.1921,0.4357
316103,28453,3.6929,-0.1793,0.3098
316103,28454,4.0284,-0.1963,0.4816
316103,28457,3.6549,-0.1449,0.2744
316103,28458,3.9611,-0.1577,0.4377
316103,28461,3.7110,-0.1478,0.3112
316103,28462,3.9668,-0.1579,0.4741
316103,28465,3.6768,-0.1136,0.2759
316103,28466,3.9201,-0.1211,0.4330
316103,28469,3.7162,-0.1148,0.3116
316103,28470,3.9524,-0.1221,0.4722
316103,28473,3.6435,-0.0801,0.2734
316103,28474,3.8040,-0.0843,0.4201
316103,28477,3.7085,-0.0816,0.3108
316103,28478,3.8916,-0.0863,0.4649
316103,28481,3.6536,-0.0478,0.2741
316103,28485,3.6954,-0.0484,0.3097
316103,28489,3.6820,-0.0161,0.2762
316103,28490,3.9588,-0.0173,0.4371
316103,28493,3.7066,-0.0162,0.3106
316103,28494,3.9272,-0.0171,0.4690
316103,28497,3.7060,-0.5103,0.3457
316103,28501,3.6835,-0.5072,0.3764
316103,28505,3.6886,-0.4745,0.3437
316103,28509,3.6887,-0.4751,0.3765
316103,28513,3.7052,-0.4438,0.3449
316103,28517,3.7433,-0.4483,0.3816
316103,28521,3.7570,-0.4161,0.3493
316103,28525,3.8078,-0.4217,0.3885
316103,28529,3.7547,-0.3827,0.3495
316103,28530,3.9827,-0.4067,0.5128
316103,28533,3.8466,-0.3921,0.3921
316103,28537,3.7453,-0.3481,0.3483
316103,28538,4.1388,-0.3854,0.5325
316103,28541,3.8690,-0.3596,0.3940
316103,28542,4.1695,-0.3890,0.5736
316103,28545,3.7486,-0.3148,0.3483
316103,28546,4.1707,-0.3517,0.5362
316103,28549,3.8664,-0.3254,0.3934
316103,28550,4.2620,-0.3594,0.5867
316103,28553,3.7530,-0.2822,0.3485
316103,28554,4.1524,-0.3130,0.5334
316103,28557,3.8713,-0.2911,0.3937
316103,28558,4.1497,-0.3127,0.5708
316103,28561,3.7741,-0.2500,0.3502
316103,28562,3.9955,-0.2654,0.5137
316103,28565,3.8760,-0.2574,0.3946
316103,28569,3.7621,-0.2163,0.3489
316103,28573,3.8848,-0.2233,0.3953
316103,28577,3.7769,-0.1834,0.3501
316103,28581,3.8817,-0.1885,0.3948
316103,28585,3.7568,-0.1496,0.3488
316103,28589,3.8634,-0.1538,0.3927
316103,28593,3.7660,-0.1164,0.3495
316103,28597,3.8696,-0.1196,0.3932
316103,28601,3.7492,-0.0825,0.3479
316103,28605,3.7989,-0.0842,0.3860
316103,28609,3.6940,-0.0484,0.3427
316103,28617,3.7562,-0.0164,0.3485
316103,28621,3.7931,-0.0166,0.3853
316103,28679,4.7104,0.3145,0.8579
316103,28680,4.4592,0.2970,0.6528
316103,28687,4.9728,0.3765,0.9063
316103,28695,4.9454,0.4188,0.9020
316103,28808,4.6843,0.3120,0.7705
316103,28812,4.7238,0.3154,0.8195
316103,30457,4.2263,-0.3943,0.6200
316103,30461,4.4090,-0.4121,0.6863
316103,30462,5.0634,-0.4742,0.9701
316103,30465,4.4372,-0.3742,0.6504
316104,16335,1.9457,0.0085,-0.4815
316104,16339,1.9716,0.0086,-0.4697
316104,16343,1.9567,0.0263,-0.4843
316104,16347,1.9699,0.0265,-0.4657
316104,16351,1.9322,0.0432,-0.4783
316104,16355,1.9892,0.0444,-0.4703
316104,16359,1.9574,0.0615,-0.4810
316104,16363,1.9649,0.0617,-0.4647
316104,16367,1.9530,0.0788,-0.4801
316104,16371,1.9683,0.0794,-0.4657
316104,16375,1.9498,0.0964,-0.4795
316104,16379,1.9835,0.0977,-0.4694
316104,16383,1.9579,0.1143,-0.4817
316104,16387,1.9909,0.1158,-0.4714
316104,16391,1.9565,0.1317,-0.4817
316104,16395,1.9656,0.1323,-0.4657
316104,16399,1.9440,0.1486,-0.4789
316104,16403,1.9627,0.1496,-0.4653
316104,16407,1.9506,0.1665,-0.4808
316104,16411,1.9845,0.1691,-0.4708
316104,16415,1.9496,0.1839,-0.4810
316104,16419,1.9810,0.1869,-0.4704
316104,16423,1.9486,0.2017,-0.4812
316104,16427,1.9595,0.2025,-0.4657
316104,16431,1.9578,0.2203,-0.4839
316104,16435,1.9796,0.2224,-0.4709
316104,16439,1.9379,0.2355,-0.4795
316104,16443,1.9580,0.2376,-0.4663
316104,16447,1.9409,0.2538,-0.4808
316104,16451,1.9492,0.2545,-0.4647
316104,16455,1.9362,0.2707,-0.4802
316104,16459,1.9425,0.2713,-0.4636
316104,16463,1.9903,0.0087,-0.4522
316104,16464,1.9375,0.0085,-0.5155
316104,16467,2.0173,0.0088,-0.4398
316104,16468,1.9197,0.0084,-0.4929
316104,16471,1.9746,0.0262,-0.4487
316104,16475,2.0146,0.0267,-0.4393
316104,16476,1.9307,0.0259,-0.4958
316104,16479,1.9940,0.0446,-0.4531
316104,16483,2.0084,0.0449,-0.4380
316104,16484,1.9337,0.0435,-0.4966
316104,16487,1.9963,0.0624,-0.4538
316104,16491,2.0024,0.0626,-0.4368
316104,16492,1.9482,0.0612,-0.5004
316104,16495,1.9906,0.0803,-0.4526
316104,16499,1.9981,0.0803,-0.4360
316104,16500,1.9072,0.0773,-0.4901
316104,16503,1.9988,0.0985,-0.4547
316104,16507,2.0236,0.0993,-0.4417
316104,16508,1.9157,0.0947,-0.4889
316104,16511,1.9948,0.1161,-0.4540
316104,16515,1.9852,0.1155,-0.4336
316104,16516,1.9232,0.1122,-0.4911
316104,16519,2.0092,0.1349,-0.4575
316104,16523,1.9998,0.1342,-0.4370
316104,16524,1.9299,0.1302,-0.4931
316104,16527,2.0206,0.1541,-0.4604
316104,16531,2.0376,0.1550,-0.4456
316104,16532,1.9273,0.1473,-0.4927
316104,16535,2.0101,0.1713,-0.4583
316104,16539,2.0201,0.1718,-0.4420
316104,16540,1.9057,0.1630,-0.4875
316104,16543,1.9882,0.1872,-0.4537
316104,16547,1.9873,0.1868,-0.4352
316104,16548,1.9391,0.1833,-0.4965
316104,16551,1.9733,0.2036,-0.4507
316104,16555,1.9779,0.2037,-0.4335
316104,16556,1.9520,0.2021,-0.5002
316104,16559,1.9762,0.2217,-0.4518
316104,16563,1.9833,0.2225,-0.4351
316104,16564,1.9151,0.2158,-0.4912
316104,16567,1.9663,0.2386,-0.4500
316104,16571,1.9883,0.2410,-0.4367
316104,16572,1.9373,0.2358,-0.4974
316104,16575,1.9987,0.2607,-0.4579
316104,16579,2.0209,0.2632,-0.4444
316104,16580,1.9097,0.2501,-0.4909
316104,16583,1.9788,0.2760,-0.4539
316104,16587,2.0029,0.2790,-0.4409
316104,16588,1.9449,0.2723,-0.5006
316104,16591,1.9510,0.2905,-0.4845
316104,16595,1.9625,0.2919,-0.4690
316104,16596,1.9257,0.2881,-0.5327
316104,16599,1.9501,0.3078,-0.4849
316104,16603,1.9620,0.3097,-0.4695
316104,16607,1.9549,0.3271,-0.4868
316104,16611,1.9546,0.3260,-0.4684
316104,16615,1.9498,0.3438,-0.4863
316104,16619,1.9592,0.3455,-0.4703
316104,16623,1.9379,0.3592,-0.4841
316104,16627,1.9567,0.3627,-0.4704
316104,16631,1.9400,0.3771,-0.4854
316104,16635,1.9618,0.3813,-0.4724
316104,16639,1.9577,0.3983,-0.4870
316104,16643,1.9571,0.3982,-0.4684
316104,16647,1.9244,0.4126,-0.4798
316104,16651,1.9617,0.4170,-0.4704
316104,16655,1.9788,0.4423,-0.4943
316104,16659,1.9588,0.4378,-0.4708
316104,16663,1.9405,0.4516,-0.4857
316104,16667,1.9601,0.4561,-0.4720
316104,16671,1.9506,0.4719,-0.4892
316104,16675,1.9640,0.4752,-0.4740
316104,16679,1.9330,0.4855,-0.4859
316104,16683,1.9579,0.4918,-0.4735
316104,16687,1.9098,0.4975,-0.4811
316104,16691,1.9530,0.5087,-0.4734
316104,16695,1.9073,0.5146,-0.4816
316104,16699,1.9575,0.5282,-0.4755
316104,16703,1.9114,0.5337,-0.4838
316104,16707,1.9671,0.5492,-0.4790
316104,16711,1.9278,0.5564,-0.4854
316104,16715,1.9747,0.5700,-0.4821
316104,16719,1.9790,0.2940,-0.4546
316104,16720,1.9184,0.2867,-0.5125
316104,16723,2.0244,0.3000,-0.4462
316104,16724,1.9260,0.2868,-0.4964
316104,16727,1.9941,0.3144,-0.4586
316104,16728,1.9072,0.3024,-0.5102
316104,16731,2.0385,0.3211,-0.4500
316104,16732,1.9121,0.3029,-0.4935
316104,16735,1.9846,0.3310,-0.4571
316104,16736,1.9286,0.3234,-0.5167
316104,16739,1.9966,0.3327,-0.4413
316104,16740,1.9404,0.3251,-0.5015
316104,16743,1.9853,0.3490,-0.4580
316104,16744,1.9471,0.3433,-0.5224
316104,16747,2.0081,0.3530,-0.4445
316104,16748,1.9068,0.3362,-0.4935
316104,16751,1.9743,0.3659,-0.4562
316104,16752,1.9225,0.3598,-0.5168
316104,16755,2.0349,0.3771,-0.4512
316104,16756,1.9272,0.3572,-0.4996
316104,16759,1.9823,0.3853,-0.4588
316104,16760,1.9110,0.3749,-0.5145
316104,16763,2.0414,0.3968,-0.4534
316104,16764,1.9545,0.3799,-0.5075
316104,16767,1.9812,0.4031,-0.4556
316104,16768,1.9277,0.3957,-0.5163
316104,16771,2.0069,0.4083,-0.4465
316104,16772,1.9298,0.3961,-0.4985
316104,16775,1.9822,0.4213,-0.4567
316104,16779,2.0119,0.4276,-0.4447
316104,16780,1.9648,0.4212,-0.5085
316104,16783,1.9880,0.4407,-0.4589
316104,16787,2.0439,0.4531,-0.4526
316104,16788,1.9335,0.4322,-0.5013
316104,16791,1.9677,0.4543,-0.4551
316104,16792,1.9143,0.4455,-0.5156
316104,16795,2.0352,0.4699,-0.4516
316104,16796,1.9151,0.4457,-0.4975
316104,16799,1.9760,0.4780,-0.4582
316104,16803,2.0264,0.4865,-0.4506
316104,16804,1.9365,0.4685,-0.5041
316104,16807,1.9713,0.4952,-0.4581
316104,16811,2.0408,0.5126,-0.4549
316104,16812,1.9288,0.4845,-0.5032
316104,16815,1.9750,0.5145,-0.4599
316104,16819,2.0020,0.5215,-0.4473
316104,16820,1.9093,0.4973,-0.4992
316104,16823,1.9800,0.5343,-0.4622
316104,16827,2.0331,0.5486,-0.4553
316104,16828,1.9193,0.5179,-0.5030
316104,16831,1.9808,0.5530,-0.4635
316104,16835,2.0314,0.5672,-0.4560
316104,16836,1.9292,0.5423,-0.5071
316104,16839,1.9822,0.5721,-0.4649
316104,16843,2.0049,0.5787,-0.4512
316104,16847,1.9258,0.5778,-0.4864
316104,16851,1.9556,0.5830,-0.4749
316104,16855,1.9464,0.6025,-0.4929
316104,16859,1.9837,0.6103,-0.4830
316104,16863,1.9623,0.6262,-0.4983
316104,16867,1.9455,0.6209,-0.4752
316104,16871,1.9271,0.6336,-0.4908
316104,16875,1.9550,0.6428,-0.4789
316104,16879,1.9617,0.6640,-0.5010
316104,16883,1.9455,0.6585,-0.4780
316104,16887,1.9376,0.6747,-0.4964
316104,16891,1.9721,0.6868,-0.4859
316104,16895,1.9210,0.6878,-0.4899
316104,16899,1.9540,0.6996,-0.4830
316104,16903,1.9441,0.7153,-0.4973
316104,16907,1.9473,0.7165,-0.4790
316104,16911,1.9241,0.7271,-0.4938
316104,16915,1.9580,0.7399,-0.4832
316104,16919,1.9081,0.7401,-0.4913
316104,16923,1.9636,0.7616,-0.4862
316104,16927,1.9309,0.7723,-0.4993
316104,16931,1.9814,0.7885,-0.4923
316104,16935,1.9449,0.7977,-0.5047
316104,16939,1.9814,0.8086,-0.4941
316104,16943,1.9216,0.8078,-0.5004
316104,16947,1.9455,0.8138,-0.4869
316104,16951,1.9263,0.8296,-0.4997
316104,16955,1.9428,0.8327,-0.4841
316104,16963,1.9813,0.8739,-0.4960
316104,16967,1.9105,0.8626,-0.4994
316104,16971,1.9349,0.8736,-0.4862
316104,16975,2.0008,0.5965,-0.4667
316104,16979,2.0272,0.6043,-0.4574
316104,16980,1.9084,0.5725,-0.5005
316104,16983,1.9921,0.6129,-0.4659
316104,16987,2.0242,0.6227,-0.4540
316104,16988,1.9093,0.5910,-0.5020
316104,16991,1.9792,0.6278,-0.4641
316104,16995,2.0346,0.6454,-0.4576
316104,16999,1.9851,0.6488,-0.4668
316104,17003,2.0106,0.6572,-0.4535
316104,17007,1.9970,0.6760,-0.4713
316104,17011,2.0054,0.6749,-0.4536
316104,17015,1.9822,0.6903,-0.4692
316104,17019,2.0086,0.6955,-0.4557
316104,17023,1.9956,0.7145,-0.4738
316104,17027,1.9963,0.7108,-0.4543
316104,17031,1.9861,0.7307,-0.4730
316104,17035,2.0250,0.7450,-0.4626
316104,17039,1.9795,0.7480,-0.4691
316104,17043,2.0486,0.7741,-0.4655
316104,17047,1.9998,0.7757,-0.4755
316104,17051,2.0493,0.7949,-0.4672
316104,17055,2.0023,0.7968,-0.4778
316104,17059,2.0396,0.8116,-0.4666
316104,17063,1.9928,0.8133,-0.4772
316104,17067,2.0322,0.8293,-0.4665
316104,17071,2.0028,0.8378,-0.4813
316104,17075,2.0118,0.8416,-0.4635
316104,17079,1.9850,0.8508,-0.4788
316104,17083,2.0044,0.8591,-0.4635
316104,17087,1.9857,0.8717,-0.4768
316104,17091,2.0126,0.8835,-0.4672
316104,17095,1.9313,0.8680,-0.4655
316104,17099,1.9644,0.8828,-0.4538
316104,17107,1.9210,0.8876,-0.4847
316104,17111,1.9403,0.9172,-0.5113
316104,17115,1.9557,0.9245,-0.4954
316104,17119,1.9125,0.9245,-0.5021
316104,17123,1.9596,0.9473,-0.4985
316104,17127,1.9264,0.9521,-0.5080
316104,17131,1.9578,0.9676,-0.4961
316104,17135,1.9365,0.9782,-0.5129
316104,17139,1.9333,0.9766,-0.4921
316104,17143,1.9269,0.9945,-0.5126
316104,17231,1.9411,0.8928,-0.4698
316104,17235,1.9217,0.8839,-0.4457
316104,17239,1.9327,0.9095,-0.4696
316104,17243,1.9185,0.9028,-0.4468
316104,17247,1.9640,0.9494,-0.4796
316104,17251,1.9689,0.9475,-0.4605
316104,17255,1.9674,0.9724,-0.4825
316104,17259,1.9923,0.9803,-0.4679
316104,17263,1.9586,0.9893,-0.4784
316104,17267,1.9808,0.9962,-0.4672
316104,17450,1.9338,-0.9768,-0.5121
316104,17454,1.9672,-0.9937,-0.5007
316104,17458,1.9452,-0.9614,-0.5129
316104,17462,1.9631,-0.9702,-0.4975
316104,17466,1.9469,-0.9411,-0.5112
316104,17470,1.9759,-0.9552,-0.5026
316104,17474,1.9596,-0.9263,-0.5164
316104,17478,1.9723,-0.9323,-0.4996
316104,17482,1.9177,-0.8861,-0.5033
316104,17486,1.9753,-0.9127,-0.4984
316104,17573,1.9081,-0.9891,-0.5279
316104,17581,1.9107,-0.9693,-0.5262
316104,17586,1.9825,-0.9798,-0.4862
316104,17589,1.9126,-0.9494,-0.5245
316104,17590,2.0118,-0.9899,-0.4725
316104,17594,2.0015,-0.9676,-0.4888
316104,17597,1.9228,-0.9337,-0.5250
316104,17598,2.0307,-0.9773,-0.4749
316104,17602,2.0015,-0.9418,-0.4864
316104,17605,1.9154,-0.9054,-0.5204
316104,17606,2.0035,-0.9428,-0.4666
316104,17610,1.9728,-0.9074,-0.4774
316104,17613,1.9252,-0.8896,-0.5248
316104,17614,2.0129,-0.9258,-0.4669
316104,17618,1.9713,-0.8901,-0.5153
316104,17622,1.9790,-0.8935,-0.4973
316104,17626,1.9380,-0.8548,-0.5046
316104,17630,1.9740,-0.8706,-0.4941
316104,17634,1.9377,-0.8345,-0.5026
316104,17638,2.0008,-0.8575,-0.4985
316104,17642,1.9521,-0.8206,-0.5084
316104,17646,1.9623,-0.8209,-0.4911
316104,17650,1.9385,-0.7950,-0.5030
316104,17654,1.9962,-0.8146,-0.4978
316104,17658,1.9683,-0.7873,-0.5089
316104,17662,1.9997,-0.7958,-0.4969
316104,17666,1.9712,-0.7646,-0.5076
316104,17670,1.9867,-0.7706,-0.4920
316104,17674,1.9799,-0.7481,-0.5081
316104,17678,1.9917,-0.7526,-0.4916
316104,17682,1.9859,-0.7307,-0.5080
316104,17686,1.9939,-0.7336,-0.4905
316104,17690,1.9580,-0.7011,-0.4993
316104,17694,1.9747,-0.7071,-0.4881
316104,17698,1.9745,-0.6876,-0.5058
316104,17702,1.9787,-0.6891,-0.4876
316104,17706,1.9540,-0.6614,-0.4991
316104,17710,2.0240,-0.6851,-0.4973
316104,17714,1.9669,-0.6467,-0.5009
316104,17718,2.0110,-0.6612,-0.4926
316104,17722,1.9718,-0.6293,-0.5007
316104,17726,1.9859,-0.6338,-0.4851
316104,17730,1.9648,-0.6082,-0.4976
316104,17734,1.9808,-0.6094,-0.4823
316104,17738,1.9673,-0.5902,-0.4969
316104,17742,2.0123,-0.5999,-0.4886
316104,17746,1.9887,-0.8938,-0.4794
316104,17749,1.9346,-0.8735,-0.5253
316104,17750,2.0298,-0.9122,-0.4690
316104,17754,2.0032,-0.8793,-0.4810
316104,17757,1.9216,-0.8475,-0.5198
316104,17758,2.0343,-0.8930,-0.4722
316104,17762,2.0009,-0.8576,-0.4826
316104,17765,1.9277,-0.8302,-0.5194
316104,17766,2.0219,-0.8666,-0.4676
316104,17769,1.9202,-0.8072,-0.5348
316104,17770,2.0180,-0.8441,-0.4849
316104,17773,1.9347,-0.8133,-0.5194
316104,17774,2.0487,-0.8570,-0.4720
316104,17777,1.9111,-0.7838,-0.5304
316104,17778,2.0030,-0.8174,-0.4796
316104,17781,1.9172,-0.7863,-0.5167
316104,17782,2.0392,-0.8322,-0.4682
316104,17785,1.9147,-0.7658,-0.5333
316104,17786,2.0149,-0.8018,-0.4808
316104,17789,1.9230,-0.7692,-0.5164
316104,17790,2.0606,-0.8200,-0.4714
316104,17794,2.0186,-0.7829,-0.4800
316104,17797,1.9444,-0.7581,-0.5203
316104,17798,2.0444,-0.7930,-0.4661
316104,17802,2.0209,-0.7636,-0.4789
316104,17805,1.9509,-0.7411,-0.5203
316104,17806,2.0632,-0.7796,-0.4688
316104,17810,2.0045,-0.7375,-0.4774
316104,17813,1.9103,-0.7063,-0.5078
316104,17814,2.0557,-0.7564,-0.4696
316104,17818,2.0447,-0.7321,-0.4855
316104,17821,1.9222,-0.6883,-0.5091
316104,17822,2.0711,-0.7375,-0.4713
316104,17825,1.9095,-0.6683,-0.5232
316104,17826,2.0093,-0.6997,-0.4756
316104,17829,1.9199,-0.6686,-0.5107
316104,17830,2.0711,-0.7172,-0.4699
316104,17834,2.0109,-0.6807,-0.4745
316104,17837,1.9169,-0.6488,-0.5083
316104,17838,2.0658,-0.6952,-0.4673
316104,17841,1.9116,-0.6285,-0.5242
316104,17842,2.0157,-0.6588,-0.4740
316104,17845,1.9269,-0.6335,-0.5095
316104,17846,2.0537,-0.6713,-0.4632
316104,17849,1.9100,-0.6095,-0.5222
316104,17850,2.0507,-0.6505,-0.4809
316104,17853,1.9416,-0.6196,-0.5119
316104,17854,2.0572,-0.6526,-0.4627
316104,17857,1.9322,-0.5981,-0.5269
316104,17858,2.0328,-0.6254,-0.4754
316104,17861,1.9557,-0.6054,-0.5142
316104,17862,2.0599,-0.6337,-0.4620
316104,17865,1.9183,-0.5755,-0.5217
316104,17866,2.0086,-0.5988,-0.4685
316104,17869,1.9552,-0.5866,-0.5127
316104,17870,2.0350,-0.6067,-0.4591
316104,17874,1.9679,-0.5680,-0.4955
316104,17878,2.0040,-0.5784,-0.4892
316104,17882,1.9956,-0.5572,-0.5051
316104,17886,1.9873,-0.5549,-0.4840
316104,17890,1.9609,-0.5291,-0.4951
316104,17893,1.9245,-0.5229,-0.5418
316104,17894,1.9976,-0.5390,-0.4853
316104,17898,1.9619,-0.5110,-0.4942
316104,17902,2.0062,-0.5226,-0.4862
316104,17906,1.9713,-0.4952,-0.4955
316104,17909,1.9372,-0.4902,-0.5429
316104,17910,1.9961,-0.5014,-0.4827
316104,17914,1.9595,-0.4741,-0.4915
316104,17917,1.9185,-0.4677,-0.5365
316104,17918,1.9773,-0.4784,-0.4772
316104,17922,1.9797,-0.4607,-0.4955
316104,17925,1.9398,-0.4514,-0.5411
316104,17926,1.9986,-0.4651,-0.4813
316104,17930,1.9867,-0.4441,-0.4963
316104,17933,1.9161,-0.4283,-0.5335
316104,17934,2.0170,-0.4509,-0.4848
316104,17938,1.9962,-0.4280,-0.4977
316104,17941,1.9511,-0.4183,-0.5422
316104,17942,2.0002,-0.4251,-0.4796
316104,17946,1.9770,-0.4022,-0.4918
316104,17949,1.9441,-0.3991,-0.5392
316104,17950,2.0138,-0.4097,-0.4820
316104,17954,1.9817,-0.3852,-0.4959
316104,17957,1.9466,-0.3819,-0.5427
316104,17958,2.0106,-0.3908,-0.4842
316104,17962,1.9976,-0.3702,-0.4990
316104,17965,1.9366,-0.3624,-0.5390
316104,17966,1.9907,-0.3689,-0.4786
316104,17970,1.9643,-0.3464,-0.4899
316104,17973,1.9395,-0.3455,-0.5389
316104,17974,2.0005,-0.3528,-0.4802
316104,17977,1.9333,-0.3253,-0.5548
316104,17978,1.9800,-0.3313,-0.4931
316104,17981,1.9494,-0.3276,-0.5408
316104,17982,2.0130,-0.3358,-0.4824
316104,17986,1.9926,-0.3145,-0.4955
316104,17989,1.9286,-0.3061,-0.5342
316104,17990,2.0059,-0.3166,-0.4801
316104,17994,1.9799,-0.2948,-0.4917
316104,17997,1.9252,-0.2881,-0.5325
316104,17998,2.0237,-0.3010,-0.4836
316104,18001,1.9287,-0.5603,-0.5232
316104,18002,2.0372,-0.5880,-0.4778
316104,18005,1.9578,-0.5688,-0.5121
316104,18006,2.0833,-0.6013,-0.4688
316104,18009,1.9351,-0.5439,-0.5273
316104,18010,2.0297,-0.5667,-0.4749
316104,18013,1.9594,-0.5507,-0.5150
316104,18014,2.0668,-0.5771,-0.4640
316104,18017,1.9325,-0.5250,-0.5254
316104,18018,2.0374,-0.5497,-0.4756
316104,18021,1.9414,-0.5238,-0.5088
316104,18022,2.0444,-0.5516,-0.4578
316104,18025,1.9319,-0.5068,-0.5240
316104,18026,2.0044,-0.5221,-0.4668
316104,18029,1.9449,-0.5066,-0.5085
316104,18030,2.0561,-0.5356,-0.4594
316104,18033,1.9389,-0.4870,-0.5245
316104,18034,1.9976,-0.5018,-0.4642
316104,18037,1.9415,-0.4877,-0.5065
316104,18038,2.0601,-0.5175,-0.4592
316104,18041,1.9355,-0.4683,-0.5224
316104,18042,2.0501,-0.4960,-0.4753
316104,18045,1.9500,-0.4718,-0.5077
316104,18046,2.0817,-0.4998,-0.4629
316104,18049,1.9692,-0.4582,-0.5304
316104,18050,2.0384,-0.4706,-0.4715
316104,18053,1.9588,-0.4558,-0.5089
316104,18054,2.0826,-0.4808,-0.4621
316104,18057,1.9609,-0.4383,-0.5271
316104,18058,2.0464,-0.4537,-0.4724
316104,18061,1.9680,-0.4399,-0.5103
316104,18062,2.0694,-0.4588,-0.4583
316104,18065,1.9482,-0.4177,-0.5227
316104,18066,2.0320,-0.4319,-0.4682
316104,18069,1.9851,-0.4256,-0.5137
316104,18070,2.0847,-0.4431,-0.4608
316104,18073,1.9576,-0.4018,-0.5243
316104,18074,2.0378,-0.4146,-0.4687
316104,18077,1.9350,-0.3972,-0.4998
316104,18078,2.0619,-0.4195,-0.4588
316104,18081,1.9387,-0.3804,-0.5220
316104,18082,2.0268,-0.3940,-0.4691
316104,18085,1.9575,-0.3805,-0.5083
316104,18086,2.0753,-0.4034,-0.4610
316104,18089,1.9546,-0.3658,-0.5254
316104,18090,2.0209,-0.3745,-0.4669
316104,18093,1.9854,-0.3680,-0.5147
316104,18094,2.0607,-0.3819,-0.4569
316104,18097,1.9630,-0.3461,-0.5267
316104,18098,2.0369,-0.3581,-0.4699
316104,18101,1.9626,-0.3461,-0.5080
316104,18102,2.0747,-0.3647,-0.4593
316104,18105,1.9611,-0.3289,-0.5254
316104,18106,2.0342,-0.3393,-0.4685
316104,18109,1.9758,-0.3310,-0.5106
316104,18110,2.0908,-0.3484,-0.4622
316104,18113,1.9553,-0.3100,-0.5231
316104,18114,2.0467,-0.3227,-0.4708
316104,18117,1.9732,-0.3125,-0.5092
316104,18118,2.0595,-0.3244,-0.4546
316104,18121,1.9581,-0.2926,-0.5231
316104,18122,2.0588,-0.3059,-0.4729
316104,18125,1.9689,-0.2932,-0.5074
316104,18126,2.0507,-0.3039,-0.4520
316104,18130,1.9654,-0.2748,-0.4874
316104,18133,1.9151,-0.2688,-0.5291
316104,18134,2.0067,-0.2802,-0.4790
316104,18138,1.9580,-0.2560,-0.4850
316104,18141,1.9308,-0.2535,-0.5328
316104,18142,1.9920,-0.2601,-0.4749
316104,18146,1.9556,-0.2377,-0.4839
316104,18149,1.9284,-0.2354,-0.5315
316104,18150,2.0213,-0.2453,-0.4813
316104,18154,1.9595,-0.2205,-0.4843
316104,18157,1.9255,-0.2177,-0.5301
316104,18158,2.0029,-0.2250,-0.4765
316104,18162,1.9603,-0.2029,-0.4841
316104,18166,1.9910,-0.2058,-0.4732
316104,18170,1.9509,-0.1841,-0.4813
316104,18174,1.9899,-0.1878,-0.4725
316104,18178,1.9679,-0.1680,-0.4851
316104,18181,1.9248,-0.1650,-0.5285
316104,18182,1.9958,-0.1701,-0.4735
316104,18186,1.9768,-0.1511,-0.4870
316104,18189,1.9223,-0.1472,-0.5274
316104,18190,1.9982,-0.1523,-0.4737
316104,18194,1.9991,-0.1345,-0.4921
316104,18198,1.9800,-0.1332,-0.4691
316104,18202,1.9919,-0.1163,-0.4901
316104,18205,1.9265,-0.1128,-0.5279
316104,18206,2.0159,-0.1173,-0.4773
316104,18210,1.9944,-0.0986,-0.4905
316104,18214,1.9802,-0.0975,-0.4687
316104,18218,1.9689,-0.0794,-0.4840
316104,18221,1.9239,-0.0779,-0.5304
316104,18222,1.9958,-0.0805,-0.4722
316104,18226,1.9836,-0.0623,-0.4875
316104,18230,1.9857,-0.0624,-0.4696
316104,18234,1.9507,-0.0436,-0.4829
316104,18238,1.9909,-0.0445,-0.4707
316104,18242,1.9743,-0.0265,-0.4886
316104,18246,1.9911,-0.0268,-0.4707
316104,18250,1.9668,-0.0086,-0.4867
316104,18254,2.0038,-0.0087,-0.4774
316104,18257,1.9235,-0.2697,-0.5132
316104,18258,2.0145,-0.2810,-0.4621
316104,18261,1.9562,-0.2739,-0.5035
316104,18262,2.0821,-0.2900,-0.4583
316104,18265,1.9265,-0.2526,-0.5134
316104,18266,2.0220,-0.2637,-0.4633
316104,18269,1.9474,-0.2550,-0.5006
316104,18270,2.0608,-0.2684,-0.4531
316104,18273,1.9330,-0.2356,-0.5145
316104,18274,2.0081,-0.2437,-0.4596
316104,18277,1.9577,-0.2383,-0.5027
316104,18278,2.0490,-0.2483,-0.4500
316104,18281,1.9359,-0.2185,-0.5147
316104,18282,2.0313,-0.2278,-0.4644
316104,18285,1.9500,-0.2198,-0.5002
316104,18286,2.0444,-0.2293,-0.4485
316104,18289,1.9198,-0.1991,-0.5099
316104,18290,2.0095,-0.2073,-0.4590
316104,18293,1.9625,-0.2031,-0.5029
316104,18294,2.0405,-0.2101,-0.4473
316104,18297,1.9492,-0.1846,-0.5173
316104,18298,2.0355,-0.1917,-0.4645
316104,18301,1.9673,-0.1860,-0.5037
316104,18302,2.0377,-0.1915,-0.4462
316104,18305,1.9312,-0.1652,-0.5121
316104,18306,2.0083,-0.1711,-0.4579
316104,18309,1.9723,-0.1687,-0.5046
316104,18310,2.0519,-0.1745,-0.4490
316104,18313,1.9379,-0.1484,-0.5135
316104,18314,2.0239,-0.1543,-0.4611
316104,18317,1.9589,-0.1497,-0.5008
316104,18318,2.0580,-0.1565,-0.4500
316104,18321,1.9407,-0.1309,-0.5139
316104,18322,2.0248,-0.1359,-0.4611
316104,18325,1.9730,-0.1331,-0.5040
316104,18326,2.0536,-0.1378,-0.4488
316104,18329,1.9411,-0.1136,-0.5137
316104,18330,2.0339,-0.1183,-0.4629
316104,18333,1.9673,-0.1148,-0.5023
316104,18334,2.0434,-0.1189,-0.4463
316104,18337,1.9345,-0.0956,-0.5118
316104,18338,2.0187,-0.0994,-0.4592
316104,18341,1.9682,-0.0973,-0.5023
316104,18342,2.0616,-0.1012,-0.4500
316104,18345,1.9352,-0.0784,-0.5153
316104,18346,2.0267,-0.0818,-0.4608
316104,18349,1.9482,-0.0789,-0.5006
316104,18350,2.0759,-0.0834,-0.4530
316104,18353,1.9455,-0.0611,-0.5179
316104,18354,2.0288,-0.0634,-0.4612
316104,18357,1.9630,-0.0617,-0.5043
316104,18358,2.0766,-0.0649,-0.4530
316104,18361,1.9417,-0.0437,-0.5168
316104,18362,2.0013,-0.0447,-0.4548
316104,18365,1.9404,-0.0437,-0.4983
316104,18366,2.0630,-0.0461,-0.4499
316104,18369,1.9303,-0.0259,-0.5137
316104,18370,1.9991,-0.0265,-0.4542
316104,18373,1.9351,-0.0260,-0.4969
316104,18374,2.0279,-0.0269,-0.4422
316104,18377,1.9054,-0.0083,-0.5070
316104,18378,2.0186,-0.0088,-0.4586
316104,18381,1.9491,-0.0085,-0.5005
316104,18382,2.0530,-0.0090,-0.4476
316104,18383,2.1927,0.0096,-0.3799
316104,18384,2.0491,0.0089,-0.4281
316104,18387,2.1979,0.0096,-0.3611
316104,18388,2.0853,0.0091,-0.4167
316104,18391,2.1748,0.0288,-0.3769
316104,18392,2.0450,0.0271,-0.4273
316104,18395,2.1985,0.0292,-0.3612
316104,18396,2.0868,0.0277,-0.4170
316104,18399,2.1684,0.0481,-0.3758
316104,18400,2.0494,0.0458,-0.4283
316104,18403,2.1910,0.0486,-0.3601
316104,18404,2.0675,0.0462,-0.4132
316104,18407,2.1850,0.0679,-0.3788
316104,18408,2.0341,0.0636,-0.4251
316104,18411,2.1887,0.0680,-0.3598
316104,18412,2.0772,0.0649,-0.4153
316104,18415,2.1443,0.0857,-0.3718
316104,18416,2.0542,0.0825,-0.4295
316104,18419,2.1899,0.0876,-0.3597
316104,18420,2.0787,0.0835,-0.4157
316104,18423,2.1741,0.1063,-0.3772
316104,18424,2.0462,0.1004,-0.4280
316104,18427,2.1855,0.1069,-0.3591
316104,18428,2.0720,0.1017,-0.4145
316104,18431,2.1451,0.1241,-0.3719
316104,18432,2.0427,0.1185,-0.4275
316104,18435,2.1868,0.1265,-0.3595
316104,18436,2.0835,0.1209,-0.4170
316104,18439,2.1786,0.1455,-0.3779
316104,18440,2.0059,0.1343,-0.4200
316104,18443,2.1940,0.1461,-0.3609
316104,18444,2.0607,0.1380,-0.4127
316104,18447,2.1747,0.1647,-0.3775
316104,18448,2.0216,0.1534,-0.4236
316104,18451,2.2119,0.1671,-0.3640
316104,18452,2.0635,0.1566,-0.4135
316104,18455,2.1676,0.1835,-0.3765
316104,18456,2.0032,0.1703,-0.4200
316104,18459,2.1946,0.1854,-0.3610
316104,18460,2.0458,0.1736,-0.4103
316104,18463,2.1757,0.2034,-0.3778
316104,18464,2.0139,0.1893,-0.4226
316104,18467,2.2034,0.2060,-0.3628
316104,18468,2.0546,0.1928,-0.4124
316104,18471,2.1628,0.2216,-0.3759
316104,18472,2.0206,0.2081,-0.4244
316104,18475,2.1813,0.2235,-0.3595
316104,18476,2.0639,0.2122,-0.4146
316104,18479,2.1569,0.2404,-0.3753
316104,18480,2.0117,0.2253,-0.4229
316104,18483,2.1977,0.2450,-0.3625
316104,18484,2.0760,0.2321,-0.4174
316104,18487,2.1450,0.2584,-0.3732
316104,18488,2.0219,0.2447,-0.4255
316104,18491,2.1735,0.2615,-0.3585
316104,18492,2.0579,0.2487,-0.4142
316104,18495,2.1585,0.2796,-0.3760
316104,18496,2.0004,0.2602,-0.4214
316104,18499,2.1794,0.2819,-0.3599
316104,18500,2.0309,0.2638,-0.4092
316104,18503,2.1429,0.2970,-0.3733
316104,18504,2.0486,0.2850,-0.4321
316104,18507,2.1625,0.2993,-0.3571
316104,18508,2.0392,0.2833,-0.4114
316104,18511,2.2281,0.0097,-0.3457
316104,18512,2.1064,0.0092,-0.4018
316104,18515,2.2396,0.0098,-0.3275
316104,18516,2.1494,0.0094,-0.3906
316104,18519,2.2400,0.0297,-0.3476
316104,18520,2.1258,0.0282,-0.4055
316104,18523,2.2506,0.0299,-0.3292
316104,18524,2.1499,0.0285,-0.3907
316104,18527,2.2287,0.0494,-0.3459
316104,18528,2.1150,0.0473,-0.4036
316104,18531,2.2417,0.0497,-0.3279
316104,18532,2.1228,0.0471,-0.3859
316104,18535,2.2051,0.0685,-0.3423
316104,18536,2.1101,0.0659,-0.4027
316104,18539,2.2336,0.0694,-0.3268
316104,18540,2.1415,0.0666,-0.3894
316104,18543,2.2483,0.0899,-0.3491
316104,18544,2.0794,0.0835,-0.3970
316104,18547,2.2358,0.0894,-0.3272
316104,18548,2.1403,0.0856,-0.3893
316104,18551,2.2274,0.1089,-0.3460
316104,18552,2.1063,0.1034,-0.4023
316104,18555,2.2503,0.1097,-0.3295
316104,18556,2.1316,0.1043,-0.3878
316104,18559,2.2331,0.1288,-0.3471
316104,18560,2.0962,0.1216,-0.4005
316104,18563,2.2411,0.1292,-0.3279
316104,18564,2.1346,0.1235,-0.3886
316104,18567,2.2310,0.1486,-0.3469
316104,18568,2.1003,0.1406,-0.4016
316104,18571,2.2561,0.1502,-0.3303
316104,18572,2.1046,0.1405,-0.3833
316104,18575,2.2127,0.1672,-0.3439
316104,18576,2.0846,0.1582,-0.3988
316104,18579,2.2622,0.1709,-0.3314
316104,18580,2.1438,0.1623,-0.3907
316104,18583,2.2260,0.1881,-0.3462
316104,18584,2.0836,0.1768,-0.3989
316104,18587,2.2692,0.1913,-0.3326
316104,18588,2.1177,0.1793,-0.3862
316104,18591,2.2174,0.2073,-0.3452
316104,18592,2.0889,0.1956,-0.4002
316104,18595,2.2481,0.2097,-0.3298
316104,18596,2.1305,0.1995,-0.3889
316104,18599,2.2019,0.2252,-0.3430
316104,18600,2.0735,0.2128,-0.3976
316104,18603,2.2452,0.2296,-0.3292
316104,18604,2.1110,0.2167,-0.3856
316104,18607,2.2118,0.2461,-0.3445
316104,18608,2.0844,0.2327,-0.4001
316104,18611,2.2469,0.2500,-0.3298
316104,18612,2.1245,0.2372,-0.3885
316104,18615,2.2029,0.2650,-0.3435
316104,18616,2.0749,0.2504,-0.3987
316104,18619,2.2290,0.2678,-0.3275
316104,18620,2.0884,0.2520,-0.3823
316104,18623,2.2277,0.2881,-0.3477
316104,18624,2.0991,0.2723,-0.4038
316104,18627,2.2277,0.2877,-0.3273
316104,18628,2.0953,0.2718,-0.3840
316104,18631,2.2086,0.3053,-0.3448
316104,18632,2.0866,0.2895,-0.4019
316104,18635,2.2302,0.3083,-0.3280
316104,18636,2.0967,0.2906,-0.3847
316104,18639,2.1605,0.3186,-0.3768
316104,18640,2.0558,0.3047,-0.4342
316104,18643,2.2063,0.3254,-0.3648
316104,18644,2.0737,0.3070,-0.4189
316104,18647,2.1689,0.3392,-0.3784
316104,18648,2.0627,0.3241,-0.4362
316104,18651,2.1949,0.3433,-0.3630
316104,18652,2.0847,0.3276,-0.4217
316104,18655,2.1699,0.3596,-0.3791
316104,18656,2.0391,0.3394,-0.4319
316104,18659,2.1972,0.3633,-0.3639
316104,18660,2.0683,0.3435,-0.4189
316104,18663,2.1717,0.3798,-0.3796
316104,18664,2.0476,0.3596,-0.4343
316104,18667,2.2111,0.3863,-0.3664
316104,18668,2.0928,0.3671,-0.4246
316104,18671,2.1722,0.3987,-0.3803
316104,18672,2.0321,0.3766,-0.4318
316104,18675,2.2109,0.4058,-0.3669
316104,18676,2.0879,0.3870,-0.4243
316104,18679,2.1793,0.4197,-0.3818
316104,18680,2.0452,0.3975,-0.4353
316104,18683,2.1997,0.4236,-0.3652
316104,18684,2.0676,0.4019,-0.4209
316104,18687,2.1879,0.4412,-0.3839
316104,18688,2.0820,0.4236,-0.4439
316104,18691,2.2128,0.4462,-0.3680
316104,18692,2.0937,0.4260,-0.4269
316104,18695,2.1857,0.4606,-0.3838
316104,18696,2.0795,0.4420,-0.4403
316104,18699,2.2160,0.4670,-0.3688
316104,18700,2.0970,0.4457,-0.4245
316104,18703,2.1840,0.4842,-0.3840
316104,18704,2.0626,0.4573,-0.4375
316104,18707,2.1969,0.4830,-0.3659
316104,18708,2.1009,0.4658,-0.4261
316104,18711,2.1854,0.5046,-0.3842
316104,18712,2.0673,0.4773,-0.4394
316104,18715,2.1985,0.5076,-0.3671
316104,18716,2.1197,0.4894,-0.4307
316104,18719,2.1763,0.5225,-0.3834
316104,18720,2.0807,0.4995,-0.4431
316104,18723,2.2148,0.5317,-0.3697
316104,18724,2.0928,0.5024,-0.4262
316104,18727,2.1726,0.5417,-0.3835
316104,18728,2.0486,0.5108,-0.4372
316104,18731,2.2115,0.5514,-0.3700
316104,18732,2.0761,0.5176,-0.4237
316104,18735,2.1622,0.5592,-0.3822
316104,18736,2.0479,0.5296,-0.4380
316104,18739,2.2216,0.5745,-0.3721
316104,18740,2.0809,0.5381,-0.4256
316104,18743,2.1823,0.5847,-0.3862
316104,18744,2.0465,0.5522,-0.4390
316104,18747,2.1997,0.5894,-0.3692
316104,18748,2.0886,0.5596,-0.4281
316104,18751,2.1819,0.6051,-0.3862
316104,18752,2.0173,0.5632,-0.4337
316104,18755,2.2136,0.6139,-0.3721
316104,18756,2.0802,0.5769,-0.4274
316104,18759,2.1627,0.6202,-0.3838
316104,18760,2.0397,0.5887,-0.4396
316104,18763,2.2178,0.6359,-0.3729
316104,18764,2.0904,0.6034,-0.4308
316104,18767,2.2189,0.3269,-0.3468
316104,18768,2.0964,0.3099,-0.4043
316104,18771,2.2669,0.3335,-0.3339
316104,18772,2.1481,0.3168,-0.3946
316104,18775,2.2322,0.3492,-0.3490
316104,18776,2.1072,0.3307,-0.4069
316104,18779,2.2727,0.3551,-0.3347
316104,18780,2.1527,0.3375,-0.3960
316104,18783,2.2343,0.3695,-0.3498
316104,18784,2.1038,0.3494,-0.4068
316104,18787,2.2576,0.3733,-0.3330
316104,18788,2.1351,0.3542,-0.3933
316104,18791,2.2353,0.3897,-0.3500
316104,18792,2.1026,0.3681,-0.4072
316104,18795,2.2719,0.3961,-0.3352
316104,18796,2.1466,0.3758,-0.3960
316104,18799,2.2227,0.4079,-0.3486
316104,18800,2.1194,0.3890,-0.4110
316104,18803,2.2754,0.4176,-0.3363
316104,18804,2.1632,0.3970,-0.3997
316104,18807,2.2334,0.4301,-0.3505
316104,18808,2.1499,0.4179,-0.4178
316104,18811,2.2662,0.4364,-0.3350
316104,18812,2.1578,0.4155,-0.3993
316104,18815,2.2421,0.4521,-0.3525
316104,18816,2.1421,0.4358,-0.4170
316104,18819,2.2801,0.4597,-0.3377
316104,18820,2.1523,0.4379,-0.3991
316104,18823,2.2253,0.4689,-0.3500
316104,18824,2.1461,0.4562,-0.4146
316104,18827,2.2577,0.4758,-0.3345
316104,18828,2.1430,0.4555,-0.3942
316104,18831,2.2492,0.4945,-0.3540
316104,18832,2.1208,0.4702,-0.4105
316104,18835,2.2429,0.4931,-0.3326
316104,18836,2.1405,0.4745,-0.3945
316104,18839,2.2592,0.5174,-0.3563
316104,18840,2.1436,0.4949,-0.4157
316104,18843,2.2663,0.5191,-0.3367
316104,18844,2.1704,0.5011,-0.4008
316104,18847,2.2532,0.5368,-0.3553
316104,18848,2.1269,0.5106,-0.4133
316104,18851,2.2855,0.5445,-0.3394
316104,18852,2.1530,0.5169,-0.3984
316104,18855,2.2478,0.5604,-0.3553
316104,18856,2.1042,0.5246,-0.4098
316104,18859,2.2676,0.5612,-0.3375
316104,18860,2.1491,0.5358,-0.3985
316104,18863,2.2461,0.5809,-0.3558
316104,18864,2.1408,0.5536,-0.4178
316104,18867,2.2837,0.5863,-0.3406
316104,18868,2.1437,0.5544,-0.3984
316104,18871,2.2407,0.6004,-0.3554
316104,18872,2.0993,0.5625,-0.4107
316104,18875,2.2685,0.6078,-0.3388
316104,18876,2.1530,0.5769,-0.4010
316104,18879,2.2488,0.6236,-0.3571
316104,18880,2.1038,0.5834,-0.4125
316104,18883,2.3197,0.6433,-0.3469
316104,18884,2.1310,0.5910,-0.3979
316104,18887,2.2419,0.6428,-0.3560
316104,18888,2.1325,0.6115,-0.4192
316104,18891,2.2730,0.6518,-0.3407
316104,18892,2.1300,0.6108,-0.3987
316104,18895,2.1785,0.6453,-0.3876
316104,18896,2.0708,0.6173,-0.4475
316104,18899,2.2458,0.6652,-0.3785
316104,18900,2.0949,0.6245,-0.4328
316104,18903,2.1780,0.6659,-0.3881
316104,18904,2.0372,0.6267,-0.4375
316104,18907,2.2181,0.6781,-0.3744
316104,18908,2.0888,0.6426,-0.4327
316104,18911,2.1962,0.6925,-0.3920
316104,18912,2.0605,0.6536,-0.4437
316104,18915,2.2335,0.7042,-0.3776
316104,18916,2.0826,0.6607,-0.4287
316104,18919,2.1731,0.7061,-0.3881
316104,18920,2.0584,0.6728,-0.4445
316104,18923,2.2082,0.7175,-0.3736
316104,18924,2.0904,0.6833,-0.4315
316104,18927,2.1949,0.7344,-0.3931
316104,18928,2.0455,0.6884,-0.4430
316104,18931,2.2112,0.7398,-0.3751
316104,18932,2.0737,0.6979,-0.4293
316104,18935,2.1896,0.7539,-0.3929
316104,18936,2.0726,0.7177,-0.4502
316104,18939,2.2196,0.7643,-0.3773
316104,18940,2.0908,0.7240,-0.4341
316104,18943,2.1752,0.7703,-0.3911
316104,18944,2.0780,0.7399,-0.4528
316104,18947,2.2093,0.7823,-0.3762
316104,18948,2.0863,0.7429,-0.4345
316104,18951,2.1832,0.7946,-0.3930
316104,18952,2.0668,0.7563,-0.4518
316104,18955,2.2118,0.8050,-0.3770
316104,18956,2.0885,0.7643,-0.4363
316104,18959,2.1700,0.8113,-0.3914
316104,18960,2.0586,0.7738,-0.4514
316104,18963,2.2069,0.8251,-0.3774
316104,18964,2.0911,0.7860,-0.4383
316104,18967,2.1771,0.8401,-0.3938
316104,18968,2.0663,0.7973,-0.4506
316104,18971,2.2158,0.8506,-0.3797
316104,18972,2.1020,0.8111,-0.4420
316104,18975,2.1735,0.8606,-0.3941
316104,18976,2.0568,0.8144,-0.4501
316104,18979,2.1977,0.8657,-0.3775
316104,18980,2.0751,0.8216,-0.4338
316104,18983,2.1811,0.8856,-0.3965
316104,18984,2.0532,0.8379,-0.4512
316104,18987,2.1891,0.8844,-0.3769
316104,18988,2.0657,0.8388,-0.4334
316104,18991,2.1464,0.8935,-0.3911
316104,18992,2.0361,0.8517,-0.4490
316104,18995,2.1787,0.9025,-0.3760
316104,18996,2.0663,0.8601,-0.4351
316104,18999,2.1635,0.9228,-0.3949
316104,19000,2.0416,0.8750,-0.4519
316104,19003,2.2213,0.9429,-0.3844
316104,19004,2.0446,0.8721,-0.4321
316104,19007,2.1529,0.9406,-0.3940
316104,19008,2.0211,0.8872,-0.4491
316104,19011,2.1993,0.9609,-0.3814
316104,19012,2.0642,0.9018,-0.4379
316104,19015,2.1429,0.9586,-0.3933
316104,19016,1.9843,0.8918,-0.4426
316104,19019,2.2205,0.9933,-0.3862
316104,19020,2.0089,0.8986,-0.4278
316104,19023,2.2490,0.6662,-0.3581
316104,19024,2.1143,0.6263,-0.4167
316104,19027,2.3051,0.6828,-0.3456
316104,19028,2.1466,0.6358,-0.4028
316104,19031,2.2450,0.6864,-0.3584
316104,19032,2.1250,0.6497,-0.4199
316104,19035,2.3229,0.7102,-0.3492
316104,19036,2.1488,0.6570,-0.4043
316104,19039,2.2573,0.7117,-0.3609
316104,19040,2.1162,0.6713,-0.4155
316104,19043,2.3104,0.7285,-0.3478
316104,19044,2.1300,0.6716,-0.4018
316104,19047,2.2571,0.7334,-0.3615
316104,19048,2.1067,0.6886,-0.4148
316104,19051,2.3099,0.7505,-0.3483
316104,19052,2.1414,0.6958,-0.4011
316104,19055,2.2382,0.7489,-0.3586
316104,19056,2.1159,0.7121,-0.4178
316104,19059,2.3074,0.7720,-0.3489
316104,19060,2.1454,0.7179,-0.4030
316104,19063,2.2688,0.7812,-0.3646
316104,19064,2.1079,0.7299,-0.4175
316104,19067,2.3165,0.7976,-0.3504
316104,19068,2.1528,0.7455,-0.4058
316104,19071,2.2901,0.8110,-0.3687
316104,19072,2.1108,0.7516,-0.4193
316104,19075,2.3025,0.8154,-0.3494
316104,19076,2.1558,0.7676,-0.4076
316104,19079,2.2953,0.8354,-0.3703
316104,19080,2.1125,0.7731,-0.4210
316104,19083,2.2985,0.8366,-0.3494
316104,19084,2.1403,0.7832,-0.4060
316104,19087,2.2721,0.8495,-0.3668
316104,19088,2.1017,0.7900,-0.4202
316104,19091,2.3065,0.8624,-0.3513
316104,19092,2.1462,0.8067,-0.4084
316104,19095,2.2723,0.8722,-0.3681
316104,19096,2.1118,0.8149,-0.4236
316104,19099,2.2862,0.8776,-0.3485
316104,19100,2.1172,0.8170,-0.4042
316104,19103,2.2443,0.8841,-0.3644
316104,19104,2.1159,0.8378,-0.4218
316104,19107,2.2838,0.8996,-0.3493
316104,19108,2.1459,0.8496,-0.4111
316104,19111,2.2456,0.9073,-0.3654
316104,19112,2.0945,0.8505,-0.4190
316104,19115,2.2778,0.9203,-0.3492
316104,19116,2.1504,0.8732,-0.4092
316104,19119,2.2419,0.9286,-0.3657
316104,19120,2.1212,0.8830,-0.4258
316104,19123,2.2726,0.9414,-0.3492
316104,19124,2.1261,0.8850,-0.4061
316104,19127,2.2352,0.9488,-0.3655
316104,19128,2.1056,0.8981,-0.4243
316104,19131,2.2778,0.9669,-0.3509
316104,19132,2.1469,0.9157,-0.4116
316104,19135,2.2471,0.9770,-0.3684
316104,19136,2.1046,0.9195,-0.4257
316104,19139,2.2728,0.9883,-0.3510
316104,19140,2.1296,0.9304,-0.4098
316104,19143,2.2333,0.9943,-0.3667
316104,19144,2.0959,0.9375,-0.4255
316104,19148,2.1240,0.9501,-0.4099
316104,19151,2.1751,0.9958,-0.3999
316104,19152,1.9775,0.9095,-0.4389
316104,19156,1.9705,0.9063,-0.4216
316104,19160,1.9822,0.9328,-0.4417
316104,19164,2.0047,0.9434,-0.4267
316104,19168,2.0231,0.9737,-0.4527
316104,19172,2.0234,0.9738,-0.4324
316104,19176,2.0381,1.0029,-0.4580
316104,19180,2.0297,0.9987,-0.4356
316104,19284,2.1165,0.9690,-0.4092
316104,19292,2.0699,0.9696,-0.4018
316104,19300,2.0526,0.9834,-0.3993
316104,19513,2.0209,-0.9726,-0.4522
316104,19517,2.0607,-0.9918,-0.4404
316104,19521,2.0228,-0.9519,-0.4508
316104,19525,2.0806,-0.9791,-0.4428
316104,19529,2.0293,-0.9334,-0.4504
316104,19530,2.1396,-0.9796,-0.3934
316104,19533,2.0633,-0.9490,-0.4414
316104,19649,2.0999,-0.9836,-0.4298
316104,19653,2.1224,-0.9942,-0.4120
316104,19657,2.0996,-0.9613,-0.4280
316104,19661,2.1397,-0.9796,-0.4137
316104,19665,2.0493,-0.9210,-0.4571
316104,19666,2.1920,-0.9805,-0.4023
316104,19669,2.0787,-0.9298,-0.4426
316104,19670,2.2111,-0.9891,-0.3845
316104,19673,2.0549,-0.9020,-0.4566
316104,19674,2.1576,-0.9426,-0.3949
316104,19677,2.0893,-0.9128,-0.4432
316104,19678,2.2018,-0.9620,-0.3819
316104,19681,2.0616,-0.8836,-0.4563
316104,19682,2.1388,-0.9123,-0.3904
316104,19685,2.0866,-0.8900,-0.4409
316104,19686,2.2105,-0.9383,-0.3825
316104,19689,2.0533,-0.8589,-0.4528
316104,19690,2.1560,-0.8975,-0.3929
316104,19693,2.0621,-0.8584,-0.4342
316104,19694,2.1955,-0.9094,-0.3789
316104,19697,2.0548,-0.8386,-0.4515
316104,19698,2.1806,-0.8854,-0.3964
316104,19701,2.0908,-0.8490,-0.4386
316104,19702,2.2023,-0.8898,-0.3792
316104,19705,2.0664,-0.8181,-0.4522
316104,19706,2.1771,-0.8620,-0.3948
316104,19709,2.0926,-0.8285,-0.4375
316104,19710,2.2058,-0.8689,-0.3789
316104,19713,2.0534,-0.7923,-0.4478
316104,19714,2.1784,-0.8406,-0.3941
316104,19717,2.0874,-0.8055,-0.4390
316104,19718,2.2081,-0.8476,-0.3784
316104,19721,2.0755,-0.7801,-0.4551
316104,19722,2.2056,-0.8246,-0.3978
316104,19725,2.0962,-0.7879,-0.4393
316104,19726,2.2026,-0.8235,-0.3767
316104,19729,2.0631,-0.7550,-0.4510
316104,19730,2.1832,-0.7946,-0.3930
316104,19733,2.0815,-0.7617,-0.4349
316104,19734,2.1935,-0.7984,-0.3739
316104,19737,2.0601,-0.7336,-0.4489
316104,19738,2.1922,-0.7763,-0.3942
316104,19741,2.0853,-0.7425,-0.4343
316104,19742,2.2071,-0.7816,-0.3759
316104,19745,2.0951,-0.7255,-0.4551
316104,19746,2.1796,-0.7505,-0.3911
316104,19749,2.1139,-0.7320,-0.4389
316104,19750,2.2101,-0.7610,-0.3757
316104,19753,2.0904,-0.7035,-0.4528
316104,19754,2.1781,-0.7288,-0.3901
316104,19757,2.1167,-0.7123,-0.4382
316104,19758,2.2048,-0.7377,-0.3741
316104,19761,2.0936,-0.6843,-0.4521
316104,19762,2.1603,-0.7019,-0.3858
316104,19765,2.1024,-0.6872,-0.4340
316104,19766,2.1937,-0.7128,-0.3711
316104,19769,2.0894,-0.6628,-0.4500
316104,19770,2.1788,-0.6870,-0.3889
316104,19773,2.0853,-0.6615,-0.4292
316104,19774,2.2121,-0.6975,-0.3740
316104,19777,2.0958,-0.6448,-0.4501
316104,19778,2.1864,-0.6684,-0.3896
316104,19781,2.0928,-0.6438,-0.4336
316104,19782,2.2083,-0.6751,-0.3728
316104,19785,2.0925,-0.6238,-0.4522
316104,19786,2.1827,-0.6466,-0.3883
316104,19789,2.0919,-0.6236,-0.4322
316104,19790,2.2351,-0.6621,-0.3767
316104,19793,2.1189,-0.9478,-0.4302
316104,19797,2.1293,-0.9525,-0.4109
316104,19801,2.1045,-0.9194,-0.4256
316104,19802,2.2366,-0.9725,-0.3667
316104,19805,2.1426,-0.9361,-0.4123
316104,19806,2.2658,-0.9852,-0.3499
316104,19809,2.1041,-0.8975,-0.4240
316104,19810,2.2205,-0.9426,-0.3631
316104,19813,2.1509,-0.9175,-0.4123
316104,19814,2.2697,-0.9634,-0.3496
316104,19817,2.1112,-0.8788,-0.4238
316104,19818,2.2275,-0.9227,-0.3633
316104,19821,2.1197,-0.8823,-0.4048
316104,19822,2.2746,-0.9422,-0.3495
316104,19825,2.1048,-0.8547,-0.4210
316104,19826,2.2507,-0.9093,-0.3662
316104,19829,2.1334,-0.8663,-0.4060
316104,19830,2.2698,-0.9171,-0.3480
316104,19833,2.1141,-0.8370,-0.4214
316104,19834,2.2454,-0.8845,-0.3646
316104,19837,2.1334,-0.8447,-0.4087
316104,19838,2.2760,-0.8965,-0.3481
316104,19841,2.1192,-0.8177,-0.4251
316104,19842,2.2532,-0.8649,-0.3650
316104,19845,2.1454,-0.8278,-0.4096
316104,19846,2.2583,-0.8669,-0.3443
316104,19849,2.1161,-0.7954,-0.4231
316104,19850,2.2500,-0.8412,-0.3633
316104,19853,2.1541,-0.8097,-0.4099
316104,19854,2.2833,-0.8537,-0.3478
316104,19857,2.1190,-0.7755,-0.4223
316104,19858,2.2269,-0.8105,-0.3593
316104,19861,2.1281,-0.7788,-0.4037
316104,19862,2.2881,-0.8328,-0.3478
316104,19865,2.1176,-0.7540,-0.4207
316104,19866,2.2561,-0.7989,-0.3633
316104,19869,2.1509,-0.7659,-0.4067
316104,19870,2.2803,-0.8075,-0.3460
316104,19873,2.0994,-0.7270,-0.4158
316104,19874,2.2334,-0.7690,-0.3589
316104,19877,2.1341,-0.7390,-0.4023
316104,19878,2.2823,-0.7859,-0.3453
316104,19881,2.1198,-0.7134,-0.4186
316104,19882,2.2347,-0.7477,-0.3581
316104,19885,2.1327,-0.7136,-0.4006
316104,19886,2.2839,-0.7642,-0.3453
316104,19889,2.1193,-0.6927,-0.4173
316104,19890,2.2306,-0.7248,-0.3572
316104,19893,2.1637,-0.7030,-0.4053
316104,19894,2.2831,-0.7418,-0.3442
316104,19897,2.1351,-0.6773,-0.4192
316104,19898,2.2349,-0.7047,-0.3573
316104,19901,2.1581,-0.6805,-0.4072
316104,19902,2.2839,-0.7201,-0.3438
316104,19905,2.1234,-0.6492,-0.4195
316104,19906,2.2292,-0.6815,-0.3559
316104,19909,2.1727,-0.6643,-0.4088
316104,19910,2.2565,-0.6899,-0.3392
316104,19913,2.1252,-0.6295,-0.4188
316104,19914,2.2497,-0.6664,-0.3582
316104,19917,2.1374,-0.6331,-0.4011
316104,19918,2.3022,-0.6819,-0.3451
316104,19921,2.1052,-0.6076,-0.4538
316104,19922,2.1992,-0.6306,-0.3902
316104,19925,2.1135,-0.6100,-0.4356
316104,19926,2.2141,-0.6349,-0.3722
316104,19929,2.0981,-0.5858,-0.4511
316104,19930,2.1939,-0.6084,-0.3883
316104,19933,2.1108,-0.5854,-0.4337
316104,19934,2.2269,-0.6176,-0.3743
316104,19937,2.1057,-0.5682,-0.4517
316104,19938,2.2097,-0.5921,-0.3910
316104,19941,2.1240,-0.5691,-0.4354
316104,19942,2.2464,-0.6019,-0.3771
316104,19945,2.0972,-0.5424,-0.4486
316104,19946,2.1830,-0.5646,-0.3858
316104,19949,2.1220,-0.5488,-0.4340
316104,19950,2.2425,-0.5799,-0.3756
316104,19953,2.0944,-0.5222,-0.4470
316104,19954,2.1876,-0.5454,-0.3862
316104,19957,2.1435,-0.5344,-0.4374
316104,19958,2.2465,-0.5601,-0.3758
316104,19961,2.1165,-0.5081,-0.4508
316104,19962,2.1980,-0.5277,-0.3872
316104,19965,2.1287,-0.5111,-0.4335
316104,19966,2.2495,-0.5401,-0.3755
316104,19969,2.1046,-0.4859,-0.4473
316104,19970,2.2003,-0.5080,-0.3868
316104,19973,2.1308,-0.4919,-0.4330
316104,19974,2.2482,-0.5190,-0.3754
316104,19977,2.1209,-0.4702,-0.4499
316104,19978,2.2311,-0.4946,-0.3923
316104,19981,2.1633,-0.4796,-0.4388
316104,19982,2.2290,-0.4901,-0.3713
316104,19985,2.1083,-0.4481,-0.4464
316104,19986,2.2160,-0.4670,-0.3891
316104,19989,2.1374,-0.4543,-0.4327
316104,19990,2.2365,-0.4713,-0.3722
316104,19993,2.0838,-0.4240,-0.4442
316104,19994,2.2125,-0.4461,-0.3882
316104,19997,2.1235,-0.4320,-0.4330
316104,19998,2.2396,-0.4516,-0.3725
316104,20001,2.1039,-0.4090,-0.4478
316104,20002,2.2152,-0.4266,-0.3880
316104,20005,2.1322,-0.4145,-0.4340
316104,20006,2.2585,-0.4349,-0.3750
316104,20009,2.1172,-0.3924,-0.4498
316104,20010,2.1918,-0.4023,-0.3837
316104,20013,2.1145,-0.3919,-0.4297
316104,20014,2.2399,-0.4111,-0.3717
316104,20017,2.0952,-0.3679,-0.4444
316104,20018,2.2038,-0.3854,-0.3852
316104,20021,2.1195,-0.3718,-0.4300
316104,20022,2.2343,-0.3903,-0.3702
316104,20025,2.1015,-0.3498,-0.4451
316104,20026,2.2159,-0.3672,-0.3872
316104,20029,2.1142,-0.3511,-0.4282
316104,20030,2.2181,-0.3668,-0.3674
316104,20033,2.0992,-0.3299,-0.4439
316104,20034,2.2058,-0.3450,-0.3848
316104,20037,2.1306,-0.3348,-0.4310
316104,20038,2.2572,-0.3531,-0.3733
316104,20041,2.1009,-0.3114,-0.4437
316104,20042,2.2210,-0.3276,-0.3874
316104,20045,2.1273,-0.3149,-0.4297
316104,20046,2.2475,-0.3315,-0.3716
316104,20049,2.1405,-0.6138,-0.4207
316104,20050,2.2356,-0.6410,-0.3550
316104,20053,2.1757,-0.6239,-0.4072
316104,20054,2.3032,-0.6604,-0.3453
316104,20057,2.1471,-0.5955,-0.4210
316104,20058,2.2474,-0.6232,-0.3569
316104,20061,2.1886,-0.6069,-0.4086
316104,20062,2.3050,-0.6392,-0.3447
316104,20065,2.1306,-0.5709,-0.4168
316104,20066,2.2570,-0.6048,-0.3580
316104,20069,2.1515,-0.5765,-0.4008
316104,20070,2.3081,-0.6185,-0.3448
316104,20073,2.1361,-0.5524,-0.4169
316104,20074,2.2555,-0.5833,-0.3573
316104,20077,2.1667,-0.5603,-0.4027
316104,20078,2.2796,-0.5853,-0.3400
316104,20081,2.1495,-0.5359,-0.4186
316104,20082,2.2783,-0.5680,-0.3601
316104,20085,2.1541,-0.5371,-0.3995
316104,20086,2.2824,-0.5648,-0.3397
316104,20089,2.1649,-0.5198,-0.4207
316104,20090,2.2577,-0.5379,-0.3560
316104,20093,2.1643,-0.5196,-0.4005
316104,20094,2.3342,-0.5561,-0.3466
316104,20097,2.1426,-0.4947,-0.4155
316104,20098,2.2691,-0.5197,-0.3579
316104,20101,2.1703,-0.5010,-0.4008
316104,20102,2.2902,-0.5245,-0.3402
316104,20105,2.1554,-0.4778,-0.4172
316104,20106,2.2677,-0.4986,-0.3570
316104,20109,2.1848,-0.4844,-0.4027
316104,20110,2.2963,-0.5049,-0.3405
316104,20113,2.1806,-0.4635,-0.4212
316104,20114,2.2782,-0.4801,-0.3584
316104,20117,2.1868,-0.4648,-0.4023
316104,20118,2.2954,-0.4837,-0.3401
316104,20121,2.1622,-0.4399,-0.4209
316104,20122,2.2695,-0.4576,-0.3568
316104,20125,2.1740,-0.4423,-0.4032
316104,20126,2.2975,-0.4633,-0.3402
316104,20129,2.1618,-0.4202,-0.4201
316104,20130,2.2840,-0.4398,-0.3584
316104,20133,2.1937,-0.4224,-0.4060
316104,20134,2.2848,-0.4400,-0.3378
316104,20137,2.1595,-0.3963,-0.4188
316104,20138,2.2749,-0.4175,-0.3568
316104,20141,2.1719,-0.3986,-0.4013
316104,20142,2.3017,-0.4224,-0.3401
316104,20145,2.1614,-0.3784,-0.4186
316104,20146,2.2736,-0.3964,-0.3560
316104,20149,2.1910,-0.3836,-0.4042
316104,20150,2.2876,-0.3988,-0.3375
316104,20153,2.1528,-0.3576,-0.4163
316104,20154,2.2568,-0.3732,-0.3533
316104,20157,2.1630,-0.3589,-0.3984
316104,20158,2.2933,-0.3792,-0.3383
316104,20161,2.1543,-0.3381,-0.4160
316104,20162,2.2780,-0.3563,-0.3561
316104,20165,2.1812,-0.3420,-0.4012
316104,20166,2.2798,-0.3562,-0.3358
316104,20169,2.1542,-0.3185,-0.4154
316104,20170,2.2597,-0.3329,-0.3532
316104,20173,2.1766,-0.3210,-0.3998
316104,20174,2.3004,-0.3385,-0.3388
316104,20177,2.0829,-0.2898,-0.4393
316104,20178,2.2000,-0.3049,-0.3832
316104,20181,2.1249,-0.2952,-0.4287
316104,20182,2.2323,-0.3090,-0.3686
316104,20185,2.0916,-0.2720,-0.4406
316104,20186,2.2178,-0.2873,-0.3863
316104,20189,2.1123,-0.2743,-0.4256
316104,20190,2.2294,-0.2884,-0.3681
316104,20193,2.0748,-0.2511,-0.4366
316104,20194,2.1988,-0.2649,-0.3825
316104,20197,2.1076,-0.2547,-0.4242
316104,20198,2.2249,-0.2677,-0.3670
316104,20201,2.0767,-0.2326,-0.4366
316104,20202,2.2114,-0.2465,-0.3847
316104,20205,2.1158,-0.2366,-0.4254
316104,20206,2.2211,-0.2476,-0.3664
316104,20209,2.0762,-0.2138,-0.4360
316104,20210,2.1832,-0.2237,-0.3795
316104,20213,2.1097,-0.2169,-0.4238
316104,20214,2.2078,-0.2262,-0.3638
316104,20217,2.0538,-0.1931,-0.4310
316104,20218,2.1773,-0.2035,-0.3781
316104,20221,2.1130,-0.1983,-0.4241
316104,20222,2.2247,-0.2079,-0.3663
316104,20225,2.0599,-0.1751,-0.4319
316104,20226,2.1965,-0.1860,-0.3815
316104,20229,2.1063,-0.1787,-0.4224
316104,20230,2.2082,-0.1866,-0.3633
316104,20233,2.0973,-0.1592,-0.4394
316104,20234,2.1988,-0.1665,-0.3817
316104,20237,2.1049,-0.1597,-0.4218
316104,20238,2.2257,-0.1681,-0.3663
316104,20241,2.0949,-0.1402,-0.4386
316104,20242,2.1921,-0.1464,-0.3803
316104,20245,2.1176,-0.1418,-0.4241
316104,20246,2.2059,-0.1469,-0.3628
316104,20249,2.0735,-0.1203,-0.4339
316104,20250,2.2066,-0.1276,-0.3826
316104,20253,2.1251,-0.1233,-0.4254
316104,20254,2.2582,-0.1306,-0.3712
316104,20257,2.0867,-0.1024,-0.4365
316104,20258,2.2123,-0.1082,-0.3838
316104,20261,2.1105,-0.1036,-0.4222
316104,20262,2.2128,-0.1082,-0.3636
316104,20265,2.0834,-0.0837,-0.4356
316104,20266,2.2034,-0.0881,-0.3821
316104,20269,2.1137,-0.0849,-0.4227
316104,20270,2.2301,-0.0892,-0.3663
316104,20273,2.0857,-0.0652,-0.4359
316104,20274,2.1930,-0.0682,-0.3802
316104,20277,2.0974,-0.0655,-0.4193
316104,20278,2.2360,-0.0695,-0.3675
316104,20281,2.0827,-0.0465,-0.4352
316104,20282,2.1875,-0.0485,-0.3791
316104,20285,2.1224,-0.0474,-0.4242
316104,20286,2.2287,-0.0494,-0.3663
316104,20289,2.0867,-0.0277,-0.4360
316104,20290,2.1978,-0.0292,-0.3808
316104,20293,2.1184,-0.0281,-0.4233
316104,20294,2.2154,-0.0294,-0.3640
316104,20297,2.0702,-0.0090,-0.4325
316104,20298,2.1773,-0.0095,-0.3773
316104,20301,2.1047,-0.0092,-0.4206
316104,20302,2.2007,-0.0096,-0.3616
316104,20305,2.1330,-0.2960,-0.4108
316104,20306,2.2638,-0.3129,-0.3534
316104,20309,2.1826,-0.3025,-0.4004
316104,20310,2.2940,-0.3171,-0.3374
316104,20313,2.1426,-0.2779,-0.4122
316104,20314,2.2654,-0.2930,-0.3536
316104,20317,2.1721,-0.2817,-0.3980
316104,20318,2.2726,-0.2935,-0.3339
316104,20321,2.1384,-0.2580,-0.4109
316104,20322,2.2427,-0.2698,-0.3497
316104,20325,2.1809,-0.2631,-0.3992
316104,20326,2.2896,-0.2750,-0.3364
316104,20329,2.1514,-0.2402,-0.4130
316104,20330,2.2477,-0.2501,-0.3501
316104,20333,2.1626,-0.2414,-0.3955
316104,20334,2.3005,-0.2560,-0.3377
316104,20337,2.1433,-0.2200,-0.4110
316104,20338,2.2681,-0.2320,-0.3534
316104,20341,2.1792,-0.2237,-0.3981
316104,20342,2.2813,-0.2333,-0.3345
316104,20345,2.1461,-0.2010,-0.4112
316104,20346,2.2509,-0.2104,-0.3504
316104,20349,2.1774,-0.2039,-0.3974
316104,20350,2.2863,-0.2133,-0.3354
316104,20353,2.1221,-0.1801,-0.4063
316104,20354,2.2578,-0.1908,-0.3512
316104,20357,2.1784,-0.1845,-0.3973
316104,20358,2.2832,-0.1925,-0.3347
316104,20361,2.1574,-0.1637,-0.4127
316104,20362,2.2750,-0.1719,-0.3536
316104,20365,2.1726,-0.1645,-0.3960
316104,20366,2.2829,-0.1725,-0.3344
316104,20369,2.1523,-0.1441,-0.4115
316104,20370,2.2565,-0.1503,-0.3509
316104,20373,2.1668,-0.1447,-0.3946
316104,20374,2.2872,-0.1523,-0.3348
316104,20377,2.1678,-0.1258,-0.4142
316104,20378,2.2554,-0.1300,-0.3505
316104,20381,2.1703,-0.1255,-0.3951
316104,20382,2.2766,-0.1313,-0.3331
316104,20385,2.1749,-0.1068,-0.4154
316104,20386,2.2571,-0.1104,-0.3506
316104,20389,2.1796,-0.1066,-0.3966
316104,20390,2.2823,-0.1112,-0.3342
316104,20393,2.1473,-0.0862,-0.4099
316104,20394,2.2451,-0.0898,-0.3486
316104,20397,2.1757,-0.0870,-0.3957
316104,20398,2.2872,-0.0915,-0.3347
316104,20401,2.1672,-0.0677,-0.4136
316104,20402,2.2709,-0.0706,-0.3525
316104,20405,2.1767,-0.0676,-0.3958
316104,20406,2.2934,-0.0713,-0.3355
316104,20409,2.1551,-0.0482,-0.4112
316104,20410,2.2396,-0.0497,-0.3476
316104,20413,2.1554,-0.0478,-0.3918
316104,20414,2.2706,-0.0503,-0.3321
316104,20417,2.1570,-0.0286,-0.4115
316104,20418,2.2485,-0.0298,-0.3489
316104,20421,2.1625,-0.0287,-0.3930
316104,20422,2.2673,-0.0301,-0.3316
316104,20425,2.1501,-0.0094,-0.4102
316104,20426,2.2430,-0.0098,-0.3480
316104,20429,2.1591,-0.0094,-0.3924
316104,20430,2.2741,-0.0099,-0.3326
316104,20431,2.4429,0.0107,-0.2481
316104,20432,2.2853,0.0100,-0.3139
316104,20435,2.4756,0.0108,-0.2297
316104,20436,2.3158,0.0101,-0.2971
316104,20439,2.4335,0.0319,-0.2472
316104,20440,2.2908,0.0304,-0.3146
316104,20443,2.4449,0.0320,-0.2268
316104,20444,2.3100,0.0306,-0.2964
316104,20447,2.4288,0.0538,-0.2468
316104,20448,2.2741,0.0504,-0.3124
316104,20451,2.4677,0.0543,-0.2290
316104,20452,2.2944,0.0509,-0.2944
316104,20455,2.4205,0.0748,-0.2460
316104,20456,2.2829,0.0709,-0.3137
316104,20459,2.4501,0.0757,-0.2274
316104,20460,2.2815,0.0705,-0.2928
316104,20463,2.4305,0.0968,-0.2471
316104,20464,2.2837,0.0909,-0.3135
316104,20467,2.4757,0.0986,-0.2298
316104,20468,2.3313,0.0928,-0.2993
316104,20471,2.4250,0.1178,-0.2466
316104,20472,2.2796,0.1111,-0.3130
316104,20475,2.4789,0.1204,-0.2298
316104,20476,2.3158,0.1129,-0.2974
316104,20479,2.4207,0.1392,-0.2463
316104,20480,2.2671,0.1307,-0.3115
316104,20483,2.4635,0.1416,-0.2285
316104,20484,2.3043,0.1329,-0.2961
316104,20487,2.4293,0.1614,-0.2473
316104,20488,2.2846,0.1521,-0.3141
316104,20491,2.4779,0.1641,-0.2299
316104,20492,2.3391,0.1554,-0.3007
316104,20495,2.4328,0.1829,-0.2474
316104,20496,2.3057,0.1738,-0.3172
316104,20499,2.4722,0.1859,-0.2295
316104,20500,2.3110,0.1742,-0.2969
316104,20503,2.4449,0.2057,-0.2488
316104,20504,2.2605,0.1906,-0.3111
316104,20507,2.4861,0.2088,-0.2310
316104,20508,2.3077,0.1946,-0.2967
316104,20511,2.4340,0.2262,-0.2479
316104,20512,2.2751,0.2123,-0.3130
316104,20515,2.4538,0.2281,-0.2282
316104,20516,2.3022,0.2144,-0.2962
316104,20519,2.4315,0.2478,-0.2478
316104,20520,2.2882,0.2336,-0.3151
316104,20523,2.4659,0.2513,-0.2295
316104,20524,2.3052,0.2354,-0.2968
316104,20527,2.4413,0.2704,-0.2491
316104,20528,2.2771,0.2530,-0.3138
316104,20531,2.4766,0.2743,-0.2303
316104,20532,2.3177,0.2575,-0.2987
316104,20535,2.4381,0.2920,-0.2486
316104,20536,2.2973,0.2760,-0.3165
316104,20539,2.4811,0.2972,-0.2309
316104,20540,2.3133,0.2775,-0.2981
316104,20543,2.4345,0.3136,-0.2485
316104,20544,2.2795,0.2940,-0.3144
316104,20547,2.4566,0.3160,-0.2289
316104,20548,2.3056,0.2974,-0.2974
316104,20551,2.4339,0.3351,-0.2487
316104,20552,2.2855,0.3155,-0.3156
316104,20555,2.4573,0.3384,-0.2292
316104,20556,2.3206,0.3204,-0.2997
316104,20559,2.4989,0.0109,-0.2094
316104,20560,2.3339,0.0102,-0.2787
316104,20563,2.5295,0.0110,-0.1898
316104,20564,2.3659,0.0103,-0.2612
316104,20567,2.5121,0.0329,-0.2105
316104,20568,2.3399,0.0310,-0.2794
316104,20571,2.5490,0.0334,-0.1912
316104,20572,2.3912,0.0317,-0.2640
316104,20575,2.5041,0.0551,-0.2099
316104,20576,2.3421,0.0519,-0.2798
316104,20579,2.5539,0.0562,-0.1916
316104,20580,2.3882,0.0529,-0.2637
316104,20583,2.5148,0.0777,-0.2108
316104,20584,2.3353,0.0722,-0.2790
316104,20587,2.5518,0.0789,-0.1915
316104,20588,2.3639,0.0731,-0.2611
316104,20591,2.5172,0.1002,-0.2111
316104,20592,2.3349,0.0930,-0.2791
316104,20595,2.5482,0.1010,-0.1913
316104,20596,2.3918,0.0952,-0.2643
316104,20599,2.4920,0.1210,-0.2091
316104,20600,2.3477,0.1144,-0.2807
316104,20603,2.5403,0.1234,-0.1908
316104,20604,2.3737,0.1157,-0.2624
316104,20607,2.4937,0.1434,-0.2093
316104,20608,2.3439,0.1347,-0.2800
316104,20611,2.5261,0.1448,-0.1898
316104,20612,2.3633,0.1359,-0.2613
316104,20615,2.5059,0.1660,-0.2104
316104,20616,2.3317,0.1549,-0.2787
316104,20619,2.5283,0.1675,-0.1896
316104,20620,2.3730,0.1576,-0.2626
316104,20623,2.4820,0.1866,-0.2086
316104,20624,2.3513,0.1772,-0.2812
316104,20627,2.5342,0.1905,-0.1902
316104,20628,2.3987,0.1804,-0.2656
316104,20631,2.4988,0.2098,-0.2101
316104,20632,2.3439,0.1972,-0.2805
316104,20635,2.5340,0.2128,-0.1903
316104,20636,2.4067,0.2025,-0.2666
316104,20639,2.4906,0.2315,-0.2092
316104,20640,2.3568,0.2195,-0.2822
316104,20643,2.5156,0.2338,-0.1891
316104,20644,2.4184,0.2252,-0.2677
316104,20647,2.5041,0.2548,-0.2105
316104,20648,2.3575,0.2407,-0.2826
316104,20651,2.5317,0.2576,-0.1904
316104,20652,2.4138,0.2460,-0.2674
316104,20655,2.5167,0.2787,-0.2117
316104,20656,2.3432,0.2599,-0.2807
316104,20659,2.5385,0.2812,-0.1911
316104,20660,2.3809,0.2641,-0.2640
316104,20663,2.5125,0.3005,-0.2116
316104,20664,2.3430,0.2810,-0.2810
316104,20667,2.5248,0.3020,-0.1903
316104,20668,2.3719,0.2841,-0.2633
316104,20671,2.4878,0.3200,-0.2097
316104,20672,2.3536,0.3032,-0.2826
316104,20675,2.5383,0.3265,-0.1911
316104,20676,2.4044,0.3097,-0.2668
316104,20679,2.5114,0.3454,-0.2115
316104,20680,2.3386,0.3224,-0.2807
316104,20683,2.5280,0.3476,-0.1905
316104,20684,2.4028,0.3313,-0.2669
316104,20687,2.4549,0.3603,-0.2512
316104,20688,2.2902,0.3370,-0.3163
316104,20691,2.4914,0.3652,-0.2323
316104,20692,2.3495,0.3449,-0.3034
316104,20695,2.4676,0.3842,-0.2524
316104,20696,2.3026,0.3593,-0.3184
316104,20699,2.4937,0.3883,-0.2328
316104,20700,2.3353,0.3644,-0.3019
316104,20703,2.4738,0.4073,-0.2533
316104,20704,2.2903,0.3783,-0.3172
316104,20707,2.4839,0.4090,-0.2322
316104,20708,2.3483,0.3875,-0.3036
316104,20711,2.4457,0.4246,-0.2508
316104,20712,2.2898,0.3992,-0.3172
316104,20715,2.5021,0.4344,-0.2342
316104,20716,2.3472,0.4088,-0.3039
316104,20719,2.4428,0.4483,-0.2505
316104,20720,2.3148,0.4248,-0.3211
316104,20723,2.4968,0.4582,-0.2337
316104,20724,2.3296,0.4276,-0.3022
316104,20727,2.4420,0.4702,-0.2508
316104,20728,2.3378,0.4502,-0.3244
316104,20731,2.4940,0.4803,-0.2338
316104,20732,2.3332,0.4493,-0.3027
316104,20735,2.4356,0.4911,-0.2506
316104,20736,2.3113,0.4660,-0.3213
316104,20739,2.4974,0.5036,-0.2345
316104,20740,2.3510,0.4740,-0.3055
316104,20744,2.3108,0.4870,-0.3214
316104,20747,2.4027,0.5063,-0.2256
316104,20748,2.2977,0.4842,-0.2987
316104,20752,2.2575,0.4963,-0.3146
316104,20756,2.2508,0.4949,-0.2932
316104,20760,2.3212,0.5316,-0.3237
316104,20764,2.3039,0.5277,-0.3003
316104,20767,2.4560,0.5851,-0.2538
316104,20768,2.3682,0.5642,-0.3305
316104,20771,2.4857,0.5922,-0.2343
316104,20772,2.4031,0.5725,-0.3138
316104,20775,2.4512,0.6066,-0.2534
316104,20776,2.3741,0.5875,-0.3320
316104,20779,2.4963,0.6178,-0.2358
316104,20780,2.3978,0.5934,-0.3134
316104,20783,2.4400,0.6265,-0.2528
316104,20784,2.3524,0.6040,-0.3292
316104,20787,2.4972,0.6412,-0.2360
316104,20788,2.3947,0.6149,-0.3132
316104,20791,2.4386,0.6489,-0.2532
316104,20792,2.3379,0.6221,-0.3275
316104,20795,2.4979,0.6646,-0.2366
316104,20796,2.3857,0.6348,-0.3127
316104,20799,2.4502,0.6749,-0.2546
316104,20800,2.3716,0.6533,-0.3330
316104,20803,2.4905,0.6860,-0.2360
316104,20804,2.3737,0.6538,-0.3115
316104,20807,2.4351,0.6936,-0.2532
316104,20808,2.3657,0.6739,-0.3326
316104,20811,2.4962,0.7111,-0.2371
316104,20812,2.3889,0.6805,-0.3138
316104,20815,2.5219,0.3697,-0.2127
316104,20816,2.3930,0.3512,-0.2875
316104,20819,2.5421,0.3722,-0.1918
316104,20820,2.4096,0.3537,-0.2680
316104,20823,2.5148,0.3911,-0.2124
316104,20824,2.3882,0.3718,-0.2873
316104,20827,2.5626,0.3985,-0.1936
316104,20828,2.4127,0.3757,-0.2687
316104,20831,2.5299,0.4166,-0.2140
316104,20832,2.3966,0.3955,-0.2883
316104,20835,2.5617,0.4213,-0.1938
316104,20836,2.4066,0.3963,-0.2680
316104,20839,2.5256,0.4385,-0.2135
316104,20840,2.3789,0.4139,-0.2866
316104,20843,2.5618,0.4448,-0.1937
316104,20844,2.4146,0.4201,-0.2693
316104,20847,2.5349,0.4652,-0.2146
316104,20848,2.3923,0.4391,-0.2887
316104,20851,2.5594,0.4697,-0.1938
316104,20852,2.4114,0.4426,-0.2689
316104,20855,2.5324,0.4877,-0.2147
316104,20856,2.4196,0.4659,-0.2921
316104,20859,2.5685,0.4946,-0.1948
316104,20860,2.4203,0.4661,-0.2704
316104,20863,2.5014,0.5044,-0.2125
316104,20864,2.3927,0.4824,-0.2893
316104,20867,2.5393,0.5120,-0.1930
316104,20868,2.4194,0.4878,-0.2707
316104,20872,2.3389,0.4929,-0.2829
316104,20876,2.3446,0.4941,-0.2624
316104,20896,2.4222,0.5771,-0.2943
316104,20900,2.4329,0.5796,-0.2735
316104,20903,2.4815,0.6141,-0.2115
316104,20904,2.4132,0.5972,-0.2934
316104,20908,2.4187,0.5986,-0.2720
316104,20911,2.5168,0.6462,-0.2150
316104,20912,2.4154,0.6202,-0.2943
316104,20916,2.4225,0.6220,-0.2730
316104,20919,2.5138,0.6689,-0.2152
316104,20920,2.4063,0.6403,-0.2934
316104,20924,2.4082,0.6408,-0.2716
316104,20927,2.4842,0.6843,-0.2132
316104,20928,2.4094,0.6637,-0.2940
316104,20932,2.4194,0.6664,-0.2735
316104,20935,2.4849,0.7078,-0.2129
316104,20936,2.3892,0.6806,-0.2923
316104,20940,2.4229,0.6902,-0.2741
316104,20943,2.4637,0.7251,-0.2568
316104,20944,2.3645,0.7004,-0.3330
316104,20947,2.4922,0.7335,-0.2369
316104,20948,2.3907,0.7036,-0.3148
316104,20951,2.4623,0.7481,-0.2569
316104,20952,2.3628,0.7224,-0.3336
316104,20955,2.5067,0.7616,-0.2389
316104,20956,2.4035,0.7303,-0.3169
316104,20959,2.4667,0.7730,-0.2580
316104,20960,2.3610,0.7444,-0.3338
316104,20963,2.5026,0.7843,-0.2387
316104,20964,2.4008,0.7524,-0.3169
316104,20967,2.4771,0.8001,-0.2594
316104,20968,2.3568,0.7658,-0.3337
316104,20971,2.4810,0.8013,-0.2373
316104,20972,2.3752,0.7717,-0.3146
316104,20975,2.4646,0.8199,-0.2588
316104,20976,2.3622,0.7904,-0.3350
316104,20979,2.4959,0.8303,-0.2389
316104,20980,2.3901,0.7997,-0.3171
316104,20983,2.4603,0.8423,-0.2586
316104,20984,2.3669,0.8150,-0.3362
316104,20987,2.4745,0.8472,-0.2376
316104,20988,2.3865,0.8217,-0.3171
316104,20991,2.4568,0.8652,-0.2586
316104,20992,2.3643,0.8372,-0.3369
316104,20995,2.4957,0.8789,-0.2399
316104,20996,2.3632,0.8369,-0.3145
316104,20999,2.4581,0.8898,-0.2595
316104,21000,2.3400,0.8517,-0.3340
316104,21003,2.4701,0.8942,-0.2377
316104,21004,2.3853,0.8682,-0.3180
316104,21007,2.4462,0.9097,-0.2587
316104,21008,2.3313,0.8717,-0.3334
316104,21011,2.4692,0.9183,-0.2384
316104,21012,2.3555,0.8807,-0.3150
316104,21015,2.4497,0.9355,-0.2594
316104,21016,2.3290,0.8940,-0.3338
316104,21019,2.4852,0.9490,-0.2402
316104,21020,2.3704,0.9099,-0.3176
316104,21023,2.4410,0.9566,-0.2594
316104,21024,2.3195,0.9137,-0.3331
316104,21027,2.4837,0.9734,-0.2409
316104,21028,2.3392,0.9214,-0.3140
316104,21031,2.4246,0.9747,-0.2581
316104,21032,2.3042,0.9310,-0.3316
316104,21035,2.4136,0.9703,-0.2344
316104,21036,2.3561,0.9519,-0.3170
316104,21040,2.2889,0.9481,-0.3301
316104,21044,2.3536,0.9749,-0.3173
316104,21048,2.3088,0.9800,-0.3338
316104,21052,2.3406,0.9935,-0.3163
316104,21056,2.2920,0.9966,-0.3321
316104,21060,2.3029,1.0013,-0.3119
316104,21071,2.4818,0.7304,-0.2132
316104,21072,2.4083,0.7088,-0.2949
316104,21076,2.4396,0.7180,-0.2767
316104,21079,2.4508,0.7446,-0.2110
316104,21080,2.4270,0.7374,-0.2975
316104,21084,2.4348,0.7397,-0.2764
316104,21087,2.4461,0.7666,-0.2112
316104,21088,2.3998,0.7521,-0.2950
316104,21092,2.4139,0.7565,-0.2744
316104,21096,2.3982,0.7746,-0.2952
316104,21100,2.4211,0.7820,-0.2759
316104,21104,2.4077,0.8009,-0.2967
316104,21108,2.4274,0.8075,-0.2770
316104,21112,2.4031,0.8228,-0.2970
316104,21116,2.4258,0.8305,-0.2772
316104,21120,2.4095,0.8485,-0.2983
316104,21124,2.4371,0.8582,-0.2793
316104,21128,2.3979,0.8728,-0.2975
316104,21132,2.4302,0.8797,-0.2789
316104,21136,2.3870,0.8925,-0.2967
316104,21139,2.4749,0.9204,-0.1925
316104,21140,2.4278,0.9029,-0.2791
316104,21144,2.4033,0.9225,-0.2997
316104,21147,2.4659,0.9416,-0.1924
316104,21148,2.4358,0.9301,-0.2809
316104,21152,2.3864,0.9400,-0.2981
316104,21156,2.4291,0.9520,-0.2807
316104,21159,2.4456,0.9831,-0.2149
316104,21160,2.3641,0.9552,-0.2959
316104,21164,2.4089,0.9684,-0.2788
316104,21168,2.3436,0.9707,-0.2939
316104,21172,2.4024,0.9902,-0.2786
316104,21176,2.3466,0.9961,-0.2950
316104,21729,2.2799,-0.9678,-0.3296
316104,21733,2.3373,-0.9921,-0.3158
316104,21737,2.2847,-0.9464,-0.3295
316104,21738,2.4004,-0.9894,-0.2559
316104,21741,2.3273,-0.9640,-0.3138
316104,21745,2.2892,-0.9249,-0.3294
316104,21746,2.4193,-0.9726,-0.2575
316104,21749,2.3184,-0.9367,-0.3119
316104,21753,2.3172,-0.9128,-0.3327
316104,21754,2.4300,-0.9523,-0.2582
316104,21757,2.3254,-0.9160,-0.3122
316104,21758,2.4929,-0.9769,-0.2418
316104,21761,2.2818,-0.8759,-0.3270
316104,21762,2.4248,-0.9259,-0.2568
316104,21765,2.3169,-0.8894,-0.3104
316104,21766,2.4854,-0.9491,-0.2402
316104,21769,2.2888,-0.8557,-0.3273
316104,21770,2.4235,-0.9013,-0.2563
316104,21773,2.3209,-0.8678,-0.3104
316104,21774,2.4582,-0.9142,-0.2373
316104,21777,2.3089,-0.8404,-0.3296
316104,21778,2.4401,-0.8833,-0.2576
316104,21781,2.3449,-0.8535,-0.3126
316104,21782,2.4764,-0.8965,-0.2383
316104,21785,2.3017,-0.8151,-0.3280
316104,21786,2.4140,-0.8501,-0.2541
316104,21789,2.3236,-0.8228,-0.3092
316104,21790,2.4674,-0.8689,-0.2371
316104,21793,2.3077,-0.7946,-0.3278
316104,21794,2.4441,-0.8368,-0.2569
316104,21797,2.3384,-0.8052,-0.3107
316104,21798,2.4748,-0.8473,-0.2376
316104,21801,2.2977,-0.7688,-0.3259
316104,21802,2.4266,-0.8072,-0.2548
316104,21805,2.3380,-0.7823,-0.3101
316104,21806,2.4791,-0.8247,-0.2373
316104,21809,2.3108,-0.7508,-0.3272
316104,21810,2.4531,-0.7923,-0.2569
316104,21813,2.3520,-0.7642,-0.3115
316104,21814,2.4742,-0.7991,-0.2366
316104,21817,2.3101,-0.7284,-0.3266
316104,21818,2.4334,-0.7626,-0.2545
316104,21821,2.3367,-0.7323,-0.3085
316104,21822,2.4808,-0.7774,-0.2366
316104,21825,2.3175,-0.7085,-0.3272
316104,21826,2.4424,-0.7421,-0.2548
316104,21829,2.3457,-0.7127,-0.3093
316104,21830,2.4733,-0.7515,-0.2357
316104,21833,2.3182,-0.6867,-0.3265
316104,21834,2.4455,-0.7197,-0.2549
316104,21837,2.3575,-0.6938,-0.3105
316104,21838,2.4838,-0.7310,-0.2361
316104,21865,2.3525,-0.9744,-0.2951
316104,21869,2.3755,-0.9791,-0.2755
316104,21873,2.3521,-0.9503,-0.2944
316104,21877,2.3930,-0.9620,-0.2770
316104,21881,2.3826,-0.9385,-0.2976
316104,21882,2.5232,-0.9888,-0.2214
316104,21885,2.3965,-0.9392,-0.2769
316104,21886,2.5363,-0.9940,-0.1986
316104,21889,2.3552,-0.9041,-0.2937
316104,21890,2.5141,-0.9600,-0.2198
316104,21893,2.3865,-0.9113,-0.2753
316104,21894,2.5446,-0.9717,-0.1986
316104,21897,2.3777,-0.8890,-0.2955
316104,21898,2.5405,-0.9448,-0.2214
316104,21901,2.3912,-0.8893,-0.2749
316104,21902,2.5712,-0.9562,-0.2000
316104,21905,2.3721,-0.8634,-0.2943
316104,21906,2.5226,-0.9132,-0.2192
316104,21909,2.4094,-0.8722,-0.2766
316104,21910,2.5747,-0.9320,-0.2006
316104,21913,2.3756,-0.8366,-0.2941
316104,21914,2.5285,-0.8904,-0.2199
316104,21917,2.3928,-0.8426,-0.2742
316104,21918,2.5794,-0.9083,-0.2003
316104,21921,2.3938,-0.8196,-0.2959
316104,21922,2.5369,-0.8686,-0.2200
316104,21925,2.3911,-0.8186,-0.2732
316104,21926,2.5743,-0.8814,-0.1993
316104,21929,2.3439,-0.7797,-0.2889
316104,21930,2.5346,-0.8432,-0.2191
316104,21933,2.4046,-0.7999,-0.2744
316104,21934,2.5677,-0.8542,-0.1982
316104,21937,2.3785,-0.7682,-0.2927
316104,21938,2.5373,-0.8195,-0.2187
316104,21941,2.3913,-0.7724,-0.2725
316104,21942,2.5857,-0.8351,-0.2000
316104,21945,2.3620,-0.7402,-0.2903
316104,21946,2.5313,-0.7933,-0.2186
316104,21949,2.4360,-0.7634,-0.2769
316104,21950,2.5793,-0.8083,-0.1990
316104,21953,2.3751,-0.7216,-0.2912
316104,21954,2.5526,-0.7755,-0.2198
316104,21957,2.4207,-0.7355,-0.2748
316104,21958,2.5753,-0.7824,-0.1981
316104,21961,2.3992,-0.7061,-0.2938
316104,21962,2.5583,-0.7530,-0.2197
316104,21965,2.4117,-0.7098,-0.2736
316104,21966,2.5872,-0.7615,-0.1985
316104,21969,2.3197,-0.6608,-0.3261
316104,21970,2.4540,-0.6990,-0.2551
316104,21973,2.3486,-0.6690,-0.3085
316104,21974,2.5021,-0.7127,-0.2377
316104,21977,2.3239,-0.6401,-0.3263
316104,21978,2.4478,-0.6742,-0.2543
316104,21981,2.3551,-0.6487,-0.3090
316104,21982,2.4788,-0.6828,-0.2349
316104,21985,2.3284,-0.6195,-0.3262
316104,21986,2.4507,-0.6521,-0.2545
316104,21989,2.3329,-0.6207,-0.3058
316104,21990,2.4940,-0.6636,-0.2362
316104,21993,2.3363,-0.5999,-0.3270
316104,21994,2.4386,-0.6261,-0.2526
316104,21997,2.3374,-0.6002,-0.3057
316104,21998,2.4934,-0.6402,-0.2356
316104,22001,2.3120,-0.5722,-0.3233
316104,22002,2.4384,-0.6035,-0.2521
316104,22005,2.3557,-0.5830,-0.3079
316104,22006,2.4944,-0.6173,-0.2357
316104,22009,2.3160,-0.5518,-0.3232
316104,22010,2.4562,-0.5851,-0.2538
316104,22013,2.3636,-0.5631,-0.3087
316104,22014,2.5078,-0.5974,-0.2364
316104,22017,2.3181,-0.5309,-0.3232
316104,22018,2.4568,-0.5627,-0.2534
316104,22021,2.3766,-0.5443,-0.3097
316104,22022,2.5039,-0.5735,-0.2356
316104,22025,2.3300,-0.5123,-0.3247
316104,22026,2.4711,-0.5433,-0.2548
316104,22029,2.3697,-0.5210,-0.3087
316104,22030,2.4874,-0.5469,-0.2340
316104,22033,2.3026,-0.4852,-0.3202
316104,22034,2.4549,-0.5173,-0.2526
316104,22037,2.3690,-0.4992,-0.3080
316104,22038,2.5020,-0.5273,-0.2350
316104,22041,2.3172,-0.4672,-0.3221
316104,22042,2.4615,-0.4963,-0.2533
316104,22045,2.3754,-0.4790,-0.3087
316104,22046,2.4945,-0.5030,-0.2343
316104,22049,2.3257,-0.4479,-0.3228
316104,22050,2.4537,-0.4725,-0.2521
316104,22053,2.3812,-0.4586,-0.3089
316104,22054,2.5207,-0.4854,-0.2363
316104,22057,2.3303,-0.4277,-0.3233
316104,22058,2.4776,-0.4547,-0.2541
316104,22061,2.3586,-0.4329,-0.3059
316104,22062,2.5002,-0.4589,-0.2340
316104,22065,2.3205,-0.4046,-0.3214
316104,22066,2.4548,-0.4262,-0.2518
316104,22069,2.3873,-0.4158,-0.3091
316104,22070,2.4883,-0.4320,-0.2330
316104,22073,2.3312,-0.3851,-0.3228
316104,22074,2.4871,-0.4095,-0.2547
316104,22077,2.3408,-0.3863,-0.3027
316104,22078,2.4920,-0.4103,-0.2330
316104,22081,2.3214,-0.3623,-0.3210
316104,22082,2.4668,-0.3841,-0.2523
316104,22085,2.3564,-0.3677,-0.3047
316104,22086,2.5025,-0.3896,-0.2336
316104,22089,2.3207,-0.3414,-0.3205
316104,22090,2.4672,-0.3621,-0.2524
316104,22093,2.3580,-0.3461,-0.3045
316104,22094,2.5073,-0.3676,-0.2337
316104,22097,2.3806,-0.6781,-0.2912
316104,22098,2.5266,-0.7197,-0.2165
316104,22101,2.4279,-0.6916,-0.2747
316104,22102,2.6064,-0.7425,-0.1995
316104,22105,2.3713,-0.6532,-0.2894
316104,22106,2.5259,-0.6957,-0.2168
316104,22109,2.4137,-0.6648,-0.2729
316104,22110,2.5955,-0.7149,-0.1991
316104,22113,2.3832,-0.6341,-0.2906
316104,22114,2.5053,-0.6666,-0.2145
316104,22117,2.4209,-0.6442,-0.2730
316104,22118,2.5870,-0.6883,-0.1980
316104,22121,2.3747,-0.6097,-0.2893
316104,22122,2.5322,-0.6501,-0.2163
316104,22125,2.4091,-0.6186,-0.2715
316104,22126,2.5854,-0.6638,-0.1974
316104,22129,2.3907,-0.5916,-0.2906
316104,22130,2.5350,-0.6273,-0.2161
316104,22133,2.4223,-0.5995,-0.2724
316104,22134,2.5880,-0.6405,-0.1972
316104,22137,2.4019,-0.5722,-0.2918
316104,22138,2.5304,-0.6028,-0.2152
316104,22141,2.4143,-0.5752,-0.2714
316104,22142,2.5642,-0.6109,-0.1950
316104,22145,2.3966,-0.5489,-0.2906
316104,22146,2.5377,-0.5812,-0.2163
316104,22149,2.4273,-0.5559,-0.2723
316104,22150,2.5987,-0.5952,-0.1981
316104,22153,2.3987,-0.5274,-0.2907
316104,22154,2.5404,-0.5585,-0.2161
316104,22157,2.4264,-0.5335,-0.2721
316104,22158,2.5763,-0.5664,-0.1960
316104,22161,2.3875,-0.5031,-0.2888
316104,22162,2.5235,-0.5318,-0.2143
316104,22165,2.4370,-0.5136,-0.2728
316104,22166,2.5746,-0.5426,-0.1955
316104,22169,2.4055,-0.4850,-0.2909
316104,22170,2.5308,-0.5103,-0.2150
316104,22173,2.4518,-0.4944,-0.2744
316104,22174,2.5956,-0.5234,-0.1972
316104,22177,2.3977,-0.4617,-0.2894
316104,22178,2.5432,-0.4897,-0.2157
316104,22181,2.4339,-0.4687,-0.2719
316104,22182,2.6062,-0.5019,-0.1977
316104,22185,2.3922,-0.4391,-0.2887
316104,22186,2.5418,-0.4665,-0.2152
316104,22189,2.4362,-0.4471,-0.2717
316104,22190,2.5781,-0.4732,-0.1952
316104,22193,2.4034,-0.4182,-0.2896
316104,22194,2.5452,-0.4419,-0.2151
316104,22197,2.4230,-0.4216,-0.2702
316104,22198,2.5762,-0.4473,-0.1948
316104,22201,2.4177,-0.3989,-0.2909
316104,22202,2.5201,-0.4149,-0.2131
316104,22205,2.4269,-0.3996,-0.2702
316104,22206,2.5750,-0.4235,-0.1948
316104,22209,2.4202,-0.3768,-0.2912
316104,22210,2.5470,-0.3961,-0.2151
316104,22213,2.4273,-0.3779,-0.2703
316104,22214,2.5650,-0.3989,-0.1938
316104,22217,2.4077,-0.3534,-0.2893
316104,22218,2.5496,-0.3738,-0.2150
316104,22221,2.4356,-0.3575,-0.2709
316104,22222,2.5575,-0.3745,-0.1930
316104,22225,2.3089,-0.3187,-0.3189
316104,22226,2.4463,-0.3368,-0.2500
316104,22229,2.3259,-0.3211,-0.3004
316104,22230,2.4768,-0.3410,-0.2311
316104,22233,2.3220,-0.2995,-0.3203
316104,22234,2.4713,-0.3183,-0.2522
316104,22237,2.3378,-0.3016,-0.3015
316104,22238,2.4884,-0.3201,-0.2319
316104,22241,2.2960,-0.2758,-0.3164
316104,22242,2.4271,-0.2907,-0.2474
316104,22245,2.3417,-0.2809,-0.3017
316104,22246,2.4973,-0.2991,-0.2324
316104,22249,2.3170,-0.2574,-0.3193
316104,22250,2.4599,-0.2724,-0.2510
316104,22253,2.3256,-0.2584,-0.2998
316104,22254,2.4941,-0.2762,-0.2319
316104,22257,2.3009,-0.2349,-0.3168
316104,22258,2.4601,-0.2508,-0.2507
316104,22261,2.3363,-0.2386,-0.3008
316104,22262,2.4964,-0.2545,-0.2323
316104,22265,2.3010,-0.2147,-0.3166
316104,22266,2.4495,-0.2277,-0.2494
316104,22269,2.3434,-0.2182,-0.3015
316104,22270,2.4749,-0.2300,-0.2301
316104,22273,2.3008,-0.1940,-0.3167
316104,22274,2.4547,-0.2066,-0.2498
316104,22277,2.3445,-0.1977,-0.3014
316104,22278,2.4846,-0.2086,-0.2309
316104,22281,2.3065,-0.1738,-0.3173
316104,22282,2.4643,-0.1853,-0.2506
316104,22285,2.3454,-0.1768,-0.3013
316104,22286,2.4962,-0.1877,-0.2318
316104,22289,2.2925,-0.1527,-0.3151
316104,22290,2.4534,-0.1630,-0.2498
316104,22293,2.3353,-0.1551,-0.3002
316104,22294,2.5058,-0.1660,-0.2325
316104,22297,2.3082,-0.1331,-0.3171
316104,22298,2.4545,-0.1411,-0.2497
316104,22301,2.3306,-0.1344,-0.2995
316104,22302,2.4854,-0.1429,-0.2305
316104,22305,2.3251,-0.1133,-0.3193
316104,22306,2.4525,-0.1191,-0.2494
316104,22309,2.3283,-0.1135,-0.2990
316104,22310,2.4866,-0.1207,-0.2305
316104,22313,2.2988,-0.0915,-0.3156
316104,22314,2.4549,-0.0977,-0.2496
316104,22317,2.3354,-0.0930,-0.2998
316104,22318,2.4883,-0.0991,-0.2310
316104,22321,2.2969,-0.0714,-0.3156
316104,22322,2.4384,-0.0754,-0.2478
316104,22325,2.3454,-0.0725,-0.3010
316104,22326,2.5036,-0.0774,-0.2324
316104,22329,2.2958,-0.0509,-0.3154
316104,22330,2.4666,-0.0547,-0.2506
316104,22333,2.3402,-0.0519,-0.3003
316104,22334,2.4743,-0.0544,-0.2296
316104,22337,2.2894,-0.0304,-0.3145
316104,22338,2.4475,-0.0320,-0.2486
316104,22341,2.3320,-0.0309,-0.2992
316104,22342,2.4818,-0.0325,-0.2302
316104,22345,2.2904,-0.0100,-0.3146
316104,22346,2.4411,-0.0107,-0.2480
316104,22349,2.3202,-0.0101,-0.2976
316104,22350,2.4679,-0.0108,-0.2289
316104,22353,2.4062,-0.3317,-0.2888
316104,22354,2.5144,-0.3458,-0.2118
316104,22357,2.4236,-0.3341,-0.2692
316104,22358,2.5593,-0.3519,-0.1929
316104,22361,2.3844,-0.3071,-0.2862
316104,22362,2.5292,-0.3253,-0.2132
316104,22365,2.4259,-0.3125,-0.2692
316104,22366,2.5537,-0.3285,-0.1922
316104,22369,2.3807,-0.2856,-0.2855
316104,22370,2.5341,-0.3031,-0.2134
316104,22373,2.4111,-0.2888,-0.2677
316104,22374,2.5714,-0.3075,-0.1938
316104,22377,2.4095,-0.2673,-0.2887
316104,22378,2.5279,-0.2800,-0.2127
316104,22381,2.4011,-0.2664,-0.2663
316104,22382,2.5569,-0.2832,-0.1925
316104,22385,2.3682,-0.2418,-0.2839
316104,22386,2.5250,-0.2569,-0.2122
316104,22389,2.4170,-0.2464,-0.2678
316104,22390,2.5522,-0.2597,-0.1920
316104,22393,2.3561,-0.2194,-0.2822
316104,22394,2.5222,-0.2344,-0.2118
316104,22397,2.4051,-0.2240,-0.2662
316104,22398,2.5625,-0.2382,-0.1926
316104,22401,2.3646,-0.1990,-0.2830
316104,22402,2.5299,-0.2124,-0.2127
316104,22405,2.4211,-0.2037,-0.2682
316104,22406,2.5681,-0.2156,-0.1929
316104,22409,2.3646,-0.1782,-0.2828
316104,22410,2.5269,-0.1900,-0.2123
316104,22413,2.4125,-0.1814,-0.2671
316104,22414,2.5687,-0.1931,-0.1928
316104,22417,2.4068,-0.1599,-0.2876
316104,22418,2.5218,-0.1671,-0.2118
316104,22421,2.4298,-0.1614,-0.2688
316104,22422,2.5655,-0.1699,-0.1924
316104,22425,2.3666,-0.1360,-0.2827
316104,22426,2.5407,-0.1460,-0.2133
316104,22429,2.4310,-0.1397,-0.2688
316104,22430,2.5683,-0.1472,-0.1930
316104,22433,2.3628,-0.1151,-0.2825
316104,22434,2.5304,-0.1229,-0.2123
316104,22437,2.4120,-0.1175,-0.2666
316104,22438,2.5462,-0.1236,-0.1912
316104,22441,2.3798,-0.0947,-0.2844
316104,22442,2.5282,-0.1007,-0.2120
316104,22445,2.4072,-0.0958,-0.2660
316104,22446,2.5741,-0.1020,-0.1932
316104,22449,2.3977,-0.0741,-0.2865
316104,22450,2.5040,-0.0774,-0.2099
316104,22453,2.4214,-0.0748,-0.2675
316104,22454,2.5751,-0.0796,-0.1933
316104,22457,2.3838,-0.0528,-0.2847
316104,22458,2.5434,-0.0559,-0.2132
316104,22461,2.4137,-0.0535,-0.2665
316104,22462,2.5658,-0.0564,-0.1925
316104,22465,2.3507,-0.0312,-0.2807
316104,22466,2.5205,-0.0330,-0.2112
316104,22469,2.4290,-0.0322,-0.2682
316104,22470,2.5487,-0.0334,-0.1912
316104,22473,2.3505,-0.0103,-0.2807
316104,22474,2.5065,-0.0109,-0.2100
316104,22477,2.4032,-0.0105,-0.2653
316104,22478,2.5818,-0.0113,-0.1937
316104,22479,2.7797,0.0121,-0.0859
316104,22480,2.5832,0.0113,-0.1707
316104,22483,2.8096,0.0123,-0.0618
316104,22484,2.6576,0.0116,-0.1523
316104,22487,2.7691,0.0362,-0.0856
316104,22488,2.5787,0.0338,-0.1704
316104,22491,2.7999,0.0367,-0.0616
316104,22492,2.6620,0.0348,-0.1526
316104,22495,2.7701,0.0609,-0.0856
316104,22496,2.5916,0.0570,-0.1713
316104,22499,2.8002,0.0616,-0.0616
316104,22500,2.6731,0.0588,-0.1532
316104,22503,2.7755,0.0858,-0.0858
316104,22504,2.5953,0.0802,-0.1716
316104,22507,2.7817,0.0860,-0.0612
316104,22508,2.6210,0.0810,-0.1503
316104,22511,2.7760,0.1100,-0.0859
316104,22512,2.5820,0.1023,-0.1707
316104,22515,2.7934,0.1107,-0.0615
316104,22516,2.6635,0.1056,-0.1528
316104,22519,2.7676,0.1344,-0.0856
316104,22520,2.5896,0.1257,-0.1713
316104,22523,2.8063,0.1363,-0.0618
316104,22524,2.6488,0.1286,-0.1520
316104,22527,2.7637,0.1584,-0.0851
316104,22528,2.5989,0.1489,-0.1720
316104,22531,2.7933,0.1601,-0.0615
316104,22532,2.5881,0.1483,-0.1486
316104,22535,2.7618,0.1825,-0.0850
316104,22536,2.5732,0.1705,-0.1704
316104,22539,2.8087,0.1856,-0.0619
316104,22540,2.6053,0.1726,-0.1496
316104,22543,2.7671,0.2076,-0.0853
316104,22544,2.5600,0.1920,-0.1696
316104,22547,2.8044,0.2104,-0.0619
316104,22548,2.5962,0.1948,-0.1492
316104,22551,2.7605,0.2313,-0.0851
316104,22552,2.5574,0.2148,-0.1696
316104,22555,2.8105,0.2355,-0.0620
316104,22556,2.6114,0.2193,-0.1497
316104,22559,2.7823,0.2581,-0.0859
316104,22560,2.5726,0.2386,-0.1707
316104,22563,2.8087,0.2606,-0.0620
316104,22564,2.6424,0.2451,-0.1516
316104,22567,2.7749,0.2819,-0.0857
316104,22568,2.5592,0.2604,-0.1700
316104,22571,2.7929,0.2837,-0.0617
316104,22572,2.5984,0.2644,-0.1492
316104,22575,2.7498,0.3041,-0.0850
316104,22576,2.5738,0.2846,-0.1706
316104,22579,2.7682,0.3061,-0.0613
316104,22580,2.6006,0.2876,-0.1495
316104,22583,2.7552,0.3290,-0.0853
316104,22584,2.5834,0.3090,-0.1714
316104,22587,2.7563,0.3292,-0.0611
316104,22588,2.6324,0.3148,-0.1515
316104,22591,2.7570,0.3537,-0.0854
316104,22592,2.5726,0.3305,-0.1709
316104,22595,2.7587,0.3539,-0.0612
316104,22596,2.6154,0.3360,-0.1507
316104,22599,2.7720,0.3807,-0.0860
316104,22600,2.5722,0.3537,-0.1711
316104,22603,2.7887,0.3830,-0.0619
316104,22604,2.6503,0.3640,-0.1528
316104,22608,2.6951,0.0118,-0.1304
316104,22611,2.9779,0.0130,-0.0130
316104,22612,2.7390,0.0120,-0.1086
316104,22616,2.7193,0.0356,-0.1316
316104,22619,2.9517,0.0386,-0.0129
316104,22620,2.7343,0.0358,-0.1084
316104,22623,2.9463,0.0648,-0.0386
316104,22624,2.6926,0.0592,-0.1303
316104,22627,2.9535,0.0650,-0.0129
316104,22628,2.7297,0.0600,-0.1082
316104,22631,2.9269,0.0904,-0.0383
316104,22632,2.6907,0.0831,-0.1302
316104,22635,2.9376,0.0908,-0.0128
316104,22636,2.7300,0.0844,-0.1083
316104,22639,2.8636,0.1135,-0.0375
316104,22640,2.6982,0.1070,-0.1307
316104,22643,2.9501,0.1169,-0.0129
316104,22644,2.7335,0.1084,-0.1084
316104,22647,2.8689,0.1393,-0.0376
316104,22648,2.6868,0.1305,-0.1302
316104,22651,2.9475,0.1426,-0.0129
316104,22652,2.7310,0.1326,-0.1084
316104,22655,2.9060,0.1665,-0.0381
316104,22656,2.6855,0.1539,-0.1301
316104,22659,2.9619,0.1697,-0.0129
316104,22660,2.7267,0.1563,-0.1083
316104,22663,2.8981,0.1915,-0.0380
316104,22664,2.6810,0.1776,-0.1300
316104,22667,2.9406,0.1943,-0.0129
316104,22668,2.7096,0.1795,-0.1076
316104,22671,2.8998,0.2175,-0.0381
316104,22672,2.6725,0.2005,-0.1297
316104,22675,2.9434,0.2208,-0.0129
316104,22676,2.7149,0.2037,-0.1079
316104,22679,2.8734,0.2408,-0.0377
316104,22680,2.6792,0.2250,-0.1301
316104,22683,2.9642,0.2484,-0.0130
316104,22684,2.7173,0.2277,-0.1081
316104,22687,2.8353,0.2630,-0.0373
316104,22688,2.6748,0.2481,-0.1300
316104,22691,2.9294,0.2718,-0.0128
316104,22692,2.7121,0.2516,-0.1080
316104,22695,2.8454,0.2890,-0.0374
316104,22696,2.6924,0.2735,-0.1309
316104,22699,2.9136,0.2960,-0.0128
316104,22700,2.7154,0.2758,-0.1082
316104,22703,2.8425,0.3143,-0.0374
316104,22704,2.6629,0.2945,-0.1296
316104,22707,2.9352,0.3241,-0.0129
316104,22708,2.6965,0.2982,-0.1075
316104,22711,2.8926,0.3454,-0.0381
316104,22712,2.6612,0.3178,-0.1297
316104,22715,2.9055,0.3470,-0.0128
316104,22716,2.7092,0.3235,-0.1077
316104,22719,2.8967,0.3716,-0.0382
316104,22720,2.6688,0.3428,-0.1302
316104,22723,2.9310,0.3760,-0.0129
316104,22724,2.7200,0.3494,-0.1082
316104,22727,2.8915,0.3971,-0.0382
316104,22728,2.6606,0.3654,-0.1295
316104,22731,2.9397,0.4037,-0.0129
316104,22732,2.7375,0.3760,-0.1090
316104,22735,2.7868,0.4075,-0.0865
316104,22736,2.5734,0.3768,-0.1714
316104,22739,2.8071,0.4105,-0.0624
316104,22740,2.6558,0.3889,-0.1534
316104,22743,2.7775,0.4315,-0.0864
316104,22744,2.6158,0.4068,-0.1744
316104,22747,2.7999,0.4350,-0.0623
316104,22748,2.6536,0.4122,-0.1530
316104,22751,2.7654,0.4543,-0.0861
316104,22752,2.6016,0.4279,-0.1733
316104,22755,2.8109,0.4618,-0.0622
316104,22756,2.6676,0.4387,-0.1540
316104,22759,2.7722,0.4803,-0.0865
316104,22760,2.6074,0.4523,-0.1739
316104,22763,2.8170,0.4881,-0.0624
316104,22764,2.6600,0.4614,-0.1538
316104,22767,2.7814,0.5055,-0.0864
316104,22768,2.6380,0.4794,-0.1762
316104,22771,2.8546,0.5188,-0.0633
316104,22772,2.6668,0.4846,-0.1544
316104,22775,2.7762,0.5296,-0.0864
316104,22776,2.6011,0.5009,-0.1741
316104,22779,2.7793,0.5302,-0.0617
316104,22780,2.6634,0.5081,-0.1544
316104,22784,2.5579,0.5158,-0.1710
316104,22863,2.9079,0.4253,-0.0385
316104,22864,2.7001,0.3953,-0.1316
316104,22867,2.9372,0.4295,-0.0130
316104,22868,2.7580,0.4033,-0.1100
316104,22871,2.9235,0.4536,-0.0387
316104,22872,2.6934,0.4184,-0.1314
316104,22875,2.9555,0.4586,-0.0131
316104,22876,2.7499,0.4272,-0.1098
316104,22879,2.9061,0.4775,-0.0386
316104,22880,2.7094,0.4451,-0.1324
316104,22883,2.9410,0.4832,-0.0130
316104,22884,2.7389,0.4500,-0.1095
316104,22887,2.9082,0.5039,-0.0386
316104,22888,2.6848,0.4657,-0.1314
316104,22891,2.9438,0.5101,-0.0130
316104,22892,2.7337,0.4742,-0.1095
316104,22895,2.8922,0.5256,-0.0385
316104,22896,2.6979,0.4903,-0.1322
316104,22899,2.9104,0.5289,-0.0129
316104,22900,2.7330,0.4967,-0.1096
316104,22903,2.7907,0.5324,-0.0372
316104,22904,2.6961,0.5143,-0.1323
316104,22908,2.7422,0.5231,-0.1097
316104,23809,2.6098,-0.9966,-0.1802
316104,23817,2.6193,-0.9741,-0.1802
316104,23821,2.6516,-0.9861,-0.1582
316104,23825,2.6168,-0.9473,-0.1800
316104,23829,2.6536,-0.9606,-0.1578
316104,23833,2.6100,-0.9191,-0.1789
316104,23834,2.8314,-0.9971,-0.0907
316104,23837,2.6425,-0.9306,-0.1571
316104,23841,2.6090,-0.8933,-0.1783
316104,23842,2.8170,-0.9645,-0.0899
316104,23845,2.6436,-0.9051,-0.1567
316104,23846,2.8486,-0.9753,-0.0652
316104,23849,2.6127,-0.8691,-0.1785
316104,23850,2.8166,-0.9370,-0.0897
316104,23853,2.6419,-0.8789,-0.1562
316104,23854,2.8674,-0.9539,-0.0654
316104,23857,2.5890,-0.8362,-0.1764
316104,23858,2.8174,-0.9100,-0.0894
316104,23861,2.6431,-0.8537,-0.1563
316104,23862,2.8863,-0.9322,-0.0657
316104,23865,2.6147,-0.8194,-0.1782
316104,23866,2.8181,-0.8831,-0.0892
316104,23869,2.6536,-0.8316,-0.1564
316104,23870,2.8839,-0.9038,-0.0654
316104,23873,2.6151,-0.7945,-0.1777
316104,23874,2.8338,-0.8610,-0.0900
316104,23877,2.6553,-0.8067,-0.1561
316104,23878,2.8736,-0.8731,-0.0650
316104,23881,2.6315,-0.7745,-0.1784
316104,23882,2.8309,-0.8332,-0.0896
316104,23885,2.6611,-0.7832,-0.1565
316104,23886,2.8769,-0.8467,-0.0649
316104,23953,2.7469,-0.9944,-0.1383
316104,23961,2.7109,-0.9547,-0.1360
316104,23965,2.7923,-0.9833,-0.1148
316104,23969,2.6991,-0.9241,-0.1355
316104,23970,2.9163,-0.9985,-0.0398
316104,23973,2.7624,-0.9458,-0.1132
316104,23977,2.6989,-0.8978,-0.1351
316104,23978,2.9099,-0.9680,-0.0396
316104,23981,2.7816,-0.9253,-0.1142
316104,23982,3.0011,-0.9983,-0.0132
316104,23985,2.6899,-0.8688,-0.1343
316104,23986,2.9284,-0.9459,-0.0397
316104,23989,2.7899,-0.9011,-0.1142
316104,23990,3.0374,-0.9811,-0.0134
316104,23993,2.7010,-0.8464,-0.1350
316104,23994,2.9294,-0.9180,-0.0397
316104,23997,2.7773,-0.8704,-0.1133
316104,23998,3.0274,-0.9487,-0.0133
316104,24001,2.6989,-0.8200,-0.1345
316104,24002,2.9292,-0.8900,-0.0395
316104,24005,2.7952,-0.8492,-0.1138
316104,24006,3.0335,-0.9217,-0.0133
316104,24009,2.6985,-0.7942,-0.1341
316104,24010,2.9111,-0.8568,-0.0392
316104,24013,2.7922,-0.8218,-0.1133
316104,24014,3.0538,-0.8988,-0.0133
316104,24017,2.6260,-0.7480,-0.1780
316104,24018,2.8326,-0.8069,-0.0895
316104,24021,2.6695,-0.7604,-0.1566
316104,24022,2.8865,-0.8222,-0.0650
316104,24025,2.6408,-0.7274,-0.1786
316104,24026,2.8354,-0.7810,-0.0893
316104,24029,2.6714,-0.7358,-0.1564
316104,24030,2.8654,-0.7893,-0.0643
316104,24033,2.6243,-0.6983,-0.1770
316104,24034,2.8261,-0.7520,-0.0888
316104,24037,2.6776,-0.7125,-0.1569
316104,24038,2.8990,-0.7714,-0.0649
316104,24041,2.6238,-0.6737,-0.1771
316104,24042,2.8316,-0.7270,-0.0888
316104,24045,2.6884,-0.6903,-0.1571
316104,24046,2.8699,-0.7369,-0.0647
316104,24049,2.6259,-0.6499,-0.1768
316104,24050,2.8341,-0.7014,-0.0892
316104,24053,2.6899,-0.6657,-0.1569
316104,24054,2.8731,-0.7110,-0.0646
316104,24057,2.6410,-0.6292,-0.1775
316104,24058,2.8254,-0.6731,-0.0887
316104,24061,2.6733,-0.6369,-0.1556
316104,24062,2.8656,-0.6827,-0.0643
316104,24065,2.6420,-0.6051,-0.1776
316104,24066,2.8216,-0.6462,-0.0884
316104,24069,2.6880,-0.6156,-0.1566
316104,24070,2.8774,-0.6537,-0.0644
316104,24073,2.6264,-0.5774,-0.1763
316104,24074,2.8353,-0.6182,-0.0887
316104,24077,2.6642,-0.5858,-0.1549
316104,24078,2.8849,-0.6290,-0.0644
316104,24081,2.6302,-0.5543,-0.1762
316104,24082,2.7866,-0.5821,-0.0870
316104,24085,2.6676,-0.5621,-0.1548
316104,24086,2.8891,-0.6036,-0.0644
316104,24089,2.6404,-0.5324,-0.1765
316104,24090,2.8430,-0.5681,-0.0886
316104,24093,2.6860,-0.5416,-0.1556
316104,24094,2.8796,-0.5754,-0.0641
316104,24097,2.6281,-0.5061,-0.1759
316104,24098,2.8514,-0.5439,-0.0887
316104,24101,2.6680,-0.5089,-0.1547
316104,24102,2.8809,-0.5496,-0.0640
316104,24105,2.6242,-0.4769,-0.1753
316104,24106,2.7995,-0.5088,-0.0869
316104,24109,2.6715,-0.4855,-0.1547
316104,24110,2.8770,-0.5228,-0.0638
316104,24113,2.6290,-0.4560,-0.1754
316104,24114,2.8021,-0.4855,-0.0874
316104,24117,2.6770,-0.4643,-0.1548
316104,24118,2.8764,-0.4984,-0.0637
316104,24121,2.6402,-0.4342,-0.1758
316104,24122,2.8198,-0.4633,-0.0878
316104,24125,2.6740,-0.4398,-0.1544
316104,24126,2.8967,-0.4759,-0.0641
316104,24129,2.6607,-0.4138,-0.1774
316104,24130,2.8126,-0.4369,-0.0875
316104,24133,2.6706,-0.4149,-0.1539
316104,24134,2.8847,-0.4481,-0.0642
316104,24137,2.6345,-0.3857,-0.1755
316104,24138,2.7973,-0.4091,-0.0869
316104,24141,2.6817,-0.3926,-0.1548
316104,24142,2.8786,-0.4210,-0.0640
316104,24145,2.7326,-0.7784,-0.1355
316104,24146,2.9236,-0.8328,-0.0393
316104,24149,2.8153,-0.8019,-0.1145
316104,24150,3.0345,-0.8644,-0.0132
316104,24153,2.7144,-0.7477,-0.1347
316104,24154,2.9270,-0.8062,-0.0392
316104,24157,2.7948,-0.7698,-0.1134
316104,24158,3.0507,-0.8403,-0.0133
316104,24161,2.7161,-0.7227,-0.1345
316104,24162,2.9177,-0.7763,-0.0390
316104,24165,2.7462,-0.7307,-0.1112
316104,24166,3.0548,-0.8128,-0.0132
316104,24169,2.7014,-0.6936,-0.1335
316104,24170,2.9395,-0.7547,-0.0392
316104,24173,2.7633,-0.7095,-0.1116
316104,24174,3.0555,-0.7845,-0.0132
316104,24177,2.7216,-0.6735,-0.1342
316104,24178,2.9244,-0.7237,-0.0389
316104,24181,2.7498,-0.6805,-0.1108
316104,24182,3.0988,-0.7669,-0.0134
316104,24185,2.6917,-0.6412,-0.1329
316104,24186,2.9316,-0.6984,-0.0389
316104,24189,2.7706,-0.6601,-0.1119
316104,24190,3.0776,-0.7332,-0.0138
316104,24193,2.7152,-0.6219,-0.1338
316104,24194,2.9190,-0.6632,-0.0387
316104,24197,2.7592,-0.6320,-0.1112
316104,24198,3.0069,-0.6831,-0.0135
316104,24201,2.7326,-0.6008,-0.1344
316104,24202,2.9138,-0.6353,-0.0390
316104,24205,2.7684,-0.6087,-0.1114
316104,24206,3.0975,-0.6754,-0.0138
316104,24209,2.7053,-0.5701,-0.1328
316104,24210,2.9235,-0.6107,-0.0391
316104,24213,2.7708,-0.5789,-0.1112
316104,24214,2.9779,-0.6221,-0.0133
316104,24217,2.7188,-0.5433,-0.1332
316104,24218,2.9196,-0.5834,-0.0390
316104,24221,2.7507,-0.5497,-0.1102
316104,24222,2.9668,-0.5928,-0.0132
316104,24225,2.7055,-0.5161,-0.1328
316104,24226,2.9114,-0.5554,-0.0388
316104,24229,2.7618,-0.5268,-0.1105
316104,24230,2.9802,-0.5685,-0.0132
316104,24233,2.7143,-0.4933,-0.1330
316104,24234,2.9149,-0.5297,-0.0388
316104,24237,2.7621,-0.5020,-0.1108
316104,24238,2.9878,-0.5430,-0.0133
316104,24241,2.7290,-0.4733,-0.1335
316104,24242,2.9003,-0.5025,-0.0385
316104,24245,2.7454,-0.4762,-0.1100
316104,24246,2.9805,-0.5164,-0.0132
316104,24249,2.7239,-0.4475,-0.1331
316104,24250,2.9238,-0.4804,-0.0388
316104,24253,2.7526,-0.4522,-0.1101
316104,24254,2.9731,-0.4885,-0.0131
316104,24257,2.7150,-0.4218,-0.1325
316104,24258,2.9143,-0.4522,-0.0386
316104,24261,2.7441,-0.4263,-0.1096
316104,24262,2.9850,-0.4632,-0.0132
316104,24265,2.7163,-0.3977,-0.1323
316104,24266,2.9130,-0.4260,-0.0385
316104,24269,2.7605,-0.4037,-0.1101
316104,24270,3.0197,-0.4416,-0.0133
316104,24273,2.5919,-0.3564,-0.1724
316104,24274,2.7975,-0.3842,-0.0868
316104,24277,2.6694,-0.3666,-0.1539
316104,24278,2.8643,-0.3934,-0.0636
316104,24281,2.6123,-0.3356,-0.1735
316104,24282,2.8152,-0.3611,-0.0872
316104,24285,2.6564,-0.3412,-0.1530
316104,24286,2.8721,-0.3684,-0.0637
316104,24289,2.6031,-0.3113,-0.1728
316104,24290,2.8569,-0.3412,-0.0884
316104,24293,2.6853,-0.3211,-0.1545
316104,24294,2.8398,-0.3391,-0.0629
316104,24297,2.6225,-0.2900,-0.1739
316104,24298,2.7800,-0.3074,-0.0859
316104,24301,2.6679,-0.2950,-0.1534
316104,24302,2.8314,-0.3131,-0.0627
316104,24305,2.6086,-0.2654,-0.1732
316104,24306,2.7797,-0.2823,-0.0859
316104,24309,2.6767,-0.2724,-0.1537
316104,24310,2.8222,-0.2867,-0.0624
316104,24313,2.6246,-0.2435,-0.1741
316104,24314,2.8033,-0.2601,-0.0865
316104,24317,2.6587,-0.2466,-0.1526
316104,24318,2.8871,-0.2678,-0.0638
316104,24321,2.6017,-0.2185,-0.1725
316104,24322,2.7872,-0.2336,-0.0859
316104,24325,2.6659,-0.2239,-0.1529
316104,24326,2.8244,-0.2367,-0.0623
316104,24329,2.6354,-0.1977,-0.1746
316104,24330,2.8034,-0.2103,-0.0864
316104,24333,2.6726,-0.2005,-0.1536
316104,24334,2.8224,-0.2117,-0.0623
316104,24337,2.6034,-0.1725,-0.1724
316104,24338,2.7880,-0.1842,-0.0859
316104,24341,2.6858,-0.1779,-0.1543
316104,24342,2.8324,-0.1871,-0.0624
316104,24345,2.6013,-0.1491,-0.1722
316104,24346,2.7610,-0.1582,-0.0850
316104,24349,2.6657,-0.1528,-0.1530
316104,24350,2.8345,-0.1624,-0.0624
316104,24353,2.6061,-0.1265,-0.1724
316104,24354,2.7869,-0.1353,-0.0862
316104,24357,2.6684,-0.1296,-0.1531
316104,24358,2.8283,-0.1373,-0.0623
316104,24361,2.6010,-0.1031,-0.1720
316104,24362,2.8074,-0.1113,-0.0868
316104,24365,2.6590,-0.1054,-0.1525
316104,24366,2.8141,-0.1116,-0.0619
316104,24369,2.6025,-0.0804,-0.1720
316104,24370,2.8024,-0.0866,-0.0866
316104,24373,2.6917,-0.0832,-0.1543
316104,24374,2.8755,-0.0889,-0.0633
316104,24377,2.6334,-0.0579,-0.1740
316104,24378,2.8057,-0.0617,-0.0867
316104,24381,2.6604,-0.0585,-0.1525
316104,24382,2.8856,-0.0635,-0.0635
316104,24385,2.6013,-0.0341,-0.1719
316104,24386,2.7791,-0.0364,-0.0859
316104,24389,2.6668,-0.0349,-0.1528
316104,24390,2.8815,-0.0377,-0.0634
316104,24393,2.6236,-0.0114,-0.1733
316104,24394,2.7963,-0.0122,-0.0864
316104,24397,2.6718,-0.0117,-0.1531
316104,24398,2.8806,-0.0126,-0.0634
316104,24401,2.7156,-0.3730,-0.1321
316104,24402,2.9054,-0.3990,-0.0384
316104,24405,2.7718,-0.3807,-0.1104
316104,24406,2.9966,-0.4115,-0.0132
316104,24409,2.6914,-0.3457,-0.1313
316104,24410,2.9176,-0.3743,-0.0385
316104,24413,2.7427,-0.3523,-0.1091
316104,24414,3.0000,-0.3848,-0.0132
316104,24417,2.6962,-0.3220,-0.1314
316104,24418,2.8840,-0.3444,-0.0380
316104,24421,2.7736,-0.3312,-0.1102
316104,24422,2.9762,-0.3554,-0.0131
316104,24425,2.7082,-0.2995,-0.1318
316104,24426,2.9041,-0.3211,-0.0382
316104,24429,2.7400,-0.3030,-0.1093
316104,24430,2.9831,-0.3293,-0.0131
316104,24433,2.7059,-0.2749,-0.1316
316104,24434,2.8898,-0.2935,-0.0380
316104,24437,2.7387,-0.2782,-0.1091
316104,24438,2.9978,-0.3045,-0.0131
316104,24441,2.7146,-0.2518,-0.1319
316104,24442,2.9078,-0.2698,-0.0382
316104,24445,2.7438,-0.2545,-0.1092
316104,24446,2.9730,-0.2758,-0.0130
316104,24449,2.7100,-0.2276,-0.1316
316104,24450,2.9000,-0.2430,-0.0381
316104,24453,2.7343,-0.2291,-0.1088
316104,24454,2.9416,-0.2465,-0.0129
316104,24457,2.7142,-0.2036,-0.1317
316104,24458,2.8936,-0.2171,-0.0380
316104,24461,2.7554,-0.2067,-0.1095
316104,24462,2.9520,-0.2214,-0.0129
316104,24465,2.6955,-0.1786,-0.1307
316104,24466,2.8909,-0.1910,-0.0379
316104,24469,2.7413,-0.1816,-0.1089
316104,24470,2.9777,-0.1967,-0.0130
316104,24473,2.7143,-0.1556,-0.1315
316104,24474,2.8858,-0.1654,-0.0378
316104,24477,2.7640,-0.1584,-0.1097
316104,24478,2.9544,-0.1693,-0.0129
316104,24481,2.7023,-0.1312,-0.1309
316104,24482,2.9155,-0.1416,-0.0382
316104,24485,2.7475,-0.1334,-0.1090
316104,24486,2.9828,-0.1443,-0.0130
316104,24489,2.7135,-0.1076,-0.1314
316104,24490,2.9337,-0.1163,-0.0384
316104,24493,2.7441,-0.1088,-0.1089
316104,24494,2.9905,-0.1185,-0.0131
316104,24497,2.7201,-0.0841,-0.1317
316104,24498,2.9766,-0.0920,-0.0390
316104,24501,2.7533,-0.0851,-0.1092
316104,24502,2.9881,-0.0923,-0.0130
316104,24505,2.7118,-0.0596,-0.1312
316104,24506,2.9462,-0.0648,-0.0386
316104,24509,2.7652,-0.0608,-0.1096
316104,24510,2.9894,-0.0657,-0.0130
316104,24513,2.7117,-0.0355,-0.1312
316104,24514,2.9819,-0.0390,-0.0390
316104,24517,2.7632,-0.0362,-0.1095
316104,24518,2.9762,-0.0390,-0.0130
316104,24521,2.7069,-0.0118,-0.1310
316104,24525,2.7526,-0.0120,-0.1091
316104,24526,2.9997,-0.0131,-0.0131
316104,24527,3.2873,0.0143,0.1303
316104,24528,3.0127,0.0131,0.0131
316104,24531,3.4210,0.0149,0.1655
316104,24532,3.0490,0.0133,0.0399
316104,24535,3.2935,0.0431,0.1306
316104,24536,3.0065,0.0394,0.0131
316104,24539,3.4284,0.0449,0.1659
316104,24540,3.0423,0.0398,0.0398
316104,24543,3.2873,0.0723,0.1303
316104,24544,2.9897,0.0658,0.0130
316104,24547,3.4276,0.0754,0.1659
316104,24548,3.0439,0.0670,0.0399
316104,24551,3.2483,0.1004,0.1288
316104,24552,2.9914,0.0924,0.0131
316104,24555,3.3482,0.1035,0.1621
316104,24556,3.0432,0.0940,0.0399
316104,24559,3.2515,0.1289,0.1290
316104,24560,2.9799,0.1181,0.0130
316104,24563,3.3846,0.1342,0.1639
316104,24564,3.0425,0.1206,0.0399
316104,24567,3.2322,0.1569,0.1283
316104,24568,2.9772,0.1440,0.0130
316104,24571,3.3042,0.1604,0.1601
316104,24572,3.0266,0.1470,0.0397
316104,24575,3.2379,0.1856,0.1286
316104,24576,2.9791,0.1707,0.0130
316104,24579,3.2924,0.1887,0.1596
316104,24580,3.0233,0.1733,0.0396
316104,24583,3.2312,0.2141,0.1284
316104,24584,2.9725,0.1964,0.0130
316104,24587,3.2851,0.2176,0.1593
316104,24588,3.0272,0.2000,0.0397
316104,24591,3.2223,0.2417,0.1281
316104,24592,2.9816,0.2237,0.0130
316104,24595,3.2946,0.2471,0.1599
316104,24596,3.0226,0.2267,0.0397
316104,24599,3.2353,0.2711,0.1287
316104,24600,2.9783,0.2496,0.0130
316104,24603,3.3053,0.2776,0.1605
316104,24604,3.0319,0.2541,0.0398
316104,24607,3.2338,0.3000,0.1287
316104,24608,2.9879,0.2772,0.0131
316104,24611,3.2794,0.3042,0.1593
316104,24612,3.0321,0.2813,0.0399
316104,24615,3.2118,0.3262,0.1280
316104,24616,2.9709,0.3018,0.0130
316104,24619,3.3021,0.3354,0.1606
316104,24620,3.0238,0.3071,0.0398
316104,24623,3.2184,0.3559,0.1284
316104,24624,2.9813,0.3291,0.0131
316104,24627,3.2826,0.3630,0.1598
316104,24628,3.0231,0.3343,0.0398
316104,24631,3.2188,0.3844,0.1279
316104,24632,3.0022,0.3585,0.0132
316104,24635,3.2942,0.3934,0.1605
316104,24636,3.0403,0.3631,0.0401
316104,24639,3.2183,0.4134,0.1281
316104,24640,2.9807,0.3824,0.0131
316104,24643,3.2773,0.4210,0.1599
316104,24644,3.0361,0.3895,0.0401
316104,24647,3.2202,0.4423,0.1283
316104,24648,2.9904,0.4107,0.0132
316104,24651,3.2898,0.4518,0.1601
316104,24652,3.0258,0.4156,0.0400
316104,24655,3.4821,0.0152,0.1996
316104,24656,3.1795,0.0139,0.0699
316104,24659,3.5530,0.0155,0.2347
316104,24660,3.2173,0.0140,0.0994
316104,24663,3.4941,0.0457,0.2003
316104,24664,3.1853,0.0417,0.0701
316104,24667,3.5502,0.0465,0.2346
316104,24668,3.2266,0.0422,0.0997
316104,24671,3.4651,0.0762,0.1986
316104,24672,3.1548,0.0694,0.0694
316104,24675,3.5592,0.0783,0.2352
316104,24676,3.2139,0.0707,0.0993
316104,24679,3.4858,0.1077,0.1999
316104,24680,3.1633,0.0978,0.0696
316104,24683,3.5422,0.1095,0.2341
316104,24684,3.1877,0.0985,0.0986
316104,24687,3.4422,0.1364,0.1974
316104,24688,3.0872,0.1224,0.0680
316104,24691,3.5437,0.1405,0.2343
316104,24692,3.2039,0.1270,0.0991
316104,24695,3.4294,0.1665,0.1968
316104,24696,3.1322,0.1521,0.0690
316104,24699,3.4910,0.1695,0.2309
316104,24700,3.1723,0.1540,0.0981
316104,24703,3.3843,0.1940,0.1943
316104,24704,3.0930,0.1773,0.0681
316104,24707,3.4461,0.1975,0.2281
316104,24708,3.1523,0.1807,0.0970
316104,24711,3.3986,0.2251,0.1952
316104,24712,3.0914,0.2042,0.0681
316104,24715,3.4618,0.2293,0.2292
316104,24716,3.1637,0.2090,0.0974
316104,24719,3.3954,0.2547,0.1951
316104,24720,3.0857,0.2315,0.0681
316104,24723,3.4855,0.2615,0.2309
316104,24724,3.1761,0.2383,0.0979
316104,24727,3.3905,0.2847,0.1944
316104,24728,3.1201,0.2615,0.0689
316104,24731,3.4491,0.2896,0.2287
316104,24732,3.1844,0.2668,0.0982
316104,24735,3.3809,0.3136,0.1940
316104,24736,3.1143,0.2889,0.0688
316104,24739,3.4533,0.3204,0.2291
316104,24740,3.1610,0.2932,0.0975
316104,24743,3.3919,0.3451,0.1948
316104,24744,3.1370,0.3186,0.0694
316104,24747,3.4428,0.3503,0.2286
316104,24748,3.1760,0.3226,0.0981
316104,24751,3.4009,0.3761,0.1955
316104,24752,3.1316,0.3463,0.0693
316104,24755,3.4656,0.3832,0.2298
316104,24756,3.1889,0.3526,0.0986
316104,24759,3.3999,0.4066,0.1956
316104,24760,3.0899,0.3690,0.0684
316104,24763,3.4535,0.4130,0.2292
316104,24764,3.1946,0.3815,0.0989
316104,24767,3.4078,0.4378,0.1963
316104,24768,3.1284,0.4013,0.0694
316104,24771,3.4693,0.4457,0.2305
316104,24772,3.1787,0.4078,0.0985
316104,24775,3.4055,0.4677,0.1964
316104,24776,3.1197,0.4285,0.0693
316104,24779,3.4565,0.4753,0.2299
316104,24780,3.1616,0.4342,0.0981
316104,24783,3.2540,0.4759,0.1298
316104,24784,2.9812,0.4360,0.0131
316104,24787,3.3036,0.4837,0.1610
316104,24788,3.0575,0.4471,0.0405
316104,24791,3.2381,0.5030,0.1293
316104,24792,3.0002,0.4655,0.0132
316104,24795,3.3001,0.5126,0.1610
316104,24796,3.0364,0.4711,0.0402
316104,24799,3.2452,0.5332,0.1298
316104,24800,3.0059,0.4938,0.0133
316104,24803,3.3017,0.5425,0.1613
316104,24804,3.0457,0.5004,0.0404
316104,24807,3.2414,0.5622,0.1298
316104,24808,2.9995,0.5197,0.0133
316104,24811,3.3008,0.5725,0.1615
316104,24812,3.0409,0.5269,0.0404
316104,24815,3.1758,0.5771,0.1274
316104,24816,2.9826,0.5420,0.0132
316104,24819,3.1979,0.5812,0.1567
316104,24820,3.0351,0.5516,0.0404
316104,24911,3.3478,0.4902,0.1933
316104,24912,3.1334,0.4582,0.0697
316104,24915,3.4519,0.5054,0.2299
316104,24916,3.1893,0.4664,0.0990
316104,24919,3.3911,0.5268,0.1955
316104,24920,3.1263,0.4857,0.0696
316104,24923,3.4541,0.5372,0.2303
316104,24924,3.1692,0.4923,0.0985
316104,24927,3.3857,0.5569,0.1954
316104,24928,3.1348,0.5150,0.0693
316104,24931,3.4770,0.5719,0.2316
316104,24932,3.1824,0.5228,0.0991
316104,24935,3.3818,0.5866,0.1955
316104,24936,3.1442,0.5448,0.0696
316104,24939,3.4459,0.5977,0.2298
316104,24940,3.1780,0.5507,0.0991
316104,24944,3.0590,0.5559,0.0678
316104,24948,3.1511,0.5727,0.0979
316104,25913,3.1480,-0.9865,0.0138
316104,25914,3.1899,-0.9997,0.1302
316104,25917,3.1204,-0.9779,0.0422
316104,25922,3.2291,-0.9811,0.1314
316104,25925,3.1366,-0.9530,0.0423
316104,25930,3.2838,-0.9665,0.1333
316104,25933,3.1545,-0.9284,0.0425
316104,25934,3.3000,-0.9712,0.1640
316104,26041,3.1539,-0.9884,0.0715
316104,26045,3.1740,-0.9947,0.1005
316104,26049,3.1564,-0.9590,0.0714
316104,26053,3.2404,-0.9845,0.1029
316104,26057,3.1761,-0.9348,0.0717
316104,26061,3.2021,-0.9424,0.1014
316104,26066,3.2894,-0.9370,0.1338
316104,26069,3.1465,-0.8963,0.0423
316104,26070,3.3541,-0.9554,0.1663
316104,26074,3.3037,-0.9100,0.1340
316104,26077,3.1293,-0.8619,0.0419
316104,26078,3.3582,-0.9250,0.1667
316104,26082,3.3102,-0.8808,0.1340
316104,26085,3.1265,-0.8319,0.0418
316104,26086,3.3655,-0.8955,0.1667
316104,26090,3.3253,-0.8538,0.1343
316104,26093,3.1517,-0.8092,0.0420
316104,26094,3.3615,-0.8631,0.1661
316104,26098,3.3219,-0.8221,0.1339
316104,26101,3.1417,-0.7775,0.0418
316104,26102,3.3719,-0.8345,0.1662
316104,26106,3.2849,-0.7826,0.1327
316104,26109,3.1188,-0.7430,0.0414
316104,26110,3.3757,-0.8042,0.1667
316104,26114,3.3268,-0.7619,0.1341
316104,26117,3.1256,-0.7101,0.0414
316104,26118,3.3796,-0.7740,0.1665
316104,26122,3.3121,-0.7282,0.1332
316104,26125,3.1120,-0.6785,0.0417
316104,26126,3.3682,-0.7406,0.1657
316104,26129,3.1202,-0.6518,0.0139
316104,26130,3.3201,-0.6936,0.1333
316104,26133,3.1052,-0.6487,0.0415
316104,26134,3.3777,-0.7118,0.1658
316104,26137,3.1137,-0.6222,0.0139
316104,26138,3.3518,-0.6698,0.1343
316104,26141,3.1222,-0.6239,0.0417
316104,26142,3.3895,-0.6773,0.1660
316104,26145,3.1073,-0.5927,0.0138
316104,26146,3.2981,-0.6291,0.1319
316104,26149,3.1373,-0.5985,0.0418
316104,26150,3.3901,-0.6467,0.1664
316104,26153,3.1087,-0.5649,0.0138
316104,26154,3.2908,-0.5980,0.1320
316104,26157,3.1312,-0.5690,0.0417
316104,26158,3.3820,-0.6146,0.1657
316104,26161,3.1228,-0.5411,0.0138
316104,26162,3.3395,-0.5792,0.1338
316104,26165,3.1163,-0.5400,0.0414
316104,26166,3.3969,-0.5892,0.1662
316104,26169,3.1052,-0.5102,0.0137
316104,26170,3.2843,-0.5396,0.1314
316104,26173,3.1196,-0.5125,0.0414
316104,26174,3.4061,-0.5596,0.1664
