frame_seq,point_index,x_m,y_m,z_m
1142510,16335,1.9620,0.0086,-0.4856
1142510,16339,1.9745,0.0086,-0.4704
1142510,16343,1.9567,0.0263,-0.4843
1142510,16347,1.9983,0.0269,-0.4724
1142510,16351,1.9787,0.0442,-0.4898
1142510,16355,1.9789,0.0442,-0.4679
1142510,16359,1.9526,0.0614,-0.4799
1142510,16363,1.9679,0.0618,-0.4654
1142510,16367,1.9498,0.0787,-0.4793
1142510,16371,1.9849,0.0801,-0.4696
1142510,16375,1.9505,0.0964,-0.4797
1142510,16379,1.9950,0.0983,-0.4722
1142510,16383,1.9619,0.1145,-0.4827
1142510,16387,1.9854,0.1155,-0.4701
1142510,16391,1.9443,0.1308,-0.4787
1142510,16395,1.9850,0.1336,-0.4703
1142510,16399,1.9592,0.1497,-0.4826
1142510,16403,1.9749,0.1506,-0.4682
1142510,16407,1.9637,0.1677,-0.4841
1142510,16411,2.0296,0.1729,-0.4815
1142510,16415,1.9609,0.1850,-0.4838
1142510,16419,1.9849,0.1873,-0.4713
1142510,16423,1.9754,0.2045,-0.4878
1142510,16427,2.0012,0.2068,-0.4756
1142510,16431,1.9588,0.2204,-0.4842
1142510,16435,1.9771,0.2221,-0.4703
1142510,16439,1.9608,0.2383,-0.4852
1142510,16443,1.9939,0.2420,-0.4748
1142510,16447,1.9720,0.2579,-0.4885
1142510,16451,1.9766,0.2581,-0.4712
1142510,16455,1.9604,0.2741,-0.4862
1142510,16459,1.9576,0.2734,-0.4673
1142510,16463,2.0030,0.0087,-0.4551
1142510,16464,1.9385,0.0085,-0.5158
1142510,16467,2.0450,0.0089,-0.4459
1142510,16468,1.9177,0.0084,-0.4924
1142510,16471,2.0174,0.0268,-0.4584
1142510,16472,1.9296,0.0259,-0.5135
1142510,16475,2.0289,0.0269,-0.4424
1142510,16476,1.9439,0.0261,-0.4992
1142510,16479,1.9985,0.0447,-0.4542
1142510,16480,1.9301,0.0435,-0.5137
1142510,16483,2.0055,0.0448,-0.4374
1142510,16484,1.9435,0.0438,-0.4991
1142510,16487,2.0050,0.0627,-0.4558
1142510,16488,1.9168,0.0602,-0.5103
1142510,16491,2.0502,0.0641,-0.4472
1142510,16492,1.9744,0.0620,-0.5072
1142510,16495,2.0011,0.0807,-0.4550
1142510,16496,1.9301,0.0782,-0.5140
1142510,16499,2.0165,0.0810,-0.4400
1142510,16500,1.9297,0.0782,-0.4959
1142510,16503,1.9925,0.0981,-0.4532
1142510,16504,1.9039,0.0941,-0.5036
1142510,16507,2.0087,0.0986,-0.4385
1142510,16508,1.9270,0.0953,-0.4918
1142510,16511,1.9844,0.1155,-0.4516
1142510,16512,1.9208,0.1124,-0.5084
1142510,16515,2.0132,0.1171,-0.4397
1142510,16516,1.9524,0.1139,-0.4985
1142510,16519,2.0094,0.1349,-0.4575
1142510,16520,1.9319,0.1303,-0.5116
1142510,16523,2.0135,0.1351,-0.4400
1142510,16524,1.9283,0.1301,-0.4926
1142510,16527,2.0014,0.1526,-0.4560
1142510,16528,1.9090,0.1462,-0.5059
1142510,16531,2.0228,0.1539,-0.4423
1142510,16532,1.9748,0.1509,-0.5048
1142510,16535,2.0017,0.1705,-0.4564
1142510,16539,2.0412,0.1736,-0.4467
1142510,16540,1.9361,0.1656,-0.4953
1142510,16543,2.0106,0.1893,-0.4588
1142510,16544,1.9272,0.1825,-0.5115
1142510,16547,2.0091,0.1889,-0.4400
1142510,16548,1.9570,0.1850,-0.5011
1142510,16551,1.9861,0.2049,-0.4536
1142510,16552,1.9108,0.1981,-0.5075
1142510,16555,1.9972,0.2057,-0.4378
1142510,16556,1.9471,0.2016,-0.4990
1142510,16559,1.9915,0.2234,-0.4553
1142510,16560,1.9440,0.2194,-0.5169
1142510,16563,2.0198,0.2266,-0.4432
1142510,16564,1.9560,0.2204,-0.5017
1142510,16567,1.9815,0.2405,-0.4535
1142510,16568,1.9203,0.2341,-0.5111
1142510,16571,1.9897,0.2411,-0.4370
1142510,16572,1.9249,0.2343,-0.4943
1142510,16575,1.9850,0.2589,-0.4548
1142510,16576,1.9252,0.2524,-0.5130
1142510,16579,2.0108,0.2619,-0.4421
1142510,16580,1.9413,0.2542,-0.4991
1142510,16583,1.9932,0.2780,-0.4572
1142510,16584,1.9038,0.2669,-0.5079
1142510,16587,1.9988,0.2784,-0.4400
1142510,16588,1.9492,0.2729,-0.5017
1142510,16591,1.9542,0.2910,-0.4853
1142510,16595,1.9637,0.2921,-0.4693
1142510,16596,1.9184,0.2871,-0.5307
1142510,16599,1.9436,0.3068,-0.4833
1142510,16603,1.9728,0.3114,-0.4721
1142510,16607,1.9509,0.3265,-0.4858
1142510,16611,1.9761,0.3296,-0.4736
1142510,16612,1.9227,0.3231,-0.5334
1142510,16615,1.9622,0.3460,-0.4894
1142510,16619,1.9724,0.3478,-0.4734
1142510,16620,1.9202,0.3420,-0.5336
1142510,16623,1.9633,0.3639,-0.4905
1142510,16627,1.9732,0.3657,-0.4744
1142510,16628,1.9270,0.3606,-0.5363
1142510,16631,1.9534,0.3797,-0.4888
1142510,16635,1.9657,0.3821,-0.4734
1142510,16639,1.9389,0.3945,-0.4823
1142510,16643,1.9751,0.4018,-0.4727
1142510,16644,1.9128,0.3926,-0.5305
1142510,16647,1.9348,0.4148,-0.4824
1142510,16651,1.9662,0.4179,-0.4715
1142510,16655,1.9547,0.4369,-0.4883
1142510,16659,1.9595,0.4380,-0.4709
1142510,16663,1.9694,0.4583,-0.4929
1142510,16667,1.9681,0.4580,-0.4740
1142510,16671,1.9784,0.4786,-0.4962
1142510,16675,1.9736,0.4775,-0.4763
1142510,16679,1.9521,0.4903,-0.4907
1142510,16683,1.9580,0.4918,-0.4735
1142510,16687,1.9536,0.5089,-0.4921
1142510,16691,1.9631,0.5114,-0.4758
1142510,16695,1.9306,0.5209,-0.4875
1142510,16699,1.9840,0.5353,-0.4820
1142510,16703,1.9347,0.5402,-0.4897
1142510,16707,1.9594,0.5471,-0.4771
1142510,16711,1.9380,0.5594,-0.4880
1142510,16715,1.9692,0.5684,-0.4807
1142510,16719,2.0231,0.3005,-0.4647
1142510,16720,1.9394,0.2898,-0.5181
1142510,16723,2.0234,0.2999,-0.4460
1142510,16724,1.9344,0.2881,-0.4985
1142510,16727,1.9921,0.3141,-0.4582
1142510,16728,1.9189,0.3043,-0.5133
1142510,16731,2.0252,0.3190,-0.4470
1142510,16732,1.9176,0.3037,-0.4949
1142510,16735,2.0096,0.3352,-0.4629
1142510,16736,1.9272,0.3232,-0.5163
1142510,16739,2.0397,0.3399,-0.4509
1142510,16740,1.9583,0.3281,-0.5061
1142510,16743,1.9953,0.3507,-0.4603
1142510,16744,1.9199,0.3385,-0.5151
1142510,16747,2.0462,0.3597,-0.4530
1142510,16748,1.9185,0.3383,-0.4966
1142510,16751,2.0053,0.3717,-0.4634
1142510,16752,1.9322,0.3616,-0.5194
1142510,16755,2.0472,0.3794,-0.4540
1142510,16756,1.9234,0.3565,-0.4986
1142510,16759,2.0073,0.3902,-0.4646
1142510,16760,1.9493,0.3824,-0.5248
1142510,16763,2.0313,0.3948,-0.4512
1142510,16764,1.9628,0.3815,-0.5097
1142510,16767,1.9900,0.4049,-0.4577
1142510,16768,1.9335,0.3969,-0.5178
1142510,16771,2.0576,0.4186,-0.4578
1142510,16772,1.9529,0.4009,-0.5045
1142510,16775,1.9947,0.4240,-0.4596
1142510,16776,1.9242,0.4125,-0.5163
1142510,16779,2.0335,0.4322,-0.4495
1142510,16780,1.9292,0.4136,-0.4993
1142510,16783,1.9852,0.4401,-0.4582
1142510,16784,1.9111,0.4272,-0.5137
1142510,16787,2.0571,0.4561,-0.4556
1142510,16788,1.9472,0.4352,-0.5049
1142510,16791,2.0099,0.4640,-0.4649
1142510,16792,1.9172,0.4462,-0.5164
1142510,16795,2.0635,0.4764,-0.4579
1142510,16796,1.9606,0.4563,-0.5094
1142510,16799,2.0093,0.4861,-0.4659
1142510,16800,1.9133,0.4629,-0.5164
1142510,16803,2.0352,0.4886,-0.4525
1142510,16804,1.9385,0.4690,-0.5047
1142510,16807,1.9874,0.4992,-0.4618
1142510,16808,1.9069,0.4790,-0.5158
1142510,16811,2.0482,0.5145,-0.4566
1142510,16812,1.9180,0.4818,-0.5004
1142510,16815,2.0092,0.5233,-0.4679
1142510,16816,1.9223,0.5043,-0.5214
1142510,16819,2.0117,0.5240,-0.4495
1142510,16820,1.9253,0.5015,-0.5034
1142510,16823,1.9954,0.5384,-0.4658
1142510,16824,1.9214,0.5220,-0.5223
1142510,16827,2.0364,0.5495,-0.4560
1142510,16828,1.9084,0.5149,-0.5002
1142510,16831,2.0079,0.5606,-0.4698
1142510,16835,2.0297,0.5667,-0.4556
1142510,16836,1.9115,0.5373,-0.5024
1142510,16839,2.0006,0.5774,-0.4693
1142510,16843,2.0245,0.5843,-0.4556
1142510,16844,1.9271,0.5599,-0.5041
1142510,16847,1.9802,0.5941,-0.5002
1142510,16851,1.9992,0.5960,-0.4855
1142510,16855,1.9608,0.6070,-0.4966
1142510,16859,1.9560,0.6018,-0.4762
1142510,16863,1.9495,0.6222,-0.4951
1142510,16867,1.9939,0.6363,-0.4870
1142510,16871,1.9320,0.6352,-0.4920
1142510,16875,1.9779,0.6503,-0.4845
1142510,16879,1.9511,0.6604,-0.4983
1142510,16883,1.9977,0.6762,-0.4908
1142510,16887,1.9588,0.6821,-0.5018
1142510,16891,1.9936,0.6943,-0.4913
1142510,16895,1.9296,0.6909,-0.4920
1142510,16899,1.9569,0.7007,-0.4837
1142510,16903,1.9580,0.7204,-0.5009
1142510,16907,1.9801,0.7285,-0.4871
1142510,16911,1.9617,0.7413,-0.5035
1142510,16915,1.9728,0.7455,-0.4869
1142510,16919,1.9628,0.7613,-0.5054
1142510,16923,1.9930,0.7730,-0.4935
1142510,16927,1.9459,0.7783,-0.5032
1142510,16931,1.9818,0.7887,-0.4924
1142510,16935,1.9488,0.7992,-0.5057
1142510,16939,1.9707,0.8042,-0.4914
1142510,16943,1.9403,0.8156,-0.5053
1142510,16947,1.9732,0.8254,-0.4938
1142510,16951,1.9301,0.8312,-0.5006
1142510,16955,1.9796,0.8485,-0.4933
1142510,16959,1.9135,0.8440,-0.4982
1142510,16963,1.9810,0.8737,-0.4959
1142510,16967,1.9398,0.8758,-0.5070
1142510,16971,1.9628,0.8863,-0.4933
1142510,16975,2.0224,0.6029,-0.4717
1142510,16976,1.9077,0.5723,-0.5188
1142510,16979,2.0536,0.6122,-0.4633
1142510,16980,1.9135,0.5741,-0.5018
1142510,16983,1.9955,0.6139,-0.4667
1142510,16984,1.9100,0.5912,-0.5208
1142510,16987,2.0472,0.6298,-0.4592
1142510,16988,1.9389,0.6002,-0.5098
1142510,16991,2.0041,0.6357,-0.4700
1142510,16995,2.0481,0.6497,-0.4606
1142510,16996,1.9223,0.6135,-0.5068
1142510,16999,2.0030,0.6547,-0.4710
1142510,17003,2.0354,0.6653,-0.4591
1142510,17004,1.9341,0.6359,-0.5114
1142510,17007,1.9970,0.6760,-0.4713
1142510,17011,2.0408,0.6868,-0.4616
1142510,17012,1.9198,0.6498,-0.5091
1142510,17015,2.0237,0.7047,-0.4790
1142510,17019,2.0173,0.6986,-0.4577
1142510,17020,1.9227,0.6696,-0.5114
1142510,17023,2.0087,0.7192,-0.4769
1142510,17027,2.0466,0.7288,-0.4657
1142510,17028,1.9068,0.6827,-0.5050
1142510,17031,2.0253,0.7451,-0.4824
1142510,17035,2.0514,0.7548,-0.4686
1142510,17036,1.9188,0.7094,-0.5101
1142510,17039,2.0054,0.7578,-0.4753
1142510,17043,2.0570,0.7773,-0.4674
1142510,17044,1.9019,0.7225,-0.5073
1142510,17047,2.0183,0.7828,-0.4799
1142510,17051,2.0600,0.7990,-0.4696
1142510,17052,1.9137,0.7461,-0.5121
1142510,17055,2.0330,0.8090,-0.4851
1142510,17059,2.0335,0.8092,-0.4652
1142510,17060,1.9228,0.7690,-0.5163
1142510,17063,2.0225,0.8254,-0.4843
1142510,17067,2.0092,0.8199,-0.4613
1142510,17068,1.9153,0.7855,-0.5161
1142510,17071,2.0302,0.8492,-0.4879
1142510,17075,1.9860,0.8308,-0.4576
1142510,17079,1.9896,0.8527,-0.4799
1142510,17083,1.9714,0.8449,-0.4559
1142510,17084,1.9180,0.8260,-0.5168
1142510,17087,2.0044,0.8799,-0.4813
1142510,17091,2.0144,0.8843,-0.4676
1142510,17092,1.9237,0.8485,-0.5203
1142510,17095,1.9942,0.8962,-0.4807
1142510,17099,2.0236,0.9094,-0.4675
1142510,17103,1.9444,0.8984,-0.5103
1142510,17107,1.9637,0.9074,-0.4954
1142510,17111,1.9380,0.9161,-0.5107
1142510,17115,1.9756,0.9339,-0.5005
1142510,17119,1.9609,0.9479,-0.5148
1142510,17123,1.9503,0.9428,-0.4961
1142510,17127,1.9407,0.9592,-0.5117
1142510,17131,1.9680,0.9726,-0.4987
1142510,17135,1.9445,0.9822,-0.5150
1142510,17139,1.9594,0.9898,-0.4987
1142510,17143,1.9291,0.9957,-0.5132
1142510,17231,1.9842,0.9126,-0.4802
1142510,17235,2.0159,0.9272,-0.4676
1142510,17236,1.9151,0.8849,-0.5221
1142510,17239,1.9871,0.9350,-0.4828
1142510,17243,2.0039,0.9430,-0.4667
1142510,17247,1.9821,0.9582,-0.4840
1142510,17251,1.9957,0.9605,-0.4667
1142510,17252,1.9341,0.9391,-0.5281
1142510,17255,1.9881,0.9826,-0.4876
1142510,17259,2.0162,0.9921,-0.4735
1142510,17267,1.9898,1.0008,-0.4694
1142510,17268,1.9137,0.9709,-0.5271
1142510,17276,1.9242,0.9974,-0.5323
1142510,17450,1.9456,-0.9828,-0.5153
1142510,17458,1.9757,-0.9765,-0.5210
1142510,17462,1.9801,-0.9786,-0.5018
1142510,17466,1.9564,-0.9457,-0.5137
1142510,17470,2.0198,-0.9764,-0.5138
1142510,17474,1.9523,-0.9228,-0.5144
1142510,17478,2.0082,-0.9493,-0.5087
1142510,17482,1.9569,-0.9042,-0.5136
1142510,17486,1.9883,-0.9187,-0.5016
1142510,17581,1.9171,-0.9726,-0.5280
1142510,17586,2.0137,-0.9952,-0.4939
1142510,17589,1.9432,-0.9646,-0.5329
1142510,17590,2.0173,-0.9926,-0.4738
1142510,17594,2.0218,-0.9774,-0.4937
1142510,17597,1.9330,-0.9386,-0.5278
1142510,17598,2.0069,-0.9659,-0.4693
1142510,17601,1.9249,-0.9140,-0.5431
1142510,17602,2.0262,-0.9534,-0.4923
1142510,17605,1.9402,-0.9171,-0.5271
1142510,17606,2.0384,-0.9592,-0.4747
1142510,17610,2.0132,-0.9260,-0.4872
1142510,17613,1.9280,-0.8908,-0.5256
1142510,17614,2.0209,-0.9295,-0.4688
1142510,17618,1.9694,-0.8892,-0.5148
1142510,17622,1.9715,-0.8901,-0.4954
1142510,17626,1.9592,-0.8641,-0.5101
1142510,17630,1.9748,-0.8710,-0.4943
1142510,17634,1.9777,-0.8517,-0.5130
1142510,17638,2.0057,-0.8596,-0.4998
1142510,17642,1.9611,-0.8244,-0.5107
1142510,17646,1.9853,-0.8305,-0.4968
1142510,17650,1.9888,-0.8157,-0.5161
1142510,17654,2.0046,-0.8180,-0.4998
1142510,17658,1.9691,-0.7876,-0.5091
1142510,17662,2.0096,-0.7997,-0.4993
1142510,17666,2.0072,-0.7785,-0.5169
1142510,17670,2.0003,-0.7758,-0.4953
1142510,17674,1.9742,-0.7460,-0.5067
1142510,17678,1.9913,-0.7524,-0.4914
1142510,17682,1.9816,-0.7291,-0.5069
1142510,17686,2.0111,-0.7400,-0.4947
1142510,17690,1.9862,-0.7112,-0.5065
1142510,17694,2.0156,-0.7217,-0.4982
1142510,17698,1.9776,-0.6887,-0.5066
1142510,17702,1.9947,-0.6946,-0.4915
1142510,17706,1.9888,-0.6732,-0.5080
1142510,17710,2.0118,-0.6810,-0.4943
1142510,17714,1.9698,-0.6476,-0.5016
1142510,17718,1.9984,-0.6570,-0.4895
1142510,17722,2.0170,-0.6437,-0.5122
1142510,17726,2.0004,-0.6384,-0.4886
1142510,17730,1.9946,-0.6174,-0.5051
1142510,17734,2.0327,-0.6253,-0.4949
1142510,17738,2.0056,-0.6017,-0.5066
1142510,17742,2.0210,-0.6025,-0.4907
1142510,17745,1.9176,-0.8699,-0.5407
1142510,17746,2.0160,-0.9060,-0.4860
1142510,17749,1.9283,-0.8707,-0.5236
1142510,17750,2.0254,-0.9103,-0.4680
1142510,17753,1.9209,-0.8512,-0.5395
1142510,17754,2.0058,-0.8805,-0.4816
1142510,17757,1.9331,-0.8526,-0.5229
1142510,17758,2.0170,-0.8854,-0.4682
1142510,17761,1.9340,-0.8329,-0.5407
1142510,17762,2.0201,-0.8658,-0.4872
1142510,17765,1.9235,-0.8284,-0.5183
1142510,17766,2.0428,-0.8756,-0.4724
1142510,17770,2.0232,-0.8463,-0.4862
1142510,17773,1.9576,-0.8229,-0.5255
1142510,17774,2.0297,-0.8491,-0.4677
1142510,17777,1.9120,-0.7842,-0.5306
1142510,17778,2.0116,-0.8209,-0.4817
1142510,17781,1.9291,-0.7912,-0.5199
1142510,17782,2.0425,-0.8335,-0.4689
1142510,17785,1.9367,-0.7746,-0.5394
1142510,17786,2.0333,-0.8092,-0.4852
1142510,17789,1.9369,-0.7747,-0.5201
1142510,17790,2.0448,-0.8137,-0.4678
1142510,17793,1.9293,-0.7522,-0.5355
1142510,17794,2.0249,-0.7854,-0.4815
1142510,17797,1.9492,-0.7599,-0.5216
1142510,17798,2.0536,-0.7965,-0.4682
1142510,17801,1.9113,-0.7260,-0.5288
1142510,17802,2.0550,-0.7765,-0.4870
1142510,17805,1.9403,-0.7371,-0.5175
1142510,17806,2.0624,-0.7793,-0.4686
1142510,17809,1.9117,-0.7068,-0.5271
1142510,17810,2.0397,-0.7505,-0.4858
1142510,17813,1.9359,-0.7157,-0.5146
1142510,17814,2.0802,-0.7654,-0.4752
1142510,17817,1.9168,-0.6897,-0.5268
1142510,17818,2.0275,-0.7259,-0.4814
1142510,17821,1.9541,-0.6997,-0.5175
1142510,17822,2.0714,-0.7376,-0.4714
1142510,17825,1.9235,-0.6732,-0.5270
1142510,17826,2.0255,-0.7053,-0.4794
1142510,17829,1.9506,-0.6793,-0.5188
1142510,17830,2.0539,-0.7112,-0.4660
1142510,17833,1.9131,-0.6509,-0.5264
1142510,17834,2.0283,-0.6865,-0.4786
1142510,17837,1.9401,-0.6567,-0.5145
1142510,17838,2.0686,-0.6962,-0.4679
1142510,17841,1.9358,-0.6365,-0.5308
1142510,17842,2.0638,-0.6746,-0.4853
1142510,17845,1.9182,-0.6307,-0.5072
1142510,17846,2.0594,-0.6731,-0.4645
1142510,17849,1.9217,-0.6133,-0.5254
1142510,17850,2.0189,-0.6404,-0.4734
1142510,17853,1.9575,-0.6247,-0.5161
1142510,17854,2.0689,-0.6563,-0.4653
1142510,17857,1.9289,-0.5971,-0.5260
1142510,17858,2.0539,-0.6318,-0.4803
1142510,17861,1.9534,-0.6047,-0.5136
1142510,17862,2.0789,-0.6396,-0.4663
1142510,17865,1.9254,-0.5776,-0.5236
1142510,17866,2.0594,-0.6139,-0.4803
1142510,17869,1.9697,-0.5909,-0.5165
1142510,17870,2.0997,-0.6259,-0.4737
1142510,17874,1.9997,-0.5772,-0.5035
1142510,17878,2.0059,-0.5790,-0.4897
1142510,17882,2.0000,-0.5584,-0.5062
1142510,17885,1.9142,-0.5381,-0.5365
1142510,17886,2.0151,-0.5626,-0.4907
1142510,17889,1.9284,-0.5239,-0.5617
1142510,17890,2.0005,-0.5398,-0.5051
1142510,17893,1.9341,-0.5255,-0.5445
1142510,17894,2.0114,-0.5427,-0.4886
1142510,17898,1.9808,-0.5160,-0.4990
1142510,17901,1.9254,-0.5051,-0.5408
1142510,17902,2.0238,-0.5272,-0.4905
1142510,17906,1.9889,-0.4996,-0.4999
1142510,17910,2.0136,-0.5058,-0.4870
1142510,17914,1.9940,-0.4824,-0.5001
1142510,17917,1.9315,-0.4709,-0.5402
1142510,17918,2.0251,-0.4899,-0.4887
1142510,17922,1.9819,-0.4612,-0.4960
1142510,17925,1.9526,-0.4544,-0.5447
1142510,17926,2.0112,-0.4680,-0.4843
1142510,17930,2.0004,-0.4471,-0.4997
1142510,17933,1.9470,-0.4352,-0.5420
1142510,17934,2.0432,-0.4567,-0.4910
1142510,17937,1.9322,-0.4142,-0.5555
1142510,17938,1.9882,-0.4262,-0.4957
1142510,17941,1.9661,-0.4215,-0.5463
1142510,17942,2.0446,-0.4346,-0.4903
1142510,17946,2.0157,-0.4101,-0.5014
1142510,17949,1.9261,-0.3954,-0.5342
1142510,17950,2.0233,-0.4116,-0.4843
1142510,17953,1.9252,-0.3777,-0.5515
1142510,17954,1.9789,-0.3847,-0.4952
1142510,17957,1.9689,-0.3863,-0.5489
1142510,17958,2.0091,-0.3905,-0.4838
1142510,17962,2.0015,-0.3709,-0.5000
1142510,17965,1.9469,-0.3643,-0.5419
1142510,17966,2.0240,-0.3751,-0.4866
1142510,17969,1.9298,-0.3437,-0.5547
1142510,17970,1.9937,-0.3515,-0.4972
1142510,17973,1.9519,-0.3477,-0.5424
1142510,17974,2.0087,-0.3542,-0.4822
1142510,17977,1.9415,-0.3266,-0.5571
1142510,17978,1.9971,-0.3342,-0.4974
1142510,17981,1.9525,-0.3281,-0.5416
1142510,17982,2.0240,-0.3376,-0.4851
1142510,17986,1.9978,-0.3154,-0.4968
1142510,17989,1.9592,-0.3110,-0.5427
1142510,17990,2.0193,-0.3187,-0.4832
1142510,17993,1.9243,-0.2883,-0.5506
1142510,17994,1.9844,-0.2955,-0.4928
1142510,17997,1.9467,-0.2913,-0.5385
1142510,17998,2.0386,-0.3032,-0.4872
1142510,18001,1.9544,-0.5678,-0.5301
1142510,18002,2.0621,-0.5952,-0.4837
1142510,18005,1.9878,-0.5775,-0.5200
1142510,18006,2.0903,-0.6033,-0.4704
1142510,18009,1.9409,-0.5456,-0.5289
1142510,18010,2.0519,-0.5729,-0.4801
1142510,18013,1.9758,-0.5554,-0.5193
1142510,18014,2.1147,-0.5904,-0.4747
1142510,18017,1.9449,-0.5284,-0.5287
1142510,18018,2.0564,-0.5548,-0.4800
1142510,18021,1.9556,-0.5277,-0.5125
1142510,18022,2.0999,-0.5666,-0.4702
1142510,18025,1.9444,-0.5101,-0.5274
1142510,18026,2.0565,-0.5357,-0.4789
1142510,18029,1.9550,-0.5092,-0.5112
1142510,18030,2.0900,-0.5444,-0.4670
1142510,18033,1.9520,-0.4903,-0.5280
1142510,18034,2.0516,-0.5153,-0.4767
1142510,18037,1.9721,-0.4954,-0.5145
1142510,18038,2.1014,-0.5278,-0.4685
1142510,18041,1.9402,-0.4694,-0.5237
1142510,18042,2.0657,-0.4997,-0.4790
1142510,18045,1.9441,-0.4703,-0.5061
1142510,18046,2.1060,-0.5056,-0.4683
1142510,18049,1.9538,-0.4547,-0.5263
1142510,18050,2.0607,-0.4758,-0.4766
1142510,18053,1.9573,-0.4555,-0.5085
1142510,18054,2.0814,-0.4805,-0.4619
1142510,18057,1.9785,-0.4422,-0.5318
1142510,18058,2.0475,-0.4539,-0.4726
1142510,18061,1.9968,-0.4463,-0.5177
1142510,18062,2.0915,-0.4637,-0.4632
1142510,18065,1.9708,-0.4225,-0.5288
1142510,18066,2.0570,-0.4372,-0.4739
1142510,18069,1.9859,-0.4257,-0.5139
1142510,18070,2.0972,-0.4458,-0.4636
1142510,18073,1.9528,-0.4009,-0.5230
1142510,18074,2.0508,-0.4172,-0.4716
1142510,18077,1.9936,-0.4092,-0.5150
1142510,18078,2.0815,-0.4235,-0.4631
1142510,18081,1.9627,-0.3851,-0.5285
1142510,18082,2.0506,-0.3986,-0.4746
1142510,18085,1.9761,-0.3841,-0.5131
1142510,18086,2.0835,-0.4050,-0.4628
1142510,18089,1.9765,-0.3699,-0.5313
1142510,18090,2.0615,-0.3821,-0.4763
1142510,18093,1.9785,-0.3667,-0.5129
1142510,18094,2.0824,-0.3859,-0.4618
1142510,18097,1.9618,-0.3459,-0.5263
1142510,18098,2.0496,-0.3603,-0.4728
1142510,18101,1.9909,-0.3511,-0.5153
1142510,18102,2.0753,-0.3648,-0.4594
1142510,18105,1.9943,-0.3344,-0.5343
1142510,18106,2.0534,-0.3425,-0.4730
1142510,18109,1.9852,-0.3326,-0.5131
1142510,18110,2.0845,-0.3473,-0.4608
1142510,18113,1.9575,-0.3104,-0.5237
1142510,18114,2.0498,-0.3232,-0.4715
1142510,18117,1.9899,-0.3152,-0.5135
1142510,18118,2.0997,-0.3307,-0.4635
1142510,18121,1.9693,-0.2943,-0.5261
1142510,18122,2.0692,-0.3074,-0.4753
1142510,18125,1.9769,-0.2944,-0.5095
1142510,18126,2.1071,-0.3123,-0.4644
1142510,18130,1.9811,-0.2770,-0.4913
1142510,18133,1.9359,-0.2717,-0.5348
1142510,18134,2.0390,-0.2847,-0.4867
1142510,18137,1.9296,-0.2537,-0.5507
1142510,18138,1.9622,-0.2566,-0.4861
1142510,18141,1.9338,-0.2539,-0.5336
1142510,18142,2.0157,-0.2632,-0.4805
1142510,18145,1.9289,-0.2358,-0.5499
1142510,18146,1.9807,-0.2407,-0.4901
1142510,18149,1.9383,-0.2366,-0.5342
1142510,18150,2.0186,-0.2450,-0.4807
1142510,18154,1.9846,-0.2233,-0.4905
1142510,18157,1.9389,-0.2192,-0.5338
1142510,18158,2.0108,-0.2259,-0.4783
1142510,18161,1.9251,-0.2003,-0.5477
1142510,18162,1.9761,-0.2046,-0.4880
1142510,18165,1.9110,-0.1985,-0.5256
1142510,18166,2.0155,-0.2083,-0.4790
1142510,18170,1.9683,-0.1857,-0.4856
1142510,18173,1.9348,-0.1836,-0.5317
1142510,18174,1.9985,-0.1886,-0.4745
1142510,18177,1.9197,-0.1649,-0.5452
1142510,18178,1.9889,-0.1698,-0.4903
1142510,18181,1.9398,-0.1663,-0.5326
1142510,18182,2.0108,-0.1713,-0.4770
1142510,18186,1.9911,-0.1522,-0.4905
1142510,18189,1.9398,-0.1486,-0.5322
1142510,18190,2.0212,-0.1541,-0.4792
1142510,18193,1.9245,-0.1305,-0.5458
1142510,18194,1.9954,-0.1343,-0.4912
1142510,18197,1.9239,-0.1301,-0.5275
1142510,18198,2.0077,-0.1351,-0.4757
1142510,18201,1.9367,-0.1137,-0.5490
1142510,18202,1.9936,-0.1163,-0.4905
1142510,18205,1.9315,-0.1131,-0.5293
1142510,18206,2.0114,-0.1170,-0.4763
1142510,18209,1.9234,-0.0954,-0.5486
1142510,18210,1.9892,-0.0983,-0.4892
1142510,18213,1.9230,-0.0954,-0.5303
1142510,18214,2.0068,-0.0988,-0.4750
1142510,18217,1.9198,-0.0781,-0.5473
1142510,18218,1.9894,-0.0802,-0.4890
1142510,18222,2.0299,-0.0819,-0.4802
1142510,18225,1.9309,-0.0610,-0.5503
1142510,18226,1.9867,-0.0624,-0.4882
1142510,18229,1.9182,-0.0606,-0.5286
1142510,18230,2.0002,-0.0629,-0.4731
1142510,18234,1.9649,-0.0439,-0.4864
1142510,18237,1.9308,-0.0435,-0.5320
1142510,18238,2.0240,-0.0452,-0.4786
1142510,18242,1.9852,-0.0267,-0.4913
1142510,18245,1.9181,-0.0258,-0.5284
1142510,18246,2.0164,-0.0271,-0.4767
1142510,18250,2.0034,-0.0087,-0.4958
1142510,18254,2.0057,-0.0088,-0.4778
1142510,18257,1.9508,-0.2735,-0.5205
1142510,18258,2.0565,-0.2868,-0.4717
1142510,18261,1.9617,-0.2747,-0.5049
1142510,18262,2.0599,-0.2869,-0.4535
1142510,18265,1.9495,-0.2556,-0.5195
1142510,18266,2.0563,-0.2682,-0.4711
1142510,18269,1.9453,-0.2547,-0.5001
1142510,18270,2.0772,-0.2705,-0.4567
1142510,18273,1.9684,-0.2399,-0.5239
1142510,18274,2.0483,-0.2486,-0.4688
1142510,18277,1.9607,-0.2387,-0.5035
1142510,18278,2.0757,-0.2516,-0.4559
1142510,18281,1.9523,-0.2204,-0.5191
1142510,18282,2.0292,-0.2276,-0.4639
1142510,18285,1.9770,-0.2228,-0.5071
1142510,18286,2.0739,-0.2326,-0.4550
1142510,18289,1.9498,-0.2022,-0.5179
1142510,18290,2.0372,-0.2102,-0.4653
1142510,18293,1.9506,-0.2019,-0.4999
1142510,18294,2.0908,-0.2153,-0.4583
1142510,18297,1.9661,-0.1862,-0.5218
1142510,18298,2.0311,-0.1913,-0.4635
1142510,18301,1.9733,-0.1865,-0.5052
1142510,18302,2.0679,-0.1944,-0.4529
1142510,18305,1.9489,-0.1667,-0.5168
1142510,18306,2.0344,-0.1733,-0.4639
1142510,18309,1.9788,-0.1693,-0.5062
1142510,18310,2.0758,-0.1765,-0.4542
1142510,18313,1.9508,-0.1494,-0.5169
1142510,18314,2.0408,-0.1556,-0.4650
1142510,18317,1.9478,-0.1488,-0.4979
1142510,18318,2.0829,-0.1584,-0.4555
1142510,18321,1.9505,-0.1316,-0.5165
1142510,18322,2.0427,-0.1371,-0.4651
1142510,18325,1.9715,-0.1330,-0.5037
1142510,18326,2.0842,-0.1399,-0.4555
1142510,18329,1.9500,-0.1141,-0.5161
1142510,18330,2.0449,-0.1190,-0.4654
1142510,18333,1.9635,-0.1146,-0.5013
1142510,18334,2.0883,-0.1215,-0.4561
1142510,18337,1.9720,-0.0975,-0.5217
1142510,18338,2.0466,-0.1008,-0.4655
1142510,18341,1.9904,-0.0984,-0.5080
1142510,18342,2.0744,-0.1018,-0.4528
1142510,18345,1.9615,-0.0795,-0.5223
1142510,18346,2.0278,-0.0818,-0.4611
1142510,18349,1.9629,-0.0795,-0.5044
1142510,18350,2.0703,-0.0832,-0.4518
1142510,18353,1.9508,-0.0613,-0.5193
1142510,18354,2.0550,-0.0642,-0.4671
1142510,18357,1.9623,-0.0617,-0.5041
1142510,18358,2.0925,-0.0654,-0.4565
1142510,18361,1.9490,-0.0439,-0.5187
1142510,18362,2.0365,-0.0455,-0.4628
1142510,18365,1.9508,-0.0439,-0.5010
1142510,18366,2.0716,-0.0463,-0.4518
1142510,18369,1.9340,-0.0260,-0.5146
1142510,18370,2.0388,-0.0270,-0.4632
1142510,18373,1.9684,-0.0265,-0.5054
1142510,18374,2.0801,-0.0276,-0.4536
1142510,18377,1.9358,-0.0084,-0.5151
1142510,18378,2.0302,-0.0089,-0.4613
1142510,18381,1.9491,-0.0085,-0.5005
1142510,18382,2.0702,-0.0090,-0.4514
1142510,18383,2.1866,0.0095,-0.3789
1142510,18384,2.0764,0.0091,-0.4338
1142510,18387,2.2014,0.0096,-0.3617
1142510,18388,2.1067,0.0092,-0.4210
1142510,18391,2.1841,0.0290,-0.3785
1142510,18392,2.0686,0.0274,-0.4322
1142510,18395,2.1869,0.0290,-0.3593
1142510,18396,2.1073,0.0280,-0.4211
1142510,18399,2.1766,0.0483,-0.3772
1142510,18400,2.0546,0.0459,-0.4293
1142510,18403,2.2084,0.0490,-0.3629
1142510,18404,2.0874,0.0466,-0.4172
1142510,18407,2.1853,0.0679,-0.3788
1142510,18408,2.0744,0.0648,-0.4336
1142510,18411,2.2052,0.0685,-0.3625
1142510,18412,2.0921,0.0654,-0.4182
1142510,18415,2.1698,0.0868,-0.3763
1142510,18416,2.0480,0.0823,-0.4282
1142510,18419,2.2201,0.0888,-0.3646
1142510,18420,2.0739,0.0833,-0.4147
1142510,18423,2.1857,0.1069,-0.3792
1142510,18424,2.0567,0.1009,-0.4302
1142510,18427,2.2003,0.1076,-0.3615
1142510,18428,2.1114,0.1036,-0.4224
1142510,18431,2.1792,0.1260,-0.3778
1142510,18432,2.0675,0.1199,-0.4326
1142510,18435,2.2020,0.1274,-0.3620
1142510,18436,2.0758,0.1204,-0.4155
1142510,18439,2.2011,0.1470,-0.3818
1142510,18440,2.0269,0.1357,-0.4244
1142510,18443,2.2081,0.1470,-0.3632
1142510,18444,2.0448,0.1369,-0.4095
1142510,18447,2.1652,0.1639,-0.3758
1142510,18448,2.0160,0.1530,-0.4224
1142510,18451,2.2066,0.1667,-0.3632
1142510,18452,2.0470,0.1554,-0.4102
1142510,18455,2.1788,0.1845,-0.3785
1142510,18456,2.0383,0.1733,-0.4274
1142510,18459,2.2022,0.1861,-0.3623
1142510,18460,2.0716,0.1758,-0.4154
1142510,18463,2.1921,0.2049,-0.3807
1142510,18464,2.0141,0.1893,-0.4226
1142510,18467,2.2037,0.2060,-0.3628
1142510,18468,2.0850,0.1956,-0.4184
1142510,18471,2.1677,0.2221,-0.3768
1142510,18472,2.0232,0.2084,-0.4249
1142510,18475,2.1812,0.2235,-0.3594
1142510,18476,2.0428,0.2100,-0.4104
1142510,18479,2.1811,0.2431,-0.3795
1142510,18480,2.0149,0.2256,-0.4236
1142510,18483,2.2035,0.2456,-0.3635
1142510,18484,2.0712,0.2316,-0.4164
1142510,18487,2.1717,0.2617,-0.3778
1142510,18488,2.0518,0.2483,-0.4318
1142510,18491,2.1950,0.2641,-0.3620
1142510,18492,2.0646,0.2495,-0.4156
1142510,18495,2.1572,0.2794,-0.3757
1142510,18496,2.0565,0.2675,-0.4332
1142510,18499,2.2072,0.2855,-0.3645
1142510,18500,2.0681,0.2686,-0.4167
1142510,18503,2.1574,0.2990,-0.3758
1142510,18504,2.0657,0.2874,-0.4357
1142510,18507,2.1901,0.3031,-0.3617
1142510,18508,2.0791,0.2889,-0.4194
1142510,18511,2.2338,0.0097,-0.3466
1142510,18512,2.1228,0.0093,-0.4049
1142510,18515,2.2518,0.0098,-0.3293
1142510,18516,2.1775,0.0095,-0.3957
1142510,18519,2.2363,0.0297,-0.3470
1142510,18520,2.1369,0.0283,-0.4077
1142510,18523,2.2703,0.0301,-0.3320
1142510,18524,2.1593,0.0286,-0.3924
1142510,18527,2.2487,0.0499,-0.3490
1142510,18528,2.1146,0.0472,-0.4035
1142510,18531,2.2648,0.0502,-0.3313
1142510,18532,2.1661,0.0480,-0.3938
1142510,18535,2.2492,0.0699,-0.3492
1142510,18536,2.1093,0.0659,-0.4026
1142510,18539,2.2520,0.0700,-0.3295
1142510,18540,2.1489,0.0668,-0.3907
1142510,18543,2.2410,0.0896,-0.3480
1142510,18544,2.1165,0.0850,-0.4041
1142510,18547,2.2797,0.0912,-0.3336
1142510,18548,2.1295,0.0852,-0.3873
1142510,18551,2.2492,0.1100,-0.3494
1142510,18552,2.0939,0.1028,-0.3999
1142510,18555,2.2714,0.1107,-0.3326
1142510,18556,2.1835,0.1068,-0.3973
1142510,18559,2.2501,0.1297,-0.3497
1142510,18560,2.0963,0.1216,-0.4006
1142510,18563,2.2604,0.1303,-0.3307
1142510,18564,2.1192,0.1226,-0.3858
1142510,18567,2.2376,0.1490,-0.3480
1142510,18568,2.1271,0.1424,-0.4067
1142510,18571,2.2926,0.1527,-0.3356
1142510,18572,2.1338,0.1425,-0.3886
1142510,18575,2.2309,0.1685,-0.3467
1142510,18576,2.0911,0.1587,-0.4000
1142510,18579,2.2822,0.1724,-0.3343
1142510,18580,2.1340,0.1616,-0.3889
1142510,18583,2.2389,0.1892,-0.3482
1142510,18584,2.1309,0.1808,-0.4079
1142510,18587,2.2787,0.1921,-0.3340
1142510,18588,2.1200,0.1795,-0.3866
1142510,18591,2.2376,0.2091,-0.3483
1142510,18592,2.1355,0.2000,-0.4092
1142510,18595,2.2524,0.2101,-0.3304
1142510,18596,2.1402,0.2004,-0.3906
1142510,18599,2.2270,0.2278,-0.3469
1142510,18600,2.1072,0.2163,-0.4041
1142510,18603,2.2590,0.2311,-0.3313
1142510,18604,2.1422,0.2199,-0.3914
1142510,18607,2.2185,0.2469,-0.3456
1142510,18608,2.0980,0.2342,-0.4027
1142510,18611,2.2668,0.2523,-0.3327
1142510,18612,2.1447,0.2394,-0.3922
1142510,18615,2.2210,0.2672,-0.3463
1142510,18616,2.1004,0.2534,-0.4036
1142510,18619,2.2658,0.2722,-0.3329
1142510,18620,2.1259,0.2565,-0.3891
1142510,18623,2.2017,0.2848,-0.3437
1142510,18624,2.0805,0.2698,-0.4002
1142510,18627,2.2551,0.2913,-0.3313
1142510,18628,2.1610,0.2803,-0.3960
1142510,18631,2.2334,0.3087,-0.3486
1142510,18632,2.1074,0.2924,-0.4059
1142510,18635,2.2446,0.3103,-0.3302
1142510,18636,2.1506,0.2980,-0.3946
1142510,18639,2.1788,0.3213,-0.3800
1142510,18640,2.0904,0.3098,-0.4415
1142510,18643,2.2304,0.3290,-0.3688
1142510,18644,2.0992,0.3107,-0.4240
1142510,18647,2.2182,0.3470,-0.3870
1142510,18648,2.0720,0.3256,-0.4382
1142510,18651,2.2176,0.3469,-0.3668
1142510,18652,2.1089,0.3314,-0.4266
1142510,18655,2.1782,0.3610,-0.3806
1142510,18656,2.0580,0.3425,-0.4358
1142510,18659,2.2110,0.3656,-0.3662
1142510,18660,2.1003,0.3488,-0.4254
1142510,18663,2.1916,0.3833,-0.3831
1142510,18664,2.0521,0.3604,-0.4353
1142510,18667,2.2090,0.3859,-0.3660
1142510,18668,2.0965,0.3678,-0.4253
1142510,18671,2.1789,0.3999,-0.3815
1142510,18672,2.0596,0.3817,-0.4376
1142510,18675,2.2056,0.4048,-0.3660
1142510,18676,2.0847,0.3864,-0.4237
1142510,18679,2.1877,0.4213,-0.3832
1142510,18680,2.0541,0.3993,-0.4372
1142510,18683,2.2312,0.4297,-0.3705
1142510,18684,2.1123,0.4106,-0.4300
1142510,18687,2.1757,0.4387,-0.3818
1142510,18688,2.0827,0.4237,-0.4440
1142510,18691,2.2392,0.4515,-0.3724
1142510,18692,2.0905,0.4253,-0.4263
1142510,18695,2.1914,0.4618,-0.3848
1142510,18696,2.1156,0.4497,-0.4479
1142510,18699,2.2223,0.4683,-0.3699
1142510,18700,2.1215,0.4509,-0.4295
1142510,18703,2.1915,0.4858,-0.3853
1142510,18704,2.0674,0.4583,-0.4385
1142510,18707,2.2249,0.4892,-0.3706
1142510,18708,2.0849,0.4622,-0.4228
1142510,18711,2.1940,0.5065,-0.3857
1142510,18712,2.0851,0.4814,-0.4432
1142510,18715,2.2196,0.5124,-0.3706
1142510,18716,2.1353,0.4930,-0.4339
1142510,18719,2.2095,0.5305,-0.3892
1142510,18720,2.0570,0.4938,-0.4381
1142510,18723,2.2243,0.5340,-0.3713
1142510,18724,2.1451,0.5150,-0.4368
1142510,18727,2.1916,0.5464,-0.3869
1142510,18728,2.0537,0.5120,-0.4383
1142510,18731,2.2442,0.5595,-0.3754
1142510,18732,2.0765,0.5177,-0.4238
1142510,18735,2.1946,0.5676,-0.3879
1142510,18736,2.0542,0.5313,-0.4394
1142510,18739,2.2446,0.5805,-0.3759
1142510,18740,2.1408,0.5537,-0.4378
1142510,18743,2.1870,0.5860,-0.3870
1142510,18744,2.0498,0.5531,-0.4397
1142510,18747,2.2341,0.5986,-0.3750
1142510,18748,2.1040,0.5638,-0.4313
1142510,18751,2.1842,0.6057,-0.3866
1142510,18752,2.0424,0.5703,-0.4391
1142510,18755,2.2368,0.6203,-0.3760
1142510,18756,2.0889,0.5793,-0.4292
1142510,18759,2.1892,0.6277,-0.3885
1142510,18760,2.0805,0.6005,-0.4484
1142510,18763,2.2394,0.6421,-0.3765
1142510,18764,2.0838,0.6015,-0.4294
1142510,18767,2.2589,0.3328,-0.3531
1142510,18768,2.1331,0.3154,-0.4113
1142510,18771,2.2731,0.3344,-0.3348
1142510,18772,2.1617,0.3188,-0.3971
1142510,18775,2.2590,0.3533,-0.3531
1142510,18776,2.1183,0.3325,-0.4090
1142510,18779,2.2909,0.3579,-0.3374
1142510,18780,2.1626,0.3390,-0.3978
1142510,18783,2.2453,0.3713,-0.3515
1142510,18784,2.1422,0.3558,-0.4142
1142510,18787,2.2806,0.3771,-0.3364
1142510,18788,2.1560,0.3577,-0.3972
1142510,18791,2.2424,0.3910,-0.3512
1142510,18792,2.1279,0.3725,-0.4121
1142510,18795,2.2857,0.3985,-0.3372
1142510,18796,2.1638,0.3788,-0.3992
1142510,18799,2.2621,0.4152,-0.3548
1142510,18800,2.1578,0.3960,-0.4185
1142510,18803,2.2759,0.4177,-0.3363
1142510,18804,2.1558,0.3957,-0.3983
1142510,18807,2.2355,0.4305,-0.3508
1142510,18808,2.1439,0.4167,-0.4166
1142510,18811,2.2895,0.4409,-0.3385
1142510,18812,2.1747,0.4188,-0.4025
1142510,18815,2.2629,0.4563,-0.3557
1142510,18816,2.1541,0.4382,-0.4193
1142510,18819,2.2937,0.4625,-0.3397
1142510,18820,2.1583,0.4391,-0.4003
1142510,18823,2.2740,0.4792,-0.3577
1142510,18824,2.1543,0.4579,-0.4161
1142510,18827,2.2809,0.4807,-0.3380
1142510,18828,2.1660,0.4604,-0.3984
1142510,18831,2.2649,0.4980,-0.3565
1142510,18832,2.1530,0.4773,-0.4167
1142510,18835,2.2505,0.4948,-0.3337
1142510,18836,2.1575,0.4783,-0.3976
1142510,18839,2.2699,0.5199,-0.3580
1142510,18840,2.1326,0.4924,-0.4136
1142510,18843,2.2953,0.5257,-0.3410
1142510,18844,2.1642,0.4997,-0.3996
1142510,18847,2.2802,0.5432,-0.3595
1142510,18848,2.1375,0.5132,-0.4154
1142510,18851,2.2952,0.5468,-0.3408
1142510,18852,2.1479,0.5157,-0.3975
1142510,18855,2.2585,0.5631,-0.3570
1142510,18856,2.1331,0.5318,-0.4154
1142510,18859,2.2935,0.5676,-0.3413
1142510,18860,2.1443,0.5346,-0.3976
1142510,18863,2.2781,0.5891,-0.3609
1142510,18864,2.1358,0.5524,-0.4168
1142510,18867,2.2902,0.5880,-0.3416
1142510,18868,2.1628,0.5593,-0.4019
1142510,18871,2.2754,0.6097,-0.3609
1142510,18872,2.1290,0.5705,-0.4165
1142510,18875,2.2952,0.6150,-0.3428
1142510,18876,2.1542,0.5772,-0.4013
1142510,18879,2.2527,0.6247,-0.3577
1142510,18880,2.1201,0.5880,-0.4157
1142510,18883,2.3258,0.6450,-0.3478
1142510,18884,2.1646,0.6003,-0.4042
1142510,18887,2.2696,0.6508,-0.3604
1142510,18888,2.1312,0.6111,-0.4189
1142510,18891,2.3207,0.6654,-0.3479
1142510,18892,2.1584,0.6189,-0.4040
1142510,18895,2.1864,0.6476,-0.3890
1142510,18896,2.0806,0.6203,-0.4496
1142510,18899,2.2442,0.6648,-0.3783
1142510,18900,2.1031,0.6269,-0.4345
1142510,18903,2.2016,0.6731,-0.3923
1142510,18904,2.0902,0.6430,-0.4489
1142510,18907,2.2385,0.6844,-0.3779
1142510,18908,2.0880,0.6423,-0.4326
1142510,18911,2.1855,0.6891,-0.3901
1142510,18912,2.0684,0.6561,-0.4454
1142510,18915,2.2339,0.7044,-0.3777
1142510,18916,2.1109,0.6696,-0.4345
1142510,18919,2.1918,0.7121,-0.3914
1142510,18920,2.0723,0.6773,-0.4475
1142510,18923,2.2248,0.7229,-0.3764
1142510,18924,2.1019,0.6870,-0.4339
1142510,18927,2.1876,0.7320,-0.3918
1142510,18928,2.0851,0.7017,-0.4516
1142510,18931,2.2241,0.7442,-0.3773
1142510,18932,2.1160,0.7121,-0.4380
1142510,18935,2.1838,0.7519,-0.3919
1142510,18936,2.0693,0.7165,-0.4495
1142510,18939,2.2048,0.7592,-0.3748
1142510,18940,2.0994,0.7270,-0.4359
1142510,18943,2.1925,0.7764,-0.3942
1142510,18944,2.0997,0.7477,-0.4575
1142510,18947,2.2374,0.7923,-0.3810
1142510,18948,2.0987,0.7473,-0.4371
1142510,18951,2.2155,0.8064,-0.3988
1142510,18952,2.0794,0.7610,-0.4545
1142510,18955,2.2287,0.8112,-0.3799
1142510,18956,2.0938,0.7662,-0.4374
1142510,18959,2.1927,0.8198,-0.3955
1142510,18960,2.0515,0.7711,-0.4499
1142510,18963,2.2248,0.8318,-0.3804
1142510,18964,2.1086,0.7926,-0.4420
1142510,18967,2.1887,0.8446,-0.3960
1142510,18968,2.0778,0.8018,-0.4531
1142510,18971,2.2371,0.8587,-0.3834
1142510,18972,2.1071,0.8130,-0.4431
1142510,18975,2.1760,0.8615,-0.3946
1142510,18976,2.0579,0.8148,-0.4503
1142510,18979,2.2257,0.8767,-0.3823
1142510,18980,2.0986,0.8309,-0.4387
1142510,18983,2.2015,0.8939,-0.4002
1142510,18984,2.0330,0.8297,-0.4467
1142510,18987,2.2071,0.8917,-0.3800
1142510,18988,2.0986,0.8521,-0.4403
1142510,18991,2.1692,0.9029,-0.3953
1142510,18995,2.1901,0.9072,-0.3780
1142510,18996,2.0199,0.8408,-0.4253
1142510,18999,2.1686,0.9250,-0.3958
1142510,19003,2.2222,0.9432,-0.3845
1142510,19004,2.0150,0.8595,-0.4258
1142510,19007,2.1537,0.9409,-0.3941
1142510,19008,2.0361,0.8938,-0.4524
1142510,19011,2.2082,0.9647,-0.3830
1142510,19012,2.0841,0.9105,-0.4421
1142510,19016,2.0419,0.9177,-0.4555
1142510,19019,2.2142,0.9905,-0.3850
1142510,19020,2.0749,0.9282,-0.4418
1142510,19023,2.2992,0.6811,-0.3661
1142510,19024,2.1282,0.6304,-0.4194
1142510,19027,2.3240,0.6884,-0.3484
1142510,19028,2.1681,0.6422,-0.4069
1142510,19031,2.2664,0.6929,-0.3618
1142510,19032,2.1255,0.6498,-0.4200
1142510,19035,2.3220,0.7099,-0.3490
1142510,19036,2.1642,0.6617,-0.4072
1142510,19039,2.2528,0.7103,-0.3602
1142510,19040,2.1472,0.6811,-0.4216
1142510,19043,2.3191,0.7312,-0.3491
1142510,19044,2.1553,0.6796,-0.4066
1142510,19047,2.2909,0.7443,-0.3669
1142510,19048,2.1201,0.6930,-0.4174
1142510,19051,2.3227,0.7547,-0.3502
1142510,19052,2.1608,0.7021,-0.4047
1142510,19055,2.2812,0.7633,-0.3655
1142510,19056,2.1207,0.7137,-0.4187
1142510,19059,2.3087,0.7725,-0.3491
1142510,19060,2.1405,0.7162,-0.4021
1142510,19063,2.2813,0.7855,-0.3666
1142510,19064,2.1221,0.7348,-0.4203
1142510,19067,2.3212,0.7992,-0.3511
1142510,19068,2.1443,0.7425,-0.4042
1142510,19071,2.2916,0.8115,-0.3690
1142510,19072,2.1276,0.7576,-0.4227
1142510,19075,2.3156,0.8200,-0.3514
1142510,19076,2.1617,0.7697,-0.4087
1142510,19079,2.2792,0.8296,-0.3677
1142510,19080,2.1055,0.7705,-0.4196
1142510,19083,2.3461,0.8539,-0.3567
1142510,19084,2.1639,0.7919,-0.4104
1142510,19087,2.2732,0.8499,-0.3670
1142510,19088,2.1105,0.7933,-0.4219
1142510,19091,2.3143,0.8653,-0.3525
1142510,19092,2.1634,0.8132,-0.4117
1142510,19095,2.2733,0.8726,-0.3683
1142510,19096,2.1097,0.8141,-0.4232
1142510,19099,2.3128,0.8878,-0.3526
1142510,19100,2.1491,0.8293,-0.4103
1142510,19103,2.2815,0.8987,-0.3704
1142510,19104,2.1065,0.8340,-0.4199
1142510,19107,2.2856,0.9003,-0.3496
1142510,19108,2.1639,0.8567,-0.4146
1142510,19111,2.2465,0.9076,-0.3656
1142510,19112,2.1009,0.8531,-0.4202
1142510,19115,2.2983,0.9286,-0.3523
1142510,19116,2.1526,0.8741,-0.4097
1142510,19119,2.2648,0.9381,-0.3694
1142510,19120,2.0780,0.8650,-0.4172
1142510,19123,2.3036,0.9542,-0.3540
1142510,19124,2.1404,0.8910,-0.4088
1142510,19127,2.2444,0.9527,-0.3670
1142510,19131,2.2833,0.9692,-0.3517
1142510,19135,2.2462,0.9767,-0.3682
1142510,19136,2.0637,0.9016,-0.4174
1142510,19139,2.2365,0.9724,-0.3453
1142510,19143,2.2470,1.0004,-0.3689
1142510,19144,2.0809,0.9308,-0.4225
1142510,19147,2.2278,0.9919,-0.3449
1142510,19152,2.0333,0.9352,-0.4513
1142510,19156,2.0718,0.9529,-0.4433
1142510,19160,2.0320,0.9562,-0.4528
1142510,19164,2.0810,0.9793,-0.4429
1142510,19168,2.0272,0.9756,-0.4536
1142510,19172,2.0701,0.9963,-0.4424
1142510,19176,2.0320,0.9998,-0.4566
1142510,19280,2.0935,0.9585,-0.4267
1142510,19284,2.0555,0.9411,-0.3974
1142510,19288,2.0928,0.9803,-0.4283
1142510,19292,2.0579,0.9640,-0.3995
1142510,19300,2.0680,0.9908,-0.4023
1142510,19513,2.0318,-0.9778,-0.4547
1142510,19521,2.0552,-0.9671,-0.4580
1142510,19525,2.0755,-0.9766,-0.4417
1142510,19529,2.0531,-0.9443,-0.4557
1142510,19530,2.1723,-0.9945,-0.3994
1142510,19533,2.0813,-0.9573,-0.4453
1142510,19633,2.0383,-0.9986,-0.4166
1142510,19649,2.1246,-0.9952,-0.4348
1142510,19657,2.1278,-0.9742,-0.4337
1142510,19661,2.1417,-0.9806,-0.4141
1142510,19665,2.0726,-0.9315,-0.4623
1142510,19666,2.1958,-0.9822,-0.4030
1142510,19669,2.0776,-0.9294,-0.4424
1142510,19670,2.2122,-0.9896,-0.3847
1142510,19673,2.0602,-0.9043,-0.4578
1142510,19674,2.1976,-0.9601,-0.4022
1142510,19677,2.0956,-0.9156,-0.4445
1142510,19678,2.2225,-0.9710,-0.3854
1142510,19681,2.0617,-0.8836,-0.4564
1142510,19682,2.1882,-0.9333,-0.3994
1142510,19685,2.0733,-0.8844,-0.4381
1142510,19686,2.2170,-0.9411,-0.3836
1142510,19689,2.0676,-0.8649,-0.4560
1142510,19690,2.1767,-0.9061,-0.3967
1142510,19693,2.0978,-0.8732,-0.4417
1142510,19694,2.2289,-0.9233,-0.3847
1142510,19697,2.0674,-0.8437,-0.4543
1142510,19698,2.1929,-0.8905,-0.3986
1142510,19701,2.1048,-0.8547,-0.4416
1142510,19702,2.2186,-0.8964,-0.3820
1142510,19705,2.0748,-0.8215,-0.4540
1142510,19706,2.2010,-0.8714,-0.3991
1142510,19709,2.1028,-0.8325,-0.4396
1142510,19710,2.2129,-0.8717,-0.3801
1142510,19713,2.0888,-0.8060,-0.4555
1142510,19714,2.2036,-0.8503,-0.3986
1142510,19717,2.0964,-0.8089,-0.4409
1142510,19718,2.2407,-0.8601,-0.3840
1142510,19721,2.0845,-0.7835,-0.4571
1142510,19722,2.1967,-0.8213,-0.3962
1142510,19725,2.0908,-0.7859,-0.4382
1142510,19726,2.2248,-0.8318,-0.3804
1142510,19729,2.0736,-0.7588,-0.4532
1142510,19730,2.2020,-0.8014,-0.3963
1142510,19733,2.0998,-0.7684,-0.4387
1142510,19734,2.2173,-0.8070,-0.3780
1142510,19737,2.0887,-0.7437,-0.4551
1142510,19738,2.2210,-0.7865,-0.3994
1142510,19741,2.1241,-0.7564,-0.4424
1142510,19742,2.2224,-0.7870,-0.3785
1142510,19745,2.0943,-0.7252,-0.4549
1142510,19746,2.1881,-0.7534,-0.3927
1142510,19749,2.1147,-0.7323,-0.4391
1142510,19750,2.2216,-0.7650,-0.3776
1142510,19753,2.0977,-0.7059,-0.4543
1142510,19754,2.1896,-0.7326,-0.3922
1142510,19757,2.1247,-0.7150,-0.4398
1142510,19758,2.2263,-0.7449,-0.3777
1142510,19761,2.0850,-0.6815,-0.4503
1142510,19762,2.2085,-0.7176,-0.3944
1142510,19765,2.1133,-0.6907,-0.4362
1142510,19766,2.2261,-0.7233,-0.3766
1142510,19769,2.0721,-0.6573,-0.4462
1142510,19770,2.1948,-0.6920,-0.3917
1142510,19773,2.1335,-0.6768,-0.4391
1142510,19774,2.2292,-0.7029,-0.3769
1142510,19777,2.1022,-0.6467,-0.4515
1142510,19778,2.2297,-0.6817,-0.3973
1142510,19781,2.1273,-0.6544,-0.4407
1142510,19782,2.2418,-0.6854,-0.3784
1142510,19785,2.0855,-0.6217,-0.4507
1142510,19786,2.1988,-0.6513,-0.3912
1142510,19789,2.1159,-0.6308,-0.4372
1142510,19790,2.2403,-0.6636,-0.3776
1142510,19793,2.1081,-0.9430,-0.4280
1142510,19794,2.2385,-0.9966,-0.3675
1142510,19797,2.1436,-0.9589,-0.4136
1142510,19801,2.1199,-0.9262,-0.4288
1142510,19802,2.2538,-0.9800,-0.3695
1142510,19805,2.1306,-0.9308,-0.4100
1142510,19806,2.2643,-0.9845,-0.3496
1142510,19809,2.1043,-0.8975,-0.4240
1142510,19810,2.2425,-0.9519,-0.3667
1142510,19813,2.1485,-0.9164,-0.4119
1142510,19814,2.2577,-0.9583,-0.3478
1142510,19817,2.1338,-0.8882,-0.4284
1142510,19818,2.2627,-0.9373,-0.3691
1142510,19821,2.1457,-0.8932,-0.4098
1142510,19822,2.2937,-0.9501,-0.3524
1142510,19825,2.1372,-0.8678,-0.4275
1142510,19826,2.2582,-0.9124,-0.3675
1142510,19829,2.1559,-0.8754,-0.4103
1142510,19830,2.2963,-0.9278,-0.3520
1142510,19833,2.1238,-0.8409,-0.4233
1142510,19834,2.2591,-0.8899,-0.3668
1142510,19837,2.1513,-0.8517,-0.4121
1142510,19838,2.2859,-0.9004,-0.3497
1142510,19841,2.1405,-0.8260,-0.4294
1142510,19842,2.2707,-0.8716,-0.3678
1142510,19845,2.1577,-0.8326,-0.4120
1142510,19846,2.3018,-0.8836,-0.3509
1142510,19849,2.1248,-0.7987,-0.4248
1142510,19850,2.2646,-0.8467,-0.3656
1142510,19853,2.1641,-0.8134,-0.4118
1142510,19854,2.2944,-0.8579,-0.3495
1142510,19857,2.1226,-0.7768,-0.4230
1142510,19858,2.2729,-0.8273,-0.3667
1142510,19861,2.1893,-0.8012,-0.4153
1142510,19862,2.2827,-0.8308,-0.3470
1142510,19865,2.1391,-0.7617,-0.4249
1142510,19866,2.2623,-0.8011,-0.3643
1142510,19869,2.1566,-0.7679,-0.4078
1142510,19870,2.2889,-0.8105,-0.3473
1142510,19873,2.1368,-0.7399,-0.4232
1142510,19874,2.2609,-0.7785,-0.3633
1142510,19877,2.1738,-0.7527,-0.4098
1142510,19878,2.3023,-0.7927,-0.3483
1142510,19881,2.1215,-0.7140,-0.4189
1142510,19882,2.2780,-0.7622,-0.3650
1142510,19885,2.1836,-0.7306,-0.4101
1142510,19886,2.3039,-0.7709,-0.3483
1142510,19889,2.1325,-0.6970,-0.4199
1142510,19890,2.2548,-0.7326,-0.3611
1142510,19893,2.1639,-0.7031,-0.4053
1142510,19894,2.3005,-0.7475,-0.3468
1142510,19897,2.1339,-0.6769,-0.4190
1142510,19898,2.2515,-0.7099,-0.3600
1142510,19901,2.1691,-0.6839,-0.4092
1142510,19902,2.3018,-0.7258,-0.3465
1142510,19905,2.1306,-0.6514,-0.4210
1142510,19906,2.2639,-0.6921,-0.3614
1142510,19909,2.1707,-0.6637,-0.4084
1142510,19910,2.3053,-0.7048,-0.3465
1142510,19913,2.1412,-0.6342,-0.4220
1142510,19914,2.2489,-0.6661,-0.3581
1142510,19917,2.1656,-0.6415,-0.4064
1142510,19918,2.3046,-0.6826,-0.3455
1142510,19921,2.1191,-0.6117,-0.4568
1142510,19922,2.2034,-0.6318,-0.3910
1142510,19925,2.1070,-0.6082,-0.4342
1142510,19926,2.2395,-0.6422,-0.3765
1142510,19929,2.1184,-0.5915,-0.4555
1142510,19930,2.2246,-0.6169,-0.3938
1142510,19933,2.1347,-0.5920,-0.4386
1142510,19934,2.2484,-0.6235,-0.3779
1142510,19937,2.1201,-0.5720,-0.4548
1142510,19938,2.1962,-0.5885,-0.3886
1142510,19941,2.1348,-0.5720,-0.4376
1142510,19942,2.2465,-0.6020,-0.3771
1142510,19945,2.1308,-0.5510,-0.4558
1142510,19946,2.2209,-0.5744,-0.3925
1142510,19949,2.1297,-0.5508,-0.4356
1142510,19950,2.2505,-0.5820,-0.3769
1142510,19953,2.1083,-0.5257,-0.4500
1142510,19954,2.2059,-0.5500,-0.3894
1142510,19957,2.1427,-0.5342,-0.4373
1142510,19958,2.2553,-0.5623,-0.3773
1142510,19961,2.1085,-0.5062,-0.4491
1142510,19962,2.1960,-0.5272,-0.3869
1142510,19965,2.1545,-0.5172,-0.4387
1142510,19966,2.2466,-0.5394,-0.3750
1142510,19969,2.1350,-0.4929,-0.4538
1142510,19970,2.2300,-0.5148,-0.3920
1142510,19973,2.1583,-0.4983,-0.4386
1142510,19974,2.2500,-0.5195,-0.3757
1142510,19977,2.1355,-0.4734,-0.4530
1142510,19978,2.2398,-0.4966,-0.3938
1142510,19981,2.1564,-0.4781,-0.4373
1142510,19982,2.2557,-0.4959,-0.3757
1142510,19985,2.1288,-0.4525,-0.4507
1142510,19986,2.2273,-0.4694,-0.3911
1142510,19989,2.1577,-0.4586,-0.4368
1142510,19990,2.2389,-0.4718,-0.3726
1142510,19993,2.1196,-0.4312,-0.4519
1142510,19994,2.1976,-0.4431,-0.3856
1142510,19997,2.1502,-0.4375,-0.4385
1142510,19998,2.2546,-0.4546,-0.3750
1142510,20001,2.1120,-0.4105,-0.4495
1142510,20002,2.2196,-0.4274,-0.3888
1142510,20005,2.1712,-0.4220,-0.4420
1142510,20006,2.2536,-0.4340,-0.3742
1142510,20009,2.1103,-0.3911,-0.4484
1142510,20010,2.2174,-0.4070,-0.3882
1142510,20013,2.1440,-0.3974,-0.4357
1142510,20014,2.2603,-0.4148,-0.3751
1142510,20017,2.1288,-0.3738,-0.4515
1142510,20018,2.2258,-0.3893,-0.3891
1142510,20021,2.1572,-0.3784,-0.4376
1142510,20022,2.2433,-0.3919,-0.3717
1142510,20025,2.1452,-0.3571,-0.4543
1142510,20026,2.2225,-0.3683,-0.3883
1142510,20029,2.1459,-0.3564,-0.4347
1142510,20030,2.2761,-0.3764,-0.3770
1142510,20033,2.1103,-0.3316,-0.4463
1142510,20034,2.2367,-0.3499,-0.3902
1142510,20037,2.1730,-0.3414,-0.4395
1142510,20038,2.2666,-0.3545,-0.3749
1142510,20041,2.1132,-0.3132,-0.4463
1142510,20042,2.2119,-0.3262,-0.3858
1142510,20045,2.1473,-0.3178,-0.4337
1142510,20046,2.2604,-0.3334,-0.3738
1142510,20049,2.1465,-0.6155,-0.4219
1142510,20050,2.2934,-0.6576,-0.3642
1142510,20053,2.1714,-0.6226,-0.4064
1142510,20054,2.3038,-0.6606,-0.3454
1142510,20057,2.1535,-0.5972,-0.4223
1142510,20058,2.2864,-0.6341,-0.3631
1142510,20061,2.1743,-0.6030,-0.4060
1142510,20062,2.3073,-0.6399,-0.3450
1142510,20065,2.1613,-0.5791,-0.4228
1142510,20066,2.2692,-0.6080,-0.3599
1142510,20069,2.1876,-0.5862,-0.4075
1142510,20070,2.3029,-0.6171,-0.3440
1142510,20073,2.1422,-0.5540,-0.4181
1142510,20074,2.2547,-0.5831,-0.3572
1142510,20077,2.1818,-0.5642,-0.4055
1142510,20078,2.3276,-0.5976,-0.3471
1142510,20081,2.1749,-0.5423,-0.4235
1142510,20082,2.2894,-0.5708,-0.3619
1142510,20085,2.1770,-0.5428,-0.4037
1142510,20086,2.3117,-0.5721,-0.3440
1142510,20089,2.1455,-0.5151,-0.4169
1142510,20090,2.2916,-0.5459,-0.3613
1142510,20093,2.2021,-0.5287,-0.4075
1142510,20094,2.3097,-0.5502,-0.3430
1142510,20097,2.1721,-0.5015,-0.4212
1142510,20098,2.2685,-0.5196,-0.3578
1142510,20101,2.1856,-0.5046,-0.4036
1142510,20102,2.2893,-0.5243,-0.3401
1142510,20105,2.1855,-0.4845,-0.4230
1142510,20106,2.2795,-0.5012,-0.3588
1142510,20109,2.2020,-0.4882,-0.4058
1142510,20110,2.3414,-0.5148,-0.3472
1142510,20113,2.1877,-0.4650,-0.4226
1142510,20114,2.2939,-0.4834,-0.3608
1142510,20117,2.1831,-0.4640,-0.4016
1142510,20118,2.3079,-0.4863,-0.3420
1142510,20121,2.1771,-0.4429,-0.4238
1142510,20122,2.2907,-0.4619,-0.3601
1142510,20125,2.1828,-0.4441,-0.4048
1142510,20126,2.3312,-0.4701,-0.3452
1142510,20129,2.1780,-0.4234,-0.4232
1142510,20130,2.2832,-0.4397,-0.3583
1142510,20133,2.1905,-0.4218,-0.4054
1142510,20134,2.3032,-0.4435,-0.3405
1142510,20137,2.1786,-0.3998,-0.4225
1142510,20138,2.2849,-0.4194,-0.3584
1142510,20141,2.1955,-0.4029,-0.4056
1142510,20142,2.3156,-0.4250,-0.3422
1142510,20145,2.1530,-0.3769,-0.4170
1142510,20146,2.2790,-0.3973,-0.3569
1142510,20149,2.2028,-0.3856,-0.4064
1142510,20150,2.3239,-0.4052,-0.3429
1142510,20153,2.1840,-0.3627,-0.4223
1142510,20154,2.3058,-0.3813,-0.3610
1142510,20157,2.1983,-0.3647,-0.4050
1142510,20158,2.3212,-0.3838,-0.3424
1142510,20161,2.1600,-0.3390,-0.4171
1142510,20162,2.2878,-0.3578,-0.3576
1142510,20165,2.1957,-0.3442,-0.4039
1142510,20166,2.3247,-0.3632,-0.3424
1142510,20169,2.1707,-0.3209,-0.4186
1142510,20170,2.2978,-0.3385,-0.3591
1142510,20173,2.2014,-0.3247,-0.4044
1142510,20174,2.3000,-0.3384,-0.3387
1142510,20177,2.0895,-0.2907,-0.4407
1142510,20178,2.2156,-0.3070,-0.3860
1142510,20181,2.1298,-0.2959,-0.4297
1142510,20182,2.2453,-0.3108,-0.3708
1142510,20185,2.1054,-0.2738,-0.4435
1142510,20186,2.2251,-0.2882,-0.3876
1142510,20189,2.1204,-0.2754,-0.4273
1142510,20190,2.2476,-0.2907,-0.3711
1142510,20193,2.1032,-0.2545,-0.4426
1142510,20194,2.2286,-0.2685,-0.3877
1142510,20197,2.1614,-0.2612,-0.4350
1142510,20198,2.2302,-0.2683,-0.3678
1142510,20201,2.0961,-0.2347,-0.4406
1142510,20202,2.2019,-0.2454,-0.3831
1142510,20205,2.1022,-0.2351,-0.4227
1142510,20206,2.2449,-0.2502,-0.3703
1142510,20209,2.1040,-0.2167,-0.4419
1142510,20210,2.2097,-0.2264,-0.3841
1142510,20213,2.1238,-0.2183,-0.4266
1142510,20214,2.2397,-0.2295,-0.3691
1142510,20217,2.1091,-0.1983,-0.4426
1142510,20218,2.1960,-0.2053,-0.3814
1142510,20221,2.1304,-0.1999,-0.4276
1142510,20222,2.2363,-0.2090,-0.3682
1142510,20225,2.0940,-0.1780,-0.4390
1142510,20226,2.2137,-0.1874,-0.3845
1142510,20229,2.1132,-0.1793,-0.4238
1142510,20230,2.2297,-0.1884,-0.3668
1142510,20233,2.1021,-0.1595,-0.4404
1142510,20234,2.2013,-0.1667,-0.3821
1142510,20237,2.1228,-0.1611,-0.4254
1142510,20238,2.2196,-0.1677,-0.3653
1142510,20241,2.0946,-0.1402,-0.4386
1142510,20242,2.2163,-0.1480,-0.3845
1142510,20245,2.1605,-0.1446,-0.4327
1142510,20246,2.2413,-0.1493,-0.3686
1142510,20249,2.0922,-0.1214,-0.4378
1142510,20250,2.1998,-0.1272,-0.3814
1142510,20253,2.1285,-0.1235,-0.4260
1142510,20254,2.2570,-0.1305,-0.3710
1142510,20257,2.0912,-0.1026,-0.4374
1142510,20258,2.2187,-0.1085,-0.3849
1142510,20261,2.1472,-0.1054,-0.4296
1142510,20262,2.2441,-0.1098,-0.3687
1142510,20265,2.1041,-0.0845,-0.4399
1142510,20266,2.1917,-0.0876,-0.3801
1142510,20269,2.1263,-0.0854,-0.4252
1142510,20270,2.2575,-0.0903,-0.3708
1142510,20273,2.0933,-0.0654,-0.4375
1142510,20274,2.2171,-0.0689,-0.3843
1142510,20277,2.1426,-0.0670,-0.4283
1142510,20278,2.2359,-0.0695,-0.3675
1142510,20281,2.0964,-0.0468,-0.4381
1142510,20282,2.2220,-0.0493,-0.3851
1142510,20285,2.1347,-0.0477,-0.4267
1142510,20286,2.2542,-0.0500,-0.3704
1142510,20289,2.0959,-0.0278,-0.4379
1142510,20290,2.2015,-0.0292,-0.3815
1142510,20293,2.1198,-0.0281,-0.4236
1142510,20294,2.2460,-0.0298,-0.3690
1142510,20297,2.0892,-0.0091,-0.4365
1142510,20298,2.1954,-0.0096,-0.3804
1142510,20301,2.1437,-0.0094,-0.4284
1142510,20302,2.2320,-0.0097,-0.3667
1142510,20305,2.1676,-0.3008,-0.4174
1142510,20306,2.2700,-0.3138,-0.3543
1142510,20309,2.1816,-0.3023,-0.4003
1142510,20310,2.2957,-0.3173,-0.3377
1142510,20313,2.1626,-0.2805,-0.4160
1142510,20314,2.2995,-0.2974,-0.3590
1142510,20317,2.1833,-0.2832,-0.4001
1142510,20318,2.3108,-0.2985,-0.3395
1142510,20321,2.1626,-0.2609,-0.4155
1142510,20322,2.2846,-0.2748,-0.3562
1142510,20325,2.2105,-0.2667,-0.4046
1142510,20326,2.3166,-0.2783,-0.3404
1142510,20329,2.1739,-0.2427,-0.4173
1142510,20330,2.2863,-0.2544,-0.3561
1142510,20333,2.1738,-0.2427,-0.3975
1142510,20334,2.3142,-0.2575,-0.3397
1142510,20337,2.1427,-0.2199,-0.4109
1142510,20338,2.2624,-0.2314,-0.3525
1142510,20341,2.1862,-0.2244,-0.3994
1142510,20342,2.3033,-0.2356,-0.3378
1142510,20345,2.1592,-0.2022,-0.4137
1142510,20346,2.2496,-0.2103,-0.3502
1142510,20349,2.1862,-0.2047,-0.3990
1142510,20350,2.2743,-0.2122,-0.3336
1142510,20353,2.1835,-0.1853,-0.4180
1142510,20354,2.2727,-0.1920,-0.3535
1142510,20357,2.1791,-0.1845,-0.3974
1142510,20358,2.2978,-0.1938,-0.3368
1142510,20361,2.1643,-0.1643,-0.4140
1142510,20362,2.2722,-0.1716,-0.3532
1142510,20365,2.1876,-0.1656,-0.3987
1142510,20366,2.2915,-0.1731,-0.3357
1142510,20369,2.1812,-0.1460,-0.4170
1142510,20370,2.2807,-0.1519,-0.3547
1142510,20373,2.1846,-0.1459,-0.3979
1142510,20374,2.2957,-0.1529,-0.3361
1142510,20377,2.1722,-0.1260,-0.4151
1142510,20378,2.2812,-0.1315,-0.3546
1142510,20381,2.1803,-0.1261,-0.3969
1142510,20382,2.2915,-0.1321,-0.3353
1142510,20385,2.1967,-0.1078,-0.4196
1142510,20386,2.2704,-0.1110,-0.3527
1142510,20389,2.2053,-0.1079,-0.4012
1142510,20390,2.2953,-0.1119,-0.3361
1142510,20393,2.1707,-0.0872,-0.4144
1142510,20394,2.2660,-0.0906,-0.3519
1142510,20397,2.2055,-0.0882,-0.4011
1142510,20398,2.3012,-0.0920,-0.3368
1142510,20401,2.1609,-0.0675,-0.4124
1142510,20402,2.2757,-0.0707,-0.3533
1142510,20405,2.1932,-0.0682,-0.3988
1142510,20406,2.2762,-0.0707,-0.3330
1142510,20409,2.1643,-0.0484,-0.4130
1142510,20410,2.2529,-0.0499,-0.3497
1142510,20413,2.1925,-0.0486,-0.3985
1142510,20414,2.2929,-0.0508,-0.3354
1142510,20417,2.1467,-0.0285,-0.4095
1142510,20418,2.2623,-0.0300,-0.3511
1142510,20421,2.1956,-0.0291,-0.3990
1142510,20422,2.2920,-0.0304,-0.3352
1142510,20425,2.1522,-0.0094,-0.4106
1142510,20426,2.2539,-0.0098,-0.3497
1142510,20429,2.1706,-0.0095,-0.3945
1142510,20430,2.3044,-0.0101,-0.3370
1142510,20431,2.4485,0.0107,-0.2487
1142510,20432,2.3092,0.0101,-0.3171
1142510,20435,2.4870,0.0109,-0.2307
1142510,20436,2.3225,0.0101,-0.2979
1142510,20439,2.4558,0.0321,-0.2495
1142510,20440,2.3215,0.0308,-0.3189
1142510,20443,2.4739,0.0324,-0.2295
1142510,20444,2.3267,0.0309,-0.2985
1142510,20447,2.4462,0.0542,-0.2485
1142510,20448,2.2861,0.0507,-0.3140
1142510,20451,2.4872,0.0547,-0.2308
1142510,20452,2.3176,0.0514,-0.2974
1142510,20455,2.4374,0.0753,-0.2477
1142510,20456,2.2910,0.0712,-0.3148
1142510,20459,2.4797,0.0766,-0.2301
1142510,20460,2.3431,0.0724,-0.3007
1142510,20463,2.4445,0.0973,-0.2485
1142510,20464,2.2972,0.0915,-0.3153
1142510,20467,2.4736,0.0985,-0.2296
1142510,20468,2.3256,0.0926,-0.2986
1142510,20471,2.4493,0.1189,-0.2491
1142510,20472,2.2835,0.1113,-0.3136
1142510,20475,2.4621,0.1196,-0.2282
1142510,20476,2.3318,0.1136,-0.2995
1142510,20479,2.4469,0.1407,-0.2490
1142510,20480,2.2957,0.1324,-0.3154
1142510,20483,2.4792,0.1425,-0.2299
1142510,20484,2.3363,0.1347,-0.3002
1142510,20487,2.4454,0.1624,-0.2489
1142510,20488,2.2817,0.1520,-0.3137
1142510,20491,2.4836,0.1645,-0.2305
1142510,20492,2.3359,0.1551,-0.3003
1142510,20495,2.4434,0.1837,-0.2485
1142510,20496,2.3043,0.1737,-0.3170
1142510,20499,2.4846,0.1868,-0.2307
1142510,20500,2.3183,0.1747,-0.2978
1142510,20503,2.4588,0.2069,-0.2502
1142510,20504,2.3128,0.1950,-0.3184
1142510,20507,2.4679,0.2072,-0.2293
1142510,20508,2.3253,0.1961,-0.2989
1142510,20511,2.4453,0.2273,-0.2490
1142510,20512,2.2979,0.2144,-0.3161
1142510,20515,2.4917,0.2316,-0.2317
1142510,20516,2.3357,0.2175,-0.3005
1142510,20519,2.4330,0.2480,-0.2480
1142510,20520,2.3010,0.2349,-0.3168
1142510,20523,2.4755,0.2523,-0.2304
1142510,20524,2.3334,0.2383,-0.3005
1142510,20527,2.4371,0.2699,-0.2486
1142510,20528,2.3099,0.2567,-0.3184
1142510,20531,2.4858,0.2753,-0.2311
1142510,20532,2.3308,0.2590,-0.3004
1142510,20535,2.4371,0.2919,-0.2485
1142510,20536,2.3073,0.2772,-0.3179
1142510,20539,2.4763,0.2966,-0.2305
1142510,20540,2.3429,0.2810,-0.3019
1142510,20543,2.4543,0.3161,-0.2505
1142510,20544,2.3046,0.2973,-0.3179
1142510,20547,2.4726,0.3181,-0.2304
1142510,20548,2.3271,0.3002,-0.3002
1142510,20551,2.4435,0.3365,-0.2497
1142510,20552,2.3013,0.3177,-0.3178
1142510,20555,2.4880,0.3426,-0.2321
1142510,20556,2.3266,0.3212,-0.3005
1142510,20559,2.5288,0.0110,-0.2119
1142510,20560,2.3551,0.0103,-0.2812
1142510,20563,2.5513,0.0111,-0.1914
1142510,20564,2.4261,0.0106,-0.2678
1142510,20567,2.5085,0.0328,-0.2102
1142510,20568,2.3475,0.0311,-0.2804
1142510,20571,2.5498,0.0334,-0.1913
1142510,20572,2.4121,0.0320,-0.2663
1142510,20575,2.5274,0.0556,-0.2118
1142510,20576,2.3476,0.0520,-0.2804
1142510,20579,2.5552,0.0562,-0.1917
1142510,20580,2.4045,0.0533,-0.2655
1142510,20583,2.5146,0.0777,-0.2108
1142510,20584,2.3510,0.0726,-0.2809
1142510,20587,2.5595,0.0791,-0.1921
1142510,20588,2.4166,0.0747,-0.2669
1142510,20591,2.5186,0.1003,-0.2112
1142510,20592,2.3564,0.0938,-0.2816
1142510,20595,2.5645,0.1017,-0.1925
1142510,20596,2.3912,0.0952,-0.2642
1142510,20599,2.5228,0.1225,-0.2117
1142510,20600,2.3628,0.1151,-0.2825
1142510,20603,2.5537,0.1240,-0.1918
1142510,20604,2.4140,0.1176,-0.2668
1142510,20607,2.5162,0.1446,-0.2112
1142510,20608,2.3734,0.1364,-0.2835
1142510,20611,2.5328,0.1452,-0.1903
1142510,20612,2.4007,0.1380,-0.2655
1142510,20615,2.5219,0.1671,-0.2118
1142510,20616,2.3807,0.1581,-0.2845
1142510,20619,2.5530,0.1691,-0.1915
1142510,20620,2.4249,0.1611,-0.2683
1142510,20623,2.5169,0.1892,-0.2115
1142510,20624,2.3825,0.1796,-0.2849
1142510,20627,2.5477,0.1916,-0.1912
1142510,20628,2.4180,0.1818,-0.2677
1142510,20631,2.5133,0.2111,-0.2114
1142510,20632,2.3629,0.1988,-0.2828
1142510,20635,2.5567,0.2147,-0.1920
1142510,20636,2.4218,0.2038,-0.2683
1142510,20639,2.5203,0.2342,-0.2117
1142510,20640,2.3663,0.2203,-0.2834
1142510,20643,2.5401,0.2361,-0.1909
1142510,20644,2.4165,0.2250,-0.2675
1142510,20647,2.5019,0.2546,-0.2103
1142510,20648,2.3553,0.2405,-0.2823
1142510,20651,2.5554,0.2600,-0.1922
1142510,20652,2.3997,0.2446,-0.2659
1142510,20655,2.5212,0.2792,-0.2121
1142510,20656,2.3647,0.2623,-0.2833
1142510,20659,2.5326,0.2805,-0.1907
1142510,20660,2.4188,0.2683,-0.2682
1142510,20663,2.5164,0.3010,-0.2119
1142510,20664,2.3557,0.2826,-0.2825
1142510,20667,2.5405,0.3038,-0.1915
1142510,20668,2.4180,0.2896,-0.2684
1142510,20671,2.5172,0.3238,-0.2122
1142510,20672,2.3690,0.3052,-0.2844
1142510,20675,2.5413,0.3269,-0.1913
1142510,20676,2.4070,0.3101,-0.2671
1142510,20679,2.5131,0.3456,-0.2117
1142510,20680,2.3573,0.3250,-0.2829
1142510,20683,2.5649,0.3527,-0.1933
1142510,20684,2.4002,0.3309,-0.2666
1142510,20687,2.4709,0.3627,-0.2528
1142510,20688,2.3178,0.3410,-0.3201
1142510,20691,2.5135,0.3685,-0.2343
1142510,20692,2.3449,0.3442,-0.3028
1142510,20695,2.4643,0.3837,-0.2520
1142510,20696,2.3276,0.3632,-0.3219
1142510,20699,2.4889,0.3875,-0.2323
1142510,20700,2.3451,0.3660,-0.3032
1142510,20703,2.4689,0.4065,-0.2528
1142510,20704,2.3177,0.3829,-0.3210
1142510,20707,2.4930,0.4105,-0.2330
1142510,20708,2.3445,0.3869,-0.3031
1142510,20711,2.4804,0.4307,-0.2544
1142510,20712,2.3263,0.4056,-0.3222
1142510,20715,2.5264,0.4387,-0.2365
1142510,20716,2.3511,0.4095,-0.3044
1142510,20719,2.4703,0.4534,-0.2533
1142510,20720,2.3290,0.4275,-0.3231
1142510,20723,2.5042,0.4596,-0.2344
1142510,20724,2.3539,0.4320,-0.3053
1142510,20727,2.4771,0.4770,-0.2545
1142510,20728,2.3435,0.4513,-0.3252
1142510,20731,2.5039,0.4822,-0.2348
1142510,20732,2.3672,0.4558,-0.3071
1142510,20735,2.4571,0.4954,-0.2528
1142510,20736,2.3277,0.4693,-0.3236
1142510,20739,2.4876,0.5016,-0.2336
1142510,20740,2.3554,0.4749,-0.3061
1142510,20743,2.3836,0.5023,-0.2453
1142510,20744,2.2982,0.4843,-0.3196
1142510,20748,2.3200,0.4889,-0.3016
1142510,20752,2.2624,0.4974,-0.3152
1142510,20760,2.3238,0.5322,-0.3240
1142510,20764,2.3562,0.5396,-0.3071
1142510,20767,2.4822,0.5913,-0.2565
1142510,20768,2.3897,0.5693,-0.3335
1142510,20771,2.5055,0.5969,-0.2362
1142510,20772,2.4268,0.5781,-0.3169
1142510,20775,2.4593,0.6086,-0.2542
1142510,20776,2.3783,0.5886,-0.3326
1142510,20779,2.4978,0.6181,-0.2360
1142510,20780,2.4270,0.6006,-0.3172
1142510,20783,2.4728,0.6349,-0.2562
1142510,20784,2.3626,0.6066,-0.3307
1142510,20787,2.5066,0.6436,-0.2369
1142510,20788,2.3855,0.6125,-0.3120
1142510,20791,2.4726,0.6579,-0.2567
1142510,20792,2.3464,0.6243,-0.3287
1142510,20795,2.5022,0.6658,-0.2370
1142510,20796,2.4091,0.6410,-0.3158
1142510,20799,2.4820,0.6837,-0.2579
1142510,20800,2.3826,0.6563,-0.3346
1142510,20803,2.5168,0.6932,-0.2385
1142510,20804,2.4205,0.6667,-0.3176
1142510,20807,2.4641,0.7019,-0.2562
1142510,20808,2.3716,0.6756,-0.3334
1142510,20811,2.4981,0.7116,-0.2373
1142510,20812,2.3858,0.6796,-0.3134
1142510,20815,2.5326,0.3713,-0.2136
1142510,20816,2.4041,0.3529,-0.2889
1142510,20819,2.5621,0.3751,-0.1933
1142510,20820,2.4192,0.3551,-0.2691
1142510,20823,2.5378,0.3947,-0.2143
1142510,20824,2.3976,0.3733,-0.2885
1142510,20827,2.5756,0.4006,-0.1946
1142510,20828,2.4288,0.3782,-0.2705
1142510,20831,2.5288,0.4164,-0.2139
1142510,20832,2.3933,0.3949,-0.2880
1142510,20835,2.5862,0.4254,-0.1957
1142510,20836,2.4403,0.4018,-0.2717
1142510,20839,2.5397,0.4410,-0.2146
1142510,20840,2.4017,0.4179,-0.2894
1142510,20843,2.5627,0.4450,-0.1937
1142510,20844,2.4116,0.4196,-0.2689
1142510,20847,2.5315,0.4646,-0.2143
1142510,20848,2.4203,0.4442,-0.2921
1142510,20851,2.5886,0.4751,-0.1960
1142510,20852,2.4231,0.4447,-0.2702
1142510,20855,2.5547,0.4919,-0.2166
1142510,20856,2.3966,0.4615,-0.2893
1142510,20859,2.5747,0.4958,-0.1953
1142510,20860,2.4147,0.4650,-0.2697
1142510,20863,2.5353,0.5112,-0.2154
1142510,20864,2.3971,0.4833,-0.2899
1142510,20867,2.5595,0.5161,-0.1945
1142510,20868,2.4227,0.4885,-0.2711
1142510,20872,2.3456,0.4943,-0.2837
1142510,20876,2.3733,0.5001,-0.2656
1142510,20896,2.4320,0.5794,-0.2955
1142510,20900,2.4435,0.5821,-0.2747
1142510,20903,2.4891,0.6160,-0.2122
1142510,20904,2.4068,0.5956,-0.2926
1142510,20908,2.4361,0.6029,-0.2740
1142510,20911,2.5109,0.6447,-0.2145
1142510,20912,2.4273,0.6232,-0.2957
1142510,20916,2.4381,0.6260,-0.2748
1142510,20919,2.5375,0.6752,-0.2173
1142510,20920,2.4138,0.6423,-0.2943
1142510,20924,2.4426,0.6499,-0.2755
1142510,20927,2.5276,0.6962,-0.2169
1142510,20928,2.4057,0.6626,-0.2936
1142510,20932,2.4222,0.6672,-0.2738
1142510,20935,2.5215,0.7183,-0.2160
1142510,20936,2.4159,0.6882,-0.2955
1142510,20940,2.4564,0.6997,-0.2779
1142510,20943,2.4865,0.7318,-0.2592
1142510,20944,2.3799,0.7050,-0.3352
1142510,20947,2.5110,0.7390,-0.2387
1142510,20948,2.4095,0.7091,-0.3173
1142510,20951,2.4699,0.7504,-0.2577
1142510,20952,2.3766,0.7266,-0.3356
1142510,20955,2.5168,0.7647,-0.2398
1142510,20956,2.3893,0.7259,-0.3150
1142510,20959,2.4842,0.7785,-0.2598
1142510,20960,2.3713,0.7477,-0.3353
1142510,20963,2.5179,0.7891,-0.2401
1142510,20964,2.4167,0.7573,-0.3190
1142510,20967,2.4705,0.7979,-0.2587
1142510,20968,2.3721,0.7708,-0.3359
1142510,20971,2.4994,0.8073,-0.2390
1142510,20972,2.3861,0.7753,-0.3161
1142510,20975,2.4732,0.8227,-0.2597
1142510,20976,2.3615,0.7901,-0.3349
1142510,20979,2.5234,0.8394,-0.2415
1142510,20980,2.3924,0.8005,-0.3174
1142510,20983,2.4635,0.8435,-0.2590
1142510,20984,2.3614,0.8131,-0.3355
1142510,20987,2.5211,0.8632,-0.2420
1142510,20988,2.3888,0.8225,-0.3174
1142510,20991,2.4767,0.8722,-0.2607
1142510,20992,2.3490,0.8318,-0.3347
1142510,20995,2.4922,0.8776,-0.2395
1142510,20996,2.3741,0.8407,-0.3159
1142510,20999,2.4698,0.8941,-0.2608
1142510,21000,2.3579,0.8582,-0.3366
1142510,21003,2.4976,0.9041,-0.2403
1142510,21004,2.3615,0.8595,-0.3148
1142510,21007,2.4475,0.9102,-0.2588
1142510,21008,2.3473,0.8776,-0.3357
1142510,21011,2.4894,0.9258,-0.2403
1142510,21012,2.3756,0.8882,-0.3177
1142510,21015,2.4735,0.9445,-0.2619
1142510,21016,2.3585,0.9053,-0.3380
1142510,21019,2.5123,0.9594,-0.2428
1142510,21020,2.3686,0.9092,-0.3174
1142510,21023,2.4851,0.9739,-0.2641
1142510,21024,2.3595,0.9294,-0.3388
1142510,21027,2.5292,0.9912,-0.2453
1142510,21028,2.3807,0.9378,-0.3196
1142510,21031,2.4894,1.0008,-0.2650
1142510,21032,2.3258,0.9397,-0.3347
1142510,21036,2.3828,0.9627,-0.3206
1142510,21040,2.3346,0.9670,-0.3367
1142510,21044,2.3507,0.9737,-0.3169
1142510,21048,2.2897,0.9719,-0.3310
1142510,21052,2.3492,0.9972,-0.3174
1142510,21056,2.2741,0.9888,-0.3296
1142510,21060,2.2855,0.9937,-0.3095
1142510,21071,2.5201,0.7417,-0.2164
1142510,21072,2.4271,0.7143,-0.2972
1142510,21075,2.5057,0.7375,-0.1923
1142510,21076,2.4682,0.7264,-0.2800
1142510,21079,2.4914,0.7569,-0.2145
1142510,21080,2.4233,0.7363,-0.2971
1142510,21084,2.4502,0.7444,-0.2782
1142510,21087,2.5117,0.7871,-0.2169
1142510,21088,2.4266,0.7605,-0.2983
1142510,21092,2.4303,0.7616,-0.2762
1142510,21095,2.4631,0.7956,-0.2124
1142510,21096,2.4108,0.7787,-0.2967
1142510,21099,2.5019,0.8081,-0.1935
1142510,21100,2.4422,0.7888,-0.2784
1142510,21103,2.4662,0.8204,-0.2132
1142510,21104,2.4143,0.8031,-0.2975
1142510,21108,2.4316,0.8089,-0.2775
1142510,21111,2.4729,0.8467,-0.2144
1142510,21112,2.4225,0.8294,-0.2994
1142510,21115,2.4895,0.8524,-0.1928
1142510,21116,2.4584,0.8417,-0.2809
1142510,21120,2.4217,0.8528,-0.2998
1142510,21124,2.4382,0.8586,-0.2794
1142510,21128,2.4121,0.8779,-0.2993
1142510,21132,2.4523,0.8877,-0.2815
1142510,21136,2.4025,0.8982,-0.2986
1142510,21139,2.4848,0.9241,-0.1933
1142510,21140,2.4200,0.9000,-0.2782
1142510,21144,2.3917,0.9181,-0.2982
1142510,21147,2.4928,0.9519,-0.1945
1142510,21148,2.4308,0.9282,-0.2804
1142510,21152,2.3610,0.9300,-0.2949
1142510,21156,2.4503,0.9603,-0.2831
1142510,21159,2.4781,0.9962,-0.2177
1142510,21160,2.3706,0.9578,-0.2967
1142510,21164,2.4176,0.9719,-0.2798
1142510,21168,2.3890,0.9896,-0.2997
1142510,21172,2.4137,0.9949,-0.2799
1142510,21721,2.2922,-0.9967,-0.3322
1142510,21729,2.3121,-0.9814,-0.3343
1142510,21733,2.3341,-0.9908,-0.3154
1142510,21737,2.3076,-0.9558,-0.3328
1142510,21738,2.4232,-0.9988,-0.2584
1142510,21741,2.3579,-0.9767,-0.3179
1142510,21745,2.3071,-0.9321,-0.3320
1142510,21746,2.4331,-0.9781,-0.2590
1142510,21749,2.3411,-0.9459,-0.3149
1142510,21750,2.4846,-0.9988,-0.2413
1142510,21753,2.2936,-0.9035,-0.3294
1142510,21754,2.4472,-0.9591,-0.2600
1142510,21757,2.3491,-0.9253,-0.3154
1142510,21758,2.4900,-0.9758,-0.2415
1142510,21761,2.3054,-0.8850,-0.3304
1142510,21762,2.4381,-0.9310,-0.2582
1142510,21765,2.3528,-0.9032,-0.3153
1142510,21766,2.5103,-0.9586,-0.2427
1142510,21769,2.3127,-0.8647,-0.3308
1142510,21770,2.4444,-0.9091,-0.2585
1142510,21773,2.3421,-0.8757,-0.3132
1142510,21774,2.4992,-0.9294,-0.2413
1142510,21777,2.3125,-0.8417,-0.3301
1142510,21778,2.4768,-0.8966,-0.2615
1142510,21781,2.3286,-0.8475,-0.3104
1142510,21782,2.5098,-0.9085,-0.2415
1142510,21785,2.3186,-0.8211,-0.3304
1142510,21786,2.4528,-0.8638,-0.2582
1142510,21789,2.3426,-0.8296,-0.3117
1142510,21790,2.4779,-0.8726,-0.2382
1142510,21793,2.3222,-0.7996,-0.3299
1142510,21794,2.4467,-0.8377,-0.2572
1142510,21797,2.3365,-0.8045,-0.3104
1142510,21798,2.4885,-0.8520,-0.2389
1142510,21801,2.3260,-0.7783,-0.3299
1142510,21802,2.4643,-0.8198,-0.2588
1142510,21805,2.3317,-0.7802,-0.3093
1142510,21806,2.4657,-0.8202,-0.2360
1142510,21809,2.3318,-0.7577,-0.3302
1142510,21810,2.4646,-0.7960,-0.2581
1142510,21813,2.3583,-0.7663,-0.3124
1142510,21814,2.4777,-0.8003,-0.2370
1142510,21817,2.3338,-0.7358,-0.3300
1142510,21818,2.4528,-0.7687,-0.2566
1142510,21821,2.3678,-0.7420,-0.3126
1142510,21822,2.4785,-0.7767,-0.2364
1142510,21825,2.3378,-0.7147,-0.3301
1142510,21826,2.4501,-0.7444,-0.2556
1142510,21829,2.3611,-0.7174,-0.3113
1142510,21830,2.4988,-0.7592,-0.2381
1142510,21833,2.3389,-0.6928,-0.3294
1142510,21834,2.4710,-0.7273,-0.2576
1142510,21837,2.3718,-0.6981,-0.3123
1142510,21838,2.5061,-0.7376,-0.2382
1142510,21865,2.3616,-0.9782,-0.2962
1142510,21869,2.4019,-0.9900,-0.2786
1142510,21873,2.3638,-0.9551,-0.2959
1142510,21877,2.4049,-0.9667,-0.2784
1142510,21881,2.3728,-0.9347,-0.2964
1142510,21882,2.5231,-0.9888,-0.2214
1142510,21885,2.3925,-0.9376,-0.2764
1142510,21889,2.3720,-0.9105,-0.2958
1142510,21890,2.5192,-0.9620,-0.2203
1142510,21893,2.4119,-0.9210,-0.2782
1142510,21894,2.5756,-0.9835,-0.2010
1142510,21897,2.3843,-0.8914,-0.2963
1142510,21898,2.5452,-0.9465,-0.2218
1142510,21901,2.4077,-0.8954,-0.2768
1142510,21902,2.5859,-0.9617,-0.2012
1142510,21905,2.3754,-0.8646,-0.2947
1142510,21906,2.5207,-0.9125,-0.2190
1142510,21909,2.4072,-0.8714,-0.2763
1142510,21910,2.5865,-0.9363,-0.2015
1142510,21913,2.3876,-0.8408,-0.2956
1142510,21914,2.5528,-0.8990,-0.2220
1142510,21917,2.4090,-0.8483,-0.2761
1142510,21918,2.5858,-0.9106,-0.2008
1142510,21921,2.3780,-0.8142,-0.2939
1142510,21922,2.5347,-0.8678,-0.2198
1142510,21925,2.4101,-0.8251,-0.2754
1142510,21926,2.5812,-0.8837,-0.1999
1142510,21929,2.3834,-0.7929,-0.2937
1142510,21930,2.5416,-0.8455,-0.2197
1142510,21933,2.4243,-0.8065,-0.2766
1142510,21934,2.5681,-0.8543,-0.1983
1142510,21937,2.3743,-0.7669,-0.2922
1142510,21938,2.5525,-0.8244,-0.2201
1142510,21941,2.4054,-0.7769,-0.2742
1142510,21942,2.5787,-0.8329,-0.1995
1142510,21945,2.3904,-0.7491,-0.2938
1142510,21946,2.5655,-0.8040,-0.2215
1142510,21949,2.4326,-0.7623,-0.2765
1142510,21950,2.5798,-0.8085,-0.1990
1142510,21953,2.3973,-0.7283,-0.2939
1142510,21954,2.5581,-0.7772,-0.2203
1142510,21957,2.4371,-0.7405,-0.2767
1142510,21958,2.5870,-0.7860,-0.1990
1142510,21961,2.3960,-0.7052,-0.2934
1142510,21962,2.5752,-0.7579,-0.2212
1142510,21965,2.4278,-0.7145,-0.2754
1142510,21966,2.5896,-0.7622,-0.1987
1142510,21969,2.3560,-0.6711,-0.3312
1142510,21970,2.4600,-0.7008,-0.2558
1142510,21973,2.3478,-0.6688,-0.3084
1142510,21974,2.5418,-0.7241,-0.2415
1142510,21977,2.3341,-0.6429,-0.3278
1142510,21978,2.4675,-0.6797,-0.2564
1142510,21981,2.3466,-0.6464,-0.3079
1142510,21982,2.4989,-0.6883,-0.2368
1142510,21985,2.3391,-0.6224,-0.3277
1142510,21986,2.4780,-0.6594,-0.2573
1142510,21989,2.3625,-0.6286,-0.3097
1142510,21990,2.5055,-0.6667,-0.2373
1142510,21993,2.3443,-0.6019,-0.3281
1142510,21994,2.4634,-0.6325,-0.2552
1142510,21997,2.3695,-0.6084,-0.3099
1142510,21998,2.5190,-0.6468,-0.2381
1142510,22001,2.3383,-0.5787,-0.3270
1142510,22002,2.4730,-0.6120,-0.2556
1142510,22005,2.3538,-0.5825,-0.3076
1142510,22006,2.4947,-0.6174,-0.2357
1142510,22009,2.3201,-0.5527,-0.3237
1142510,22010,2.4728,-0.5891,-0.2555
1142510,22013,2.3973,-0.5711,-0.3131
1142510,22014,2.4811,-0.5911,-0.2339
1142510,22017,2.3216,-0.5317,-0.3237
1142510,22018,2.4811,-0.5682,-0.2559
1142510,22021,2.3764,-0.5443,-0.3097
1142510,22022,2.5113,-0.5752,-0.2363
1142510,22025,2.3297,-0.5122,-0.3246
1142510,22026,2.4967,-0.5489,-0.2574
1142510,22029,2.3852,-0.5244,-0.3107
1142510,22030,2.5291,-0.5561,-0.2379
1142510,22033,2.3746,-0.5004,-0.3303
1142510,22034,2.4711,-0.5207,-0.2543
1142510,22037,2.3694,-0.4993,-0.3080
1142510,22038,2.5080,-0.5285,-0.2355
1142510,22041,2.3256,-0.4689,-0.3233
1142510,22042,2.4758,-0.4992,-0.2548
1142510,22045,2.3904,-0.4820,-0.3107
1142510,22046,2.4966,-0.5034,-0.2345
1142510,22049,2.3603,-0.4545,-0.3275
1142510,22050,2.4797,-0.4775,-0.2547
1142510,22053,2.3659,-0.4556,-0.3069
1142510,22054,2.5262,-0.4865,-0.2368
1142510,22057,2.3401,-0.4295,-0.3246
1142510,22058,2.4888,-0.4568,-0.2552
1142510,22061,2.4097,-0.4423,-0.3125
1142510,22062,2.5063,-0.4600,-0.2346
1142510,22065,2.3365,-0.4074,-0.3236
1142510,22066,2.4734,-0.4294,-0.2537
1142510,22069,2.3783,-0.4142,-0.3080
1142510,22070,2.5078,-0.4354,-0.2348
1142510,22073,2.3513,-0.3884,-0.3256
1142510,22074,2.4804,-0.4084,-0.2540
1142510,22077,2.3829,-0.3932,-0.3081
1142510,22078,2.5283,-0.4163,-0.2363
1142510,22081,2.3372,-0.3647,-0.3232
1142510,22082,2.4684,-0.3843,-0.2524
1142510,22085,2.3992,-0.3744,-0.3102
1142510,22086,2.5269,-0.3934,-0.2359
1142510,22089,2.3359,-0.3437,-0.3226
1142510,22090,2.5041,-0.3675,-0.2562
1142510,22093,2.4004,-0.3523,-0.3099
1142510,22094,2.5339,-0.3715,-0.2362
1142510,22097,2.4025,-0.6844,-0.2939
1142510,22098,2.5676,-0.7314,-0.2200
1142510,22101,2.4175,-0.6886,-0.2735
1142510,22102,2.5959,-0.7395,-0.1987
1142510,22105,2.4058,-0.6627,-0.2936
1142510,22106,2.5253,-0.6956,-0.2167
1142510,22109,2.4329,-0.6701,-0.2750
1142510,22110,2.5912,-0.7137,-0.1988
1142510,22113,2.3907,-0.6361,-0.2915
1142510,22114,2.5807,-0.6867,-0.2210
1142510,22117,2.4177,-0.6433,-0.2727
1142510,22118,2.6102,-0.6945,-0.1998
1142510,22121,2.3998,-0.6162,-0.2924
1142510,22122,2.5741,-0.6609,-0.2199
1142510,22125,2.4401,-0.6265,-0.2750
1142510,22126,2.6152,-0.6715,-0.1997
1142510,22129,2.4093,-0.5962,-0.2929
1142510,22130,2.5375,-0.6280,-0.2163
1142510,22133,2.4193,-0.5987,-0.2721
1142510,22134,2.6164,-0.6475,-0.1994
1142510,22137,2.4126,-0.5748,-0.2931
1142510,22138,2.5550,-0.6087,-0.2173
1142510,22141,2.4331,-0.5796,-0.2735
1142510,22142,2.5992,-0.6192,-0.1976
1142510,22145,2.4166,-0.5535,-0.2930
1142510,22146,2.5453,-0.5829,-0.2170
1142510,22149,2.4409,-0.5590,-0.2738
1142510,22150,2.6039,-0.5964,-0.1985
1142510,22153,2.4090,-0.5297,-0.2919
1142510,22154,2.5535,-0.5614,-0.2172
1142510,22157,2.4343,-0.5352,-0.2730
1142510,22158,2.5795,-0.5671,-0.1963
1142510,22161,2.4157,-0.5091,-0.2922
1142510,22162,2.5441,-0.5361,-0.2160
1142510,22165,2.4396,-0.5141,-0.2731
1142510,22166,2.5828,-0.5443,-0.1962
1142510,22169,2.4072,-0.4854,-0.2911
1142510,22170,2.5460,-0.5134,-0.2163
1142510,22173,2.4405,-0.4921,-0.2731
1142510,22174,2.5850,-0.5212,-0.1964
1142510,22177,2.4126,-0.4646,-0.2912
1142510,22178,2.5442,-0.4899,-0.2157
1142510,22181,2.4706,-0.4758,-0.2760
1142510,22182,2.6138,-0.5033,-0.1983
1142510,22185,2.4213,-0.4444,-0.2922
1142510,22186,2.5517,-0.4683,-0.2160
1142510,22189,2.4431,-0.4484,-0.2725
1142510,22190,2.5802,-0.4736,-0.1954
1142510,22193,2.4170,-0.4205,-0.2912
1142510,22194,2.5584,-0.4442,-0.2162
1142510,22197,2.4520,-0.4266,-0.2735
1142510,22198,2.5853,-0.4489,-0.1955
1142510,22201,2.4055,-0.3969,-0.2894
1142510,22202,2.5562,-0.4209,-0.2162
1142510,22205,2.4377,-0.4014,-0.2714
1142510,22206,2.5822,-0.4247,-0.1954
1142510,22209,2.4234,-0.3773,-0.2916
1142510,22210,2.5645,-0.3988,-0.2166
1142510,22213,2.4488,-0.3813,-0.2727
1142510,22214,2.5959,-0.4037,-0.1961
1142510,22217,2.4161,-0.3546,-0.2903
1142510,22218,2.5539,-0.3744,-0.2154
1142510,22221,2.4503,-0.3597,-0.2725
1142510,22222,2.5989,-0.3805,-0.1961
1142510,22225,2.3105,-0.3190,-0.3191
1142510,22226,2.4614,-0.3389,-0.2515
1142510,22229,2.3549,-0.3251,-0.3041
1142510,22230,2.5037,-0.3447,-0.2336
1142510,22233,2.3502,-0.3032,-0.3242
1142510,22234,2.4848,-0.3201,-0.2536
1142510,22237,2.3613,-0.3046,-0.3046
1142510,22238,2.5013,-0.3218,-0.2331
1142510,22241,2.3182,-0.2785,-0.3194
1142510,22242,2.4606,-0.2947,-0.2508
1142510,22245,2.3591,-0.2830,-0.3040
1142510,22246,2.5108,-0.3007,-0.2337
1142510,22249,2.3150,-0.2572,-0.3191
1142510,22250,2.4557,-0.2720,-0.2505
1142510,22253,2.3595,-0.2622,-0.3041
1142510,22254,2.5071,-0.2777,-0.2331
1142510,22257,2.3402,-0.2389,-0.3222
1142510,22258,2.4495,-0.2497,-0.2497
1142510,22261,2.3306,-0.2380,-0.3001
1142510,22262,2.4894,-0.2537,-0.2317
1142510,22265,2.3008,-0.2147,-0.3165
1142510,22266,2.4413,-0.2269,-0.2486
1142510,22269,2.3354,-0.2175,-0.3005
1142510,22270,2.4996,-0.2323,-0.2324
1142510,22273,2.3215,-0.1958,-0.3196
1142510,22274,2.4817,-0.2088,-0.2525
1142510,22277,2.3464,-0.1979,-0.3016
1142510,22278,2.5010,-0.2100,-0.2324
1142510,22281,2.3224,-0.1750,-0.3194
1142510,22282,2.4671,-0.1855,-0.2509
1142510,22285,2.3519,-0.1773,-0.3021
1142510,22286,2.5027,-0.1882,-0.2324
1142510,22289,2.3135,-0.1541,-0.3180
1142510,22290,2.4683,-0.1639,-0.2513
1142510,22293,2.3342,-0.1550,-0.3001
1142510,22294,2.5105,-0.1663,-0.2330
1142510,22297,2.3289,-0.1343,-0.3200
1142510,22298,2.4551,-0.1411,-0.2498
1142510,22301,2.3727,-0.1368,-0.3049
1142510,22302,2.5061,-0.1441,-0.2324
1142510,22305,2.3256,-0.1133,-0.3194
1142510,22306,2.4623,-0.1196,-0.2504
1142510,22309,2.3314,-0.1136,-0.2994
1142510,22310,2.5233,-0.1225,-0.2339
1142510,22313,2.3307,-0.0928,-0.3199
1142510,22314,2.4821,-0.0988,-0.2523
1142510,22317,2.3423,-0.0933,-0.3007
1142510,22318,2.5195,-0.1003,-0.2339
1142510,22321,2.3017,-0.0715,-0.3163
1142510,22322,2.4591,-0.0760,-0.2499
1142510,22325,2.3452,-0.0725,-0.3010
1142510,22326,2.5022,-0.0773,-0.2322
1142510,22329,2.3028,-0.0511,-0.3163
1142510,22330,2.4600,-0.0545,-0.2499
1142510,22333,2.3373,-0.0518,-0.2999
1142510,22334,2.4912,-0.0548,-0.2312
1142510,22337,2.3134,-0.0307,-0.3177
1142510,22338,2.4652,-0.0323,-0.2504
1142510,22341,2.3379,-0.0310,-0.2999
1142510,22342,2.5057,-0.0328,-0.2325
1142510,22345,2.2994,-0.0100,-0.3158
1142510,22346,2.4596,-0.0107,-0.2498
1142510,22349,2.3413,-0.0102,-0.3003
1142510,22350,2.4974,-0.0109,-0.2317
1142510,22353,2.3947,-0.3302,-0.2874
1142510,22354,2.5338,-0.3484,-0.2134
1142510,22357,2.4250,-0.3343,-0.2694
1142510,22358,2.5795,-0.3547,-0.1944
1142510,22361,2.4138,-0.3109,-0.2898
1142510,22362,2.5429,-0.3271,-0.2144
1142510,22365,2.4349,-0.3136,-0.2702
1142510,22366,2.5628,-0.3297,-0.1929
1142510,22369,2.4164,-0.2898,-0.2898
1142510,22370,2.5455,-0.3044,-0.2144
1142510,22373,2.4096,-0.2886,-0.2675
1142510,22374,2.5751,-0.3080,-0.1941
1142510,22377,2.4081,-0.2671,-0.2885
1142510,22378,2.5443,-0.2818,-0.2141
1142510,22381,2.4303,-0.2696,-0.2695
1142510,22382,2.5981,-0.2877,-0.1956
1142510,22385,2.3900,-0.2440,-0.2865
1142510,22386,2.5130,-0.2557,-0.2112
1142510,22389,2.4313,-0.2478,-0.2694
1142510,22390,2.5796,-0.2625,-0.1940
1142510,22393,2.3698,-0.2207,-0.2838
1142510,22394,2.5459,-0.2366,-0.2138
1142510,22397,2.4328,-0.2265,-0.2693
1142510,22398,2.5636,-0.2383,-0.1927
1142510,22401,2.3701,-0.1994,-0.2836
1142510,22402,2.5483,-0.2140,-0.2143
1142510,22405,2.4325,-0.2047,-0.2695
1142510,22406,2.5778,-0.2165,-0.1936
1142510,22409,2.4050,-0.1813,-0.2876
1142510,22410,2.5477,-0.1916,-0.2141
1142510,22413,2.4179,-0.1818,-0.2677
1142510,22414,2.5773,-0.1938,-0.1934
1142510,22417,2.4035,-0.1596,-0.2872
1142510,22418,2.5377,-0.1681,-0.2131
1142510,22421,2.4300,-0.1614,-0.2689
1142510,22422,2.5913,-0.1717,-0.1944
1142510,22425,2.4127,-0.1387,-0.2882
1142510,22426,2.5512,-0.1467,-0.2141
1142510,22429,2.4442,-0.1405,-0.2703
1142510,22430,2.5778,-0.1477,-0.1937
1142510,22433,2.4148,-0.1177,-0.2887
1142510,22434,2.5557,-0.1241,-0.2144
1142510,22437,2.4352,-0.1187,-0.2692
1142510,22438,2.5695,-0.1248,-0.1930
1142510,22441,2.4077,-0.0959,-0.2878
1142510,22442,2.5369,-0.1010,-0.2128
1142510,22445,2.4319,-0.0968,-0.2687
1142510,22446,2.5851,-0.1025,-0.1941
1142510,22449,2.4126,-0.0746,-0.2882
1142510,22450,2.5337,-0.0783,-0.2124
1142510,22453,2.4439,-0.0755,-0.2699
1142510,22454,2.5705,-0.0794,-0.1929
1142510,22457,2.3632,-0.0524,-0.2823
1142510,22458,2.5395,-0.0559,-0.2129
1142510,22461,2.4329,-0.0539,-0.2687
1142510,22462,2.5812,-0.0568,-0.1937
1142510,22465,2.4076,-0.0319,-0.2875
1142510,22466,2.5366,-0.0332,-0.2126
1142510,22469,2.4134,-0.0320,-0.2665
1142510,22470,2.5812,-0.0338,-0.1936
1142510,22473,2.4113,-0.0105,-0.2880
1142510,22474,2.5260,-0.0110,-0.2117
1142510,22477,2.4206,-0.0106,-0.2672
1142510,22478,2.5840,-0.0113,-0.1938
1142510,22479,2.8018,0.0122,-0.0866
1142510,22480,2.5925,0.0113,-0.1713
1142510,22483,2.8216,0.0123,-0.0621
1142510,22484,2.6678,0.0116,-0.1529
1142510,22487,2.7995,0.0366,-0.0865
1142510,22488,2.6127,0.0342,-0.1726
1142510,22491,2.8178,0.0369,-0.0620
1142510,22492,2.6696,0.0349,-0.1530
1142510,22495,2.7930,0.0614,-0.0863
1142510,22496,2.5861,0.0569,-0.1709
1142510,22499,2.8088,0.0618,-0.0618
1142510,22500,2.6727,0.0588,-0.1532
1142510,22503,2.8005,0.0865,-0.0866
1142510,22504,2.5948,0.0802,-0.1715
1142510,22507,2.8198,0.0871,-0.0621
1142510,22508,2.6492,0.0819,-0.1519
1142510,22511,2.7813,0.1102,-0.0860
1142510,22512,2.5949,0.1029,-0.1716
1142510,22515,2.8077,0.1113,-0.0618
1142510,22516,2.6762,0.1061,-0.1535
1142510,22519,2.7876,0.1354,-0.0862
1142510,22520,2.6154,0.1270,-0.1730
1142510,22523,2.8159,0.1367,-0.0620
1142510,22524,2.6469,0.1285,-0.1519
1142510,22527,2.7780,0.1592,-0.0855
1142510,22528,2.5971,0.1488,-0.1719
1142510,22531,2.7957,0.1602,-0.0616
1142510,22532,2.6207,0.1502,-0.1504
1142510,22535,2.7708,0.1831,-0.0853
1142510,22536,2.5806,0.1710,-0.1709
1142510,22539,2.8071,0.1855,-0.0619
1142510,22540,2.6582,0.1761,-0.1527
1142510,22543,2.7569,0.2068,-0.0850
1142510,22544,2.5881,0.1941,-0.1715
1142510,22547,2.8202,0.2116,-0.0622
1142510,22548,2.6253,0.1969,-0.1509
1142510,22551,2.7901,0.2338,-0.0860
1142510,22552,2.5753,0.2163,-0.1707
1142510,22555,2.8269,0.2369,-0.0624
1142510,22556,2.6153,0.2196,-0.1500
1142510,22559,2.7703,0.2570,-0.0855
1142510,22560,2.5898,0.2402,-0.1718
1142510,22563,2.8574,0.2651,-0.0631
1142510,22564,2.6782,0.2484,-0.1537
1142510,22567,2.7641,0.2808,-0.0854
1142510,22568,2.5791,0.2624,-0.1713
1142510,22571,2.8081,0.2852,-0.0621
1142510,22572,2.6158,0.2662,-0.1502
1142510,22575,2.7592,0.3051,-0.0853
1142510,22576,2.5841,0.2857,-0.1713
1142510,22579,2.8196,0.3118,-0.0624
1142510,22580,2.6548,0.2936,-0.1526
1142510,22583,2.7880,0.3329,-0.0863
1142510,22584,2.6048,0.3115,-0.1729
1142510,22587,2.7859,0.3327,-0.0617
1142510,22588,2.6516,0.3171,-0.1526
1142510,22591,2.7840,0.3571,-0.0862
1142510,22592,2.5715,0.3303,-0.1708
1142510,22595,2.7806,0.3567,-0.0617
1142510,22596,2.6637,0.3422,-0.1534
1142510,22599,2.7719,0.3807,-0.0860
1142510,22600,2.6225,0.3606,-0.1744
1142510,22603,2.7945,0.3838,-0.0620
1142510,22604,2.6465,0.3635,-0.1526
1142510,22608,2.7069,0.0118,-0.1310
1142510,22611,2.9751,0.0130,-0.0130
1142510,22612,2.7572,0.0120,-0.1093
1142510,22616,2.7155,0.0355,-0.1314
1142510,22619,2.9904,0.0391,-0.0130
1142510,22620,2.7393,0.0359,-0.1086
1142510,22623,2.9580,0.0651,-0.0387
1142510,22624,2.6898,0.0592,-0.1302
1142510,22627,2.9649,0.0652,-0.0129
1142510,22628,2.7451,0.0604,-0.1088
1142510,22631,2.9498,0.0912,-0.0386
1142510,22632,2.6973,0.0834,-0.1306
1142510,22635,2.9605,0.0915,-0.0129
1142510,22636,2.7386,0.0846,-0.1086
1142510,22639,2.9189,0.1157,-0.0382
1142510,22640,2.7202,0.1078,-0.1317
1142510,22643,2.9789,0.1181,-0.0130
1142510,22644,2.7507,0.1090,-0.1091
1142510,22647,2.9035,0.1410,-0.0381
1142510,22648,2.6915,0.1307,-0.1304
1142510,22651,2.9576,0.1431,-0.0129
1142510,22652,2.7339,0.1328,-0.1085
1142510,22655,2.9143,0.1670,-0.0382
1142510,22656,2.7122,0.1554,-0.1314
1142510,22659,2.9396,0.1685,-0.0128
1142510,22660,2.7207,0.1559,-0.1080
1142510,22663,2.9193,0.1929,-0.0383
1142510,22664,2.6967,0.1786,-0.1308
1142510,22667,2.9463,0.1947,-0.0129
1142510,22668,2.7263,0.1806,-0.1083
1142510,22671,2.9074,0.2181,-0.0382
1142510,22672,2.6798,0.2010,-0.1300
1142510,22675,2.9349,0.2202,-0.0128
1142510,22676,2.7182,0.2039,-0.1080
1142510,22679,2.9087,0.2437,-0.0382
1142510,22680,2.6830,0.2253,-0.1303
1142510,22683,2.9513,0.2473,-0.0129
1142510,22684,2.7344,0.2291,-0.1088
1142510,22687,2.8558,0.2649,-0.0375
1142510,22688,2.6977,0.2503,-0.1311
1142510,22691,2.9526,0.2739,-0.0129
1142510,22692,2.7228,0.2526,-0.1084
1142510,22695,2.8445,0.2889,-0.0374
1142510,22696,2.6873,0.2730,-0.1307
1142510,22699,2.9518,0.2998,-0.0129
1142510,22700,2.7167,0.2760,-0.1082
1142510,22703,2.8934,0.3199,-0.0381
1142510,22704,2.6865,0.2971,-0.1308
1142510,22707,2.9418,0.3248,-0.0129
1142510,22708,2.7455,0.3036,-0.1095
1142510,22711,2.9096,0.3475,-0.0384
1142510,22712,2.6892,0.3211,-0.1310
1142510,22715,2.9311,0.3500,-0.0129
1142510,22716,2.7312,0.3262,-0.1086
1142510,22719,2.9173,0.3742,-0.0385
1142510,22720,2.6843,0.3448,-0.1309
1142510,22723,2.9452,0.3778,-0.0130
1142510,22724,2.7294,0.3506,-0.1086
1142510,22727,2.9026,0.3986,-0.0384
1142510,22728,2.6849,0.3687,-0.1307
1142510,22731,2.9377,0.4035,-0.0129
1142510,22732,2.7359,0.3757,-0.1090
1142510,22735,2.8020,0.4098,-0.0870
1142510,22736,2.6199,0.3836,-0.1745
1142510,22739,2.8288,0.4137,-0.0629
1142510,22740,2.6750,0.3917,-0.1545
1142510,22743,2.7943,0.4341,-0.0869
1142510,22744,2.6349,0.4098,-0.1757
1142510,22747,2.8347,0.4404,-0.0631
1142510,22748,2.6736,0.4153,-0.1541
1142510,22751,2.7864,0.4578,-0.0868
1142510,22752,2.6410,0.4344,-0.1759
1142510,22755,2.8676,0.4711,-0.0634
1142510,22756,2.6714,0.4394,-0.1542
1142510,22759,2.7862,0.4828,-0.0869
1142510,22760,2.6406,0.4580,-0.1761
1142510,22763,2.8714,0.4975,-0.0636
1142510,22764,2.6900,0.4666,-0.1555
1142510,22767,2.8028,0.5094,-0.0870
1142510,22768,2.6378,0.4794,-0.1762
1142510,22771,2.8696,0.5215,-0.0636
1142510,22772,2.6958,0.4899,-0.1561
1142510,22775,2.7848,0.5312,-0.0866
1142510,22776,2.6601,0.5122,-0.1780
1142510,22779,2.7758,0.5295,-0.0617
1142510,22780,2.6820,0.5116,-0.1555
1142510,22784,2.5856,0.5214,-0.1729
1142510,22863,2.9093,0.4255,-0.0385
1142510,22864,2.7123,0.3971,-0.1322
1142510,22867,2.9728,0.4347,-0.0131
1142510,22868,2.7569,0.4032,-0.1100
1142510,22871,2.9177,0.4527,-0.0387
1142510,22872,2.7116,0.4212,-0.1323
1142510,22875,2.9567,0.4588,-0.0131
1142510,22876,2.7609,0.4289,-0.1103
1142510,22879,2.9160,0.4791,-0.0387
1142510,22880,2.7193,0.4468,-0.1329
1142510,22883,2.9750,0.4888,-0.0132
1142510,22884,2.7455,0.4511,-0.1098
1142510,22887,2.9123,0.5046,-0.0387
1142510,22888,2.7187,0.4716,-0.1330
1142510,22891,2.9477,0.5108,-0.0131
1142510,22892,2.7617,0.4790,-0.1106
1142510,22895,2.9206,0.5308,-0.0389
1142510,22896,2.7327,0.4966,-0.1339
1142510,22899,2.9509,0.5363,-0.0131
1142510,22900,2.7506,0.4999,-0.1103
1142510,22904,2.7184,0.5186,-0.1334
1142510,22908,2.7593,0.5264,-0.1104
1142510,23817,2.6206,-0.9746,-0.1803
1142510,23821,2.6696,-0.9928,-0.1592
1142510,23825,2.6304,-0.9522,-0.1809
1142510,23829,2.6674,-0.9656,-0.1586
1142510,23833,2.6230,-0.9237,-0.1798
1142510,23834,2.8379,-0.9994,-0.0909
1142510,23837,2.6709,-0.9406,-0.1588
1142510,23841,2.6310,-0.9008,-0.1798
1142510,23842,2.8140,-0.9635,-0.0898
1142510,23845,2.6572,-0.9098,-0.1575
1142510,23846,2.8644,-0.9807,-0.0655
1142510,23849,2.6272,-0.8739,-0.1795
1142510,23850,2.8209,-0.9384,-0.0898
1142510,23853,2.6711,-0.8886,-0.1579
1142510,23854,2.8751,-0.9564,-0.0656
1142510,23857,2.6310,-0.8498,-0.1793
1142510,23858,2.8267,-0.9130,-0.0897
1142510,23861,2.6598,-0.8591,-0.1572
1142510,23862,2.8992,-0.9364,-0.0659
1142510,23865,2.6388,-0.8269,-0.1798
1142510,23866,2.8418,-0.8906,-0.0899
1142510,23869,2.6664,-0.8356,-0.1572
1142510,23870,2.8909,-0.9060,-0.0656
1142510,23873,2.6309,-0.7993,-0.1788
1142510,23874,2.8388,-0.8625,-0.0901
1142510,23877,2.6590,-0.8079,-0.1563
1142510,23878,2.8861,-0.8769,-0.0653
1142510,23881,2.6369,-0.7761,-0.1787
1142510,23882,2.8415,-0.8363,-0.0900
1142510,23885,2.6756,-0.7875,-0.1574
1142510,23886,2.8870,-0.8497,-0.0651
1142510,23953,2.7411,-0.9923,-0.1380
1142510,23961,2.7476,-0.9676,-0.1379
1142510,23965,2.7915,-0.9830,-0.1147
1142510,23969,2.7032,-0.9255,-0.1357
1142510,23970,2.8965,-0.9917,-0.0395
1142510,23973,2.7916,-0.9558,-0.1144
1142510,23977,2.7555,-0.9166,-0.1380
1142510,23978,2.9283,-0.9741,-0.0399
1142510,23981,2.7897,-0.9280,-0.1145
1142510,23985,2.7163,-0.8773,-0.1356
1142510,23986,2.9342,-0.9477,-0.0398
1142510,23989,2.7833,-0.8990,-0.1139
1142510,23990,3.0419,-0.9825,-0.0134
1142510,23993,2.7153,-0.8509,-0.1357
1142510,23994,2.9337,-0.9194,-0.0397
1142510,23997,2.8111,-0.8810,-0.1147
1142510,23998,3.0366,-0.9516,-0.0133
1142510,24001,2.6994,-0.8201,-0.1345
1142510,24002,2.9243,-0.8885,-0.0395
1142510,24005,2.8079,-0.8531,-0.1143
1142510,24006,3.0357,-0.9223,-0.0133
1142510,24009,2.7157,-0.7993,-0.1350
1142510,24010,2.9431,-0.8662,-0.0396
1142510,24013,2.7999,-0.8241,-0.1137
1142510,24014,3.0638,-0.9017,-0.0134
1142510,24017,2.6463,-0.7538,-0.1794
1142510,24018,2.8444,-0.8103,-0.0898
1142510,24021,2.6809,-0.7637,-0.1573
1142510,24022,2.8983,-0.8256,-0.0652
1142510,24025,2.6463,-0.7289,-0.1789
1142510,24026,2.8483,-0.7845,-0.0897
1142510,24029,2.6916,-0.7414,-0.1576
1142510,24030,2.9016,-0.7992,-0.0651
1142510,24033,2.6312,-0.7001,-0.1775
1142510,24034,2.8392,-0.7555,-0.0893
1142510,24037,2.6668,-0.7096,-0.1562
1142510,24038,2.9118,-0.7748,-0.0652
1142510,24041,2.6445,-0.6790,-0.1785
1142510,24042,2.8420,-0.7297,-0.0891
1142510,24045,2.6776,-0.6875,-0.1565
1142510,24046,2.8800,-0.7395,-0.0649
1142510,24049,2.6497,-0.6557,-0.1784
1142510,24050,2.8328,-0.7011,-0.0892
1142510,24053,2.6886,-0.6654,-0.1568
1142510,24054,2.8933,-0.7160,-0.0650
1142510,24057,2.6490,-0.6311,-0.1780
1142510,24058,2.8367,-0.6758,-0.0891
1142510,24061,2.6851,-0.6397,-0.1563
1142510,24062,2.8856,-0.6874,-0.0647
1142510,24065,2.6397,-0.6046,-0.1775
1142510,24066,2.8422,-0.6509,-0.0891
1142510,24069,2.6668,-0.6108,-0.1554
1142510,24070,2.8755,-0.6533,-0.0643
1142510,24073,2.6324,-0.5788,-0.1767
1142510,24074,2.8418,-0.6196,-0.0889
1142510,24077,2.6846,-0.5903,-0.1561
1142510,24078,2.8944,-0.6311,-0.0646
1142510,24081,2.6403,-0.5564,-0.1769
1142510,24082,2.8518,-0.5958,-0.0890
1142510,24085,2.6925,-0.5674,-0.1563
1142510,24086,2.8760,-0.6008,-0.0641
1142510,24089,2.6571,-0.5358,-0.1777
1142510,24090,2.8182,-0.5631,-0.0878
1142510,24093,2.6826,-0.5409,-0.1554
1142510,24094,2.8938,-0.5782,-0.0644
1142510,24097,2.6338,-0.5072,-0.1763
1142510,24098,2.8683,-0.5471,-0.0892
1142510,24101,2.6858,-0.5123,-0.1557
1142510,24102,2.8974,-0.5527,-0.0644
1142510,24105,2.6476,-0.4812,-0.1768
1142510,24106,2.8223,-0.5129,-0.0876
1142510,24109,2.6825,-0.4875,-0.1553
1142510,24110,2.8854,-0.5244,-0.0640
1142510,24113,2.6513,-0.4599,-0.1768
1142510,24114,2.8085,-0.4866,-0.0876
1142510,24117,2.6877,-0.4662,-0.1554
1142510,24118,2.8857,-0.5000,-0.0639
1142510,24121,2.6490,-0.4357,-0.1764
1142510,24122,2.8604,-0.4699,-0.0891
1142510,24125,2.7105,-0.4458,-0.1565
1142510,24126,2.9014,-0.4767,-0.0642
1142510,24129,2.6601,-0.4137,-0.1774
1142510,24130,2.8756,-0.4467,-0.0894
1142510,24133,2.7033,-0.4200,-0.1558
1142510,24134,2.8853,-0.4482,-0.0642
1142510,24137,2.6440,-0.3871,-0.1761
1142510,24138,2.8506,-0.4169,-0.0885
1142510,24141,2.6933,-0.3944,-0.1555
1142510,24142,2.8976,-0.4237,-0.0644
1142510,24145,2.7367,-0.7796,-0.1357
1142510,24146,2.9471,-0.8395,-0.0396
1142510,24149,2.8039,-0.7987,-0.1140
1142510,24150,3.0714,-0.8749,-0.0134
1142510,24153,2.7371,-0.7539,-0.1359
1142510,24154,2.9548,-0.8139,-0.0396
1142510,24157,2.8174,-0.7760,-0.1143
1142510,24158,3.0804,-0.8485,-0.0134
1142510,24161,2.7217,-0.7242,-0.1348
1142510,24162,2.9382,-0.7818,-0.0393
1142510,24165,2.8100,-0.7477,-0.1137
1142510,24166,3.0623,-0.8148,-0.0133
1142510,24169,2.7369,-0.7027,-0.1352
1142510,24170,2.9247,-0.7509,-0.0390
1142510,24173,2.7633,-0.7095,-0.1116
1142510,24174,3.0848,-0.7920,-0.0133
1142510,24177,2.7462,-0.6796,-0.1354
1142510,24178,2.9495,-0.7299,-0.0392
1142510,24181,2.7577,-0.6825,-0.1111
1142510,24182,3.0821,-0.7627,-0.0133
1142510,24185,2.7282,-0.6500,-0.1347
1142510,24186,2.9459,-0.7018,-0.0391
1142510,24189,2.7771,-0.6616,-0.1122
1142510,24190,3.0745,-0.7325,-0.0138
1142510,24193,2.7164,-0.6221,-0.1339
1142510,24194,2.9430,-0.6686,-0.0390
1142510,24197,2.7649,-0.6332,-0.1114
1142510,24198,3.0875,-0.7015,-0.0138
1142510,24201,2.7257,-0.5993,-0.1341
1142510,24202,2.9304,-0.6389,-0.0393
1142510,24205,2.7930,-0.6141,-0.1124
1142510,24206,3.0818,-0.6719,-0.0138
1142510,24209,2.7384,-0.5771,-0.1344
1142510,24210,2.9317,-0.6125,-0.0392
1142510,24213,2.7682,-0.5783,-0.1111
1142510,24214,3.0661,-0.6405,-0.0137
1142510,24217,2.7239,-0.5443,-0.1334
1142510,24218,2.9204,-0.5836,-0.0390
1142510,24221,2.7804,-0.5556,-0.1114
1142510,24222,2.9648,-0.5924,-0.0132
1142510,24225,2.7252,-0.5199,-0.1337
1142510,24226,2.9363,-0.5601,-0.0391
1142510,24229,2.7682,-0.5281,-0.1107
1142510,24230,2.9921,-0.5708,-0.0133
1142510,24233,2.7436,-0.4986,-0.1344
1142510,24234,2.9414,-0.5345,-0.0391
1142510,24237,2.7745,-0.5042,-0.1113
1142510,24238,3.0148,-0.5479,-0.0134
1142510,24241,2.7299,-0.4735,-0.1336
1142510,24242,2.9255,-0.5069,-0.0389
1142510,24245,2.7843,-0.4829,-0.1115
1142510,24246,3.0724,-0.5324,-0.0136
1142510,24249,2.7345,-0.4493,-0.1336
1142510,24250,2.9428,-0.4835,-0.0390
1142510,24253,2.7787,-0.4565,-0.1111
1142510,24254,3.0384,-0.4992,-0.0134
1142510,24257,2.7269,-0.4236,-0.1330
1142510,24258,2.9372,-0.4557,-0.0389
1142510,24261,2.7740,-0.4309,-0.1108
1142510,24262,3.0735,-0.4769,-0.0136
1142510,24265,2.7373,-0.4008,-0.1334
1142510,24266,2.9406,-0.4300,-0.0389
1142510,24269,2.7828,-0.4070,-0.1110
1142510,24270,2.9890,-0.4371,-0.0132
1142510,24273,2.6451,-0.3637,-0.1759
1142510,24274,2.7932,-0.3836,-0.0866
1142510,24277,2.6581,-0.3651,-0.1533
1142510,24278,2.8815,-0.3957,-0.0640
1142510,24281,2.6359,-0.3386,-0.1751
1142510,24282,2.8229,-0.3621,-0.0875
1142510,24285,2.6679,-0.3427,-0.1537
1142510,24286,2.8887,-0.3706,-0.0641
1142510,24289,2.6574,-0.3178,-0.1764
1142510,24290,2.8433,-0.3395,-0.0880
1142510,24293,2.6830,-0.3209,-0.1544
1142510,24294,2.8301,-0.3380,-0.0627
1142510,24297,2.6366,-0.2916,-0.1748
1142510,24298,2.7933,-0.3089,-0.0864
1142510,24301,2.6771,-0.2960,-0.1539
1142510,24302,2.8742,-0.3178,-0.0636
1142510,24305,2.6069,-0.2653,-0.1731
1142510,24306,2.8138,-0.2858,-0.0869
1142510,24309,2.6933,-0.2741,-0.1547
1142510,24310,2.8782,-0.2924,-0.0636
1142510,24313,2.6341,-0.2444,-0.1748
1142510,24314,2.8014,-0.2599,-0.0864
1142510,24317,2.6833,-0.2489,-0.1540
1142510,24318,2.8681,-0.2661,-0.0634
1142510,24321,2.6404,-0.2217,-0.1751
1142510,24322,2.7994,-0.2346,-0.0863
1142510,24325,2.6836,-0.2253,-0.1539
1142510,24326,2.8492,-0.2388,-0.0629
1142510,24329,2.6530,-0.1990,-0.1758
1142510,24330,2.8061,-0.2105,-0.0865
1142510,24333,2.6824,-0.2012,-0.1542
1142510,24334,2.8506,-0.2138,-0.0629
1142510,24337,2.6557,-0.1759,-0.1758
1142510,24338,2.7987,-0.1849,-0.0862
1142510,24341,2.6914,-0.1783,-0.1546
1142510,24342,2.8789,-0.1902,-0.0635
1142510,24345,2.6574,-0.1523,-0.1759
1142510,24346,2.8043,-0.1607,-0.0863
1142510,24349,2.6822,-0.1537,-0.1540
1142510,24350,2.8315,-0.1623,-0.0624
1142510,24353,2.6044,-0.1265,-0.1723
1142510,24354,2.8163,-0.1368,-0.0871
1142510,24357,2.6833,-0.1303,-0.1540
1142510,24358,2.9012,-0.1409,-0.0639
1142510,24361,2.6463,-0.1049,-0.1750
1142510,24362,2.7907,-0.1106,-0.0863
1142510,24365,2.6960,-0.1069,-0.1546
1142510,24366,2.8453,-0.1128,-0.0626
1142510,24369,2.6559,-0.0821,-0.1756
1142510,24370,2.8119,-0.0869,-0.0869
1142510,24373,2.6825,-0.0829,-0.1538
1142510,24374,2.8833,-0.0891,-0.0634
1142510,24377,2.6579,-0.0585,-0.1756
1142510,24378,2.7948,-0.0615,-0.0864
1142510,24381,2.6781,-0.0589,-0.1535
1142510,24382,2.8702,-0.0631,-0.0631
1142510,24385,2.6084,-0.0341,-0.1723
1142510,24386,2.7995,-0.0366,-0.0865
1142510,24389,2.6859,-0.0352,-0.1539
1142510,24390,2.8273,-0.0370,-0.0622
1142510,24393,2.6465,-0.0115,-0.1749
1142510,24394,2.7852,-0.0122,-0.0861
1142510,24397,2.6788,-0.0117,-0.1535
1142510,24398,2.8370,-0.0124,-0.0624
1142510,24401,2.7375,-0.3760,-0.1332
1142510,24402,2.9487,-0.4050,-0.0390
1142510,24405,2.7676,-0.3801,-0.1102
1142510,24406,3.0313,-0.4163,-0.0134
1142510,24409,2.7178,-0.3491,-0.1326
1142510,24410,2.9325,-0.3762,-0.0387
1142510,24413,2.7777,-0.3568,-0.1105
1142510,24414,3.0116,-0.3863,-0.0132
1142510,24417,2.7191,-0.3247,-0.1325
1142510,24418,2.9132,-0.3479,-0.0384
1142510,24421,2.7853,-0.3326,-0.1107
1142510,24422,3.0264,-0.3614,-0.0133
1142510,24425,2.7056,-0.2992,-0.1317
1142510,24426,2.9018,-0.3209,-0.0382
1142510,24429,2.7494,-0.3040,-0.1096
1142510,24430,3.0257,-0.3340,-0.0133
1142510,24433,2.7207,-0.2764,-0.1323
1142510,24434,2.9031,-0.2949,-0.0382
1142510,24437,2.7652,-0.2809,-0.1102
1142510,24438,2.9786,-0.3026,-0.0131
1142510,24441,2.7153,-0.2519,-0.1319
1142510,24442,2.9078,-0.2698,-0.0382
1142510,24445,2.7567,-0.2557,-0.1097
1142510,24446,2.9539,-0.2740,-0.0129
1142510,24449,2.7205,-0.2284,-0.1321
1142510,24450,2.9062,-0.2435,-0.0382
1142510,24453,2.7565,-0.2310,-0.1096
1142510,24454,2.9992,-0.2513,-0.0131
1142510,24457,2.7346,-0.2051,-0.1327
1142510,24458,2.8798,-0.2160,-0.0378
1142510,24461,2.7543,-0.2066,-0.1095
1142510,24462,2.9864,-0.2240,-0.0131
1142510,24465,2.7165,-0.1800,-0.1317
1142510,24466,2.9146,-0.1926,-0.0382
1142510,24469,2.7637,-0.1831,-0.1098
1142510,24470,2.9808,-0.1969,-0.0130
1142510,24473,2.7085,-0.1552,-0.1313
1142510,24474,2.9046,-0.1665,-0.0381
1142510,24477,2.7650,-0.1585,-0.1098
1142510,24478,2.9996,-0.1719,-0.0131
1142510,24481,2.7285,-0.1325,-0.1322
1142510,24482,2.9126,-0.1414,-0.0382
1142510,24485,2.7811,-0.1350,-0.1104
1142510,24486,2.9991,-0.1451,-0.0131
1142510,24489,2.7093,-0.1074,-0.1312
1142510,24490,2.9373,-0.1164,-0.0385
1142510,24493,2.7740,-0.1100,-0.1100
1142510,24494,2.9942,-0.1187,-0.0131
1142510,24497,2.7303,-0.0844,-0.1322
1142510,24498,2.9608,-0.0915,-0.0388
1142510,24501,2.7847,-0.0861,-0.1104
1142510,24502,3.0109,-0.0930,-0.0131
1142510,24505,2.7384,-0.0602,-0.1325
1142510,24506,2.9422,-0.0647,-0.0385
1142510,24509,2.7695,-0.0609,-0.1098
1142510,24510,2.9802,-0.0655,-0.0130
1142510,24513,2.7116,-0.0355,-0.1312
1142510,24514,2.9584,-0.0387,-0.0387
1142510,24517,2.7516,-0.0360,-0.1091
1142510,24518,2.9882,-0.0391,-0.0130
1142510,24521,2.7362,-0.0119,-0.1324
1142510,24522,2.9944,-0.0131,-0.0392
1142510,24525,2.7366,-0.0119,-0.1085
1142510,24526,3.0008,-0.0131,-0.0131
1142510,24527,3.2965,0.0144,0.1307
1142510,24528,3.0156,0.0132,0.0132
1142510,24531,3.4216,0.0149,0.1655
1142510,24532,3.0733,0.0134,0.0402
1142510,24535,3.3062,0.0433,0.1311
1142510,24536,3.0124,0.0394,0.0131
1142510,24539,3.4357,0.0450,0.1662
1142510,24540,3.0771,0.0403,0.0403
1142510,24543,3.2781,0.0721,0.1300
1142510,24544,3.0064,0.0661,0.0131
1142510,24547,3.4283,0.0754,0.1659
1142510,24548,3.0812,0.0678,0.0403
1142510,24551,3.2831,0.1015,0.1302
1142510,24552,3.0024,0.0928,0.0131
1142510,24555,3.4067,0.1053,0.1649
1142510,24556,3.0563,0.0944,0.0400
1142510,24559,3.2597,0.1292,0.1293
1142510,24560,2.9958,0.1188,0.0131
1142510,24563,3.3286,0.1319,0.1612
1142510,24564,3.0558,0.1211,0.0400
1142510,24567,3.2497,0.1578,0.1290
1142510,24568,2.9715,0.1438,0.0130
1142510,24571,3.3087,0.1607,0.1603
1142510,24572,3.0464,0.1479,0.0399
1142510,24575,3.2480,0.1861,0.1290
1142510,24576,2.9951,0.1717,0.0131
1142510,24579,3.3239,0.1905,0.1611
1142510,24580,3.0416,0.1743,0.0399
1142510,24583,3.2346,0.2143,0.1285
1142510,24584,2.9826,0.1971,0.0130
1142510,24587,3.3182,0.2198,0.1609
1142510,24588,3.0424,0.2010,0.0399
1142510,24591,3.2275,0.2421,0.1283
1142510,24592,2.9990,0.2250,0.0131
1142510,24595,3.2872,0.2466,0.1595
1142510,24596,3.0325,0.2275,0.0398
1142510,24599,3.2601,0.2732,0.1297
1142510,24600,2.9965,0.2511,0.0131
1142510,24603,3.3075,0.2777,0.1606
1142510,24604,3.0444,0.2551,0.0400
1142510,24607,3.2501,0.3015,0.1294
1142510,24608,2.9869,0.2771,0.0131
1142510,24611,3.3101,0.3071,0.1608
1142510,24612,3.0211,0.2803,0.0397
1142510,24615,3.2435,0.3295,0.1292
1142510,24616,3.0015,0.3049,0.0132
1142510,24619,3.3674,0.3421,0.1638
1142510,24620,3.0562,0.3104,0.0402
1142510,24623,3.2395,0.3582,0.1292
1142510,24624,2.9922,0.3303,0.0131
1142510,24627,3.2887,0.3637,0.1601
1142510,24628,3.0464,0.3369,0.0401
1142510,24631,3.2644,0.3898,0.1297
1142510,24632,2.9960,0.3578,0.0132
1142510,24635,3.3263,0.3972,0.1621
1142510,24636,3.0445,0.3636,0.0401
1142510,24639,3.2377,0.4159,0.1288
1142510,24640,3.0074,0.3858,0.0132
1142510,24643,3.3516,0.4305,0.1635
1142510,24644,3.0527,0.3916,0.0403
1142510,24647,3.2383,0.4447,0.1290
1142510,24648,3.0050,0.4127,0.0132
1142510,24651,3.3014,0.4534,0.1606
1142510,24652,3.0521,0.4192,0.0403
1142510,24655,3.4833,0.0152,0.1996
1142510,24656,3.1992,0.0140,0.0704
1142510,24659,3.5528,0.0155,0.2347
1142510,24660,3.2321,0.0141,0.0999
1142510,24663,3.4875,0.0457,0.1999
1142510,24664,3.1694,0.0415,0.0697
1142510,24667,3.5621,0.0466,0.2354
1142510,24668,3.2407,0.0424,0.1002
1142510,24671,3.4938,0.0768,0.2003
1142510,24672,3.1650,0.0696,0.0696
1142510,24675,3.5516,0.0781,0.2347
1142510,24676,3.2318,0.0711,0.0999
1142510,24679,3.4665,0.1071,0.1988
1142510,24680,3.1759,0.0981,0.0699
1142510,24683,3.5476,0.1096,0.2345
1142510,24684,3.2344,0.0999,0.1000
1142510,24687,3.4426,0.1365,0.1975
1142510,24688,3.1427,0.1246,0.0692
1142510,24691,3.5345,0.1401,0.2337
1142510,24692,3.1897,0.1264,0.0986
1142510,24695,3.4404,0.1671,0.1974
1142510,24696,3.0932,0.1502,0.0681
1142510,24699,3.5110,0.1705,0.2322
1142510,24700,3.2015,0.1555,0.0991
1142510,24703,3.4173,0.1958,0.1962
1142510,24704,3.0842,0.1768,0.0679
1142510,24707,3.4654,0.1986,0.2293
1142510,24708,3.1700,0.1817,0.0976
1142510,24711,3.4150,0.2262,0.1961
1142510,24712,3.1479,0.2080,0.0694
1142510,24715,3.4716,0.2300,0.2299
1142510,24716,3.1780,0.2100,0.0979
1142510,24719,3.4118,0.2559,0.1961
1142510,24720,3.1085,0.2332,0.0686
1142510,24723,3.4560,0.2593,0.2290
1142510,24724,3.2044,0.2404,0.0987
1142510,24727,3.4155,0.2868,0.1958
1142510,24728,3.1274,0.2621,0.0690
1142510,24731,3.4823,0.2924,0.2309
1142510,24732,3.1971,0.2679,0.0986
1142510,24735,3.3911,0.3146,0.1946
1142510,24736,3.1281,0.2902,0.0691
1142510,24739,3.4572,0.3207,0.2294
1142510,24740,3.1966,0.2965,0.0986
1142510,24743,3.3837,0.3443,0.1943
1142510,24744,3.1326,0.3182,0.0693
1142510,24747,3.4704,0.3531,0.2305
1142510,24748,3.1955,0.3246,0.0987
1142510,24751,3.3994,0.3759,0.1954
1142510,24752,3.1261,0.3457,0.0692
1142510,24755,3.4701,0.3837,0.2301
1142510,24756,3.1715,0.3507,0.0980
1142510,24759,3.4150,0.4084,0.1965
1142510,24760,3.1492,0.3761,0.0698
1142510,24763,3.4551,0.4132,0.2293
1142510,24764,3.1875,0.3806,0.0986
1142510,24767,3.4269,0.4402,0.1974
1142510,24768,3.1425,0.4031,0.0697
1142510,24771,3.4702,0.4458,0.2305
1142510,24772,3.1850,0.4086,0.0987
1142510,24775,3.4092,0.4682,0.1966
1142510,24776,3.1265,0.4294,0.0694
1142510,24779,3.4772,0.4782,0.2313
1142510,24780,3.1971,0.4391,0.0992
1142510,24783,3.2463,0.4747,0.1295
1142510,24784,3.0123,0.4405,0.0133
1142510,24787,3.3604,0.4920,0.1637
1142510,24788,3.0622,0.4478,0.0405
1142510,24791,3.2564,0.5059,0.1301
1142510,24792,3.0207,0.4687,0.0133
1142510,24795,3.3218,0.5160,0.1621
1142510,24796,3.0641,0.4754,0.0406
1142510,24799,3.2557,0.5349,0.1302
1142510,24800,3.0249,0.4970,0.0134
1142510,24803,3.3138,0.5444,0.1619
1142510,24804,3.0514,0.5013,0.0405
1142510,24807,3.2418,0.5623,0.1298
1142510,24808,2.9947,0.5189,0.0133
1142510,24811,3.2969,0.5718,0.1613
1142510,24812,3.0642,0.5309,0.0407
1142510,24815,3.2014,0.5818,0.1284
1142510,24816,2.9972,0.5447,0.0133
1142510,24820,3.0224,0.5493,0.0402
1142510,24911,3.4098,0.4993,0.1969
1142510,24912,3.1359,0.4586,0.0697
1142510,24915,3.4775,0.5092,0.2316
1142510,24916,3.1997,0.4679,0.0994
1142510,24919,3.4066,0.5292,0.1964
1142510,24920,3.1507,0.4894,0.0701
1142510,24923,3.4748,0.5404,0.2317
1142510,24924,3.2102,0.4987,0.0998
1142510,24927,3.4135,0.5614,0.1970
1142510,24928,3.1480,0.5172,0.0696
1142510,24931,3.4682,0.5704,0.2310
1142510,24932,3.1861,0.5235,0.0992
1142510,24935,3.3888,0.5878,0.1959
1142510,24936,3.1397,0.5440,0.0695
1142510,24939,3.4658,0.6011,0.2312
1142510,24940,3.1854,0.5519,0.0993
1142510,24944,3.0840,0.5604,0.0684
1142510,24948,3.1566,0.5737,0.0980
1142510,25913,3.1319,-0.9815,0.0137
1142510,25917,3.1478,-0.9864,0.0426
1142510,25922,3.2751,-0.9950,0.1333
1142510,25925,3.1681,-0.9625,0.0428
1142510,25926,3.2589,-0.9901,0.1624
1142510,25930,3.2951,-0.9698,0.1338
1142510,25933,3.1663,-0.9319,0.0426
1142510,25934,3.3114,-0.9746,0.1646
1142510,26041,3.1487,-0.9867,0.0714
1142510,26049,3.1762,-0.9650,0.0719
1142510,26053,3.1933,-0.9702,0.1014
1142510,26057,3.1954,-0.9405,0.0721
1142510,26058,3.3268,-0.9791,0.1957
1142510,26061,3.2768,-0.9644,0.1038
1142510,26066,3.3107,-0.9431,0.1347
1142510,26069,3.1602,-0.9002,0.0424
1142510,26070,3.3593,-0.9569,0.1666
1142510,26074,3.3157,-0.9133,0.1345
1142510,26077,3.1191,-0.8591,0.0418
1142510,26078,3.3827,-0.9317,0.1679
1142510,26082,3.3310,-0.8863,0.1348
1142510,26085,3.1372,-0.8347,0.0419
1142510,26086,3.3748,-0.8980,0.1671
1142510,26090,3.3332,-0.8558,0.1346
1142510,26093,3.1604,-0.8115,0.0421
1142510,26094,3.3784,-0.8674,0.1669
1142510,26098,3.3386,-0.8262,0.1345
1142510,26101,3.1637,-0.7829,0.0421
1142510,26102,3.3886,-0.8386,0.1671
1142510,26106,3.3448,-0.7968,0.1351
1142510,26109,3.1359,-0.7471,0.0416
1142510,26110,3.3937,-0.8085,0.1676
1142510,26114,3.3258,-0.7617,0.1341
1142510,26117,3.1262,-0.7102,0.0414
1142510,26118,3.3837,-0.7750,0.1667
1142510,26122,3.3293,-0.7320,0.1339
1142510,26125,3.1173,-0.6797,0.0418
1142510,26126,3.3663,-0.7401,0.1656
1142510,26129,3.1424,-0.6565,0.0140
1142510,26130,3.3437,-0.6985,0.1342
1142510,26133,3.1433,-0.6567,0.0420
1142510,26134,3.3880,-0.7140,0.1663
1142510,26137,3.1262,-0.6247,0.0139
1142510,26138,3.3333,-0.6661,0.1336
1142510,26141,3.1153,-0.6225,0.0416
1142510,26142,3.3931,-0.6780,0.1662
1142510,26145,3.1292,-0.5969,0.0139
1142510,26146,3.3592,-0.6408,0.1344
1142510,26149,3.1181,-0.5948,0.0416
1142510,26150,3.3929,-0.6472,0.1665
1142510,26153,3.1097,-0.5651,0.0138
1142510,26154,3.2959,-0.5990,0.1322
1142510,26157,3.1347,-0.5697,0.0417
1142510,26158,3.3928,-0.6166,0.1662
1142510,26161,3.1282,-0.5420,0.0139
1142510,26162,3.2868,-0.5701,0.1317
1142510,26165,3.1408,-0.5442,0.0417
1142510,26166,3.4027,-0.5902,0.1665
1142510,26169,3.1267,-0.5137,0.0138
1142510,26170,3.2844,-0.5396,0.1314
1142510,26173,3.1479,-0.5172,0.0418
1142510,26174,3.4001,-0.5586,0.1661
1142510,26177,3.1068,-0.4821,0.0137
1142510,26178,3.3535,-0.5210,0.1339
1142510,26181,3.1432,-0.4877,0.0416
1142510,26182,3.3867,-0.5261,0.1652
1142510,26185,3.1112,-0.4550,0.0137
1142510,26186,3.3113,-0.4842,0.1321
1142510,26189,3.1380,-0.4589,0.0415
1142510,26190,3.4104,-0.4993,0.1662
1142510,26193,3.1734,-0.9040,0.0714
1142510,26194,3.4117,-0.9719,0.2002
1142510,26197,3.2625,-0.9293,0.1030
1142510,26198,3.4743,-0.9897,0.2355
1142510,26201,3.1693,-0.8730,0.0712
1142510,26202,3.4252,-0.9435,0.2005
1142510,26205,3.2229,-0.8877,0.1016
1142510,26206,3.4851,-0.9600,0.2357
1142510,26209,3.2042,-0.8526,0.0718
1142510,26210,3.4245,-0.9112,0.2006
1142510,26213,3.2094,-0.8540,0.1009
1142510,26214,3.4159,-0.9089,0.2304
1142510,26217,3.2018,-0.8221,0.0721
1142510,26218,3.3831,-0.8686,0.1977
1142510,26221,3.2651,-0.8383,0.1024
1142510,26225,3.2085,-0.7940,0.0721
1142510,26226,3.3739,-0.8350,0.1968
1142510,26229,3.2382,-0.8014,0.1019
1142510,26230,3.4107,-0.8441,0.2297
1142510,26233,3.1907,-0.7601,0.0716
1142510,26234,3.4135,-0.8132,0.1986
1142510,26237,3.2297,-0.7694,0.1014
1142510,26238,3.4959,-0.8329,0.2349
1142510,26241,3.1780,-0.7220,0.0711
1142510,26242,3.4376,-0.7873,0.2003
1142510,26245,3.2337,-0.7406,0.1014
1142510,26246,3.5041,-0.8025,0.2356
1142510,26249,3.1861,-0.6947,0.0712
1142510,26250,3.4350,-0.7552,0.1997
1142510,26253,3.2316,-0.7046,0.1011
1142510,26254,3.5461,-0.7797,0.2380
1142510,26257,3.1748,-0.6632,0.0708
1142510,26258,3.4565,-0.7284,0.2006
1142510,26261,3.2361,-0.6761,0.1010
1142510,26262,3.5192,-0.7416,0.2357
1142510,26265,3.1655,-0.6325,0.0704
1142510,26266,3.4666,-0.6990,0.2008
1142510,26269,3.2490,-0.6492,0.1012
1142510,26270,3.5181,-0.7094,0.2352
1142510,26273,3.1763,-0.6059,0.0706
1142510,26274,3.4555,-0.6592,0.2004
1142510,26277,3.2497,-0.6199,0.1011
1142510,26278,3.5072,-0.6754,0.2347
1142510,26281,3.1622,-0.5747,0.0701
1142510,26282,3.4620,-0.6291,0.2004
1142510,26285,3.2263,-0.5863,0.1002
1142510,26286,3.5165,-0.6391,0.2349
1142510,26289,3.1681,-0.5489,0.0702
1142510,26290,3.4720,-0.6022,0.2007
1142510,26293,3.2389,-0.5612,0.1010
1142510,26294,3.5178,-0.6102,0.2346
1142510,26297,3.1859,-0.5234,0.0704
1142510,26298,3.4663,-0.5701,0.2001
1142510,26301,3.2221,-0.5294,0.1003
1142510,26302,3.5062,-0.5767,0.2335
1142510,26305,3.1918,-0.4958,0.0710
1142510,26306,3.4560,-0.5369,0.1992
1142510,26309,3.2364,-0.5028,0.1006
1142510,26310,3.5298,-0.5490,0.2354
1142510,26313,3.1970,-0.4675,0.0711
1142510,26314,3.4491,-0.5050,0.1992
1142510,26317,3.2541,-0.4759,0.1011
1142510,26318,3.5210,-0.5155,0.2345
1142510,26321,3.0348,-0.4168,0.0134
1142510,26322,3.2811,-0.4506,0.1307
1142510,26325,3.1264,-0.4294,0.0413
1142510,26326,3.3830,-0.4646,0.1646
1142510,26329,3.0292,-0.3886,0.0133
1142510,26330,3.2879,-0.4224,0.1308
1142510,26333,3.1283,-0.4013,0.0413
1142510,26334,3.3814,-0.4344,0.1650
1142510,26337,3.0216,-0.3608,0.0133
1142510,26338,3.2697,-0.3905,0.1300
1142510,26341,3.0719,-0.3668,0.0405
1142510,26342,3.3849,-0.4042,0.1649
1142510,26345,3.0125,-0.3326,0.0132
1142510,26346,3.2577,-0.3602,0.1299
1142510,26349,3.0714,-0.3396,0.0405
1142510,26350,3.3769,-0.3734,0.1644
1142510,26353,3.0132,-0.3061,0.0132
1142510,26354,3.2638,-0.3315,0.1300
1142510,26357,3.0567,-0.3105,0.0402
1142510,26358,3.3925,-0.3446,0.1650
1142510,26361,3.0160,-0.2798,0.0132
1142510,26362,3.2409,-0.3006,0.1290
1142510,26365,3.0516,-0.2831,0.0401
1142510,26366,3.3627,-0.3120,0.1634
1142510,26369,3.0355,-0.2544,0.0133
1142510,26370,3.2600,-0.2732,0.1297
1142510,26373,3.0716,-0.2574,0.0404
1142510,26374,3.3299,-0.2796,0.1617
1142510,26377,3.0077,-0.2256,0.0132
1142510,26378,3.2580,-0.2444,0.1295
1142510,26381,3.0469,-0.2286,0.0400
1142510,26382,3.3384,-0.2504,0.1620
1142510,26385,3.0087,-0.1988,0.0132
1142510,26386,3.2820,-0.2174,0.1304
1142510,26389,3.0634,-0.2024,0.0402
1142510,26390,3.3651,-0.2229,0.1632
1142510,26393,3.0223,-0.1732,0.0132
1142510,26394,3.2709,-0.1875,0.1299
1142510,26397,3.0526,-0.1749,0.0400
1142510,26398,3.3947,-0.1945,0.1645
1142510,26401,3.0245,-0.1463,0.0132
1142510,26402,3.3609,-0.1632,0.1334
1142510,26405,3.0740,-0.1493,0.0403
1142510,26406,3.4105,-0.1656,0.1652
1142510,26409,3.0101,-0.1193,0.0131
1142510,26410,3.3929,-0.1345,0.1346
1142510,26413,3.1354,-0.1243,0.0411
1142510,26414,3.4242,-0.1357,0.1658
1142510,26417,3.0286,-0.0936,0.0132
1142510,26418,3.3017,-0.1020,0.1309
1142510,26421,3.0652,-0.0947,0.0401
1142510,26422,3.4276,-0.1059,0.1659
1142510,26425,3.0307,-0.0667,0.0132
1142510,26426,3.3177,-0.0730,0.1315
1142510,26429,3.1352,-0.0690,0.0411
1142510,26430,3.4337,-0.0755,0.1662
1142510,26433,3.0233,-0.0396,0.0132
1142510,26434,3.2811,-0.0430,0.1301
1142510,26437,3.0700,-0.0402,0.0402
1142510,26438,3.4116,-0.0447,0.1651
1142510,26441,3.0266,-0.0132,0.0132
1142510,26442,3.3163,-0.0145,0.1315
1142510,26445,3.1646,-0.0138,0.0414
1142510,26446,3.4296,-0.0150,0.1659
1142510,26449,3.1853,-0.4375,0.0707
1142510,26450,3.4430,-0.4729,0.1986
1142510,26453,3.2035,-0.4400,0.0994
1142510,26454,3.5236,-0.4846,0.2344
1142510,26457,3.1782,-0.4077,0.0705
1142510,26458,3.4571,-0.4441,0.1991
1142510,26461,3.2177,-0.4128,0.0997
1142510,26462,3.5065,-0.4504,0.2330
1142510,26465,3.1415,-0.3752,0.0696
1142510,26466,3.4379,-0.4112,0.1978
1142510,26469,3.2055,-0.3828,0.0992
1142510,26470,3.5032,-0.4190,0.2325
1142510,26473,3.1668,-0.3502,0.0701
1142510,26474,3.4438,-0.3808,0.1980
1142510,26477,3.2074,-0.3547,0.0992
1142510,26478,3.5078,-0.3879,0.2326
1142510,26481,3.1517,-0.3201,0.0697
1142510,26482,3.4417,-0.3502,0.1977
1142510,26485,3.2102,-0.3261,0.0991
1142510,26486,3.5267,-0.3588,0.2342
1142510,26489,3.1562,-0.2928,0.0697
1142510,26490,3.4323,-0.3184,0.1969
1142510,26493,3.1974,-0.2966,0.0987
1142510,26494,3.4844,-0.3232,0.2312
1142510,26497,3.1415,-0.2632,0.0693
1142510,26498,3.4331,-0.2883,0.1968
1142510,26501,3.1980,-0.2680,0.0986
1142510,26502,3.4867,-0.2928,0.2312
1142510,26505,3.1552,-0.2367,0.0696
1142510,26506,3.4194,-0.2565,0.1965
1142510,26509,3.2251,-0.2419,0.0994
1142510,26510,3.5159,-0.2637,0.2329
1142510,26513,3.1401,-0.2075,0.0692
1142510,26514,3.4299,-0.2272,0.1970
1142510,26517,3.2195,-0.2127,0.0991
1142510,26518,3.5338,-0.2341,0.2340
1142510,26521,3.1627,-0.1813,0.0697
1142510,26522,3.4597,-0.1983,0.1986
1142510,26525,3.2253,-0.1848,0.0993
1142510,26526,3.5503,-0.2035,0.2350
1142510,26529,3.1773,-0.1543,0.0700
1142510,26530,3.4811,-0.1690,0.1997
1142510,26533,3.2265,-0.1567,0.0998
1142510,26534,3.5414,-0.1720,0.2343
1142510,26537,3.1672,-0.1255,0.0697
1142510,26538,3.4843,-0.1381,0.1998
1142510,26541,3.2295,-0.1280,0.0999
1142510,26542,3.5525,-0.1408,0.2349
1142510,26545,3.2009,-0.0989,0.0704
1142510,26546,3.4774,-0.1075,0.1994
1142510,26549,3.2416,-0.1002,0.1002
1142510,26550,3.5628,-0.1101,0.2355
1142510,26553,3.1732,-0.0698,0.0698
1142510,26554,3.4800,-0.0765,0.1995
1142510,26557,3.2464,-0.0714,0.1003
1142510,26558,3.5605,-0.0783,0.2353
1142510,26561,3.1925,-0.0418,0.0702
1142510,26562,3.4578,-0.0453,0.1982
1142510,26565,3.2359,-0.0424,0.1000
1142510,26566,3.5454,-0.0464,0.2343
1142510,26569,3.1829,-0.0139,0.0700
1142510,26570,3.4801,-0.0152,0.1994
1142510,26573,3.2247,-0.0141,0.0997
1142510,26574,3.5738,-0.0156,0.2361
1142510,26575,3.9278,0.0171,0.4336
1142510,26576,3.6952,0.0161,0.2772
1142510,26579,3.9054,0.0170,0.4664
1142510,26580,3.7172,0.0162,0.3115
1142510,26583,3.9228,0.0520,0.4331
1142510,26584,3.6936,0.0484,0.2771
1142510,26587,3.8921,0.0516,0.4648
1142510,26588,3.7322,0.0489,0.3128
1142510,26591,3.9225,0.0870,0.4332
1142510,26592,3.6829,0.0810,0.2763
1142510,26595,3.9495,0.0876,0.4718
1142510,26596,3.7161,0.0817,0.3115
1142510,26599,3.9550,0.1222,0.4368
1142510,26600,3.6853,0.1139,0.2766
1142510,26603,4.0032,0.1237,0.4783
1142510,26604,3.7310,0.1153,0.3128
1142510,26607,3.9394,0.1568,0.4353
1142510,26608,3.6828,0.1460,0.2765
1142510,26611,3.9864,0.1587,0.4764
1142510,26612,3.7263,0.1484,0.3125
1142510,26615,3.9602,0.1930,0.4377
1142510,26616,3.6549,0.1775,0.2745
1142510,26619,4.0279,0.1963,0.4816
1142510,26620,3.7263,0.1809,0.3126
1142510,26623,3.9732,0.2284,0.4394
1142510,26624,3.6236,0.2077,0.2723
1142510,26627,4.0372,0.2321,0.4822
1142510,26628,3.6783,0.2114,0.3087
1142510,26631,3.9523,0.2625,0.4373
1142510,26632,3.5653,0.2362,0.2674
1142510,26635,4.1439,0.2752,0.4952
1142510,26636,3.6633,0.2427,0.3076
1142510,26639,3.9572,0.2975,0.4381
1142510,26640,3.5237,0.2650,0.2645
1142510,26643,4.1304,0.3113,0.4939
1142510,26644,3.6780,0.2765,0.3091
1142510,26647,3.9624,0.3334,0.4390
1142510,26648,3.5646,0.2993,0.2677
1142510,26651,4.0990,0.3449,0.4905
1142510,26652,3.6795,0.3090,0.3094
1142510,26655,3.9735,0.3700,0.4399
1142510,26656,3.5205,0.3272,0.2646
1142510,26659,4.0734,0.3793,0.4878
1142510,26660,3.6464,0.3389,0.3062
1142510,26663,3.9583,0.4035,0.4386
1142510,26664,3.5388,0.3601,0.2662
1142510,26667,4.0303,0.4115,0.4831
1142510,26668,3.6680,0.3732,0.3083
1142510,26671,3.9548,0.4387,0.4386
1142510,26672,3.5314,0.3911,0.2659
1142510,26675,4.1071,0.4556,0.4920
1142510,26676,3.6814,0.4077,0.3097
1142510,26679,3.9508,0.4732,0.4386
1142510,26680,3.5691,0.4269,0.2690
1142510,26683,4.1067,0.4926,0.4925
1142510,26684,3.6707,0.4390,0.3091
1142510,26687,3.9422,0.5078,0.4374
1142510,26688,3.6087,0.4642,0.2717
1142510,26691,4.1023,0.5284,0.4925
1142510,26692,3.6553,0.4702,0.3082
1142510,26695,3.9524,0.5449,0.4391
1142510,26696,3.6080,0.4962,0.2719
1142510,26699,4.1013,0.5655,0.4922
1142510,26700,3.6474,0.5016,0.3072
1142510,26704,3.7567,0.0164,0.3485
1142510,26708,3.8767,0.0169,0.3938
1142510,26712,3.7787,0.0495,0.3506
1142510,26716,3.8697,0.0507,0.3931
1142510,26720,3.7410,0.0823,0.3471
1142510,26724,3.8188,0.0847,0.3880
1142510,26728,3.7778,0.1167,0.3506
1142510,26732,3.8643,0.1194,0.3927
1142510,26736,3.7591,0.1497,0.3490
1142510,26740,3.8880,0.1548,0.3952
1142510,26744,3.7515,0.1822,0.3478
1142510,26748,3.9030,0.1895,0.3969
1142510,26751,4.1516,0.2394,0.5335
1142510,26752,3.7498,0.2156,0.3478
1142510,26756,3.8090,0.2190,0.3875
1142510,26759,4.2267,0.2807,0.5434
1142510,26760,3.7467,0.2482,0.3477
1142510,26763,4.3755,0.2914,0.6015
1142510,26764,3.8686,0.2570,0.3938
1142510,26767,4.2088,0.3172,0.5407
1142510,26768,3.7358,0.2809,0.3469
1142510,26771,4.3651,0.3290,0.6004
1142510,26772,3.8749,0.2914,0.3940
1142510,26775,4.1901,0.3533,0.5387
1142510,26776,3.7378,0.3139,0.3473
1142510,26779,4.3851,0.3698,0.6036
1142510,26780,3.8629,0.3251,0.3931
1142510,26783,4.1792,0.3892,0.5377
1142510,26784,3.7345,0.3471,0.3473
1142510,26787,4.2857,0.3998,0.5896
1142510,26788,3.8614,0.3589,0.3932
1142510,26791,4.1948,0.4283,0.5402
1142510,26792,3.7511,0.3823,0.3491
1142510,26795,4.3668,0.4459,0.6013
1142510,26796,3.8531,0.3927,0.3927
1142510,26799,4.1908,0.4656,0.5402
1142510,26800,3.7473,0.4150,0.3484
1142510,26803,4.4084,0.4898,0.6076
1142510,26804,3.8784,0.4295,0.3957
1142510,26808,3.7419,0.4482,0.3483
1142510,26812,3.8823,0.4650,0.3958
1142510,26816,3.7280,0.4796,0.3474
1142510,26820,3.8782,0.4996,0.3958
1142510,26824,3.7348,0.5143,0.3484
1142510,26828,3.8691,0.5328,0.3953
1142510,26831,3.9634,0.5817,0.4408
1142510,26832,3.5613,0.5214,0.2687
1142510,26835,4.1153,0.6040,0.4945
1142510,26836,3.6801,0.5395,0.3104
1142510,26839,4.0568,0.6317,0.4518
1142510,26840,3.5433,0.5511,0.2677
1142510,26843,4.1712,0.6495,0.5019
1142510,26844,3.6659,0.5701,0.3096
1142510,26847,3.9939,0.6576,0.4447
1142510,26848,3.5508,0.5840,0.2687
1142510,26851,4.1536,0.6854,0.4998
1142510,26852,3.6727,0.6047,0.3106
1142510,26855,3.9048,0.6794,0.4355
1142510,26856,3.5210,0.6113,0.2662
1142510,26859,4.0065,0.6971,0.4828
1142510,26860,3.5699,0.6198,0.3017
1142510,26960,3.7727,0.5531,0.3517
1142510,26964,3.8792,0.5694,0.3969
1142510,26968,3.7657,0.5863,0.3515
1142510,26972,3.8739,0.6032,0.3962
1142510,26976,3.7386,0.6156,0.3495
1142510,26980,3.8994,0.6420,0.3993
1142510,26983,4.1810,0.7282,0.5414
1142510,26984,3.6887,0.6405,0.3453
1142510,26987,4.4088,0.7687,0.6106
1142510,26988,3.7711,0.6548,0.3868
1142510,28121,3.5553,-0.9793,0.2728
1142510,28153,3.5731,-0.8512,0.2717
1142510,28157,3.5800,-0.8529,0.3045
1142510,28161,3.5720,-0.8181,0.2723
1142510,28165,3.6110,-0.8270,0.3078
1142510,28169,3.5924,-0.7898,0.2733
1142510,28173,3.6181,-0.7955,0.3078
1142510,28177,3.6078,-0.7603,0.2740
1142510,28181,3.6228,-0.7634,0.3076
1142510,28185,3.6332,-0.7326,0.2761
1142510,28189,3.6644,-0.7389,0.3113
1142510,28193,3.6093,-0.6950,0.2738
1142510,28197,3.6488,-0.7026,0.3094
1142510,28201,3.6183,-0.6641,0.2740
1142510,28205,3.6819,-0.6758,0.3117
1142510,28209,3.6112,-0.6270,0.2730
1142510,28213,3.6822,-0.6393,0.3112
1142510,28217,3.6385,-0.5984,0.2753
1142510,28221,3.6586,-0.6024,0.3094
1142510,28225,3.6267,-0.5640,0.2740
1142510,28229,3.6562,-0.5686,0.3088
1142510,28233,3.6349,-0.5322,0.2743
1142510,28237,3.6712,-0.5382,0.3096
1142510,28297,3.6412,-0.8006,0.3426
1142510,28301,3.7284,-0.8197,0.3844
1142510,28305,3.6629,-0.7719,0.3440
1142510,28313,3.6719,-0.7404,0.3448
1142510,28321,3.7149,-0.7154,0.3483
1142510,28325,3.7732,-0.7266,0.3876
1142510,28329,3.7315,-0.6849,0.3493
1142510,28333,3.7221,-0.6831,0.3817
1142510,28337,3.7472,-0.6506,0.3508
1142510,28341,3.7398,-0.6493,0.3836
1142510,28345,3.7376,-0.6154,0.3494
1142510,28349,3.7076,-0.6105,0.3797
1142510,28353,3.7441,-0.5830,0.3495
1142510,28357,3.7198,-0.5792,0.3804
1142510,28361,3.7491,-0.5496,0.3495
1142510,28365,3.7554,-0.5512,0.3842
1142510,28369,3.6124,-0.4968,0.2723
1142510,28373,3.6677,-0.5044,0.3089
1142510,28377,3.5862,-0.4613,0.2700
1142510,28381,3.6620,-0.4711,0.3087
1142510,28385,3.6037,-0.4310,0.2716
1142510,28389,3.6814,-0.4403,0.3100
1142510,28393,3.6390,-0.4030,0.2740
1142510,28394,3.8971,-0.4323,0.4322
1142510,28397,3.6651,-0.4059,0.3084
1142510,28398,3.8927,-0.4318,0.4663
1142510,28401,3.6512,-0.3715,0.2747
1142510,28402,3.9312,-0.4007,0.4356
1142510,28405,3.6692,-0.3733,0.3084
1142510,28406,3.9906,-0.4075,0.4783
1142510,28409,3.6232,-0.3368,0.2723
1142510,28410,3.9491,-0.3677,0.4372
1142510,28413,3.6906,-0.3430,0.3099
1142510,28414,4.0385,-0.3761,0.4836
1142510,28417,3.5556,-0.2986,0.2670
1142510,28418,3.9666,-0.3338,0.4395
1142510,28421,3.6729,-0.3084,0.3089
1142510,28422,4.0904,-0.3442,0.4895
1142510,28425,3.6246,-0.2725,0.2720
1142510,28426,3.9837,-0.2995,0.4410
1142510,28429,3.7044,-0.2785,0.3113
1142510,28430,4.0962,-0.3087,0.4898
1142510,28433,3.6285,-0.2404,0.2721
1142510,28434,3.9669,-0.2635,0.4389
1142510,28437,3.6910,-0.2445,0.3100
1142510,28438,4.0467,-0.2688,0.4836
1142510,28441,3.6591,-0.2097,0.2749
1142510,28442,3.9688,-0.2281,0.4389
1142510,28445,3.7170,-0.2137,0.3120
1142510,28446,4.0530,-0.2330,0.4841
1142510,28449,3.6602,-0.1777,0.2749
1142510,28450,3.9586,-0.1929,0.4376
1142510,28453,3.7309,-0.1812,0.3130
1142510,28454,4.0053,-0.1952,0.4789
1142510,28457,3.6843,-0.1460,0.2766
1142510,28458,3.9773,-0.1584,0.4395
1142510,28461,3.7259,-0.1483,0.3125
1142510,28462,3.9975,-0.1592,0.4778
1142510,28465,3.6792,-0.1137,0.2761
1142510,28466,3.9254,-0.1213,0.4336
1142510,28469,3.7290,-0.1152,0.3126
1142510,28470,3.9601,-0.1224,0.4731
1142510,28473,3.6658,-0.0806,0.2751
1142510,28477,3.7168,-0.0817,0.3115
1142510,28481,3.6764,-0.0481,0.2758
1142510,28485,3.7072,-0.0485,0.3107
1142510,28489,3.7127,-0.0162,0.2785
1142510,28490,3.9552,-0.0173,0.4367
1142510,28493,3.7437,-0.0163,0.3137
1142510,28494,3.9040,-0.0170,0.4662
1142510,28497,3.7033,-0.5099,0.3455
1142510,28505,3.6995,-0.4759,0.3447
1142510,28513,3.7052,-0.4438,0.3449
1142510,28517,3.7471,-0.4488,0.3820
1142510,28521,3.7605,-0.4165,0.3496
1142510,28525,3.8465,-0.4260,0.3924
1142510,28529,3.7509,-0.3823,0.3491
1142510,28530,4.0036,-0.4088,0.5155
1142510,28533,3.8901,-0.3965,0.3965
1142510,28537,3.7488,-0.3484,0.3486
1142510,28538,4.1197,-0.3836,0.5300
1142510,28541,3.8862,-0.3612,0.3958
1142510,28542,4.1911,-0.3910,0.5766
1142510,28545,3.7561,-0.3154,0.3490
1142510,28546,4.1681,-0.3515,0.5358
1142510,28549,3.8597,-0.3248,0.3928
1142510,28550,4.2546,-0.3588,0.5856
1142510,28553,3.7741,-0.2838,0.3504
1142510,28554,4.1577,-0.3133,0.5341
1142510,28557,3.8753,-0.2914,0.3941
1142510,28558,4.1458,-0.3125,0.5703
1142510,28561,3.7729,-0.2499,0.3501
1142510,28562,4.0226,-0.2672,0.5172
1142510,28565,3.8815,-0.2578,0.3951
1142510,28569,3.7827,-0.2174,0.3508
1142510,28573,3.8932,-0.2238,0.3961
1142510,28577,3.7749,-0.1833,0.3499
1142510,28581,3.8842,-0.1886,0.3950
1142510,28585,3.7929,-0.1510,0.3521
1142510,28589,3.8808,-0.1545,0.3945
1142510,28593,3.7755,-0.1167,0.3504
1142510,28597,3.8432,-0.1188,0.3906
1142510,28601,3.7680,-0.0829,0.3496
1142510,28605,3.7467,-0.0831,0.3807
1142510,28609,3.7223,-0.0487,0.3453
1142510,28617,3.7894,-0.0165,0.3515
1142510,28621,3.8587,-0.0168,0.3920
1142510,28679,4.7143,0.3148,0.8586
1142510,28680,4.4670,0.2975,0.6539
1142510,28684,4.6333,0.3086,0.7205
1142510,28695,5.0501,0.4276,0.9210
1142510,28703,5.0677,0.4746,0.9250
1142510,28808,4.6958,0.3127,0.7724
1142510,28812,4.7207,0.3152,0.8189
1142510,28820,4.9067,0.3715,0.8517
1142510,28828,4.9051,0.4153,0.8521
1142510,28836,4.9084,0.4588,0.8524
1142510,28844,4.9052,0.5026,0.8526
1142510,29020,4.8824,0.7637,0.8518
1142510,30457,4.3427,-0.4052,0.6371
1142510,30461,4.4439,-0.4154,0.6917
1142510,30465,4.4373,-0.3742,0.6504
1142510,30585,4.6627,-0.4358,0.7677
1142511,16335,1.9559,0.0085,-0.4840
1142511,16339,1.9659,0.0086,-0.4683
1142511,16343,1.9523,0.0262,-0.4832
1142511,16347,1.9679,0.0264,-0.4652
1142511,16351,1.9780,0.0442,-0.4896
1142511,16355,1.9882,0.0444,-0.4701
1142511,16359,1.9564,0.0615,-0.4808
1142511,16363,1.9721,0.0620,-0.4664
1142511,16367,1.9710,0.0795,-0.4845
1142511,16371,1.9709,0.0795,-0.4663
1142511,16375,1.9539,0.0966,-0.4805
1142511,16379,2.0198,0.0995,-0.4780
1142511,16383,1.9505,0.1138,-0.4799
1142511,16387,1.9878,0.1157,-0.4707
1142511,16391,1.9646,0.1322,-0.4836
1142511,16395,1.9880,0.1338,-0.4710
1142511,16396,1.9149,0.1295,-0.5251
1142511,16399,1.9603,0.1498,-0.4829
1142511,16403,1.9741,0.1505,-0.4680
1142511,16407,1.9781,0.1689,-0.4876
1142511,16411,2.0002,0.1704,-0.4746
1142511,16415,1.9778,0.1866,-0.4880
1142511,16419,2.0051,0.1892,-0.4761
1142511,16423,1.9814,0.2051,-0.4893
1142511,16427,1.9829,0.2049,-0.4712
1142511,16431,1.9659,0.2212,-0.4859
1142511,16435,1.9786,0.2223,-0.4707
1142511,16439,1.9726,0.2398,-0.4881
1142511,16443,1.9774,0.2400,-0.4709
1142511,16447,1.9514,0.2552,-0.4834
1142511,16451,1.9572,0.2556,-0.4666
1142511,16455,1.9500,0.2727,-0.4836
1142511,16459,1.9615,0.2739,-0.4682
1142511,16463,2.0020,0.0087,-0.4548
1142511,16464,1.9050,0.0083,-0.5069
1142511,16467,2.0325,0.0089,-0.4432
1142511,16468,1.9633,0.0086,-0.5041
1142511,16471,2.0001,0.0265,-0.4544
1142511,16472,1.9215,0.0258,-0.5113
1142511,16475,2.0435,0.0271,-0.4456
1142511,16476,1.9510,0.0262,-0.5010
1142511,16479,2.0133,0.0450,-0.4575
1142511,16480,1.9315,0.0435,-0.5141
1142511,16483,2.0489,0.0458,-0.4468
1142511,16484,1.9420,0.0437,-0.4987
1142511,16487,2.0067,0.0627,-0.4561
1142511,16488,1.9052,0.0599,-0.5072
1142511,16491,2.0434,0.0639,-0.4458
1142511,16492,1.9407,0.0610,-0.4985
1142511,16495,2.0063,0.0809,-0.4562
1142511,16496,1.9146,0.0776,-0.5098
1142511,16499,2.0085,0.0807,-0.4383
1142511,16500,1.9328,0.0783,-0.4967
1142511,16503,2.0150,0.0993,-0.4583
1142511,16504,1.9262,0.0952,-0.5095
1142511,16507,2.0446,0.1004,-0.4463
1142511,16508,1.9280,0.0953,-0.4920
1142511,16511,1.9905,0.1158,-0.4530
1142511,16512,1.9180,0.1123,-0.5076
1142511,16515,2.0042,0.1166,-0.4377
1142511,16516,1.9537,0.1140,-0.4988
1142511,16519,1.9929,0.1338,-0.4538
1142511,16520,1.9277,0.1301,-0.5105
1142511,16523,2.0060,0.1346,-0.4384
1142511,16524,1.9358,0.1306,-0.4946
1142511,16527,2.0301,0.1548,-0.4626
1142511,16528,1.9123,0.1465,-0.5067
1142511,16531,2.0213,0.1538,-0.4420
1142511,16532,1.9458,0.1487,-0.4974
1142511,16535,2.0128,0.1715,-0.4589
1142511,16536,1.9023,0.1627,-0.5044
1142511,16539,2.0282,0.1724,-0.4438
1142511,16540,1.9470,0.1666,-0.4981
1142511,16543,2.0152,0.1898,-0.4599
1142511,16544,1.9160,0.1815,-0.5085
1142511,16547,1.9935,0.1874,-0.4366
1142511,16548,1.9338,0.1828,-0.4951
1142511,16551,1.9861,0.2049,-0.4536
1142511,16555,2.0053,0.2065,-0.4395
1142511,16556,1.9365,0.2005,-0.4963
1142511,16559,1.9927,0.2235,-0.4556
1142511,16560,1.9159,0.2163,-0.5094
1142511,16563,2.0040,0.2248,-0.4397
1142511,16564,1.9622,0.2211,-0.5033
1142511,16567,1.9919,0.2418,-0.4559
1142511,16568,1.9009,0.2317,-0.5059
1142511,16571,1.9852,0.2406,-0.4360
1142511,16572,1.9332,0.2353,-0.4964
1142511,16575,1.9687,0.2567,-0.4511
1142511,16576,1.9234,0.2522,-0.5125
1142511,16579,2.0186,0.2629,-0.4439
1142511,16580,1.9567,0.2562,-0.5030
1142511,16583,1.9746,0.2754,-0.4530
1142511,16584,1.9135,0.2682,-0.5105
1142511,16587,1.9942,0.2778,-0.4390
1142511,16588,1.9275,0.2699,-0.4961
1142511,16591,1.9625,0.2923,-0.4874
1142511,16595,1.9762,0.2939,-0.4723
1142511,16599,1.9436,0.3068,-0.4833
1142511,16600,1.9243,0.3062,-0.5514
1142511,16603,1.9810,0.3127,-0.4741
1142511,16607,1.9607,0.3281,-0.4883
1142511,16611,1.9678,0.3282,-0.4716
1142511,16612,1.9214,0.3229,-0.5330
1142511,16615,1.9587,0.3454,-0.4885
1142511,16619,1.9663,0.3467,-0.4720
1142511,16623,1.9346,0.3586,-0.4833
1142511,16627,1.9653,0.3642,-0.4725
1142511,16631,1.9396,0.3770,-0.4853
1142511,16635,1.9706,0.3830,-0.4746
1142511,16639,1.9538,0.3975,-0.4860
1142511,16643,1.9801,0.4029,-0.4739
1142511,16647,1.9691,0.4221,-0.4909
1142511,16651,1.9803,0.4209,-0.4748
1142511,16655,1.9495,0.4358,-0.4870
1142511,16659,2.0052,0.4482,-0.4819
1142511,16663,1.9552,0.4550,-0.4894
1142511,16667,2.0013,0.4657,-0.4819
1142511,16668,1.9238,0.4477,-0.5367
1142511,16671,1.9423,0.4699,-0.4871
1142511,16675,1.9663,0.4757,-0.4745
1142511,16676,1.9213,0.4684,-0.5373
1142511,16679,1.9343,0.4859,-0.4862
1142511,16683,1.9682,0.4944,-0.4760
1142511,16687,1.9484,0.5075,-0.4908
1142511,16691,1.9540,0.5090,-0.4736
1142511,16695,1.9442,0.5246,-0.4909
1142511,16699,1.9751,0.5329,-0.4798
1142511,16703,1.9129,0.5341,-0.4842
1142511,16707,1.9683,0.5496,-0.4793
1142511,16711,1.9206,0.5543,-0.4836
1142511,16715,1.9501,0.5629,-0.4761
1142511,16719,1.9892,0.2955,-0.4569
1142511,16720,1.9185,0.2867,-0.5125
1142511,16723,2.0636,0.3058,-0.4549
1142511,16724,1.9418,0.2892,-0.5004
1142511,16727,1.9821,0.3125,-0.4559
1142511,16728,1.9314,0.3063,-0.5167
1142511,16731,2.0283,0.3194,-0.4477
1142511,16732,1.9392,0.3071,-0.5005
1142511,16735,1.9925,0.3324,-0.4589
1142511,16736,1.9330,0.3242,-0.5179
1142511,16739,2.0141,0.3356,-0.4452
1142511,16740,1.9435,0.3256,-0.5023
1142511,16743,1.9895,0.3497,-0.4589
1142511,16747,2.0356,0.3578,-0.4506
1142511,16748,1.9309,0.3405,-0.4998
1142511,16751,2.0021,0.3711,-0.4626
1142511,16752,1.9103,0.3575,-0.5135
1142511,16755,2.0207,0.3745,-0.4481
1142511,16756,1.9308,0.3579,-0.5005
1142511,16759,1.9904,0.3869,-0.4607
1142511,16760,1.9394,0.3805,-0.5222
1142511,16763,2.0263,0.3939,-0.4501
1142511,16764,1.9720,0.3833,-0.5121
1142511,16767,1.9991,0.4067,-0.4597
1142511,16768,1.9226,0.3946,-0.5149
1142511,16771,2.0139,0.4097,-0.4481
1142511,16772,1.9476,0.3998,-0.5031
1142511,16775,1.9702,0.4188,-0.4539
1142511,16776,1.9131,0.4101,-0.5133
1142511,16779,2.0098,0.4272,-0.4442
1142511,16780,1.9472,0.4174,-0.5039
1142511,16783,2.0049,0.4445,-0.4628
1142511,16784,1.9371,0.4330,-0.5207
1142511,16787,2.0616,0.4570,-0.4566
1142511,16788,1.9602,0.4382,-0.5083
1142511,16791,1.9873,0.4588,-0.4596
1142511,16792,1.9177,0.4463,-0.5165
1142511,16795,2.0583,0.4752,-0.4567
1142511,16796,1.9382,0.4510,-0.5035
1142511,16799,1.9931,0.4822,-0.4621
1142511,16800,1.9276,0.4663,-0.5203
1142511,16803,2.0314,0.4877,-0.4517
1142511,16804,1.9394,0.4692,-0.5049
1142511,16807,1.9954,0.5012,-0.4637
1142511,16808,1.9099,0.4797,-0.5166
1142511,16811,2.0332,0.5107,-0.4532
1142511,16812,1.9447,0.4885,-0.5074
1142511,16815,2.0214,0.5265,-0.4708
1142511,16816,1.9298,0.5063,-0.5234
1142511,16819,2.0471,0.5332,-0.4574
1142511,16820,1.9267,0.5019,-0.5038
1142511,16823,2.0124,0.5430,-0.4697
1142511,16827,2.0293,0.5475,-0.4544
1142511,16828,1.9195,0.5179,-0.5031
1142511,16831,2.0207,0.5642,-0.4728
1142511,16835,2.0331,0.5677,-0.4564
1142511,16836,1.9075,0.5362,-0.5014
1142511,16839,1.9963,0.5762,-0.4683
1142511,16843,2.0344,0.5872,-0.4578
1142511,16844,1.9027,0.5528,-0.4977
1142511,16847,1.9620,0.5886,-0.4955
1142511,16851,1.9880,0.5927,-0.4827
1142511,16855,1.9448,0.6020,-0.4925
1142511,16859,1.9706,0.6062,-0.4798
1142511,16863,1.9473,0.6215,-0.4945
1142511,16867,1.9867,0.6340,-0.4853
1142511,16871,1.9540,0.6425,-0.4976
1142511,16875,1.9877,0.6535,-0.4869
1142511,16879,1.9627,0.6643,-0.5013
1142511,16883,1.9861,0.6722,-0.4879
1142511,16887,1.9581,0.6819,-0.5016
1142511,16891,2.0001,0.6965,-0.4928
1142511,16895,1.9700,0.7054,-0.5024
1142511,16899,1.9947,0.7142,-0.4930
1142511,16903,1.9511,0.7179,-0.4991
1142511,16907,1.9637,0.7225,-0.4831
1142511,16911,1.9316,0.7299,-0.4957
1142511,16915,1.9728,0.7455,-0.4869
1142511,16919,1.9472,0.7553,-0.5014
1142511,16923,1.9902,0.7720,-0.4928
1142511,16927,1.9329,0.7731,-0.4998
1142511,16931,1.9921,0.7928,-0.4950
1142511,16935,1.9600,0.8038,-0.5086
1142511,16939,1.9760,0.8064,-0.4927
1142511,16943,1.9514,0.8203,-0.5082
1142511,16947,1.9664,0.8226,-0.4921
1142511,16951,1.9209,0.8273,-0.4983
1142511,16955,2.0025,0.8583,-0.4990
1142511,16959,1.9145,0.8444,-0.4985
1142511,16963,1.9966,0.8806,-0.4998
1142511,16967,1.9377,0.8749,-0.5065
1142511,16971,1.9657,0.8876,-0.4940
1142511,16975,1.9996,0.5961,-0.4664
1142511,16979,2.0373,0.6073,-0.4596
1142511,16980,1.9165,0.5750,-0.5026
1142511,16983,2.0060,0.6171,-0.4691
1142511,16984,1.9133,0.5923,-0.5217
1142511,16987,2.0466,0.6296,-0.4591
1142511,16988,1.9180,0.5937,-0.5043
1142511,16991,1.9896,0.6311,-0.4666
1142511,16995,2.0345,0.6454,-0.4576
1142511,16996,1.9102,0.6096,-0.5036
1142511,16999,2.0223,0.6610,-0.4756
1142511,17003,2.0310,0.6638,-0.4581
1142511,17004,1.9295,0.6344,-0.5102
1142511,17007,2.0148,0.6820,-0.4755
1142511,17011,2.0390,0.6862,-0.4612
1142511,17012,1.9051,0.6448,-0.5052
1142511,17015,1.9985,0.6960,-0.4730
1142511,17019,2.0470,0.7088,-0.4644
1142511,17020,1.9189,0.6682,-0.5104
1142511,17023,2.0222,0.7241,-0.4801
1142511,17027,2.0191,0.7190,-0.4595
1142511,17028,1.9017,0.6809,-0.5036
1142511,17031,1.9879,0.7314,-0.4735
1142511,17035,2.0311,0.7473,-0.4640
1142511,17036,1.9180,0.7091,-0.5098
1142511,17039,1.9883,0.7513,-0.4712
1142511,17043,2.0629,0.7795,-0.4687
1142511,17044,1.9237,0.7307,-0.5131
1142511,17047,2.0345,0.7891,-0.4838
1142511,17051,2.0653,0.8011,-0.4709
1142511,17052,1.9133,0.7460,-0.5120
1142511,17055,2.0190,0.8035,-0.4818
1142511,17059,2.0448,0.8137,-0.4678
1142511,17060,1.9254,0.7701,-0.5170
1142511,17063,2.0221,0.8252,-0.4842
1142511,17067,2.0072,0.8191,-0.4608
1142511,17068,1.9311,0.7920,-0.5204
1142511,17071,1.9983,0.8359,-0.4802
1142511,17075,1.9877,0.8315,-0.4580
1142511,17076,1.9201,0.8072,-0.5155
1142511,17079,1.9890,0.8525,-0.4798
1142511,17083,1.9633,0.8415,-0.4540
1142511,17087,1.9956,0.8760,-0.4792
1142511,17091,2.0106,0.8826,-0.4667
1142511,17095,1.9762,0.8881,-0.4764
1142511,17099,2.0116,0.9040,-0.4647
1142511,17103,1.9516,0.9018,-0.5122
1142511,17107,1.9655,0.9082,-0.4959
1142511,17111,1.9311,0.9128,-0.5089
1142511,17115,1.9610,0.9269,-0.4968
1142511,17119,1.9383,0.9370,-0.5089
1142511,17123,1.9503,0.9428,-0.4961
1142511,17127,1.9598,0.9686,-0.5168
1142511,17131,1.9663,0.9718,-0.4983
1142511,17135,1.9460,0.9830,-0.5154
1142511,17139,1.9687,0.9945,-0.5011
1142511,17231,1.9938,0.9171,-0.4825
1142511,17235,2.0096,0.9243,-0.4661
1142511,17239,1.9845,0.9338,-0.4822
1142511,17243,2.0213,0.9511,-0.4708
1142511,17244,1.9315,0.9130,-0.5248
1142511,17247,1.9821,0.9582,-0.4840
1142511,17251,2.0230,0.9736,-0.4731
1142511,17255,1.9652,0.9713,-0.4820
1142511,17259,1.9985,0.9834,-0.4694
1142511,17260,1.9116,0.9489,-0.5242
1142511,17263,1.9815,1.0009,-0.4840
1142511,17276,1.9220,0.9963,-0.5317
1142511,17450,1.9451,-0.9826,-0.5151
1142511,17458,1.9497,-0.9636,-0.5141
1142511,17462,1.9786,-0.9779,-0.5014
1142511,17466,1.9517,-0.9435,-0.5125
1142511,17470,1.9855,-0.9598,-0.5051
1142511,17474,1.9722,-0.9323,-0.5197
1142511,17478,2.0212,-0.9554,-0.5120
1142511,17482,1.9630,-0.9070,-0.5152
1142511,17486,1.9980,-0.9232,-0.5041
1142511,17581,1.9496,-0.9891,-0.5370
1142511,17586,2.0012,-0.9891,-0.4908
1142511,17589,1.9371,-0.9616,-0.5312
1142511,17590,2.0193,-0.9936,-0.4743
1142511,17594,2.0055,-0.9695,-0.4898
1142511,17597,1.9315,-0.9379,-0.5274
1142511,17598,2.0142,-0.9694,-0.4710
1142511,17602,1.9962,-0.9393,-0.4850
1142511,17605,1.9497,-0.9216,-0.5297
1142511,17606,2.0062,-0.9440,-0.4672
1142511,17609,1.9317,-0.8967,-0.5429
1142511,17610,2.0077,-0.9235,-0.4859
1142511,17613,1.9352,-0.8942,-0.5276
1142511,17614,2.0446,-0.9404,-0.4743
1142511,17618,1.9508,-0.8808,-0.5099
1142511,17622,2.0045,-0.9051,-0.5037
1142511,17626,1.9895,-0.8775,-0.5180
1142511,17630,1.9691,-0.8685,-0.4929
1142511,17634,1.9860,-0.8553,-0.5151
1142511,17638,2.0157,-0.8639,-0.5023
1142511,17642,1.9802,-0.8324,-0.5157
1142511,17646,1.9912,-0.8329,-0.4983
1142511,17650,1.9711,-0.8084,-0.5115
1142511,17654,2.0024,-0.8171,-0.4993
1142511,17658,1.9662,-0.7864,-0.5084
1142511,17662,2.0178,-0.8030,-0.5014
1142511,17666,1.9738,-0.7656,-0.5083
1142511,17670,2.0171,-0.7824,-0.4995
1142511,17674,1.9785,-0.7476,-0.5078
1142511,17678,1.9964,-0.7544,-0.4927
1142511,17682,1.9889,-0.7318,-0.5088
1142511,17686,2.0113,-0.7400,-0.4948
1142511,17690,1.9794,-0.7087,-0.5048
1142511,17694,2.0187,-0.7228,-0.4990
1142511,17698,1.9735,-0.6872,-0.5056
1142511,17702,2.0234,-0.7046,-0.4986
1142511,17706,2.0084,-0.6798,-0.5130
1142511,17710,1.9983,-0.6764,-0.4909
1142511,17714,1.9743,-0.6491,-0.5028
1142511,17718,2.0371,-0.6698,-0.4990
1142511,17722,1.9791,-0.6316,-0.5026
1142511,17726,1.9939,-0.6363,-0.4870
1142511,17730,1.9656,-0.6085,-0.4978
1142511,17733,1.9339,-0.5987,-0.5462
1142511,17734,2.0069,-0.6174,-0.4886
1142511,17738,1.9832,-0.5950,-0.5009
1142511,17742,2.0203,-0.6023,-0.4906
1142511,17745,1.9166,-0.8694,-0.5404
1142511,17746,2.0089,-0.9029,-0.4843
1142511,17749,1.9381,-0.8751,-0.5263
1142511,17750,2.0342,-0.9142,-0.4700
1142511,17754,1.9941,-0.8754,-0.4788
1142511,17757,1.9535,-0.8616,-0.5284
1142511,17758,2.0349,-0.8933,-0.4724
1142511,17762,2.0164,-0.8642,-0.4864
1142511,17765,1.9513,-0.8403,-0.5258
1142511,17766,2.0237,-0.8674,-0.4680
1142511,17769,1.9224,-0.8081,-0.5354
1142511,17770,2.0366,-0.8519,-0.4894
1142511,17773,1.9475,-0.8187,-0.5228
1142511,17774,2.0624,-0.8627,-0.4752
1142511,17777,1.9272,-0.7904,-0.5348
1142511,17778,2.0332,-0.8297,-0.4868
1142511,17781,1.9556,-0.8020,-0.5270
1142511,17782,2.0390,-0.8321,-0.4681
1142511,17785,1.9254,-0.7701,-0.5363
1142511,17786,2.0244,-0.8056,-0.4830
1142511,17789,1.9311,-0.7724,-0.5186
1142511,17790,2.0378,-0.8109,-0.4662
1142511,17794,2.0658,-0.8013,-0.4912
1142511,17797,1.9479,-0.7594,-0.5213
1142511,17798,2.0577,-0.7981,-0.4691
1142511,17802,2.0394,-0.7706,-0.4833
1142511,17805,1.9390,-0.7366,-0.5172
1142511,17806,2.0820,-0.7867,-0.4731
1142511,17809,1.9268,-0.7124,-0.5313
1142511,17810,2.0290,-0.7465,-0.4833
1142511,17813,1.9527,-0.7220,-0.5191
1142511,17814,2.0598,-0.7579,-0.4705
1142511,17818,2.0213,-0.7237,-0.4799
1142511,17821,1.9422,-0.6954,-0.5143
1142511,17822,2.0734,-0.7383,-0.4718
1142511,17825,1.9202,-0.6721,-0.5261
1142511,17826,2.0363,-0.7091,-0.4820
1142511,17829,1.9270,-0.6710,-0.5125
1142511,17830,2.0634,-0.7145,-0.4681
1142511,17833,1.9113,-0.6503,-0.5259
1142511,17834,2.0410,-0.6908,-0.4816
1142511,17837,1.9277,-0.6525,-0.5112
1142511,17838,2.0803,-0.7001,-0.4705
1142511,17841,1.9226,-0.6321,-0.5272
1142511,17842,2.0568,-0.6723,-0.4837
1142511,17845,1.9508,-0.6414,-0.5158
1142511,17846,2.0808,-0.6801,-0.4693
1142511,17849,1.9129,-0.6105,-0.5230
1142511,17850,2.0391,-0.6468,-0.4782
1142511,17853,1.9590,-0.6252,-0.5165
1142511,17854,2.0958,-0.6648,-0.4714
1142511,17857,1.9255,-0.5960,-0.5250
1142511,17858,2.0444,-0.6289,-0.4781
1142511,17861,1.9783,-0.6124,-0.5202
1142511,17862,2.0731,-0.6378,-0.4650
1142511,17865,1.9207,-0.5762,-0.5223
1142511,17866,2.0365,-0.6071,-0.4750
1142511,17869,1.9688,-0.5907,-0.5163
1142511,17870,2.0578,-0.6135,-0.4643
1142511,17874,2.0081,-0.5796,-0.5057
1142511,17877,1.9177,-0.5572,-0.5388
1142511,17878,2.0270,-0.5851,-0.4948
1142511,17882,2.0003,-0.5585,-0.5063
1142511,17885,1.9178,-0.5391,-0.5375
1142511,17886,2.0212,-0.5643,-0.4922
1142511,17890,2.0069,-0.5415,-0.5067
1142511,17893,1.9163,-0.5206,-0.5395
1142511,17894,2.0079,-0.5418,-0.4878
1142511,17898,2.0035,-0.5219,-0.5047
1142511,17901,1.9495,-0.5114,-0.5476
1142511,17902,2.0300,-0.5288,-0.4920
1142511,17906,1.9728,-0.4955,-0.4959
1142511,17909,1.9563,-0.4950,-0.5483
1142511,17910,2.0294,-0.5097,-0.4908
1142511,17914,1.9851,-0.4802,-0.4979
1142511,17917,1.9268,-0.4697,-0.5388
1142511,17918,2.0270,-0.4904,-0.4891
1142511,17921,1.9319,-0.4531,-0.5578
1142511,17922,1.9878,-0.4626,-0.4975
1142511,17925,1.9353,-0.4504,-0.5399
1142511,17926,2.0153,-0.4690,-0.4853
1142511,17930,1.9771,-0.4419,-0.4938
1142511,17933,1.9483,-0.4355,-0.5424
1142511,17934,2.0244,-0.4525,-0.4865
1142511,17938,2.0169,-0.4324,-0.5028
1142511,17941,1.9489,-0.4178,-0.5415
1142511,17942,2.0155,-0.4284,-0.4833
1142511,17946,2.0090,-0.4087,-0.4998
1142511,17949,1.9547,-0.4012,-0.5421
1142511,17950,2.0125,-0.4094,-0.4817
1142511,17953,1.9331,-0.3793,-0.5537
1142511,17954,1.9948,-0.3878,-0.4991
1142511,17957,1.9620,-0.3849,-0.5470
1142511,17958,2.0135,-0.3914,-0.4849
1142511,17961,1.9299,-0.3612,-0.5556
1142511,17962,2.0092,-0.3724,-0.5019
1142511,17965,1.9514,-0.3652,-0.5431
1142511,17966,2.0140,-0.3733,-0.4842
1142511,17969,1.9284,-0.3435,-0.5543
1142511,17970,2.0129,-0.3549,-0.5020
1142511,17973,1.9442,-0.3463,-0.5402
1142511,17974,2.0306,-0.3580,-0.4874
1142511,17977,1.9266,-0.3241,-0.5528
1142511,17978,1.9942,-0.3337,-0.4966
1142511,17981,1.9359,-0.3253,-0.5370
1142511,17982,2.0211,-0.3371,-0.4844
1142511,17985,1.9501,-0.3103,-0.5588
1142511,17986,2.0099,-0.3173,-0.4998
1142511,17989,1.9336,-0.3069,-0.5356
1142511,17990,2.0335,-0.3210,-0.4866
1142511,17993,1.9260,-0.2885,-0.5511
1142511,17994,2.0097,-0.2993,-0.4991
1142511,17997,1.9340,-0.2894,-0.5350
1142511,17998,2.0372,-0.3030,-0.4869
1142511,18001,1.9425,-0.5644,-0.5269
1142511,18002,2.0574,-0.5938,-0.4826
1142511,18005,1.9557,-0.5682,-0.5116
1142511,18006,2.0752,-0.5990,-0.4670
1142511,18009,1.9404,-0.5454,-0.5288
1142511,18010,2.0450,-0.5710,-0.4785
1142511,18013,1.9758,-0.5554,-0.5193
1142511,18014,2.0708,-0.5782,-0.4648
1142511,18017,1.9326,-0.5251,-0.5254
1142511,18018,2.0407,-0.5506,-0.4763
1142511,18021,1.9701,-0.5316,-0.5163
1142511,18022,2.0795,-0.5611,-0.4657
1142511,18025,1.9437,-0.5099,-0.5272
1142511,18026,2.0624,-0.5372,-0.4803
1142511,18029,1.9801,-0.5158,-0.5178
1142511,18030,2.0856,-0.5433,-0.4660
1142511,18033,1.9489,-0.4895,-0.5272
1142511,18034,2.0677,-0.5194,-0.4804
1142511,18037,1.9422,-0.4879,-0.5067
1142511,18038,2.0939,-0.5260,-0.4668
1142511,18041,1.9463,-0.4709,-0.5253
1142511,18042,2.0834,-0.5040,-0.4831
1142511,18045,1.9551,-0.4730,-0.5090
1142511,18046,2.0793,-0.4992,-0.4623
1142511,18049,1.9782,-0.4603,-0.5328
1142511,18050,2.0601,-0.4756,-0.4765
1142511,18053,1.9674,-0.4578,-0.5111
1142511,18054,2.0959,-0.4839,-0.4651
1142511,18057,1.9638,-0.4390,-0.5279
1142511,18058,2.0615,-0.4570,-0.4759
1142511,18061,1.9829,-0.4432,-0.5141
1142511,18062,2.0920,-0.4638,-0.4633
1142511,18065,1.9594,-0.4200,-0.5257
1142511,18066,2.0672,-0.4394,-0.4763
1142511,18069,1.9698,-0.4223,-0.5098
1142511,18070,2.0738,-0.4408,-0.4584
1142511,18073,1.9568,-0.4017,-0.5241
1142511,18074,2.0635,-0.4198,-0.4746
1142511,18077,1.9809,-0.4066,-0.5117
1142511,18078,2.1211,-0.4315,-0.4719
1142511,18081,1.9749,-0.3875,-0.5318
1142511,18082,2.0711,-0.4026,-0.4793
1142511,18085,1.9953,-0.3878,-0.5181
1142511,18086,2.0692,-0.4022,-0.4596
1142511,18089,1.9823,-0.3710,-0.5328
1142511,18090,2.0434,-0.3787,-0.4722
1142511,18093,1.9936,-0.3695,-0.5168
1142511,18094,2.0831,-0.3861,-0.4619
1142511,18097,1.9716,-0.3476,-0.5290
1142511,18098,2.0496,-0.3603,-0.4728
1142511,18101,1.9770,-0.3486,-0.5117
1142511,18102,2.0906,-0.3675,-0.4628
1142511,18105,1.9673,-0.3299,-0.5270
1142511,18106,2.0439,-0.3409,-0.4708
1142511,18109,1.9726,-0.3305,-0.5098
1142511,18110,2.0800,-0.3466,-0.4598
1142511,18113,1.9407,-0.3077,-0.5192
1142511,18114,2.0751,-0.3272,-0.4773
1142511,18117,1.9980,-0.3164,-0.5156
1142511,18118,2.0857,-0.3285,-0.4604
1142511,18121,1.9791,-0.2958,-0.5287
1142511,18122,2.0496,-0.3045,-0.4708
1142511,18125,1.9699,-0.2934,-0.5077
1142511,18126,2.0972,-0.3108,-0.4623
1142511,18130,1.9729,-0.2759,-0.4893
1142511,18133,1.9412,-0.2725,-0.5363
1142511,18134,2.0220,-0.2824,-0.4826
1142511,18137,1.9197,-0.2524,-0.5479
1142511,18138,1.9842,-0.2595,-0.4915
1142511,18141,1.9218,-0.2523,-0.5303
1142511,18142,2.0035,-0.2616,-0.4776
1142511,18145,1.9315,-0.2361,-0.5506
1142511,18146,1.9856,-0.2413,-0.4913
1142511,18149,1.9431,-0.2372,-0.5355
1142511,18150,2.0177,-0.2449,-0.4805
1142511,18153,1.9402,-0.2197,-0.5525
1142511,18154,1.9852,-0.2234,-0.4907
1142511,18157,1.9208,-0.2171,-0.5288
1142511,18158,2.0232,-0.2273,-0.4813
1142511,18162,1.9570,-0.2026,-0.4832
1142511,18165,1.9499,-0.2025,-0.5363
1142511,18166,2.0063,-0.2073,-0.4768
1142511,18169,1.9339,-0.1835,-0.5497
1142511,18170,1.9822,-0.1870,-0.4890
1142511,18173,1.9353,-0.1836,-0.5318
1142511,18174,1.9947,-0.1882,-0.4736
1142511,18178,1.9723,-0.1684,-0.4862
1142511,18181,1.9140,-0.1641,-0.5255
1142511,18182,2.0066,-0.1710,-0.4761
1142511,18186,2.0001,-0.1528,-0.4927
1142511,18189,1.9366,-0.1483,-0.5313
1142511,18190,2.0160,-0.1537,-0.4779
1142511,18194,1.9954,-0.1343,-0.4912
1142511,18197,1.9314,-0.1307,-0.5296
1142511,18198,1.9991,-0.1345,-0.4736
1142511,18201,1.9280,-0.1132,-0.5465
1142511,18202,1.9950,-0.1164,-0.4908
1142511,18205,1.9595,-0.1147,-0.5370
1142511,18206,2.0254,-0.1178,-0.4796
1142511,18210,1.9628,-0.0970,-0.4827
1142511,18213,1.9245,-0.0955,-0.5307
1142511,18214,1.9995,-0.0985,-0.4732
1142511,18218,1.9776,-0.0798,-0.4861
1142511,18221,1.9267,-0.0781,-0.5311
1142511,18222,2.0027,-0.0808,-0.4738
1142511,18225,1.9294,-0.0610,-0.5499
1142511,18226,1.9837,-0.0623,-0.4875
1142511,18229,1.9389,-0.0613,-0.5343
1142511,18230,2.0129,-0.0633,-0.4761
1142511,18233,1.9396,-0.0437,-0.5527
1142511,18234,1.9852,-0.0444,-0.4914
1142511,18237,1.9534,-0.0440,-0.5382
1142511,18238,2.0149,-0.0450,-0.4764
1142511,18242,2.0016,-0.0269,-0.4954
1142511,18246,2.0170,-0.0271,-0.4768
1142511,18250,1.9813,-0.0086,-0.4903
1142511,18253,1.9138,-0.0084,-0.5272
1142511,18254,1.9976,-0.0087,-0.4759
1142511,18257,1.9538,-0.2739,-0.5213
1142511,18258,2.0390,-0.2844,-0.4677
1142511,18261,1.9713,-0.2760,-0.5074
1142511,18262,2.0810,-0.2899,-0.4581
1142511,18265,1.9473,-0.2553,-0.5189
1142511,18266,2.0548,-0.2680,-0.4708
1142511,18269,1.9559,-0.2561,-0.5028
1142511,18270,2.0826,-0.2712,-0.4579
1142511,18273,1.9664,-0.2397,-0.5234
1142511,18274,2.0476,-0.2485,-0.4686
1142511,18277,1.9622,-0.2388,-0.5038
1142511,18278,2.0809,-0.2522,-0.4570
1142511,18281,1.9440,-0.2194,-0.5169
1142511,18282,2.0408,-0.2289,-0.4666
1142511,18285,1.9607,-0.2210,-0.5030
1142511,18286,2.0658,-0.2317,-0.4532
1142511,18289,1.9414,-0.2013,-0.5157
1142511,18290,2.0421,-0.2107,-0.4664
1142511,18293,1.9701,-0.2039,-0.5048
1142511,18294,2.0761,-0.2138,-0.4551
1142511,18297,1.9327,-0.1830,-0.5129
1142511,18298,2.0408,-0.1922,-0.4657
1142511,18301,1.9681,-0.1860,-0.5039
1142511,18302,2.0575,-0.1934,-0.4506
1142511,18305,1.9434,-0.1663,-0.5153
1142511,18306,2.0165,-0.1718,-0.4598
1142511,18309,1.9891,-0.1702,-0.5089
1142511,18310,2.0489,-0.1742,-0.4483
1142511,18313,1.9614,-0.1502,-0.5197
1142511,18314,2.0539,-0.1566,-0.4680
1142511,18317,1.9925,-0.1523,-0.5094
1142511,18318,2.0955,-0.1594,-0.4582
1142511,18321,1.9610,-0.1323,-0.5193
1142511,18322,2.0403,-0.1369,-0.4646
1142511,18325,1.9534,-0.1318,-0.4990
1142511,18326,2.0595,-0.1382,-0.4501
1142511,18329,1.9754,-0.1156,-0.5228
1142511,18330,2.0387,-0.1186,-0.4640
1142511,18333,1.9749,-0.1153,-0.5042
1142511,18334,2.0541,-0.1195,-0.4486
1142511,18337,1.9641,-0.0971,-0.5196
1142511,18338,2.0307,-0.1000,-0.4619
1142511,18341,1.9705,-0.0974,-0.5029
1142511,18342,2.0879,-0.1025,-0.4558
1142511,18345,1.9352,-0.0784,-0.5153
1142511,18346,2.0479,-0.0826,-0.4656
1142511,18349,1.9429,-0.0787,-0.4993
1142511,18350,2.0727,-0.0832,-0.4523
1142511,18353,1.9431,-0.0611,-0.5173
1142511,18354,2.0401,-0.0638,-0.4637
1142511,18357,1.9601,-0.0616,-0.5035
1142511,18358,2.0818,-0.0651,-0.4541
1142511,18361,1.9583,-0.0441,-0.5212
1142511,18362,2.0341,-0.0454,-0.4622
1142511,18365,1.9563,-0.0441,-0.5024
1142511,18366,2.0627,-0.0461,-0.4499
1142511,18369,1.9467,-0.0262,-0.5180
1142511,18370,2.0406,-0.0271,-0.4637
1142511,18373,1.9517,-0.0262,-0.5011
1142511,18374,2.0670,-0.0274,-0.4507
1142511,18377,1.9265,-0.0084,-0.5126
1142511,18378,2.0229,-0.0088,-0.4596
1142511,18381,1.9680,-0.0086,-0.5053
1142511,18382,2.0452,-0.0089,-0.4459
1142511,18383,2.1990,0.0096,-0.3810
1142511,18384,2.0566,0.0090,-0.4297
1142511,18387,2.1984,0.0096,-0.3612
1142511,18388,2.1263,0.0093,-0.4249
1142511,18391,2.1814,0.0289,-0.3780
1142511,18392,2.0816,0.0276,-0.4349
1142511,18395,2.1906,0.0291,-0.3599
1142511,18396,2.1079,0.0280,-0.4212
1142511,18399,2.1841,0.0484,-0.3785
1142511,18400,2.0818,0.0465,-0.4350
1142511,18403,2.2189,0.0492,-0.3646
1142511,18404,2.0879,0.0467,-0.4173
1142511,18407,2.1856,0.0679,-0.3789
1142511,18408,2.0555,0.0642,-0.4296
1142511,18411,2.2206,0.0690,-0.3650
1142511,18412,2.0930,0.0654,-0.4184
1142511,18415,2.1626,0.0865,-0.3750
1142511,18416,2.0642,0.0829,-0.4316
1142511,18419,2.2051,0.0882,-0.3622
1142511,18420,2.0973,0.0842,-0.4194
1142511,18423,2.1769,0.1065,-0.3776
1142511,18424,2.0624,0.1012,-0.4314
1142511,18427,2.2120,0.1082,-0.3635
1142511,18428,2.0934,0.1027,-0.4188
1142511,18431,2.1776,0.1259,-0.3775
1142511,18432,2.0593,0.1195,-0.4309
1142511,18435,2.2073,0.1277,-0.3629
1142511,18436,2.0528,0.1191,-0.4109
1142511,18439,2.1922,0.1464,-0.3803
1142511,18440,2.0173,0.1350,-0.4224
1142511,18443,2.2143,0.1475,-0.3642
1142511,18444,2.0559,0.1376,-0.4117
1142511,18447,2.1724,0.1645,-0.3771
1142511,18448,2.0411,0.1549,-0.4276
1142511,18451,2.2131,0.1672,-0.3642
1142511,18452,2.0800,0.1579,-0.4168
1142511,18455,2.1923,0.1856,-0.3808
1142511,18456,2.0272,0.1724,-0.4250
1142511,18459,2.2092,0.1867,-0.3635
1142511,18460,2.0438,0.1734,-0.4099
1142511,18463,2.1848,0.2042,-0.3794
1142511,18464,2.0389,0.1917,-0.4278
1142511,18467,2.1975,0.2054,-0.3618
1142511,18468,2.0814,0.1953,-0.4177
1142511,18471,2.1678,0.2221,-0.3768
1142511,18472,2.0095,0.2070,-0.4220
1142511,18475,2.2012,0.2255,-0.3627
1142511,18476,2.0700,0.2128,-0.4158
1142511,18479,2.1706,0.2419,-0.3776
1142511,18480,2.0390,0.2284,-0.4286
1142511,18483,2.1921,0.2443,-0.3616
1142511,18484,2.0545,0.2297,-0.4131
1142511,18487,2.1690,0.2613,-0.3774
1142511,18488,2.0516,0.2483,-0.4317
1142511,18491,2.1846,0.2628,-0.3603
1142511,18492,2.0804,0.2514,-0.4187
1142511,18495,2.1574,0.2794,-0.3758
1142511,18496,2.0461,0.2661,-0.4311
1142511,18499,2.1844,0.2825,-0.3607
1142511,18500,2.0950,0.2721,-0.4221
1142511,18503,2.1612,0.2995,-0.3765
1142511,18504,2.0639,0.2871,-0.4353
1142511,18507,2.2020,0.3048,-0.3636
1142511,18508,2.0716,0.2878,-0.4179
1142511,18511,2.2319,0.0097,-0.3463
1142511,18512,2.1257,0.0093,-0.4055
1142511,18515,2.2703,0.0099,-0.3320
1142511,18516,2.1554,0.0094,-0.3917
1142511,18519,2.2517,0.0299,-0.3494
1142511,18520,2.1251,0.0282,-0.4054
1142511,18523,2.2491,0.0298,-0.3289
1142511,18524,2.1729,0.0288,-0.3949
1142511,18527,2.2584,0.0501,-0.3505
1142511,18528,2.1023,0.0470,-0.4011
1142511,18531,2.2832,0.0506,-0.3340
1142511,18532,2.1570,0.0478,-0.3921
1142511,18535,2.2308,0.0693,-0.3463
1142511,18536,2.1178,0.0662,-0.4042
1142511,18539,2.2678,0.0705,-0.3318
1142511,18540,2.1625,0.0672,-0.3932
1142511,18543,2.2413,0.0896,-0.3480
1142511,18544,2.1138,0.0849,-0.4036
1142511,18547,2.2397,0.0896,-0.3278
1142511,18548,2.1408,0.0856,-0.3894
1142511,18551,2.2276,0.1089,-0.3461
1142511,18552,2.1166,0.1039,-0.4043
1142511,18555,2.2729,0.1108,-0.3328
1142511,18556,2.1714,0.1062,-0.3951
1142511,18559,2.2488,0.1297,-0.3495
1142511,18560,2.1254,0.1233,-0.4061
1142511,18563,2.2858,0.1318,-0.3344
1142511,18564,2.1166,0.1224,-0.3853
1142511,18567,2.2461,0.1496,-0.3493
1142511,18568,2.1277,0.1424,-0.4068
1142511,18571,2.2757,0.1516,-0.3331
1142511,18572,2.1294,0.1422,-0.3878
1142511,18575,2.2420,0.1694,-0.3485
1142511,18576,2.1108,0.1602,-0.4038
1142511,18579,2.2523,0.1701,-0.3299
1142511,18580,2.1377,0.1619,-0.3896
1142511,18583,2.2399,0.1893,-0.3484
1142511,18584,2.0854,0.1769,-0.3992
1142511,18587,2.2672,0.1912,-0.3323
1142511,18588,2.1133,0.1789,-0.3854
1142511,18591,2.2217,0.2077,-0.3458
1142511,18592,2.0803,0.1948,-0.3986
1142511,18595,2.2567,0.2105,-0.3311
1142511,18596,2.1475,0.2011,-0.3920
1142511,18599,2.2187,0.2269,-0.3457
1142511,18600,2.1231,0.2179,-0.4071
1142511,18603,2.2457,0.2297,-0.3293
1142511,18604,2.1047,0.2160,-0.3845
1142511,18607,2.2177,0.2468,-0.3454
1142511,18608,2.1115,0.2357,-0.4053
1142511,18611,2.2465,0.2500,-0.3298
1142511,18612,2.1445,0.2394,-0.3921
1142511,18615,2.2449,0.2701,-0.3500
1142511,18616,2.1070,0.2542,-0.4049
1142511,18619,2.2780,0.2737,-0.3347
1142511,18620,2.1323,0.2573,-0.3903
1142511,18623,2.2358,0.2892,-0.3490
1142511,18624,2.0966,0.2719,-0.4033
1142511,18627,2.2729,0.2936,-0.3339
1142511,18628,2.1336,0.2767,-0.3910
1142511,18631,2.2299,0.3082,-0.3481
1142511,18632,2.0776,0.2883,-0.4001
1142511,18635,2.2476,0.3107,-0.3306
1142511,18636,2.1198,0.2938,-0.3889
1142511,18639,2.1968,0.3240,-0.3832
1142511,18640,2.0729,0.3072,-0.4378
1142511,18643,2.2226,0.3278,-0.3675
1142511,18644,2.1105,0.3124,-0.4263
1142511,18647,2.1833,0.3415,-0.3809
1142511,18648,2.0829,0.3273,-0.4405
1142511,18651,2.2194,0.3472,-0.3671
1142511,18652,2.0862,0.3278,-0.4220
1142511,18655,2.2049,0.3654,-0.3853
1142511,18656,2.0719,0.3449,-0.4388
1142511,18659,2.2139,0.3661,-0.3667
1142511,18660,2.0965,0.3482,-0.4247
1142511,18663,2.1851,0.3821,-0.3820
1142511,18664,2.0683,0.3632,-0.4387
1142511,18667,2.2191,0.3877,-0.3677
1142511,18668,2.1108,0.3703,-0.4282
1142511,18671,2.1748,0.3992,-0.3807
1142511,18672,2.0728,0.3842,-0.4404
1142511,18675,2.2189,0.4072,-0.3682
1142511,18676,2.0969,0.3886,-0.4261
1142511,18679,2.1877,0.4213,-0.3832
1142511,18680,2.0646,0.4013,-0.4394
1142511,18683,2.2191,0.4273,-0.3685
1142511,18684,2.1041,0.4090,-0.4283
1142511,18687,2.1845,0.4405,-0.3833
1142511,18688,2.1126,0.4298,-0.4504
1142511,18691,2.2135,0.4463,-0.3681
1142511,18692,2.1014,0.4275,-0.4285
1142511,18695,2.1939,0.4623,-0.3853
1142511,18696,2.0877,0.4438,-0.4420
1142511,18699,2.2179,0.4674,-0.3691
1142511,18700,2.1025,0.4469,-0.4256
1142511,18703,2.1915,0.4858,-0.3853
1142511,18704,2.0658,0.4580,-0.4382
1142511,18707,2.2362,0.4917,-0.3725
1142511,18708,2.1091,0.4676,-0.4278
1142511,18711,2.1980,0.5074,-0.3864
1142511,18712,2.0852,0.4814,-0.4432
1142511,18715,2.2325,0.5154,-0.3727
1142511,18716,2.1349,0.4929,-0.4338
1142511,18719,2.1866,0.5250,-0.3852
1142511,18720,2.0711,0.4972,-0.4411
1142511,18723,2.2401,0.5378,-0.3740
1142511,18724,2.1417,0.5142,-0.4361
1142511,18727,2.2041,0.5495,-0.3891
1142511,18728,2.0862,0.5201,-0.4453
1142511,18731,2.2391,0.5583,-0.3746
1142511,18732,2.1057,0.5250,-0.4297
1142511,18735,2.1863,0.5654,-0.3864
1142511,18736,2.0645,0.5339,-0.4416
1142511,18739,2.2352,0.5781,-0.3743
1142511,18740,2.0940,0.5415,-0.4283
1142511,18743,2.1834,0.5850,-0.3864
1142511,18744,2.0665,0.5576,-0.4432
1142511,18747,2.2304,0.5976,-0.3744
1142511,18748,2.0889,0.5597,-0.4282
1142511,18751,2.2004,0.6102,-0.3895
1142511,18752,2.0930,0.5844,-0.4500
1142511,18755,2.2225,0.6164,-0.3736
1142511,18756,2.0975,0.5817,-0.4310
1142511,18759,2.1998,0.6308,-0.3903
1142511,18760,2.0805,0.6005,-0.4484
1142511,18763,2.2334,0.6404,-0.3755
1142511,18764,2.1034,0.6071,-0.4335
1142511,18767,2.2340,0.3291,-0.3492
1142511,18768,2.1448,0.3171,-0.4136
1142511,18771,2.2742,0.3346,-0.3349
1142511,18772,2.1727,0.3204,-0.3991
1142511,18775,2.2646,0.3542,-0.3540
1142511,18776,2.1201,0.3328,-0.4094
1142511,18779,2.2791,0.3561,-0.3357
1142511,18780,2.1561,0.3380,-0.3966
1142511,18783,2.2532,0.3726,-0.3527
1142511,18784,2.1479,0.3567,-0.4153
1142511,18787,2.2661,0.3747,-0.3343
1142511,18788,2.1481,0.3564,-0.3957
1142511,18791,2.2389,0.3903,-0.3506
1142511,18792,2.1465,0.3758,-0.4157
1142511,18795,2.2676,0.3953,-0.3346
1142511,18796,2.1614,0.3784,-0.3988
1142511,18799,2.2610,0.4150,-0.3546
1142511,18800,2.1045,0.3862,-0.4082
1142511,18803,2.2645,0.4156,-0.3346
1142511,18804,2.1798,0.4001,-0.4027
1142511,18807,2.2618,0.4355,-0.3549
1142511,18808,2.1412,0.4162,-0.4161
1142511,18811,2.2805,0.4392,-0.3372
1142511,18812,2.1835,0.4205,-0.4041
1142511,18815,2.2633,0.4564,-0.3558
1142511,18816,2.1333,0.4340,-0.4153
1142511,18819,2.2852,0.4608,-0.3384
1142511,18820,2.1955,0.4467,-0.4072
1142511,18823,2.2531,0.4748,-0.3544
1142511,18824,2.1643,0.4600,-0.4181
1142511,18827,2.2748,0.4794,-0.3371
1142511,18828,2.1775,0.4628,-0.4005
1142511,18831,2.2779,0.5008,-0.3586
1142511,18832,2.1462,0.4758,-0.4154
1142511,18835,2.2924,0.5040,-0.3399
1142511,18836,2.1714,0.4814,-0.4002
1142511,18839,2.2613,0.5179,-0.3566
1142511,18840,2.1415,0.4944,-0.4153
1142511,18843,2.2883,0.5241,-0.3400
1142511,18844,2.1612,0.4990,-0.3991
1142511,18847,2.2725,0.5414,-0.3583
1142511,18848,2.1459,0.5152,-0.4170
1142511,18851,2.3036,0.5488,-0.3421
1142511,18852,2.1641,0.5195,-0.4004
1142511,18855,2.2563,0.5626,-0.3567
1142511,18856,2.1386,0.5332,-0.4165
1142511,18859,2.2963,0.5683,-0.3417
1142511,18860,2.1554,0.5374,-0.3997
1142511,18863,2.2742,0.5882,-0.3603
1142511,18864,2.1321,0.5514,-0.4161
1142511,18867,2.2987,0.5902,-0.3428
1142511,18868,2.1819,0.5643,-0.4055
1142511,18871,2.2685,0.6078,-0.3598
1142511,18872,2.1408,0.5736,-0.4188
1142511,18875,2.2991,0.6160,-0.3434
1142511,18876,2.1670,0.5806,-0.4037
1142511,18879,2.2574,0.6260,-0.3585
1142511,18880,2.1237,0.5889,-0.4164
1142511,18883,2.2820,0.6329,-0.3413
1142511,18884,2.1531,0.5971,-0.4020
1142511,18887,2.2487,0.6448,-0.3571
1142511,18888,2.1238,0.6090,-0.4175
1142511,18891,2.3278,0.6675,-0.3490
1142511,18892,2.1627,0.6201,-0.4048
1142511,18895,2.2106,0.6548,-0.3933
1142511,18896,2.0735,0.6181,-0.4481
1142511,18899,2.2432,0.6645,-0.3781
1142511,18900,2.1099,0.6290,-0.4359
1142511,18903,2.1979,0.6720,-0.3916
1142511,18904,2.0734,0.6379,-0.4453
1142511,18907,2.2296,0.6817,-0.3764
1142511,18908,2.1007,0.6463,-0.4352
1142511,18911,2.1978,0.6930,-0.3923
1142511,18912,2.0848,0.6613,-0.4490
1142511,18915,2.2367,0.7052,-0.3782
1142511,18916,2.0949,0.6645,-0.4312
1142511,18919,2.2213,0.7218,-0.3967
1142511,18920,2.0795,0.6797,-0.4491
1142511,18923,2.2321,0.7252,-0.3776
1142511,18924,2.0966,0.6853,-0.4327
1142511,18927,2.1934,0.7339,-0.3929
1142511,18928,2.0705,0.6968,-0.4484
1142511,18931,2.2256,0.7447,-0.3776
1142511,18932,2.1013,0.7072,-0.4350
1142511,18935,2.1927,0.7550,-0.3935
1142511,18936,2.0718,0.7174,-0.4501
1142511,18939,2.2232,0.7655,-0.3779
1142511,18940,2.0962,0.7259,-0.4352
1142511,18943,2.1830,0.7730,-0.3925
1142511,18944,2.0853,0.7426,-0.4544
1142511,18947,2.2119,0.7833,-0.3767
1142511,18948,2.1032,0.7489,-0.4380
1142511,18951,2.1978,0.7999,-0.3956
1142511,18952,2.0938,0.7662,-0.4577
1142511,18955,2.2276,0.8108,-0.3797
1142511,18956,2.0803,0.7613,-0.4346
1142511,18959,2.1882,0.8181,-0.3947
1142511,18960,2.0641,0.7758,-0.4526
1142511,18963,2.2125,0.8272,-0.3783
1142511,18964,2.0959,0.7878,-0.4393
1142511,18967,2.1782,0.8405,-0.3940
1142511,18968,2.0912,0.8069,-0.4560
1142511,18971,2.2254,0.8542,-0.3814
1142511,18972,2.1135,0.8155,-0.4445
1142511,18975,2.1935,0.8685,-0.3977
1142511,18976,2.0896,0.8273,-0.4572
1142511,18979,2.2432,0.8836,-0.3853
1142511,18980,2.0871,0.8263,-0.4363
1142511,18983,2.1981,0.8926,-0.3996
1142511,18984,2.0250,0.8264,-0.4450
1142511,18987,2.2121,0.8937,-0.3809
1142511,18988,2.0704,0.8407,-0.4344
1142511,18991,2.1763,0.9059,-0.3966
1142511,18995,2.2232,0.9209,-0.3837
1142511,18996,2.0183,0.8401,-0.4250
1142511,18999,2.1669,0.9243,-0.3955
1142511,19000,1.9785,0.8480,-0.4379
1142511,19003,2.2119,0.9389,-0.3827
1142511,19004,2.0206,0.8619,-0.4270
1142511,19007,2.1149,0.9240,-0.3870
1142511,19008,2.0322,0.8921,-0.4515
1142511,19011,2.1998,0.9611,-0.3815
1142511,19012,2.0647,0.9020,-0.4380
1142511,19016,2.0397,0.9167,-0.4550
1142511,19019,2.2055,0.9865,-0.3835
1142511,19020,2.0811,0.9309,-0.4432
1142511,19023,2.2592,0.6692,-0.3597
1142511,19024,2.1365,0.6329,-0.4210
1142511,19027,2.3175,0.6865,-0.3474
1142511,19028,2.1760,0.6446,-0.4083
1142511,19031,2.2905,0.7003,-0.3656
1142511,19032,2.1235,0.6492,-0.4196
1142511,19035,2.3350,0.7139,-0.3510
1142511,19036,2.1700,0.6634,-0.4083
1142511,19039,2.2500,0.7094,-0.3597
1142511,19040,2.1264,0.6745,-0.4175
1142511,19043,2.3222,0.7322,-0.3496
1142511,19044,2.1571,0.6801,-0.4070
1142511,19047,2.2570,0.7333,-0.3614
1142511,19048,2.1324,0.6970,-0.4198
1142511,19051,2.3250,0.7554,-0.3505
1142511,19052,2.1505,0.6987,-0.4028
1142511,19055,2.2672,0.7586,-0.3633
1142511,19056,2.1184,0.7129,-0.4183
1142511,19059,2.3258,0.7782,-0.3517
1142511,19060,2.1755,0.7279,-0.4086
1142511,19063,2.2842,0.7865,-0.3671
1142511,19064,2.1234,0.7353,-0.4205
1142511,19067,2.2960,0.7906,-0.3473
1142511,19068,2.1701,0.7515,-0.4091
1142511,19071,2.2885,0.8104,-0.3685
1142511,19072,2.1204,0.7550,-0.4212
1142511,19075,2.3210,0.8219,-0.3522
1142511,19076,2.1421,0.7628,-0.4050
1142511,19079,2.2809,0.8302,-0.3680
1142511,19080,2.1143,0.7737,-0.4213
1142511,19083,2.2997,0.8370,-0.3496
1142511,19084,2.1614,0.7910,-0.4100
1142511,19087,2.2803,0.8526,-0.3682
1142511,19088,2.1232,0.7981,-0.4245
1142511,19091,2.3087,0.8632,-0.3517
1142511,19092,2.1646,0.8136,-0.4119
1142511,19095,2.2654,0.8696,-0.3670
1142511,19096,2.1172,0.8170,-0.4247
1142511,19099,2.3025,0.8839,-0.3510
1142511,19100,2.1493,0.8293,-0.4104
1142511,19103,2.2662,0.8927,-0.3679
1142511,19104,2.1083,0.8347,-0.4203
1142511,19107,2.2870,0.9009,-0.3498
1142511,19108,2.1727,0.8602,-0.4162
1142511,19111,2.2529,0.9102,-0.3666
1142511,19112,2.1152,0.8589,-0.4231
1142511,19115,2.2868,0.9239,-0.3506
1142511,19116,2.1516,0.8737,-0.4095
1142511,19119,2.2523,0.9329,-0.3674
1142511,19120,2.0701,0.8617,-0.4156
1142511,19123,2.2679,0.9394,-0.3485
1142511,19124,2.1379,0.8899,-0.4083
1142511,19127,2.2472,0.9539,-0.3675
1142511,19131,2.2627,0.9604,-0.3485
1142511,19135,2.2292,0.9693,-0.3655
1142511,19136,2.0483,0.8949,-0.4143
1142511,19139,2.2394,0.9737,-0.3458
1142511,19143,2.2377,0.9963,-0.3674
1142511,19144,2.0743,0.9279,-0.4212
1142511,19147,2.2454,0.9997,-0.3476
1142511,19152,2.0254,0.9316,-0.4495
1142511,19156,2.0937,0.9630,-0.4480
1142511,19160,2.0282,0.9544,-0.4520
1142511,19163,2.1314,0.9984,-0.3728
1142511,19164,2.0772,0.9775,-0.4421
1142511,19168,2.0553,0.9892,-0.4599
1142511,19172,2.0702,0.9963,-0.4424
1142511,19280,2.1011,0.9619,-0.4283
1142511,19288,2.1141,0.9903,-0.4327
1142511,19292,2.0556,0.9629,-0.3990
1142511,19300,2.0635,0.9887,-0.4014
1142511,19505,2.0261,-0.9969,-0.4553
1142511,19513,2.0451,-0.9843,-0.4576
1142511,19521,2.0377,-0.9589,-0.4541
1142511,19525,2.0783,-0.9780,-0.4423
1142511,19529,2.0646,-0.9496,-0.4582
1142511,19530,2.1602,-0.9890,-0.3972
1142511,19533,2.0776,-0.9556,-0.4445
1142511,19649,2.0914,-0.9797,-0.4280
1142511,19657,2.1104,-0.9662,-0.4302
1142511,19661,2.1511,-0.9848,-0.4159
1142511,19665,2.0523,-0.9223,-0.4578
1142511,19666,2.1934,-0.9812,-0.4025
1142511,19669,2.1114,-0.9445,-0.4496
1142511,19670,2.2314,-0.9981,-0.3880
1142511,19673,2.0836,-0.9147,-0.4630
1142511,19674,2.1561,-0.9420,-0.3946
1142511,19677,2.1128,-0.9231,-0.4482
1142511,19678,2.2260,-0.9725,-0.3861
1142511,19681,2.0640,-0.8846,-0.4569
1142511,19682,2.1970,-0.9371,-0.4010
1142511,19685,2.1153,-0.9023,-0.4470
1142511,19686,2.2221,-0.9432,-0.3845
1142511,19689,2.0711,-0.8664,-0.4568
1142511,19690,2.1806,-0.9077,-0.3974
1142511,19693,2.0827,-0.8669,-0.4385
1142511,19694,2.2273,-0.9226,-0.3844
1142511,19697,2.0543,-0.8383,-0.4514
1142511,19698,2.1802,-0.8853,-0.3963
1142511,19701,2.0864,-0.8472,-0.4377
1142511,19702,2.2542,-0.9108,-0.3881
1142511,19705,2.0713,-0.8201,-0.4532
1142511,19706,2.1807,-0.8634,-0.3954
1142511,19709,2.1025,-0.8324,-0.4395
1142511,19710,2.2287,-0.8779,-0.3828
1142511,19713,2.1014,-0.8109,-0.4583
1142511,19714,2.1816,-0.8418,-0.3947
1142511,19717,2.0991,-0.8100,-0.4414
1142511,19718,2.2577,-0.8667,-0.3869
1142511,19721,2.0852,-0.7838,-0.4573
1142511,19722,2.2140,-0.8278,-0.3994
1142511,19725,2.0998,-0.7892,-0.4401
1142511,19726,2.2258,-0.8322,-0.3806
1142511,19729,2.0844,-0.7628,-0.4556
1142511,19730,2.1934,-0.7983,-0.3948
1142511,19733,2.1120,-0.7729,-0.4412
1142511,19734,2.2100,-0.8044,-0.3767
1142511,19737,2.1052,-0.7496,-0.4587
1142511,19738,2.1881,-0.7748,-0.3934
1142511,19741,2.1029,-0.7488,-0.4379
1142511,19742,2.2361,-0.7918,-0.3808
1142511,19745,2.1066,-0.7295,-0.4576
1142511,19746,2.1943,-0.7555,-0.3938
1142511,19749,2.1298,-0.7375,-0.4422
1142511,19750,2.2261,-0.7665,-0.3784
1142511,19753,2.1079,-0.7094,-0.4565
1142511,19754,2.1884,-0.7322,-0.3920
1142511,19757,2.1189,-0.7131,-0.4386
1142511,19758,2.2280,-0.7455,-0.3780
1142511,19761,2.0798,-0.6798,-0.4491
1142511,19762,2.1966,-0.7137,-0.3923
1142511,19765,2.1302,-0.6962,-0.4397
1142511,19766,2.2413,-0.7282,-0.3792
1142511,19769,2.1082,-0.6688,-0.4540
1142511,19770,2.1849,-0.6889,-0.3900
1142511,19773,2.1001,-0.6662,-0.4322
1142511,19774,2.2396,-0.7062,-0.3787
1142511,19777,2.1191,-0.6519,-0.4551
1142511,19778,2.2111,-0.6760,-0.3940
1142511,19781,2.1182,-0.6516,-0.4388
1142511,19782,2.2297,-0.6817,-0.3764
1142511,19785,2.1128,-0.6298,-0.4566
1142511,19786,2.2210,-0.6579,-0.3951
1142511,19789,2.1262,-0.6338,-0.4393
1142511,19790,2.2432,-0.6645,-0.3781
1142511,19793,2.1210,-0.9488,-0.4306
1142511,19797,2.1358,-0.9554,-0.4121
1142511,19801,2.1342,-0.9324,-0.4317
1142511,19802,2.2459,-0.9766,-0.3682
1142511,19805,2.1400,-0.9349,-0.4118
1142511,19806,2.2787,-0.9908,-0.3519
1142511,19809,2.1217,-0.9050,-0.4275
1142511,19810,2.2381,-0.9500,-0.3660
1142511,19813,2.1662,-0.9240,-0.4152
1142511,19814,2.2649,-0.9614,-0.3489
1142511,19817,2.1136,-0.8798,-0.4243
1142511,19818,2.2458,-0.9302,-0.3663
1142511,19821,2.1618,-0.8999,-0.4129
1142511,19822,2.2679,-0.9394,-0.3485
1142511,19825,2.1391,-0.8686,-0.4279
1142511,19826,2.2563,-0.9116,-0.3672
1142511,19829,2.1518,-0.8738,-0.4095
1142511,19830,2.2752,-0.9192,-0.3488
1142511,19833,2.1374,-0.8462,-0.4261
1142511,19834,2.2457,-0.8846,-0.3646
1142511,19837,2.1616,-0.8558,-0.4141
1142511,19838,2.2762,-0.8966,-0.3482
1142511,19841,2.1186,-0.8175,-0.4250
1142511,19842,2.2728,-0.8724,-0.3682
1142511,19845,2.1581,-0.8328,-0.4120
1142511,19846,2.2824,-0.8761,-0.3479
1142511,19849,2.1353,-0.8026,-0.4269
1142511,19850,2.2601,-0.8450,-0.3649
1142511,19853,2.1670,-0.8145,-0.4124
1142511,19854,2.2963,-0.8586,-0.3498
1142511,19857,2.1226,-0.7768,-0.4230
1142511,19858,2.2652,-0.8245,-0.3654
1142511,19861,2.1584,-0.7899,-0.4094
1142511,19862,2.3089,-0.8404,-0.3510
1142511,19865,2.1365,-0.7608,-0.4244
1142511,19866,2.2437,-0.7945,-0.3612
1142511,19869,2.1695,-0.7725,-0.4102
1142511,19870,2.3016,-0.8150,-0.3492
1142511,19873,2.1233,-0.7352,-0.4205
1142511,19874,2.2593,-0.7780,-0.3631
1142511,19877,2.1652,-0.7498,-0.4082
1142511,19878,2.3082,-0.7948,-0.3492
1142511,19881,2.1297,-0.7167,-0.4205
1142511,19882,2.2775,-0.7620,-0.3649
1142511,19885,2.1816,-0.7299,-0.4098
1142511,19886,2.2990,-0.7692,-0.3476
1142511,19889,2.1119,-0.6903,-0.4158
1142511,19890,2.2537,-0.7323,-0.3609
1142511,19893,2.1849,-0.7099,-0.4092
1142511,19894,2.2988,-0.7469,-0.3466
1142511,19897,2.1213,-0.6729,-0.4165
1142511,19898,2.2726,-0.7165,-0.3634
1142511,19901,2.1636,-0.6822,-0.4082
1142511,19902,2.3069,-0.7274,-0.3473
1142511,19905,2.1313,-0.6516,-0.4211
1142511,19906,2.2523,-0.6886,-0.3596
1142511,19909,2.1623,-0.6611,-0.4068
1142511,19910,2.3149,-0.7077,-0.3480
1142511,19913,2.1350,-0.6324,-0.4207
1142511,19914,2.2577,-0.6688,-0.3595
1142511,19917,2.1644,-0.6411,-0.4062
1142511,19918,2.3217,-0.6877,-0.3481
1142511,19921,2.1131,-0.6099,-0.4555
1142511,19922,2.1996,-0.6307,-0.3903
1142511,19925,2.1271,-0.6140,-0.4384
1142511,19926,2.2551,-0.6466,-0.3791
1142511,19929,2.1319,-0.5952,-0.4584
1142511,19930,2.2146,-0.6142,-0.3920
1142511,19933,2.1159,-0.5868,-0.4348
1142511,19934,2.2353,-0.6199,-0.3757
1142511,19937,2.1296,-0.5746,-0.4568
1142511,19938,2.2228,-0.5956,-0.3934
1142511,19941,2.1417,-0.5739,-0.4390
1142511,19942,2.2530,-0.6037,-0.3782
1142511,19945,2.0873,-0.5398,-0.4465
1142511,19946,2.2176,-0.5735,-0.3920
1142511,19949,2.1286,-0.5505,-0.4353
1142511,19950,2.2627,-0.5852,-0.3790
1142511,19953,2.1180,-0.5281,-0.4520
1142511,19954,2.2092,-0.5508,-0.3900
1142511,19957,2.1361,-0.5326,-0.4359
1142511,19958,2.2516,-0.5614,-0.3767
1142511,19961,2.1210,-0.5092,-0.4517
1142511,19962,2.2176,-0.5324,-0.3907
1142511,19965,2.1541,-0.5172,-0.4386
1142511,19966,2.2644,-0.5436,-0.3780
1142511,19969,2.1087,-0.4868,-0.4482
1142511,19970,2.2025,-0.5085,-0.3872
1142511,19973,2.1718,-0.5014,-0.4413
1142511,19974,2.2491,-0.5192,-0.3755
1142511,19977,2.1341,-0.4731,-0.4527
1142511,19978,2.2349,-0.4955,-0.3929
1142511,19981,2.1381,-0.4740,-0.4336
1142511,19982,2.2771,-0.5006,-0.3793
1142511,19985,2.1293,-0.4526,-0.4508
1142511,19986,2.2414,-0.4723,-0.3936
1142511,19989,2.1573,-0.4585,-0.4367
1142511,19990,2.2688,-0.4781,-0.3776
1142511,19993,2.1423,-0.4359,-0.4567
1142511,19994,2.2321,-0.4501,-0.3917
1142511,19997,2.1480,-0.4370,-0.4380
1142511,19998,2.2709,-0.4579,-0.3777
1142511,20001,2.1188,-0.4119,-0.4509
1142511,20002,2.2219,-0.4279,-0.3892
1142511,20005,2.1248,-0.4130,-0.4325
1142511,20006,2.2788,-0.4388,-0.3784
1142511,20009,2.1164,-0.3922,-0.4497
1142511,20010,2.2129,-0.4061,-0.3874
1142511,20013,2.1539,-0.3992,-0.4377
1142511,20014,2.2590,-0.4146,-0.3749
1142511,20017,2.1319,-0.3744,-0.4522
1142511,20018,2.2294,-0.3899,-0.3897
1142511,20021,2.1506,-0.3773,-0.4363
1142511,20022,2.2667,-0.3960,-0.3756
1142511,20025,2.1306,-0.3546,-0.4512
1142511,20026,2.2264,-0.3690,-0.3890
1142511,20029,2.1624,-0.3591,-0.4380
1142511,20030,2.2577,-0.3734,-0.3739
1142511,20033,2.1240,-0.3338,-0.4492
1142511,20034,2.2280,-0.3485,-0.3887
1142511,20037,2.1313,-0.3349,-0.4311
1142511,20038,2.2634,-0.3540,-0.3743
1142511,20041,2.1270,-0.3152,-0.4492
1142511,20042,2.2471,-0.3314,-0.3919
1142511,20045,2.1648,-0.3204,-0.4373
1142511,20046,2.2784,-0.3360,-0.3767
1142511,20049,2.1572,-0.6186,-0.4240
1142511,20050,2.2930,-0.6575,-0.3642
1142511,20053,2.1856,-0.6267,-0.4091
1142511,20054,2.3207,-0.6654,-0.3479
1142511,20057,2.1398,-0.5934,-0.4196
1142511,20058,2.2626,-0.6275,-0.3593
1142511,20061,2.1953,-0.6088,-0.4099
1142511,20062,2.3058,-0.6394,-0.3448
1142511,20065,2.1456,-0.5749,-0.4197
1142511,20066,2.2806,-0.6111,-0.3617
1142511,20069,2.1864,-0.5858,-0.4073
1142511,20070,2.3174,-0.6209,-0.3461
1142511,20073,2.1589,-0.5583,-0.4213
1142511,20074,2.2671,-0.5863,-0.3592
1142511,20077,2.2135,-0.5725,-0.4114
1142511,20078,2.3249,-0.5969,-0.3467
1142511,20081,2.1611,-0.5388,-0.4209
1142511,20082,2.2796,-0.5684,-0.3604
1142511,20085,2.1953,-0.5473,-0.4071
1142511,20086,2.3234,-0.5750,-0.3458
1142511,20089,2.1636,-0.5194,-0.4204
1142511,20090,2.2882,-0.5451,-0.3608
1142511,20093,2.1901,-0.5258,-0.4053
1142511,20094,2.3429,-0.5581,-0.3479
1142511,20097,2.1554,-0.4976,-0.4180
1142511,20098,2.2924,-0.5250,-0.3616
1142511,20101,2.1940,-0.5065,-0.4051
1142511,20102,2.3113,-0.5293,-0.3434
1142511,20105,2.1577,-0.4784,-0.4176
1142511,20106,2.2827,-0.5019,-0.3593
1142511,20109,2.1972,-0.4871,-0.4049
1142511,20110,2.3070,-0.5072,-0.3421
1142511,20113,2.1806,-0.4635,-0.4212
1142511,20114,2.2974,-0.4841,-0.3614
1142511,20117,2.1923,-0.4660,-0.4033
1142511,20118,2.3229,-0.4895,-0.3442
1142511,20121,2.1599,-0.4394,-0.4205
1142511,20122,2.2904,-0.4618,-0.3600
1142511,20125,2.1996,-0.4475,-0.4079
1142511,20126,2.3140,-0.4666,-0.3427
1142511,20129,2.1831,-0.4244,-0.4243
1142511,20130,2.2842,-0.4399,-0.3584
1142511,20133,2.2064,-0.4249,-0.4083
1142511,20134,2.3118,-0.4452,-0.3418
1142511,20137,2.1740,-0.3990,-0.4216
1142511,20138,2.2907,-0.4204,-0.3593
1142511,20141,2.1889,-0.4017,-0.4044
1142511,20142,2.3277,-0.4272,-0.3440
1142511,20145,2.1874,-0.3829,-0.4236
1142511,20146,2.2709,-0.3959,-0.3556
1142511,20149,2.2019,-0.3855,-0.4062
1142511,20150,2.3089,-0.4026,-0.3407
1142511,20153,2.1662,-0.3598,-0.4189
1142511,20154,2.3080,-0.3817,-0.3613
1142511,20157,2.1935,-0.3639,-0.4041
1142511,20158,2.3169,-0.3831,-0.3418
1142511,20161,2.1739,-0.3412,-0.4198
1142511,20162,2.2807,-0.3567,-0.3565
1142511,20165,2.2098,-0.3464,-0.4065
1142511,20166,2.3098,-0.3609,-0.3402
1142511,20169,2.1797,-0.3223,-0.4203
1142511,20170,2.2693,-0.3343,-0.3547
1142511,20173,2.1881,-0.3227,-0.4019
1142511,20174,2.3189,-0.3412,-0.3415
1142511,20177,2.0987,-0.2920,-0.4427
1142511,20178,2.2132,-0.3067,-0.3855
1142511,20181,2.1443,-0.2979,-0.4326
1142511,20182,2.2575,-0.3125,-0.3728
1142511,20185,2.1105,-0.2745,-0.4446
1142511,20186,2.2345,-0.2894,-0.3892
1142511,20189,2.1566,-0.2801,-0.4346
1142511,20190,2.2404,-0.2898,-0.3699
1142511,20193,2.0940,-0.2534,-0.4406
1142511,20194,2.2258,-0.2682,-0.3872
1142511,20197,2.1116,-0.2552,-0.4250
1142511,20198,2.2248,-0.2676,-0.3669
1142511,20201,2.0875,-0.2338,-0.4388
1142511,20202,2.2006,-0.2453,-0.3829
1142511,20205,2.1448,-0.2398,-0.4312
1142511,20206,2.2310,-0.2487,-0.3680
1142511,20209,2.1026,-0.2165,-0.4416
1142511,20210,2.1938,-0.2248,-0.3813
1142511,20213,2.1240,-0.2184,-0.4266
1142511,20214,2.2474,-0.2303,-0.3704
1142511,20217,2.0858,-0.1961,-0.4377
1142511,20218,2.2196,-0.2075,-0.3855
1142511,20221,2.1296,-0.1998,-0.4274
1142511,20222,2.2322,-0.2086,-0.3675
1142511,20225,2.1086,-0.1793,-0.4421
1142511,20226,2.1822,-0.1848,-0.3791
1142511,20229,2.1286,-0.1806,-0.4269
1142511,20230,2.2531,-0.1904,-0.3707
1142511,20233,2.1208,-0.1610,-0.4443
1142511,20234,2.1974,-0.1664,-0.3814
1142511,20237,2.1242,-0.1612,-0.4257
1142511,20238,2.2484,-0.1699,-0.3701
1142511,20241,2.1062,-0.1410,-0.4410
1142511,20242,2.2012,-0.1470,-0.3819
1142511,20245,2.1230,-0.1421,-0.4252
1142511,20246,2.2276,-0.1483,-0.3664
1142511,20249,2.1043,-0.1221,-0.4403
1142511,20250,2.2151,-0.1281,-0.3841
1142511,20253,2.1506,-0.1248,-0.4305
1142511,20254,2.2408,-0.1296,-0.3684
1142511,20257,2.1108,-0.1036,-0.4415
1142511,20258,2.2105,-0.1081,-0.3835
1142511,20261,2.1194,-0.1040,-0.4240
1142511,20262,2.2314,-0.1091,-0.3666
1142511,20265,2.1036,-0.0845,-0.4398
1142511,20266,2.2037,-0.0881,-0.3821
1142511,20269,2.1232,-0.0853,-0.4246
1142511,20270,2.2564,-0.0902,-0.3706
1142511,20273,2.0902,-0.0653,-0.4369
1142511,20274,2.2189,-0.0690,-0.3847
1142511,20277,2.1398,-0.0669,-0.4278
1142511,20278,2.2453,-0.0698,-0.3691
1142511,20281,2.0995,-0.0469,-0.4387
1142511,20282,2.2160,-0.0491,-0.3841
1142511,20285,2.1308,-0.0476,-0.4259
1142511,20286,2.2297,-0.0494,-0.3664
1142511,20289,2.1043,-0.0279,-0.4397
1142511,20290,2.1940,-0.0291,-0.3802
1142511,20293,2.0919,-0.0277,-0.4180
1142511,20294,2.2397,-0.0297,-0.3680
1142511,20297,2.0894,-0.0091,-0.4365
1142511,20298,2.2044,-0.0096,-0.3820
1142511,20301,2.1154,-0.0092,-0.4227
1142511,20302,2.2388,-0.0098,-0.3678
1142511,20305,2.1512,-0.2985,-0.4143
1142511,20306,2.2828,-0.3155,-0.3563
1142511,20309,2.1896,-0.3034,-0.4017
1142511,20310,2.3037,-0.3184,-0.3389
1142511,20313,2.1699,-0.2814,-0.4174
1142511,20314,2.2623,-0.2926,-0.3531
1142511,20317,2.1927,-0.2844,-0.4018
1142511,20318,2.3056,-0.2978,-0.3387
1142511,20321,2.1631,-0.2610,-0.4156
1142511,20322,2.2937,-0.2759,-0.3576
1142511,20325,2.1832,-0.2634,-0.3996
1142511,20326,2.3124,-0.2778,-0.3398
1142511,20329,2.1764,-0.2430,-0.4178
1142511,20330,2.2744,-0.2531,-0.3543
1142511,20333,2.1962,-0.2452,-0.4016
1142511,20334,2.2793,-0.2536,-0.3346
1142511,20337,2.1716,-0.2229,-0.4164
1142511,20338,2.2568,-0.2308,-0.3516
1142511,20341,2.1785,-0.2236,-0.3980
1142511,20342,2.3064,-0.2359,-0.3382
1142511,20345,2.1769,-0.2039,-0.4171
1142511,20346,2.2615,-0.2114,-0.3520
1142511,20349,2.1820,-0.2043,-0.3983
1142511,20350,2.3007,-0.2146,-0.3375
1142511,20353,2.1810,-0.1851,-0.4175
1142511,20354,2.2578,-0.1908,-0.3512
1142511,20357,2.1985,-0.1862,-0.4010
1142511,20358,2.2866,-0.1928,-0.3352
1142511,20361,2.1807,-0.1655,-0.4172
1142511,20362,2.2837,-0.1725,-0.3550
1142511,20365,2.1870,-0.1656,-0.3986
1142511,20366,2.3202,-0.1753,-0.3399
1142511,20369,2.1875,-0.1464,-0.4182
1142511,20370,2.2723,-0.1513,-0.3534
1142511,20373,2.1806,-0.1456,-0.3972
1142511,20374,2.2939,-0.1528,-0.3358
1142511,20377,2.1848,-0.1267,-0.4175
1142511,20378,2.2796,-0.1314,-0.3543
1142511,20381,2.1923,-0.1268,-0.3991
1142511,20382,2.2991,-0.1326,-0.3364
1142511,20385,2.1808,-0.1070,-0.4165
1142511,20386,2.2872,-0.1119,-0.3553
1142511,20389,2.1807,-0.1067,-0.3968
1142511,20390,2.3017,-0.1122,-0.3370
1142511,20393,2.1720,-0.0872,-0.4147
1142511,20394,2.2829,-0.0913,-0.3545
1142511,20397,2.1849,-0.0874,-0.3974
1142511,20398,2.2832,-0.0913,-0.3342
1142511,20401,2.1558,-0.0674,-0.4114
1142511,20402,2.2732,-0.0706,-0.3529
1142511,20405,2.1929,-0.0681,-0.3987
1142511,20406,2.2951,-0.0713,-0.3358
1142511,20409,2.1731,-0.0486,-0.4146
1142511,20410,2.2709,-0.0503,-0.3525
1142511,20413,2.1805,-0.0483,-0.3964
1142511,20414,2.2863,-0.0507,-0.3344
1142511,20417,2.1407,-0.0284,-0.4084
1142511,20418,2.2609,-0.0300,-0.3509
1142511,20421,2.1684,-0.0288,-0.3941
1142511,20422,2.2831,-0.0303,-0.3339
1142511,20425,2.1573,-0.0094,-0.4115
1142511,20426,2.2600,-0.0099,-0.3507
1142511,20429,2.1838,-0.0095,-0.3969
1142511,20430,2.2975,-0.0100,-0.3360
1142511,20431,2.4471,0.0107,-0.2486
1142511,20432,2.2890,0.0100,-0.3144
1142511,20435,2.4829,0.0108,-0.2303
1142511,20436,2.3266,0.0102,-0.2985
1142511,20439,2.4322,0.0318,-0.2471
1142511,20440,2.3223,0.0308,-0.3190
1142511,20443,2.4743,0.0324,-0.2296
1142511,20444,2.3285,0.0309,-0.2987
1142511,20447,2.4500,0.0543,-0.2489
1142511,20448,2.3026,0.0510,-0.3163
1142511,20451,2.4691,0.0543,-0.2291
1142511,20452,2.3286,0.0516,-0.2988
1142511,20455,2.4409,0.0754,-0.2481
1142511,20456,2.2866,0.0711,-0.3142
1142511,20459,2.4671,0.0762,-0.2290
1142511,20460,2.3290,0.0720,-0.2989
1142511,20463,2.4319,0.0968,-0.2472
1142511,20464,2.2725,0.0905,-0.3120
1142511,20467,2.4654,0.0982,-0.2289
1142511,20468,2.3274,0.0927,-0.2988
1142511,20471,2.4277,0.1179,-0.2469
1142511,20472,2.2825,0.1112,-0.3134
1142511,20475,2.4780,0.1203,-0.2297
1142511,20476,2.3274,0.1134,-0.2989
1142511,20479,2.4510,0.1409,-0.2494
1142511,20480,2.3109,0.1332,-0.3175
1142511,20483,2.4751,0.1423,-0.2295
1142511,20484,2.3391,0.1349,-0.3006
1142511,20487,2.4431,0.1623,-0.2487
1142511,20488,2.3033,0.1534,-0.3166
1142511,20491,2.4691,0.1636,-0.2291
1142511,20492,2.3473,0.1559,-0.3018
1142511,20495,2.4418,0.1836,-0.2483
1142511,20496,2.3043,0.1737,-0.3170
1142511,20499,2.4852,0.1869,-0.2308
1142511,20500,2.3158,0.1745,-0.2975
1142511,20503,2.4553,0.2066,-0.2498
1142511,20504,2.2898,0.1931,-0.3152
1142511,20507,2.4808,0.2083,-0.2305
1142511,20508,2.3317,0.1966,-0.2998
1142511,20511,2.4409,0.2269,-0.2486
1142511,20512,2.3043,0.2150,-0.3170
1142511,20515,2.4819,0.2307,-0.2308
1142511,20516,2.3363,0.2176,-0.3006
1142511,20519,2.4412,0.2488,-0.2488
1142511,20520,2.3059,0.2354,-0.3175
1142511,20523,2.4738,0.2522,-0.2302
1142511,20524,2.3369,0.2386,-0.3009
1142511,20527,2.4437,0.2706,-0.2493
1142511,20528,2.2925,0.2547,-0.3160
1142511,20531,2.4847,0.2752,-0.2310
1142511,20532,2.3425,0.2603,-0.3019
1142511,20535,2.4551,0.2941,-0.2503
1142511,20536,2.2984,0.2761,-0.3167
1142511,20539,2.4936,0.2987,-0.2321
1142511,20540,2.3323,0.2798,-0.3005
1142511,20543,2.4398,0.3143,-0.2490
1142511,20544,2.3046,0.2973,-0.3179
1142511,20547,2.4705,0.3178,-0.2302
1142511,20548,2.3289,0.3004,-0.3004
1142511,20551,2.4379,0.3357,-0.2491
1142511,20552,2.2953,0.3169,-0.3170
1142511,20555,2.4831,0.3419,-0.2316
1142511,20556,2.3167,0.3198,-0.2992
1142511,20559,2.5224,0.0110,-0.2114
1142511,20560,2.3444,0.0102,-0.2800
1142511,20563,2.5633,0.0112,-0.1923
1142511,20564,2.4189,0.0106,-0.2670
1142511,20567,2.5171,0.0330,-0.2109
1142511,20568,2.3746,0.0315,-0.2836
1142511,20571,2.5634,0.0336,-0.1923
1142511,20572,2.4162,0.0321,-0.2668
1142511,20575,2.5278,0.0556,-0.2119
1142511,20576,2.3653,0.0524,-0.2825
1142511,20579,2.5527,0.0561,-0.1915
1142511,20580,2.4209,0.0537,-0.2673
1142511,20583,2.5311,0.0782,-0.2122
1142511,20584,2.3708,0.0733,-0.2833
1142511,20587,2.5688,0.0794,-0.1928
1142511,20588,2.3861,0.0737,-0.2636
1142511,20591,2.5206,0.1004,-0.2114
1142511,20592,2.3493,0.0935,-0.2808
1142511,20595,2.5495,0.1011,-0.1914
1142511,20596,2.4118,0.0960,-0.2665
1142511,20599,2.5417,0.1234,-0.2132
1142511,20600,2.3691,0.1155,-0.2833
1142511,20603,2.5556,0.1241,-0.1919
1142511,20604,2.4398,0.1189,-0.2697
1142511,20607,2.5199,0.1449,-0.2115
1142511,20608,2.3518,0.1352,-0.2809
1142511,20611,2.5460,0.1459,-0.1913
1142511,20612,2.4221,0.1392,-0.2678
1142511,20615,2.4953,0.1653,-0.2096
1142511,20616,2.3792,0.1580,-0.2843
1142511,20619,2.5630,0.1698,-0.1922
1142511,20620,2.4252,0.1611,-0.2683
1142511,20623,2.5161,0.1892,-0.2114
1142511,20624,2.3491,0.1770,-0.2809
1142511,20627,2.5526,0.1919,-0.1916
1142511,20628,2.4128,0.1814,-0.2671
1142511,20631,2.5162,0.2113,-0.2116
1142511,20632,2.3628,0.1988,-0.2827
1142511,20635,2.5729,0.2161,-0.1932
1142511,20636,2.4329,0.2047,-0.2695
1142511,20639,2.4974,0.2321,-0.2097
1142511,20640,2.3673,0.2204,-0.2835
1142511,20643,2.5529,0.2373,-0.1919
1142511,20644,2.4337,0.2266,-0.2694
1142511,20647,2.5083,0.2552,-0.2108
1142511,20648,2.3765,0.2426,-0.2848
1142511,20651,2.5535,0.2598,-0.1921
1142511,20652,2.4306,0.2477,-0.2693
1142511,20655,2.5360,0.2809,-0.2134
1142511,20656,2.3608,0.2619,-0.2828
1142511,20659,2.5486,0.2823,-0.1919
1142511,20660,2.4192,0.2684,-0.2683
1142511,20663,2.5076,0.2999,-0.2112
1142511,20664,2.3524,0.2822,-0.2821
1142511,20667,2.5382,0.3036,-0.1913
1142511,20668,2.4192,0.2898,-0.2686
1142511,20671,2.5113,0.3230,-0.2117
1142511,20672,2.3454,0.3021,-0.2816
1142511,20675,2.5498,0.3280,-0.1919
1142511,20676,2.4110,0.3106,-0.2675
1142511,20679,2.5088,0.3450,-0.2113
1142511,20680,2.3430,0.3230,-0.2812
1142511,20683,2.5537,0.3512,-0.1925
1142511,20684,2.4092,0.3322,-0.2676
1142511,20687,2.4682,0.3623,-0.2525
1142511,20688,2.3178,0.3410,-0.3201
1142511,20691,2.4952,0.3658,-0.2326
1142511,20692,2.3419,0.3437,-0.3024
1142511,20695,2.4527,0.3819,-0.2508
1142511,20696,2.3210,0.3622,-0.3210
1142511,20699,2.4993,0.3891,-0.2333
1142511,20700,2.3468,0.3662,-0.3034
1142511,20703,2.4834,0.4089,-0.2543
1142511,20704,2.3172,0.3828,-0.3209
1142511,20707,2.4863,0.4094,-0.2324
1142511,20708,2.3434,0.3867,-0.3030
1142511,20711,2.4764,0.4300,-0.2540
1142511,20712,2.3067,0.4022,-0.3195
1142511,20715,2.4965,0.4335,-0.2337
1142511,20716,2.3442,0.4083,-0.3036
1142511,20719,2.4775,0.4547,-0.2541
1142511,20720,2.3237,0.4265,-0.3224
1142511,20723,2.4989,0.4586,-0.2339
1142511,20724,2.3651,0.4341,-0.3068
1142511,20727,2.4577,0.4733,-0.2525
1142511,20728,2.3314,0.4490,-0.3235
1142511,20731,2.5025,0.4819,-0.2346
1142511,20732,2.3412,0.4508,-0.3037
1142511,20735,2.4600,0.4960,-0.2531
1142511,20736,2.3439,0.4726,-0.3258
1142511,20739,2.5028,0.5047,-0.2351
1142511,20740,2.3548,0.4748,-0.3060
1142511,20743,2.4015,0.5061,-0.2471
1142511,20744,2.3179,0.4885,-0.3224
1142511,20748,2.3211,0.4891,-0.3018
1142511,20752,2.2558,0.4960,-0.3143
1142511,20760,2.3334,0.5344,-0.3254
1142511,20764,2.3465,0.5374,-0.3058
1142511,20767,2.4700,0.5884,-0.2552
1142511,20768,2.3766,0.5662,-0.3316
1142511,20771,2.4671,0.5877,-0.2326
1142511,20772,2.4185,0.5762,-0.3158
1142511,20775,2.4694,0.6111,-0.2553
1142511,20776,2.3708,0.5867,-0.3315
1142511,20779,2.5091,0.6209,-0.2371
1142511,20780,2.4172,0.5982,-0.3159
1142511,20783,2.4647,0.6328,-0.2553
1142511,20784,2.3608,0.6061,-0.3304
1142511,20787,2.5074,0.6438,-0.2370
1142511,20788,2.3799,0.6111,-0.3113
1142511,20791,2.4762,0.6589,-0.2571
1142511,20792,2.3655,0.6294,-0.3314
1142511,20795,2.5119,0.6684,-0.2379
1142511,20796,2.3933,0.6368,-0.3137
1142511,20799,2.4740,0.6814,-0.2570
1142511,20800,2.3789,0.6553,-0.3341
1142511,20803,2.5129,0.6922,-0.2381
1142511,20804,2.3977,0.6604,-0.3146
1142511,20807,2.4614,0.7011,-0.2559
1142511,20808,2.3706,0.6753,-0.3333
1142511,20811,2.5086,0.7146,-0.2383
1142511,20812,2.3939,0.6819,-0.3145
1142511,20815,2.5354,0.3717,-0.2138
1142511,20816,2.3968,0.3518,-0.2880
1142511,20819,2.5744,0.3769,-0.1943
1142511,20820,2.4298,0.3566,-0.2703
1142511,20823,2.5401,0.3950,-0.2145
1142511,20824,2.4051,0.3745,-0.2894
1142511,20827,2.5680,0.3994,-0.1940
1142511,20828,2.4059,0.3746,-0.2680
1142511,20831,2.5284,0.4163,-0.2138
1142511,20832,2.3880,0.3940,-0.2873
1142511,20835,2.5709,0.4228,-0.1945
1142511,20836,2.4231,0.3990,-0.2698
1142511,20839,2.5152,0.4367,-0.2126
1142511,20840,2.4192,0.4209,-0.2915
1142511,20843,2.5860,0.4490,-0.1955
1142511,20844,2.4138,0.4200,-0.2692
1142511,20847,2.5377,0.4658,-0.2148
1142511,20848,2.4094,0.4422,-0.2908
1142511,20851,2.5656,0.4709,-0.1943
1142511,20852,2.4216,0.4445,-0.2701
1142511,20855,2.5308,0.4874,-0.2146
1142511,20856,2.4052,0.4632,-0.2903
1142511,20859,2.5653,0.4940,-0.1946
1142511,20860,2.4418,0.4702,-0.2728
1142511,20863,2.5529,0.5148,-0.2169
1142511,20864,2.4135,0.4867,-0.2918
1142511,20867,2.5536,0.5149,-0.1940
1142511,20868,2.4387,0.4917,-0.2729
1142511,20872,2.3579,0.4969,-0.2852
1142511,20876,2.3955,0.5048,-0.2681
1142511,20895,2.4573,0.5854,-0.2090
1142511,20896,2.4345,0.5800,-0.2958
1142511,20900,2.4524,0.5842,-0.2756
1142511,20903,2.5073,0.6205,-0.2137
1142511,20904,2.4303,0.6014,-0.2954
1142511,20908,2.4436,0.6047,-0.2748
1142511,20911,2.5168,0.6462,-0.2150
1142511,20912,2.4222,0.6219,-0.2951
1142511,20916,2.4282,0.6235,-0.2737
1142511,20919,2.5050,0.6665,-0.2145
1142511,20920,2.4107,0.6414,-0.2939
1142511,20924,2.4310,0.6468,-0.2742
1142511,20927,2.5255,0.6956,-0.2167
1142511,20928,2.4224,0.6672,-0.2956
1142511,20932,2.4590,0.6773,-0.2780
1142511,20935,2.5135,0.7160,-0.2153
1142511,20936,2.4060,0.6854,-0.2943
1142511,20940,2.4419,0.6956,-0.2763
1142511,20943,2.4767,0.7289,-0.2581
1142511,20944,2.3787,0.7046,-0.3350
1142511,20947,2.5059,0.7375,-0.2382
1142511,20948,2.4037,0.7074,-0.3165
1142511,20951,2.4807,0.7537,-0.2588
1142511,20952,2.3527,0.7193,-0.3322
1142511,20955,2.5067,0.7616,-0.2389
1142511,20956,2.4093,0.7320,-0.3177
1142511,20959,2.4656,0.7727,-0.2579
1142511,20960,2.3791,0.7501,-0.3364
1142511,20963,2.5021,0.7841,-0.2386
1142511,20964,2.3971,0.7512,-0.3165
1142511,20967,2.4891,0.8040,-0.2606
1142511,20968,2.3842,0.7747,-0.3376
1142511,20971,2.4876,0.8035,-0.2379
1142511,20972,2.3840,0.7746,-0.3158
1142511,20975,2.4783,0.8244,-0.2602
1142511,20976,2.3517,0.7869,-0.3335
1142511,20979,2.4983,0.8311,-0.2391
1142511,20980,2.3875,0.7989,-0.3167
1142511,20983,2.4797,0.8490,-0.2607
1142511,20984,2.3564,0.8114,-0.3347
1142511,20987,2.5470,0.8720,-0.2445
1142511,20988,2.3889,0.8226,-0.3174
1142511,20991,2.4655,0.8682,-0.2595
1142511,20992,2.3639,0.8371,-0.3368
1142511,20995,2.5199,0.8874,-0.2422
1142511,20996,2.3725,0.8402,-0.3157
1142511,20999,2.4826,0.8987,-0.2621
1142511,21000,2.3545,0.8570,-0.3361
1142511,21003,2.4668,0.8930,-0.2374
1142511,21004,2.3812,0.8667,-0.3174
1142511,21007,2.4675,0.9176,-0.2609
1142511,21008,2.3510,0.8790,-0.3362
1142511,21011,2.4719,0.9193,-0.2386
1142511,21012,2.3690,0.8857,-0.3168
1142511,21015,2.4771,0.9459,-0.2623
1142511,21016,2.3532,0.9033,-0.3372
1142511,21019,2.5123,0.9594,-0.2428
1142511,21020,2.3789,0.9132,-0.3187
1142511,21023,2.4526,0.9612,-0.2606
1142511,21024,2.3519,0.9264,-0.3377
1142511,21027,2.5302,0.9916,-0.2454
1142511,21028,2.3616,0.9302,-0.3170
1142511,21031,2.4755,0.9952,-0.2635
1142511,21032,2.3340,0.9430,-0.3359
1142511,21036,2.3815,0.9622,-0.3204
1142511,21040,2.3302,0.9652,-0.3361
1142511,21044,2.3368,0.9680,-0.3151
1142511,21048,2.2930,0.9733,-0.3315
1142511,21052,2.3563,1.0002,-0.3184
1142511,21056,2.2432,0.9754,-0.3251
1142511,21060,2.2977,0.9991,-0.3112
1142511,21064,2.2362,0.9956,-0.3249
1142511,21071,2.5052,0.7373,-0.2152
1142511,21072,2.4339,0.7163,-0.2980
1142511,21076,2.4514,0.7215,-0.2781
1142511,21079,2.5094,0.7624,-0.2161
1142511,21080,2.4124,0.7329,-0.2957
1142511,21084,2.4585,0.7469,-0.2791
1142511,21087,2.4916,0.7808,-0.2151
1142511,21088,2.4090,0.7549,-0.2961
1142511,21092,2.4625,0.7717,-0.2799
1142511,21095,2.4618,0.7951,-0.2122
1142511,21096,2.4261,0.7836,-0.2986
1142511,21100,2.4517,0.7919,-0.2794
1142511,21103,2.4792,0.8247,-0.2143
1142511,21104,2.3955,0.7969,-0.2952
1142511,21108,2.4387,0.8113,-0.2783
1142511,21111,2.4670,0.8446,-0.2139
1142511,21112,2.4049,0.8234,-0.2973
1142511,21116,2.4725,0.8465,-0.2825
1142511,21120,2.4232,0.8534,-0.3000
1142511,21124,2.4289,0.8553,-0.2784
1142511,21128,2.4038,0.8749,-0.2982
1142511,21132,2.4403,0.8834,-0.2801
1142511,21136,2.3939,0.8951,-0.2975
1142511,21139,2.5051,0.9316,-0.1949
1142511,21140,2.4223,0.9009,-0.2785
1142511,21144,2.3709,0.9101,-0.2956
1142511,21147,2.4898,0.9508,-0.1943
1142511,21148,2.4270,0.9268,-0.2799
1142511,21152,2.3846,0.9393,-0.2979
1142511,21155,2.4872,0.9747,-0.1948
1142511,21156,2.4306,0.9525,-0.2808
1142511,21160,2.3631,0.9548,-0.2958
1142511,21164,2.4316,0.9775,-0.2815
1142511,21168,2.3675,0.9807,-0.2970
1142511,21172,2.4128,0.9945,-0.2798
1142511,21721,2.2974,-0.9989,-0.3329
1142511,21729,2.3017,-0.9770,-0.3327
1142511,21733,2.3375,-0.9922,-0.3158
1142511,21737,2.3021,-0.9536,-0.3320
1142511,21738,2.4091,-0.9930,-0.2569
1142511,21741,2.3431,-0.9705,-0.3159
1142511,21745,2.3016,-0.9299,-0.3312
1142511,21746,2.4319,-0.9776,-0.2588
1142511,21749,2.3220,-0.9382,-0.3124
1142511,21753,2.2942,-0.9037,-0.3294
1142511,21754,2.4550,-0.9621,-0.2609
1142511,21757,2.3343,-0.9195,-0.3134
1142511,21758,2.4713,-0.9685,-0.2397
1142511,21761,2.3075,-0.8858,-0.3307
1142511,21762,2.4412,-0.9322,-0.2585
1142511,21765,2.3267,-0.8931,-0.3117
1142511,21766,2.5101,-0.9585,-0.2426
1142511,21769,2.3043,-0.8615,-0.3296
1142511,21770,2.4312,-0.9042,-0.2571
1142511,21773,2.3496,-0.8785,-0.3142
1142511,21774,2.5038,-0.9312,-0.2417
1142511,21777,2.2897,-0.8334,-0.3268
1142511,21778,2.4516,-0.8875,-0.2589
1142511,21781,2.3390,-0.8513,-0.3118
1142511,21782,2.4774,-0.8968,-0.2384
1142511,21785,2.3133,-0.8192,-0.3296
1142511,21786,2.4429,-0.8603,-0.2571
1142511,21789,2.3445,-0.8302,-0.3120
1142511,21790,2.4773,-0.8724,-0.2381
1142511,21793,2.3190,-0.7985,-0.3294
1142511,21794,2.4288,-0.8316,-0.2553
1142511,21797,2.3368,-0.8046,-0.3105
1142511,21798,2.4775,-0.8482,-0.2379
1142511,21801,2.3130,-0.7739,-0.3280
1142511,21802,2.4618,-0.8189,-0.2585
1142511,21805,2.3481,-0.7857,-0.3115
1142511,21806,2.4841,-0.8263,-0.2378
1142511,21809,2.3211,-0.7542,-0.3287
1142511,21810,2.4623,-0.7953,-0.2578
1142511,21813,2.3594,-0.7666,-0.3125
1142511,21814,2.4773,-0.8001,-0.2369
1142511,21817,2.3233,-0.7325,-0.3285
1142511,21818,2.4608,-0.7712,-0.2574
1142511,21821,2.3562,-0.7384,-0.3111
1142511,21822,2.4935,-0.7814,-0.2378
1142511,21825,2.3269,-0.7114,-0.3286
1142511,21826,2.4637,-0.7485,-0.2570
1142511,21829,2.3635,-0.7181,-0.3116
1142511,21830,2.4991,-0.7593,-0.2382
1142511,21833,2.3293,-0.6900,-0.3280
1142511,21834,2.4658,-0.7257,-0.2570
1142511,21837,2.3708,-0.6978,-0.3122
1142511,21838,2.4922,-0.7335,-0.2369
1142511,21865,2.3837,-0.9874,-0.2990
1142511,21869,2.3931,-0.9864,-0.2775
1142511,21873,2.3633,-0.9548,-0.2958
1142511,21877,2.3964,-0.9634,-0.2774
1142511,21881,2.3689,-0.9331,-0.2959
1142511,21882,2.5239,-0.9891,-0.2214
1142511,21885,2.3934,-0.9380,-0.2765
1142511,21889,2.3893,-0.9172,-0.2979
1142511,21890,2.5414,-0.9705,-0.2222
1142511,21893,2.4273,-0.9269,-0.2800
1142511,21894,2.5574,-0.9766,-0.1996
1142511,21897,2.3739,-0.8876,-0.2950
1142511,21898,2.5288,-0.9404,-0.2204
1142511,21901,2.4185,-0.8994,-0.2780
1142511,21902,2.5969,-0.9658,-0.2020
1142511,21905,2.3804,-0.8664,-0.2953
1142511,21906,2.5408,-0.9198,-0.2207
1142511,21909,2.3983,-0.8682,-0.2753
1142511,21910,2.5975,-0.9403,-0.2024
1142511,21913,2.3745,-0.8362,-0.2940
1142511,21914,2.5395,-0.8943,-0.2209
1142511,21917,2.4053,-0.8471,-0.2757
1142511,21918,2.5872,-0.9111,-0.2009
1142511,21921,2.3859,-0.8169,-0.2949
1142511,21922,2.5420,-0.8703,-0.2204
1142511,21925,2.4124,-0.8260,-0.2757
1142511,21926,2.5776,-0.8825,-0.1996
1142511,21929,2.3912,-0.7954,-0.2947
1142511,21930,2.5478,-0.8475,-0.2203
1142511,21933,2.4192,-0.8048,-0.2761
1142511,21934,2.5819,-0.8589,-0.1993
1142511,21937,2.3988,-0.7748,-0.2952
1142511,21938,2.5553,-0.8253,-0.2203
1142511,21941,2.4055,-0.7769,-0.2742
1142511,21942,2.5967,-0.8387,-0.2009
1142511,21945,2.3945,-0.7504,-0.2943
1142511,21946,2.5522,-0.7998,-0.2204
1142511,21949,2.4224,-0.7591,-0.2753
1142511,21950,2.5816,-0.8090,-0.1992
1142511,21953,2.3869,-0.7252,-0.2926
1142511,21954,2.5544,-0.7761,-0.2200
1142511,21957,2.4260,-0.7371,-0.2754
1142511,21958,2.5910,-0.7872,-0.1993
1142511,21961,2.3816,-0.7009,-0.2916
1142511,21962,2.5691,-0.7561,-0.2206
1142511,21965,2.4265,-0.7142,-0.2752
1142511,21966,2.5969,-0.7643,-0.1993
1142511,21969,2.3499,-0.6694,-0.3304
1142511,21970,2.4577,-0.7001,-0.2555
1142511,21973,2.3671,-0.6743,-0.3109
1142511,21974,2.5039,-0.7132,-0.2379
1142511,21977,2.3208,-0.6392,-0.3259
1142511,21978,2.4596,-0.6775,-0.2555
1142511,21981,2.3579,-0.6495,-0.3094
1142511,21982,2.4975,-0.6879,-0.2367
1142511,21985,2.3351,-0.6213,-0.3271
1142511,21986,2.4743,-0.6584,-0.2569
1142511,21989,2.3607,-0.6281,-0.3095
1142511,21990,2.4935,-0.6635,-0.2362
1142511,21993,2.3390,-0.6006,-0.3274
1142511,21994,2.4859,-0.6383,-0.2575
1142511,21997,2.3700,-0.6085,-0.3100
1142511,21998,2.4828,-0.6375,-0.2346
1142511,22001,2.3462,-0.5806,-0.3281
1142511,22002,2.4558,-0.6078,-0.2539
1142511,22005,2.3715,-0.5869,-0.3099
1142511,22006,2.5116,-0.6216,-0.2373
1142511,22009,2.3192,-0.5525,-0.3236
1142511,22010,2.4606,-0.5862,-0.2543
1142511,22013,2.3658,-0.5636,-0.3090
1142511,22014,2.5232,-0.6011,-0.2379
1142511,22017,2.3231,-0.5321,-0.3239
1142511,22018,2.4796,-0.5679,-0.2557
1142511,22021,2.3856,-0.5464,-0.3109
1142511,22022,2.5086,-0.5745,-0.2360
1142511,22025,2.3161,-0.5092,-0.3227
1142511,22026,2.4697,-0.5430,-0.2546
1142511,22029,2.4038,-0.5285,-0.3131
1142511,22030,2.5066,-0.5511,-0.2358
1142511,22033,2.3425,-0.4936,-0.3258
1142511,22034,2.4885,-0.5244,-0.2561
1142511,22037,2.3727,-0.5000,-0.3085
1142511,22038,2.5147,-0.5299,-0.2361
1142511,22041,2.3611,-0.4761,-0.3282
1142511,22042,2.4804,-0.5001,-0.2552
1142511,22045,2.3954,-0.4830,-0.3113
1142511,22046,2.5196,-0.5080,-0.2366
1142511,22049,2.3238,-0.4475,-0.3225
1142511,22050,2.4710,-0.4758,-0.2538
1142511,22053,2.3556,-0.4536,-0.3056
1142511,22054,2.5092,-0.4832,-0.2353
1142511,22057,2.3349,-0.4285,-0.3239
1142511,22058,2.4600,-0.4515,-0.2523
1142511,22061,2.3907,-0.4388,-0.3101
1142511,22062,2.5021,-0.4592,-0.2342
1142511,22065,2.3533,-0.4103,-0.3259
1142511,22066,2.5089,-0.4356,-0.2573
1142511,22069,2.4033,-0.4186,-0.3112
1142511,22070,2.5262,-0.4386,-0.2365
1142511,22073,2.3328,-0.3854,-0.3230
1142511,22074,2.4869,-0.4095,-0.2547
1142511,22077,2.4079,-0.3973,-0.3113
1142511,22078,2.5197,-0.4149,-0.2355
1142511,22081,2.3688,-0.3697,-0.3276
1142511,22082,2.4772,-0.3857,-0.2533
1142511,22085,2.3901,-0.3730,-0.3090
1142511,22086,2.5269,-0.3934,-0.2359
1142511,22089,2.3386,-0.3441,-0.3230
1142511,22090,2.4958,-0.3663,-0.2553
1142511,22093,2.3857,-0.3502,-0.3080
1142511,22094,2.5183,-0.3692,-0.2348
1142511,22097,2.3913,-0.6812,-0.2925
1142511,22098,2.5528,-0.7272,-0.2187
1142511,22101,2.4300,-0.6922,-0.2749
1142511,22102,2.6005,-0.7408,-0.1990
1142511,22105,2.3991,-0.6608,-0.2928
1142511,22106,2.5624,-0.7058,-0.2199
1142511,22109,2.4318,-0.6698,-0.2749
1142511,22110,2.5980,-0.7156,-0.1993
1142511,22113,2.4195,-0.6438,-0.2950
1142511,22114,2.5710,-0.6841,-0.2201
1142511,22117,2.4220,-0.6444,-0.2731
1142511,22118,2.6075,-0.6938,-0.1996
1142511,22121,2.3907,-0.6138,-0.2913
1142511,22122,2.5281,-0.6491,-0.2160
1142511,22125,2.4474,-0.6284,-0.2758
1142511,22126,2.6251,-0.6740,-0.2005
1142511,22129,2.4079,-0.5959,-0.2927
1142511,22130,2.5416,-0.6290,-0.2166
1142511,22133,2.4379,-0.6033,-0.2742
1142511,22134,2.6051,-0.6447,-0.1985
1142511,22137,2.3912,-0.5697,-0.2905
1142511,22138,2.5429,-0.6058,-0.2163
1142511,22141,2.4577,-0.5855,-0.2762
1142511,22142,2.5919,-0.6175,-0.1971
1142511,22145,2.4114,-0.5523,-0.2924
1142511,22146,2.5242,-0.5781,-0.2152
1142511,22149,2.4382,-0.5584,-0.2735
1142511,22150,2.6197,-0.6000,-0.1997
1142511,22153,2.4257,-0.5333,-0.2940
1142511,22154,2.5604,-0.5629,-0.2178
1142511,22157,2.4423,-0.5370,-0.2739
1142511,22158,2.6019,-0.5721,-0.1980
1142511,22161,2.4070,-0.5072,-0.2911
1142511,22162,2.5614,-0.5398,-0.2175
1142511,22165,2.4377,-0.5137,-0.2728
1142511,22166,2.6109,-0.5502,-0.1983
1142511,22169,2.4136,-0.4867,-0.2918
1142511,22170,2.5583,-0.5158,-0.2173
1142511,22173,2.4446,-0.4929,-0.2736
1142511,22174,2.5802,-0.5203,-0.1961
1142511,22177,2.4152,-0.4651,-0.2915
1142511,22178,2.5602,-0.4930,-0.2171
1142511,22181,2.4447,-0.4708,-0.2731
1142511,22182,2.6086,-0.5023,-0.1979
1142511,22185,2.4279,-0.4456,-0.2930
1142511,22186,2.5438,-0.4669,-0.2154
1142511,22189,2.4427,-0.4483,-0.2724
1142511,22190,2.6036,-0.4778,-0.1972
1142511,22193,2.4286,-0.4225,-0.2926
1142511,22194,2.5380,-0.4407,-0.2145
1142511,22197,2.4427,-0.4250,-0.2724
1142511,22198,2.5828,-0.4485,-0.1953
1142511,22201,2.4194,-0.3992,-0.2911
1142511,22202,2.5524,-0.4203,-0.2158
1142511,22205,2.4371,-0.4013,-0.2714
1142511,22206,2.5836,-0.4249,-0.1955
1142511,22209,2.4032,-0.3742,-0.2892
1142511,22210,2.5667,-0.3992,-0.2168
1142511,22213,2.4498,-0.3814,-0.2728
1142511,22214,2.5820,-0.4016,-0.1951
1142511,22217,2.4161,-0.3546,-0.2903
1142511,22218,2.5501,-0.3738,-0.2151
1142511,22221,2.4568,-0.3606,-0.2733
1142511,22222,2.6266,-0.3846,-0.1982
1142511,22225,2.3236,-0.3208,-0.3209
1142511,22226,2.4488,-0.3372,-0.2502
1142511,22229,2.3579,-0.3255,-0.3045
1142511,22230,2.4965,-0.3438,-0.2329
1142511,22233,2.3231,-0.2997,-0.3204
1142511,22234,2.4723,-0.3185,-0.2523
1142511,22237,2.3689,-0.3056,-0.3056
1142511,22238,2.5141,-0.3234,-0.2343
1142511,22241,2.3341,-0.2804,-0.3216
1142511,22242,2.4667,-0.2955,-0.2515
1142511,22245,2.3502,-0.2819,-0.3028
1142511,22246,2.4914,-0.2984,-0.2319
1142511,22249,2.3193,-0.2577,-0.3197
1142511,22250,2.4488,-0.2712,-0.2498
1142511,22253,2.3651,-0.2628,-0.3048
1142511,22254,2.4869,-0.2754,-0.2312
1142511,22257,2.3239,-0.2373,-0.3200
1142511,22258,2.4746,-0.2522,-0.2522
1142511,22261,2.3564,-0.2406,-0.3034
1142511,22262,2.4969,-0.2545,-0.2324
1142511,22265,2.3350,-0.2178,-0.3212
1142511,22266,2.4743,-0.2300,-0.2520
1142511,22269,2.3337,-0.2173,-0.3002
1142511,22270,2.4869,-0.2311,-0.2313
1142511,22273,2.3015,-0.1941,-0.3168
1142511,22274,2.4707,-0.2079,-0.2514
1142511,22277,2.3474,-0.1979,-0.3018
1142511,22278,2.5069,-0.2105,-0.2329
1142511,22281,2.3178,-0.1747,-0.3188
1142511,22282,2.4703,-0.1857,-0.2512
1142511,22285,2.3477,-0.1769,-0.3016
1142511,22286,2.5042,-0.1883,-0.2325
1142511,22289,2.3283,-0.1551,-0.3201
1142511,22290,2.4593,-0.1633,-0.2504
1142511,22293,2.3671,-0.1572,-0.3043
1142511,22294,2.5033,-0.1658,-0.2323
1142511,22297,2.3230,-0.1339,-0.3192
1142511,22298,2.4758,-0.1423,-0.2519
1142511,22301,2.3614,-0.1362,-0.3034
1142511,22302,2.5042,-0.1440,-0.2322
1142511,22305,2.3256,-0.1133,-0.3194
1142511,22306,2.4708,-0.1200,-0.2513
1142511,22309,2.3345,-0.1138,-0.2998
1142511,22310,2.4986,-0.1213,-0.2316
1142511,22313,2.3146,-0.0922,-0.3177
1142511,22314,2.4791,-0.0987,-0.2520
1142511,22317,2.3625,-0.0941,-0.3033
1142511,22318,2.5044,-0.0997,-0.2325
1142511,22321,2.3114,-0.0718,-0.3176
1142511,22322,2.4872,-0.0769,-0.2528
1142511,22325,2.3534,-0.0727,-0.3020
1142511,22326,2.4935,-0.0771,-0.2314
1142511,22329,2.3082,-0.0512,-0.3171
1142511,22330,2.4695,-0.0547,-0.2509
1142511,22333,2.3421,-0.0519,-0.3005
1142511,22334,2.4885,-0.0547,-0.2309
1142511,22337,2.3077,-0.0306,-0.3170
1142511,22338,2.4678,-0.0323,-0.2507
1142511,22341,2.3430,-0.0311,-0.3006
1142511,22342,2.5061,-0.0328,-0.2325
1142511,22345,2.2982,-0.0100,-0.3156
1142511,22346,2.4544,-0.0107,-0.2493
1142511,22349,2.3554,-0.0103,-0.3022
1142511,22350,2.5137,-0.0110,-0.2332
1142511,22353,2.4049,-0.3316,-0.2886
1142511,22354,2.5288,-0.3477,-0.2130
1142511,22357,2.4188,-0.3335,-0.2687
1142511,22358,2.5683,-0.3532,-0.1936
1142511,22361,2.3938,-0.3084,-0.2874
1142511,22362,2.5457,-0.3275,-0.2146
1142511,22365,2.4214,-0.3119,-0.2687
1142511,22366,2.5605,-0.3294,-0.1928
1142511,22369,2.4046,-0.2884,-0.2884
1142511,22370,2.5285,-0.3024,-0.2129
1142511,22373,2.4365,-0.2918,-0.2705
1142511,22374,2.5742,-0.3079,-0.1940
1142511,22377,2.3969,-0.2659,-0.2871
1142511,22378,2.5424,-0.2816,-0.2139
1142511,22381,2.4367,-0.2703,-0.2702
1142511,22382,2.5889,-0.2867,-0.1949
1142511,22385,2.3919,-0.2442,-0.2867
1142511,22386,2.5424,-0.2587,-0.2137
1142511,22389,2.4307,-0.2478,-0.2693
1142511,22390,2.5747,-0.2620,-0.1937
1142511,22393,2.3874,-0.2223,-0.2859
1142511,22394,2.5355,-0.2357,-0.2129
1142511,22397,2.4351,-0.2268,-0.2696
1142511,22398,2.5737,-0.2392,-0.1934
1142511,22401,2.4074,-0.2026,-0.2881
1142511,22402,2.5483,-0.2140,-0.2143
1142511,22405,2.4352,-0.2049,-0.2698
1142511,22406,2.5631,-0.2152,-0.1925
1142511,22409,2.3930,-0.1804,-0.2862
1142511,22410,2.5263,-0.1900,-0.2123
1142511,22413,2.4286,-0.1826,-0.2689
1142511,22414,2.5830,-0.1942,-0.1939
1142511,22417,2.4024,-0.1596,-0.2871
1142511,22418,2.5347,-0.1679,-0.2129
1142511,22421,2.4303,-0.1614,-0.2689
1142511,22422,2.5909,-0.1716,-0.1943
1142511,22425,2.3971,-0.1378,-0.2863
1142511,22426,2.5295,-0.1454,-0.2123
1142511,22429,2.4569,-0.1412,-0.2717
1142511,22430,2.5892,-0.1484,-0.1945
1142511,22433,2.3900,-0.1165,-0.2857
1142511,22434,2.5585,-0.1242,-0.2146
1142511,22437,2.4284,-0.1183,-0.2684
1142511,22438,2.6002,-0.1263,-0.1953
1142511,22441,2.4135,-0.0961,-0.2884
1142511,22442,2.5565,-0.1018,-0.2144
1142511,22445,2.4398,-0.0971,-0.2696
1142511,22446,2.5892,-0.1026,-0.1944
1142511,22449,2.3740,-0.0734,-0.2836
1142511,22450,2.5277,-0.0781,-0.2119
1142511,22453,2.4243,-0.0749,-0.2678
1142511,22454,2.5943,-0.0802,-0.1947
1142511,22457,2.4052,-0.0533,-0.2873
1142511,22458,2.5512,-0.0561,-0.2138
1142511,22461,2.4418,-0.0541,-0.2696
1142511,22462,2.5797,-0.0567,-0.1936
1142511,22465,2.4102,-0.0320,-0.2879
1142511,22466,2.5330,-0.0332,-0.2123
1142511,22469,2.4125,-0.0320,-0.2664
1142511,22470,2.5832,-0.0338,-0.1938
1142511,22473,2.3838,-0.0104,-0.2847
1142511,22474,2.5313,-0.0110,-0.2121
1142511,22477,2.4082,-0.0105,-0.2659
1142511,22478,2.5821,-0.0113,-0.1937
1142511,22479,2.7947,0.0122,-0.0864
1142511,22480,2.6058,0.0114,-0.1722
1142511,22483,2.8269,0.0123,-0.0622
1142511,22484,2.6701,0.0117,-0.1530
1142511,22487,2.7721,0.0363,-0.0857
1142511,22488,2.6494,0.0347,-0.1751
1142511,22491,2.8242,0.0370,-0.0621
1142511,22492,2.6730,0.0350,-0.1532
1142511,22495,2.7844,0.0612,-0.0861
1142511,22496,2.5990,0.0572,-0.1718
1142511,22499,2.8115,0.0618,-0.0619
1142511,22500,2.6610,0.0585,-0.1525
1142511,22503,2.7811,0.0859,-0.0860
1142511,22504,2.6138,0.0808,-0.1728
1142511,22507,2.8280,0.0874,-0.0622
1142511,22508,2.6680,0.0824,-0.1530
1142511,22511,2.7828,0.1103,-0.0861
1142511,22512,2.6080,0.1034,-0.1724
1142511,22515,2.8084,0.1113,-0.0618
1142511,22516,2.6862,0.1065,-0.1541
1142511,22519,2.7813,0.1351,-0.0861
1142511,22520,2.5935,0.1259,-0.1716
1142511,22523,2.8126,0.1366,-0.0619
1142511,22524,2.6329,0.1278,-0.1511
1142511,22527,2.7835,0.1595,-0.0857
1142511,22528,2.6030,0.1492,-0.1723
1142511,22531,2.8164,0.1614,-0.0620
1142511,22532,2.6197,0.1501,-0.1504
1142511,22535,2.7913,0.1844,-0.0860
1142511,22536,2.5778,0.1708,-0.1707
1142511,22539,2.8125,0.1858,-0.0620
1142511,22540,2.6261,0.1740,-0.1508
1142511,22543,2.7762,0.2083,-0.0855
1142511,22544,2.5789,0.1935,-0.1709
1142511,22547,2.8130,0.2110,-0.0620
1142511,22548,2.6100,0.1958,-0.1500
1142511,22551,2.7666,0.2318,-0.0853
1142511,22552,2.5859,0.2171,-0.1714
1142511,22555,2.8297,0.2371,-0.0625
1142511,22556,2.6561,0.2230,-0.1523
1142511,22559,2.7637,0.2564,-0.0853
1142511,22560,2.5896,0.2402,-0.1718
1142511,22563,2.8266,0.2622,-0.0624
1142511,22564,2.6574,0.2465,-0.1525
1142511,22567,2.7808,0.2825,-0.0859
1142511,22568,2.5875,0.2633,-0.1718
1142511,22571,2.8017,0.2846,-0.0619
1142511,22572,2.6483,0.2695,-0.1521
1142511,22575,2.7732,0.3067,-0.0857
1142511,22576,2.5926,0.2867,-0.1719
1142511,22579,2.7890,0.3084,-0.0617
1142511,22580,2.6124,0.2889,-0.1502
1142511,22583,2.7734,0.3312,-0.0858
1142511,22584,2.5989,0.3108,-0.1725
1142511,22587,2.7936,0.3336,-0.0619
1142511,22588,2.6447,0.3163,-0.1522
1142511,22591,2.7893,0.3578,-0.0864
1142511,22592,2.5934,0.3331,-0.1723
1142511,22595,2.7823,0.3569,-0.0617
1142511,22596,2.6445,0.3397,-0.1523
1142511,22599,2.7677,0.3801,-0.0858
1142511,22600,2.6176,0.3600,-0.1741
1142511,22603,2.7937,0.3837,-0.0620
1142511,22604,2.6718,0.3669,-0.1541
1142511,22607,2.9932,0.0131,-0.0392
1142511,22608,2.7156,0.0118,-0.1314
1142511,22611,2.9714,0.0130,-0.0130
1142511,22612,2.7288,0.0119,-0.1082
1142511,22615,2.9696,0.0389,-0.0389
1142511,22616,2.7088,0.0355,-0.1311
1142511,22619,2.9866,0.0391,-0.0130
1142511,22620,2.7473,0.0360,-0.1089
1142511,22624,2.7024,0.0594,-0.1308
1142511,22627,2.9715,0.0654,-0.0130
1142511,22628,2.7280,0.0600,-0.1082
1142511,22631,2.9497,0.0912,-0.0386
1142511,22632,2.7145,0.0839,-0.1314
1142511,22635,2.9569,0.0914,-0.0129
1142511,22636,2.7713,0.0856,-0.1099
1142511,22639,2.9136,0.1155,-0.0382
1142511,22640,2.6950,0.1068,-0.1305
1142511,22643,2.9583,0.1173,-0.0129
1142511,22644,2.7426,0.1087,-0.1088
1142511,22647,2.9100,0.1413,-0.0381
1142511,22648,2.7257,0.1324,-0.1320
1142511,22651,2.9425,0.1424,-0.0129
1142511,22652,2.7400,0.1330,-0.1087
1142511,22655,2.8932,0.1658,-0.0379
1142511,22656,2.6947,0.1544,-0.1306
1142511,22659,2.9694,0.1702,-0.0130
1142511,22660,2.7100,0.1553,-0.1076
1142511,22663,2.9118,0.1924,-0.0382
1142511,22664,2.7073,0.1793,-0.1313
1142511,22667,2.9533,0.1951,-0.0129
1142511,22668,2.7337,0.1811,-0.1086
1142511,22671,2.9027,0.2177,-0.0381
1142511,22672,2.6944,0.2021,-0.1307
1142511,22675,2.9558,0.2217,-0.0129
1142511,22676,2.7271,0.2046,-0.1084
1142511,22679,2.9261,0.2452,-0.0384
1142511,22680,2.6810,0.2251,-0.1302
1142511,22683,2.9501,0.2472,-0.0129
1142511,22684,2.7309,0.2288,-0.1086
1142511,22687,2.8846,0.2676,-0.0379
1142511,22688,2.6825,0.2489,-0.1303
1142511,22691,2.9522,0.2739,-0.0129
1142511,22692,2.7260,0.2529,-0.1085
1142511,22695,2.8974,0.2943,-0.0381
1142511,22696,2.6819,0.2724,-0.1304
1142511,22699,2.9526,0.2999,-0.0129
1142511,22700,2.7520,0.2795,-0.1097
1142511,22703,2.8956,0.3202,-0.0381
1142511,22704,2.6885,0.2973,-0.1309
1142511,22707,2.9475,0.3254,-0.0129
1142511,22708,2.7128,0.3000,-0.1082
1142511,22711,2.8940,0.3456,-0.0382
1142511,22712,2.7001,0.3224,-0.1316
1142511,22715,2.9562,0.3530,-0.0130
1142511,22716,2.7296,0.3260,-0.1085
1142511,22719,2.8992,0.3719,-0.0383
1142511,22720,2.6898,0.3455,-0.1312
1142511,22723,2.9554,0.3791,-0.0130
1142511,22724,2.7310,0.3508,-0.1087
1142511,22727,2.9121,0.3999,-0.0385
1142511,22728,2.7036,0.3713,-0.1316
1142511,22731,2.9331,0.4028,-0.0129
1142511,22732,2.7294,0.3749,-0.1087
1142511,22735,2.7984,0.4092,-0.0869
1142511,22736,2.6436,0.3871,-0.1761
1142511,22739,2.8092,0.4108,-0.0624
1142511,22740,2.6697,0.3909,-0.1542
1142511,22743,2.7837,0.4324,-0.0866
1142511,22744,2.6433,0.4111,-0.1763
1142511,22747,2.8335,0.4402,-0.0631
1142511,22748,2.6961,0.4188,-0.1554
1142511,22751,2.7896,0.4583,-0.0869
1142511,22752,2.6442,0.4349,-0.1761
1142511,22755,2.8326,0.4654,-0.0626
1142511,22756,2.6513,0.4361,-0.1530
1142511,22759,2.7907,0.4835,-0.0870
1142511,22760,2.6269,0.4556,-0.1752
1142511,22763,2.8876,0.5003,-0.0639
1142511,22764,2.6740,0.4638,-0.1546
1142511,22767,2.7944,0.5078,-0.0868
1142511,22768,2.6594,0.4833,-0.1776
1142511,22771,2.8654,0.5207,-0.0635
1142511,22772,2.6827,0.4875,-0.1553
1142511,22775,2.7817,0.5306,-0.0865
1142511,22776,2.6000,0.5007,-0.1740
1142511,22779,2.7957,0.5333,-0.0621
1142511,22780,2.6850,0.5122,-0.1557
1142511,22784,2.6224,0.5288,-0.1753
1142511,22863,2.9264,0.4280,-0.0387
1142511,22864,2.6983,0.3951,-0.1315
1142511,22867,2.9640,0.4335,-0.0131
1142511,22868,2.7428,0.4011,-0.1094
1142511,22871,2.9317,0.4549,-0.0388
1142511,22872,2.7208,0.4227,-0.1327
1142511,22875,2.9576,0.4589,-0.0131
1142511,22876,2.7504,0.4273,-0.1098
1142511,22879,2.9213,0.4799,-0.0388
1142511,22880,2.7259,0.4479,-0.1332
1142511,22883,2.9652,0.4872,-0.0131
1142511,22884,2.7533,0.4524,-0.1101
1142511,22887,2.9173,0.5055,-0.0388
1142511,22888,2.7179,0.4714,-0.1330
1142511,22891,2.9493,0.5110,-0.0131
1142511,22892,2.7400,0.4753,-0.1097
1142511,22895,2.9136,0.5295,-0.0388
1142511,22896,2.7146,0.4933,-0.1330
1142511,22899,2.9648,0.5388,-0.0131
1142511,22900,2.7600,0.5016,-0.1107
1142511,22904,2.7115,0.5172,-0.1331
1142511,22908,2.7775,0.5298,-0.1111
1142511,23817,2.6206,-0.9746,-0.1803
1142511,23821,2.6671,-0.9919,-0.1591
1142511,23825,2.6150,-0.9466,-0.1798
1142511,23829,2.6469,-0.9582,-0.1574
1142511,23833,2.6226,-0.9236,-0.1798
1142511,23834,2.8314,-0.9971,-0.0907
1142511,23837,2.6651,-0.9385,-0.1585
1142511,23841,2.6085,-0.8931,-0.1783
1142511,23842,2.8302,-0.9690,-0.0904
1142511,23845,2.6687,-0.9137,-0.1582
1142511,23846,2.8641,-0.9806,-0.0655
1142511,23849,2.6127,-0.8691,-0.1785
1142511,23850,2.8227,-0.9390,-0.0898
1142511,23853,2.6540,-0.8829,-0.1569
1142511,23854,2.8764,-0.9569,-0.0656
1142511,23857,2.6356,-0.8513,-0.1796
1142511,23858,2.8342,-0.9154,-0.0900
1142511,23861,2.6664,-0.8612,-0.1576
1142511,23862,2.8881,-0.9328,-0.0657
1142511,23865,2.6292,-0.8239,-0.1791
1142511,23866,2.8478,-0.8925,-0.0901
1142511,23869,2.6750,-0.8383,-0.1577
1142511,23870,2.8829,-0.9035,-0.0654
1142511,23873,2.6325,-0.7998,-0.1789
1142511,23874,2.8323,-0.8605,-0.0899
1142511,23877,2.6756,-0.8129,-0.1573
1142511,23878,2.8770,-0.8741,-0.0651
1142511,23881,2.6267,-0.7731,-0.1780
1142511,23882,2.8541,-0.8400,-0.0904
1142511,23885,2.6763,-0.7877,-0.1574
1142511,23886,2.8824,-0.8483,-0.0650
1142511,23953,2.7511,-0.9959,-0.1385
1142511,23961,2.7593,-0.9717,-0.1385
1142511,23965,2.8033,-0.9872,-0.1152
1142511,23969,2.6958,-0.9230,-0.1354
1142511,23970,2.9127,-0.9972,-0.0398
1142511,23973,2.7911,-0.9556,-0.1144
1142511,23977,2.7048,-0.8998,-0.1354
1142511,23978,2.9410,-0.9784,-0.0400
1142511,23981,2.8032,-0.9325,-0.1150
1142511,23985,2.6991,-0.8718,-0.1348
1142511,23986,2.9883,-0.9652,-0.0406
1142511,23989,2.7913,-0.9016,-0.1142
1142511,23990,3.0240,-0.9767,-0.0133
1142511,23993,2.7098,-0.8492,-0.1354
1142511,23994,2.9316,-0.9187,-0.0397
1142511,23997,2.8066,-0.8795,-0.1145
1142511,23998,3.0244,-0.9478,-0.0133
1142511,24001,2.7213,-0.8268,-0.1356
1142511,24002,2.9449,-0.8947,-0.0398
1142511,24005,2.8130,-0.8547,-0.1145
1142511,24006,3.0463,-0.9255,-0.0133
1142511,24009,2.7098,-0.7975,-0.1347
1142511,24010,2.9375,-0.8645,-0.0396
1142511,24013,2.8104,-0.8271,-0.1141
1142511,24014,3.0536,-0.8987,-0.0133
1142511,24017,2.6427,-0.7528,-0.1791
1142511,24018,2.8539,-0.8130,-0.0901
1142511,24021,2.6805,-0.7636,-0.1573
1142511,24022,2.8923,-0.8239,-0.0651
1142511,24025,2.6434,-0.7281,-0.1787
1142511,24026,2.8538,-0.7861,-0.0899
1142511,24029,2.6869,-0.7401,-0.1573
1142511,24030,2.8854,-0.7948,-0.0648
1142511,24033,2.6506,-0.7053,-0.1788
1142511,24034,2.8277,-0.7524,-0.0889
1142511,24037,2.6804,-0.7132,-0.1570
1142511,24038,2.8932,-0.7698,-0.0648
1142511,24041,2.6569,-0.6822,-0.1793
1142511,24042,2.8350,-0.7279,-0.0889
1142511,24045,2.6794,-0.6879,-0.1566
1142511,24046,2.9050,-0.7459,-0.0654
1142511,24049,2.6477,-0.6552,-0.1783
1142511,24050,2.8375,-0.7022,-0.0893
1142511,24053,2.6845,-0.6644,-0.1566
1142511,24054,2.8970,-0.7169,-0.0651
1142511,24057,2.6509,-0.6315,-0.1781
1142511,24058,2.8456,-0.6779,-0.0894
1142511,24061,2.6803,-0.6385,-0.1560
1142511,24062,2.8853,-0.6874,-0.0647
1142511,24065,2.6361,-0.6038,-0.1773
1142511,24066,2.8254,-0.6471,-0.0886
1142511,24069,2.6756,-0.6128,-0.1559
1142511,24070,2.8859,-0.6557,-0.0646
1142511,24073,2.6409,-0.5806,-0.1772
1142511,24074,2.8464,-0.6206,-0.0890
1142511,24077,2.6890,-0.5912,-0.1563
1142511,24078,2.8859,-0.6292,-0.0644
1142511,24081,2.6407,-0.5565,-0.1769
1142511,24082,2.8117,-0.5874,-0.0878
1142511,24085,2.6785,-0.5645,-0.1554
1142511,24086,2.8842,-0.6025,-0.0643
1142511,24089,2.6331,-0.5309,-0.1761
1142511,24090,2.8079,-0.5611,-0.0875
1142511,24093,2.6769,-0.5398,-0.1551
1142511,24094,2.8807,-0.5756,-0.0641
1142511,24097,2.6395,-0.5083,-0.1767
1142511,24098,2.8063,-0.5353,-0.0873
1142511,24101,2.6826,-0.5117,-0.1556
1142511,24102,2.8794,-0.5493,-0.0640
1142511,24105,2.6641,-0.4842,-0.1780
1142511,24106,2.8593,-0.5196,-0.0888
1142511,24109,2.6944,-0.4897,-0.1560
1142511,24110,2.8858,-0.5244,-0.0640
1142511,24113,2.6385,-0.4576,-0.1760
1142511,24114,2.8521,-0.4942,-0.0889
1142511,24117,2.6862,-0.4659,-0.1553
1142511,24118,2.8965,-0.5019,-0.0641
1142511,24121,2.6534,-0.4364,-0.1767
1142511,24122,2.8106,-0.4618,-0.0875
1142511,24125,2.6748,-0.4399,-0.1544
1142511,24126,2.9034,-0.4770,-0.0642
1142511,24129,2.6490,-0.4120,-0.1767
1142511,24130,2.8556,-0.4436,-0.0888
1142511,24133,2.7022,-0.4198,-0.1558
1142511,24134,2.9036,-0.4511,-0.0646
1142511,24137,2.6708,-0.3911,-0.1779
1142511,24138,2.8253,-0.4132,-0.0877
1142511,24141,2.6972,-0.3949,-0.1557
1142511,24142,2.8995,-0.4240,-0.0645
1142511,24145,2.7159,-0.7736,-0.1347
1142511,24146,2.9496,-0.8402,-0.0396
1142511,24149,2.8173,-0.8025,-0.1146
1142511,24150,3.0759,-0.8762,-0.0134
1142511,24153,2.7278,-0.7514,-0.1354
1142511,24154,2.9417,-0.8103,-0.0394
1142511,24157,2.8180,-0.7762,-0.1143
1142511,24158,3.0545,-0.8413,-0.0133
1142511,24161,2.7322,-0.7270,-0.1353
1142511,24162,2.9382,-0.7818,-0.0393
1142511,24165,2.8110,-0.7480,-0.1138
1142511,24166,3.0601,-0.8142,-0.0133
1142511,24169,2.7228,-0.6991,-0.1345
1142511,24170,2.9311,-0.7526,-0.0391
1142511,24173,2.7534,-0.7069,-0.1112
1142511,24174,3.0570,-0.7849,-0.0132
1142511,24177,2.7132,-0.6714,-0.1338
1142511,24178,2.9293,-0.7249,-0.0390
1142511,24181,2.8101,-0.6954,-0.1132
1142511,24182,3.0722,-0.7603,-0.0133
1142511,24185,2.7290,-0.6501,-0.1347
1142511,24186,2.9358,-0.6994,-0.0390
1142511,24189,2.7773,-0.6616,-0.1122
1142511,24190,3.0793,-0.7336,-0.0138
1142511,24193,2.7431,-0.6283,-0.1352
1142511,24194,2.9377,-0.6674,-0.0389
1142511,24197,2.7505,-0.6300,-0.1109
1142511,24198,3.0851,-0.7009,-0.0138
1142511,24201,2.7269,-0.5995,-0.1341
1142511,24202,2.9475,-0.6427,-0.0395
1142511,24205,2.7764,-0.6104,-0.1117
1142511,24206,3.0827,-0.6721,-0.0138
1142511,24209,2.7256,-0.5744,-0.1338
1142511,24210,2.9361,-0.6134,-0.0393
1142511,24213,2.7869,-0.5822,-0.1119
1142511,24214,2.9678,-0.6200,-0.0132
1142511,24217,2.7260,-0.5447,-0.1335
1142511,24218,2.9439,-0.5883,-0.0393
1142511,24221,2.7859,-0.5567,-0.1116
1142511,24222,2.9867,-0.5968,-0.0133
1142511,24225,2.7196,-0.5188,-0.1335
1142511,24226,2.9196,-0.5569,-0.0389
1142511,24229,2.7680,-0.5280,-0.1107
1142511,24230,2.9872,-0.5698,-0.0133
1142511,24233,2.7186,-0.4940,-0.1332
1142511,24234,2.9369,-0.5337,-0.0391
1142511,24237,2.7790,-0.5050,-0.1115
1142511,24238,2.9843,-0.5423,-0.0132
1142511,24241,2.7334,-0.4741,-0.1337
1142511,24242,2.9319,-0.5080,-0.0390
1142511,24245,2.7781,-0.4819,-0.1113
1142511,24246,3.0077,-0.5211,-0.0133
1142511,24249,2.7333,-0.4491,-0.1335
1142511,24250,2.9399,-0.4830,-0.0390
1142511,24253,2.7744,-0.4558,-0.1110
1142511,24254,2.9807,-0.4897,-0.0132
1142511,24257,2.7297,-0.4240,-0.1332
1142511,24258,2.9338,-0.4552,-0.0389
1142511,24261,2.7807,-0.4320,-0.1111
1142511,24262,3.0044,-0.4662,-0.0133
1142511,24265,2.7482,-0.4024,-0.1339
1142511,24266,2.9411,-0.4301,-0.0389
1142511,24269,2.7805,-0.4066,-0.1109
1142511,24270,2.9889,-0.4371,-0.0132
1142511,24273,2.6404,-0.3631,-0.1756
1142511,24274,2.8041,-0.3851,-0.0870
1142511,24277,2.6668,-0.3663,-0.1538
1142511,24278,2.8733,-0.3946,-0.0638
1142511,24281,2.6393,-0.3390,-0.1753
1142511,24282,2.8772,-0.3691,-0.0891
1142511,24285,2.6810,-0.3444,-0.1544
1142511,24286,2.8844,-0.3700,-0.0640
1142511,24289,2.6140,-0.3126,-0.1735
1142511,24290,2.8229,-0.3371,-0.0874
1142511,24293,2.6711,-0.3195,-0.1537
1142511,24294,2.8877,-0.3448,-0.0640
1142511,24297,2.6437,-0.2923,-0.1753
1142511,24298,2.7957,-0.3091,-0.0864
1142511,24301,2.6777,-0.2961,-0.1539
1142511,24302,2.8885,-0.3194,-0.0639
1142511,24305,2.5944,-0.2640,-0.1723
1142511,24306,2.8063,-0.2850,-0.0867
1142511,24309,2.6831,-0.2730,-0.1541
1142511,24310,2.8790,-0.2924,-0.0636
1142511,24313,2.6452,-0.2454,-0.1755
1142511,24314,2.8021,-0.2599,-0.0865
1142511,24317,2.6750,-0.2481,-0.1535
1142511,24318,2.8284,-0.2624,-0.0625
1142511,24321,2.6374,-0.2215,-0.1749
1142511,24322,2.7966,-0.2343,-0.0862
1142511,24325,2.6863,-0.2256,-0.1540
1142511,24326,2.8327,-0.2374,-0.0625
1142511,24329,2.6452,-0.1984,-0.1753
1142511,24330,2.7890,-0.2092,-0.0859
1142511,24333,2.6786,-0.2009,-0.1539
1142511,24334,2.8351,-0.2127,-0.0625
1142511,24337,2.6434,-0.1751,-0.1750
1142511,24338,2.8017,-0.1851,-0.0863
1142511,24341,2.6988,-0.1788,-0.1550
1142511,24342,2.8741,-0.1899,-0.0634
1142511,24345,2.6414,-0.1514,-0.1748
1142511,24346,2.8085,-0.1610,-0.0864
1142511,24349,2.6684,-0.1529,-0.1532
1142511,24350,2.8685,-0.1644,-0.0632
1142511,24353,2.6477,-0.1286,-0.1751
1142511,24354,2.8124,-0.1366,-0.0870
1142511,24357,2.6701,-0.1297,-0.1532
1142511,24358,2.8525,-0.1385,-0.0628
1142511,24361,2.6559,-0.1053,-0.1756
1142511,24362,2.7970,-0.1109,-0.0865
1142511,24365,2.6904,-0.1066,-0.1543
1142511,24366,2.8905,-0.1146,-0.0636
1142511,24369,2.6585,-0.0822,-0.1757
1142511,24370,2.8043,-0.0867,-0.0867
1142511,24373,2.6777,-0.0827,-0.1535
1142511,24374,2.8977,-0.0895,-0.0638
1142511,24377,2.6201,-0.0576,-0.1732
1142511,24378,2.8165,-0.0619,-0.0871
1142511,24381,2.6898,-0.0592,-0.1542
1142511,24382,2.8913,-0.0636,-0.0636
1142511,24385,2.6518,-0.0347,-0.1752
1142511,24386,2.8027,-0.0367,-0.0866
1142511,24389,2.6742,-0.0350,-0.1533
1142511,24390,2.8963,-0.0379,-0.0637
1142511,24393,2.6458,-0.0115,-0.1748
1142511,24394,2.8126,-0.0123,-0.0869
1142511,24397,2.6952,-0.0118,-0.1545
1142511,24398,2.8654,-0.0125,-0.0630
1142511,24401,2.7193,-0.3735,-0.1323
1142511,24402,2.8919,-0.3972,-0.0382
1142511,24405,2.7774,-0.3814,-0.1106
1142511,24406,3.0196,-0.4147,-0.0133
1142511,24409,2.7062,-0.3476,-0.1320
1142511,24410,2.9198,-0.3746,-0.0385
1142511,24413,2.7621,-0.3548,-0.1099
1142511,24414,2.9962,-0.3844,-0.0132
1142511,24417,2.7420,-0.3274,-0.1336
1142511,24418,2.9170,-0.3484,-0.0385
1142511,24421,2.7764,-0.3316,-0.1103
1142511,24422,2.9839,-0.3563,-0.0131
1142511,24425,2.7239,-0.3012,-0.1326
1142511,24426,2.9219,-0.3231,-0.0385
1142511,24429,2.7697,-0.3063,-0.1105
1142511,24430,3.1031,-0.3426,-0.0136
1142511,24433,2.7095,-0.2752,-0.1318
1142511,24434,2.8966,-0.2942,-0.0381
1142511,24437,2.7581,-0.2802,-0.1099
1142511,24438,2.9746,-0.3021,-0.0130
1142511,24441,2.7223,-0.2525,-0.1323
1142511,24442,2.8889,-0.2680,-0.0380
1142511,24445,2.7575,-0.2558,-0.1098
1142511,24446,2.9578,-0.2744,-0.0130
1142511,24449,2.7245,-0.2288,-0.1323
1142511,24450,2.9093,-0.2438,-0.0382
1142511,24453,2.7552,-0.2309,-0.1096
1142511,24454,2.9535,-0.2475,-0.0129
1142511,24457,2.7191,-0.2040,-0.1319
1142511,24458,2.9034,-0.2178,-0.0381
1142511,24461,2.7553,-0.2067,-0.1095
1142511,24462,2.9896,-0.2243,-0.0131
1142511,24465,2.7050,-0.1792,-0.1312
1142511,24466,2.8722,-0.1898,-0.0377
1142511,24469,2.7445,-0.1818,-0.1090
1142511,24470,2.9693,-0.1962,-0.0130
1142511,24473,2.7181,-0.1558,-0.1317
1142511,24474,2.9201,-0.1674,-0.0383
1142511,24477,2.7543,-0.1579,-0.1094
1142511,24478,2.9677,-0.1701,-0.0130
1142511,24481,2.7226,-0.1322,-0.1319
1142511,24482,2.9181,-0.1417,-0.0382
1142511,24485,2.7676,-0.1344,-0.1098
1142511,24486,3.0007,-0.1452,-0.0131
1142511,24489,2.7233,-0.1079,-0.1319
1142511,24490,2.9177,-0.1157,-0.0382
1142511,24493,2.7784,-0.1101,-0.1102
1142511,24494,2.9882,-0.1184,-0.0130
1142511,24497,2.7260,-0.0842,-0.1320
1142511,24498,2.9607,-0.0915,-0.0388
1142511,24501,2.7685,-0.0856,-0.1098
1142511,24502,3.0149,-0.0932,-0.0132
1142511,24505,2.7557,-0.0606,-0.1334
1142511,24506,2.9461,-0.0648,-0.0386
1142511,24509,2.7642,-0.0608,-0.1096
1142511,24510,2.9956,-0.0659,-0.0131
1142511,24513,2.7219,-0.0356,-0.1317
1142511,24514,2.9469,-0.0386,-0.0386
1142511,24517,2.7669,-0.0362,-0.1097
1142511,24518,2.9963,-0.0392,-0.0131
1142511,24521,2.7180,-0.0119,-0.1315
1142511,24522,2.9872,-0.0130,-0.0391
1142511,24525,2.7467,-0.0120,-0.1089
1142511,24526,2.9990,-0.0131,-0.0131
1142511,24527,3.3039,0.0144,0.1310
1142511,24528,3.0316,0.0132,0.0132
1142511,24531,3.4096,0.0149,0.1650
1142511,24532,3.0744,0.0134,0.0402
1142511,24535,3.3030,0.0432,0.1309
1142511,24536,3.0293,0.0397,0.0132
1142511,24539,3.4621,0.0453,0.1675
1142511,24540,3.1186,0.0408,0.0408
1142511,24543,3.2873,0.0723,0.1303
1142511,24544,3.0141,0.0663,0.0132
1142511,24547,3.4363,0.0756,0.1663
1142511,24548,3.0666,0.0674,0.0402
1142511,24551,3.2868,0.1016,0.1303
1142511,24552,2.9940,0.0925,0.0131
1142511,24555,3.4285,0.1059,0.1660
1142511,24556,3.0581,0.0945,0.0401
1142511,24559,3.2679,0.1295,0.1296
1142511,24560,3.0010,0.1190,0.0131
1142511,24563,3.3223,0.1317,0.1609
1142511,24564,3.0551,0.1211,0.0400
1142511,24567,3.2424,0.1574,0.1287
1142511,24568,2.9905,0.1447,0.0131
1142511,24571,3.3186,0.1611,0.1608
1142511,24572,3.0353,0.1474,0.0398
1142511,24575,3.2354,0.1854,0.1285
1142511,24576,2.9807,0.1708,0.0130
1142511,24579,3.3079,0.1896,0.1603
1142511,24580,3.0351,0.1739,0.0398
1142511,24583,3.2341,0.2142,0.1285
1142511,24584,2.9855,0.1972,0.0131
1142511,24587,3.3119,0.2194,0.1606
1142511,24588,3.0374,0.2007,0.0398
1142511,24591,3.2430,0.2433,0.1289
1142511,24592,2.9845,0.2239,0.0131
1142511,24595,3.3157,0.2487,0.1609
1142511,24596,3.0667,0.2300,0.0403
1142511,24599,3.2371,0.2713,0.1288
1142511,24600,2.9906,0.2506,0.0131
1142511,24603,3.3138,0.2783,0.1609
1142511,24604,3.0456,0.2552,0.0400
1142511,24607,3.2642,0.3028,0.1299
1142511,24608,3.0062,0.2789,0.0132
1142511,24611,3.3193,0.3079,0.1613
1142511,24612,3.0340,0.2815,0.0399
1142511,24615,3.2365,0.3287,0.1290
1142511,24616,3.0057,0.3053,0.0132
1142511,24619,3.3262,0.3379,0.1618
1142511,24620,3.0710,0.3119,0.0404
1142511,24623,3.2520,0.3596,0.1297
1142511,24624,2.9969,0.3309,0.0132
1142511,24627,3.3213,0.3673,0.1617
1142511,24628,3.0464,0.3369,0.0401
1142511,24631,3.2405,0.3870,0.1288
1142511,24632,2.9905,0.3571,0.0131
1142511,24635,3.3154,0.3959,0.1616
1142511,24636,3.0644,0.3659,0.0404
1142511,24639,3.2668,0.4197,0.1300
1142511,24640,3.0023,0.3851,0.0132
1142511,24643,3.3154,0.4259,0.1617
1142511,24644,3.0498,0.3912,0.0403
1142511,24647,3.2377,0.4447,0.1290
1142511,24648,3.0083,0.4132,0.0132
1142511,24651,3.3573,0.4611,0.1634
1142511,24652,3.0415,0.4177,0.0402
1142511,24655,3.4814,0.0152,0.1995
1142511,24656,3.1911,0.0139,0.0702
1142511,24659,3.5658,0.0156,0.2356
1142511,24660,3.2352,0.0141,0.1000
1142511,24663,3.4963,0.0458,0.2004
1142511,24664,3.1838,0.0417,0.0700
1142511,24667,3.5589,0.0466,0.2352
1142511,24668,3.2424,0.0424,0.1002
1142511,24671,3.4959,0.0769,0.2004
1142511,24672,3.1709,0.0697,0.0698
1142511,24675,3.5620,0.0783,0.2354
1142511,24676,3.2227,0.0709,0.0996
1142511,24679,3.4627,0.1070,0.1985
1142511,24680,3.1610,0.0977,0.0696
1142511,24683,3.5510,0.1097,0.2347
1142511,24684,3.2083,0.0991,0.0992
1142511,24687,3.4520,0.1368,0.1980
1142511,24688,3.1504,0.1249,0.0693
1142511,24691,3.5231,0.1397,0.2330
1142511,24692,3.2158,0.1275,0.0995
1142511,24695,3.4447,0.1673,0.1976
1142511,24696,3.1014,0.1506,0.0683
1142511,24699,3.5064,0.1703,0.2319
1142511,24700,3.1778,0.1543,0.0983
1142511,24703,3.4037,0.1951,0.1954
1142511,24704,3.1283,0.1793,0.0689
1142511,24707,3.4721,0.1990,0.2298
1142511,24708,3.1875,0.1827,0.0981
1142511,24711,3.4135,0.2261,0.1961
1142511,24712,3.0936,0.2044,0.0682
1142511,24715,3.4504,0.2286,0.2285
1142511,24716,3.1805,0.2101,0.0979
1142511,24719,3.4036,0.2553,0.1956
1142511,24720,3.1272,0.2346,0.0690
1142511,24723,3.4628,0.2598,0.2294
1142511,24724,3.1863,0.2390,0.0982
1142511,24727,3.4059,0.2860,0.1953
1142511,24728,3.1311,0.2624,0.0691
1142511,24731,3.4693,0.2913,0.2300
1142511,24732,3.1888,0.2672,0.0983
